,id_item,length,width,height,weight,nesting_height,stackability_code,forced_orientation,max_stackability
4936,I4936,1500,1000,800,550.0,110,1,n,4
4602,I4602,1500,800,800,606.0,110,0,n,4
3903,I3903,1500,1000,800,496.0,110,1,n,4
1909,I1909,1500,800,800,876.0,110,0,n,4
4101,I4101,1500,800,800,1030.0,110,0,n,4
1755,I1755,1500,800,800,870.0,110,0,n,4
1660,I1660,1500,1000,800,581.0,110,1,n,4
3507,I3507,1500,800,800,806.0,110,0,n,4
1093,I1093,1500,800,800,0.0,110,0,n,4
272,I0272,1500,800,800,837.0,110,0,n,4
215,I0215,1500,1000,800,0.0,110,1,n,4
2344,I2344,1500,800,800,649.0,110,0,n,4
304,I0304,1500,800,800,898.0,110,0,n,4
4533,I4533,1500,800,800,539.0,110,0,n,4
1735,I1735,1500,1000,800,0.0,110,1,n,4
3230,I3230,1500,1000,800,0.0,110,1,n,4
4043,I4043,1500,800,800,1019.0,110,0,n,4
2367,I2367,1500,800,800,481.0,110,0,n,4
99,I0099,1500,800,800,556.0,110,0,n,4
1384,I1384,1500,1000,800,0.0,110,1,n,4
2751,I2751,1500,1000,800,0.0,110,1,n,4
110,I0110,1500,1000,800,848.0,110,1,n,4
2882,I2882,1500,800,800,674.0,110,0,n,4
109,I0109,1500,800,800,664.0,110,0,n,4
4537,I4537,1500,1000,800,811.0,110,1,n,4
675,I0675,1500,1000,800,666.0,110,1,n,4
1041,I1041,1500,800,800,649.0,110,0,n,4
3620,I3620,1500,800,800,757.0,110,0,n,4
3265,I3265,1500,1000,800,1147.0,110,1,n,4
3947,I3947,1500,800,800,832.0,110,0,n,4
3782,I3782,1500,800,800,500.0,110,0,n,4
1491,I1491,1500,1000,800,0.0,110,1,n,4
1732,I1732,1500,800,800,675.0,110,0,n,4
4527,I4527,1500,1000,800,1085.0,110,1,n,4
2110,I2110,1500,800,800,808.0,110,0,n,4
2686,I2686,1500,1000,800,906.0,110,1,n,4
3923,I3923,1500,1000,800,0.0,110,1,n,4
409,I0409,1500,800,800,0.0,110,0,n,4
1727,I1727,1500,1000,800,865.0,110,1,n,4
4836,I4836,1500,800,800,982.0,110,0,n,4
2036,I2036,1500,1000,800,540.0,110,1,n,4
4378,I4378,1500,1000,800,914.0,110,1,n,4
1705,I1705,1500,1000,800,566.0,110,1,n,4
3897,I3897,1500,1000,800,790.0,110,1,n,4
743,I0743,1500,800,800,909.0,110,0,n,4
4147,I4147,1500,800,800,617.0,110,0,n,4
2043,I2043,1500,1000,800,904.0,110,1,n,4
4305,I4305,1500,1000,800,944.0,110,1,n,4
671,I0671,1500,1000,800,873.0,110,1,n,4
1365,I1365,1500,1000,800,651.0,110,1,n,4
840,I0840,1500,1000,800,1302.0,110,1,n,4
1252,I1252,1500,1000,800,754.0,110,1,n,4
4077,I4077,1500,800,800,736.0,110,0,n,4
4154,I4154,1500,800,800,846.0,110,0,n,4
956,I0956,1500,800,800,513.0,110,0,n,4
1143,I1143,1500,1000,800,739.0,110,1,n,4
1396,I1396,1500,800,800,1012.0,110,0,n,4
3018,I3018,1500,800,800,0.0,110,0,n,4
2279,I2279,1500,800,800,907.0,110,0,n,4
443,I0443,1500,800,800,902.0,110,0,n,4
4046,I4046,1500,800,800,881.0,110,0,n,4
2361,I2361,1500,1000,800,702.0,110,1,n,4
2754,I2754,1500,1000,800,0.0,110,1,n,4
1938,I1938,1500,800,800,483.0,110,0,n,4
1071,I1071,1500,1000,800,756.0,110,1,n,4
4207,I4207,1500,1000,800,595.0,110,1,n,4
894,I0894,1500,1000,800,880.0,110,1,n,4
3543,I3543,1500,800,800,643.0,110,0,n,4
439,I0439,1500,800,800,798.0,110,0,n,4
1949,I1949,1500,1000,800,792.0,110,1,n,4
4296,I4296,1500,1000,800,1188.0,110,1,n,4
3360,I3360,1500,1000,800,650.0,110,1,n,4
16,I0016,1500,800,800,800.0,110,0,n,4
4999,I4999,1500,800,800,693.0,110,0,n,4
2041,I2041,1500,800,800,829.0,110,0,n,4
1201,I1201,1500,800,800,0.0,110,0,n,4
1902,I1902,1500,800,800,0.0,110,0,n,4
4669,I4669,1500,1000,800,803.0,110,1,n,4
2278,I2278,1500,1000,800,839.0,110,1,n,4
3553,I3553,1500,800,800,697.0,110,0,n,4
2733,I2733,1500,800,800,660.0,110,0,n,4
3933,I3933,1500,1000,800,740.0,110,1,n,4
1443,I1443,1500,1000,800,686.0,110,1,n,4
1160,I1160,1500,800,800,657.0,110,0,n,4
4852,I4852,1500,1000,800,1232.0,110,1,n,4
760,I0760,1500,800,800,918.0,110,0,n,4
3583,I3583,1500,1000,800,0.0,110,1,n,4
303,I0303,1500,1000,800,537.0,110,1,n,4
1599,I1599,1500,1000,800,868.0,110,1,n,4
4711,I4711,1500,1000,800,880.0,110,1,n,4
677,I0677,1500,1000,800,782.0,110,1,n,4
1820,I1820,1500,800,800,0.0,110,0,n,4
4611,I4611,1500,1000,800,922.0,110,1,n,4
4011,I4011,1500,800,800,0.0,110,0,n,4
2486,I2486,1500,1000,800,982.0,110,1,n,4
2577,I2577,1500,800,800,667.0,110,0,n,4
4797,I4797,1500,800,800,948.0,110,0,n,4
2623,I2623,1500,1000,800,884.0,110,1,n,4
2109,I2109,1500,1000,800,730.0,110,1,n,4
3404,I3404,1500,800,800,988.0,110,0,n,4
2205,I2205,1500,1000,800,972.0,110,1,n,4
1264,I1264,1500,1000,800,763.0,110,1,n,4
27,I0027,1500,1000,800,570.0,110,1,n,4
2598,I2598,1500,1000,800,0.0,110,1,n,4
4069,I4069,1500,1000,800,922.0,110,1,n,4
2684,I2684,1500,800,800,773.0,110,0,n,4
2464,I2464,1500,800,800,678.0,110,0,n,4
1424,I1424,1500,1000,800,852.0,110,1,n,4
1433,I1433,1500,800,800,1275.0,110,0,n,4
360,I0360,1500,1000,800,699.0,110,1,n,4
280,I0280,1500,800,800,616.0,110,0,n,4
3969,I3969,1500,800,800,0.0,110,0,n,4
2266,I2266,1500,800,800,656.0,110,0,n,4
2425,I2425,1500,800,800,875.0,110,0,n,4
132,I0132,1500,1000,800,611.0,110,1,n,4
3479,I3479,1500,800,800,619.0,110,0,n,4
459,I0459,1500,1000,800,784.0,110,1,n,4
1935,I1935,1500,800,800,0.0,110,0,n,4
4205,I4205,1500,800,800,1171.0,110,0,n,4
4421,I4421,1500,800,800,889.0,110,0,n,4
3545,I3545,1500,1000,800,820.0,110,1,n,4
4631,I4631,1500,1000,800,0.0,110,1,n,4
452,I0452,1500,800,800,554.0,110,0,n,4
4955,I4955,1500,1000,800,748.0,110,1,n,4
2492,I2492,1500,1000,800,577.0,110,1,n,4
4243,I4243,1500,1000,800,1004.0,110,1,n,4
2554,I2554,1500,800,800,648.0,110,0,n,4
2974,I2974,1500,800,800,777.0,110,0,n,4
3184,I3184,1500,800,800,0.0,110,0,n,4
4084,I4084,1500,800,800,537.0,110,0,n,4
1353,I1353,1500,1000,800,567.0,110,1,n,4
4380,I4380,1500,800,800,657.0,110,0,n,4
2510,I2510,1500,800,800,761.0,110,0,n,4
3942,I3942,1500,1000,800,776.0,110,1,n,4
1455,I1455,1500,800,800,0.0,110,0,n,4
1603,I1603,1500,800,800,945.0,110,0,n,4
880,I0880,1500,1000,800,0.0,110,1,n,4
347,I0347,1500,800,800,1187.0,110,0,n,4
3593,I3593,1500,1000,800,666.0,110,1,n,4
2953,I2953,1500,1000,800,520.0,110,1,n,4
2591,I2591,1500,800,800,0.0,110,0,n,4
832,I0832,1500,800,800,856.0,110,0,n,4
1632,I1632,1500,800,800,801.0,110,0,n,4
4220,I4220,1500,800,800,869.0,110,0,n,4
1635,I1635,1500,1000,800,980.0,110,1,n,4
3832,I3832,1500,800,800,510.0,110,0,n,4
2355,I2355,1500,800,800,807.0,110,0,n,4
4744,I4744,1500,800,800,690.0,110,0,n,4
4796,I4796,1500,800,800,510.0,110,0,n,4
17,I0017,1500,800,800,915.0,110,0,n,4
3792,I3792,1500,800,800,758.0,110,0,n,4
3808,I3808,1500,1000,800,463.0,110,1,n,4
1278,I1278,1500,1000,800,592.0,110,1,n,4
4420,I4420,1500,800,800,746.0,110,0,n,4
10,I0010,1500,1000,800,923.0,110,1,n,4
3619,I3619,1500,800,800,903.0,110,0,n,4
4601,I4601,1500,800,800,0.0,110,0,n,4
165,I0165,1500,800,800,920.0,110,0,n,4
3078,I3078,1500,1000,800,539.0,110,1,n,4
4348,I4348,1500,1000,800,0.0,110,1,n,4
2964,I2964,1500,1000,800,0.0,110,1,n,4
209,I0209,1500,800,800,876.0,110,0,n,4
3447,I3447,1500,800,800,652.0,110,0,n,4
4392,I4392,1500,800,800,0.0,110,0,n,4
4908,I4908,1500,1000,800,1321.0,110,1,n,4
1978,I1978,1500,800,800,673.0,110,0,n,4
4021,I4021,1500,800,800,739.0,110,0,n,4
2669,I2669,1500,1000,800,715.0,110,1,n,4
2641,I2641,1500,800,800,0.0,110,0,n,4
4623,I4623,1500,1000,800,746.0,110,1,n,4
4756,I4756,1500,800,800,703.0,110,0,n,4
3261,I3261,1500,800,800,619.0,110,0,n,4
497,I0497,1500,1000,800,748.0,110,1,n,4
2740,I2740,1500,1000,800,488.0,110,1,n,4
3982,I3982,1500,1000,800,719.0,110,1,n,4
3930,I3930,1500,1000,800,925.0,110,1,n,4
3300,I3300,1500,1000,800,954.0,110,1,n,4
3007,I3007,1500,800,800,740.0,110,0,n,4
1084,I1084,1500,800,800,855.0,110,0,n,4
1045,I1045,1500,1000,800,605.0,110,1,n,4
2702,I2702,1500,1000,800,0.0,110,1,n,4
69,I0069,1500,800,800,721.0,110,0,n,4
4946,I4946,1500,1000,800,855.0,110,1,n,4
2125,I2125,1500,1000,800,681.0,110,1,n,4
2421,I2421,1500,800,800,685.0,110,0,n,4
1008,I1008,1500,1000,800,543.0,110,1,n,4
1864,I1864,1500,800,800,692.0,110,0,n,4
2861,I2861,1500,800,800,0.0,110,0,n,4
4581,I4581,1500,800,800,865.0,110,0,n,4
835,I0835,1500,1000,800,863.0,110,1,n,4
4693,I4693,1500,800,800,0.0,110,0,n,4
4445,I4445,1500,800,800,0.0,110,0,n,4
981,I0981,1500,1000,800,514.0,110,1,n,4
2821,I2821,1500,800,800,842.0,110,0,n,4
2207,I2207,1500,1000,800,736.0,110,1,n,4
4625,I4625,1500,1000,800,810.0,110,1,n,4
2499,I2499,1500,800,800,597.0,110,0,n,4
3517,I3517,1500,800,800,559.0,110,0,n,4
1112,I1112,1500,1000,800,891.0,110,1,n,4
4952,I4952,1500,800,800,556.0,110,0,n,4
3309,I3309,1500,800,800,1124.0,110,0,n,4
4466,I4466,1500,1000,800,494.0,110,1,n,4
4989,I4989,1500,1000,800,952.0,110,1,n,4
177,I0177,1500,1000,800,0.0,110,1,n,4
708,I0708,1500,800,800,814.0,110,0,n,4
3491,I3491,1500,800,800,648.0,110,0,n,4
4707,I4707,1500,1000,800,1154.0,110,1,n,4
2418,I2418,1500,800,800,894.0,110,0,n,4
2079,I2079,1500,1000,800,1161.0,110,1,n,4
1765,I1765,1500,1000,800,761.0,110,1,n,4
2290,I2290,1500,1000,800,1281.0,110,1,n,4
1415,I1415,1500,800,800,841.0,110,0,n,4
3106,I3106,1500,1000,800,555.0,110,1,n,4
451,I0451,1500,800,800,0.0,110,0,n,4
3605,I3605,1500,800,800,534.0,110,0,n,4
4650,I4650,1500,1000,800,767.0,110,1,n,4
3555,I3555,1500,1000,800,838.0,110,1,n,4
756,I0756,1500,1000,800,902.0,110,1,n,4
4133,I4133,1500,1000,800,553.0,110,1,n,4
4967,I4967,1500,1000,800,749.0,110,1,n,4
1796,I1796,1500,800,800,1161.0,110,0,n,4
1098,I1098,1500,1000,800,0.0,110,1,n,4
4398,I4398,1500,1000,800,796.0,110,1,n,4
883,I0883,1500,1000,800,974.0,110,1,n,4
4592,I4592,1500,1000,800,623.0,110,1,n,4
1961,I1961,1500,1000,800,739.0,110,1,n,4
1157,I1157,1500,800,800,590.0,110,0,n,4
2024,I2024,1500,1000,800,972.0,110,1,n,4
2397,I2397,1500,1000,800,801.0,110,1,n,4
1790,I1790,1500,1000,800,0.0,110,1,n,4
4249,I4249,1500,1000,800,623.0,110,1,n,4
3824,I3824,1500,1000,800,840.0,110,1,n,4
1366,I1366,1500,1000,800,502.0,110,1,n,4
571,I0571,1500,800,800,1149.0,110,0,n,4
1476,I1476,1500,1000,800,620.0,110,1,n,4
4191,I4191,1500,1000,800,625.0,110,1,n,4
995,I0995,1500,1000,800,658.0,110,1,n,4
3912,I3912,1500,800,800,577.0,110,0,n,4
2232,I2232,1500,800,800,595.0,110,0,n,4
2515,I2515,1500,1000,800,669.0,110,1,n,4
4982,I4982,1500,800,800,475.0,110,0,n,4
788,I0788,1500,800,800,604.0,110,0,n,4
408,I0408,1500,1000,800,0.0,110,1,n,4
3019,I3019,1500,800,800,1231.0,110,0,n,4
4988,I4988,1500,800,800,1037.0,110,0,n,4
3744,I3744,1500,1000,800,685.0,110,1,n,4
1676,I1676,1500,800,800,516.0,110,0,n,4
42,I0042,1500,1000,800,794.0,110,1,n,4
4858,I4858,1500,1000,800,0.0,110,1,n,4
2294,I2294,1500,800,800,921.0,110,0,n,4
1077,I1077,1500,800,800,1206.0,110,0,n,4
4944,I4944,1500,800,800,633.0,110,0,n,4
2377,I2377,1500,1000,800,645.0,110,1,n,4
1106,I1106,1500,1000,800,1020.0,110,1,n,4
3945,I3945,1500,1000,800,1173.0,110,1,n,4
4647,I4647,1500,1000,800,900.0,110,1,n,4
2202,I2202,1500,800,800,0.0,110,0,n,4
4100,I4100,1500,800,800,1048.0,110,0,n,4
4896,I4896,1500,1000,800,637.0,110,1,n,4
2977,I2977,1500,1000,800,0.0,110,1,n,4
1770,I1770,1500,800,800,665.0,110,0,n,4
2673,I2673,1500,1000,800,1125.0,110,1,n,4
2986,I2986,1500,1000,800,0.0,110,1,n,4
4439,I4439,1500,800,800,0.0,110,0,n,4
2524,I2524,1500,800,800,946.0,110,0,n,4
111,I0111,1500,800,800,1016.0,110,0,n,4
257,I0257,1500,800,800,877.0,110,0,n,4
1872,I1872,1500,800,800,781.0,110,0,n,4
3679,I3679,1500,800,800,862.0,110,0,n,4
1081,I1081,1500,800,800,758.0,110,0,n,4
3435,I3435,1500,1000,800,951.0,110,1,n,4
3662,I3662,1500,1000,800,680.0,110,1,n,4
70,I0070,1500,1000,800,0.0,110,1,n,4
607,I0607,1500,1000,800,594.0,110,1,n,4
2795,I2795,1500,1000,800,842.0,110,1,n,4
1218,I1218,1500,1000,800,572.0,110,1,n,4
2718,I2718,1500,800,800,828.0,110,0,n,4
2450,I2450,1500,1000,800,1119.0,110,1,n,4
2254,I2254,1500,1000,800,789.0,110,1,n,4
4732,I4732,1500,800,800,685.0,110,0,n,4
291,I0291,1500,1000,800,773.0,110,1,n,4
128,I0128,1500,800,800,598.0,110,0,n,4
2396,I2396,1500,1000,800,996.0,110,1,n,4
2891,I2891,1500,1000,800,872.0,110,1,n,4
3259,I3259,1500,1000,800,786.0,110,1,n,4
1145,I1145,1500,800,800,762.0,110,0,n,4
1490,I1490,1500,800,800,0.0,110,0,n,4
3781,I3781,1500,1000,800,1016.0,110,1,n,4
4125,I4125,1500,1000,800,0.0,110,1,n,4
4156,I4156,1500,1000,800,626.0,110,1,n,4
4215,I4215,1500,800,800,673.0,110,0,n,4
4128,I4128,1500,800,800,677.0,110,0,n,4
3333,I3333,1500,1000,800,850.0,110,1,n,4
3989,I3989,1500,1000,800,474.0,110,1,n,4
4648,I4648,1500,800,800,857.0,110,0,n,4
1747,I1747,1500,1000,800,0.0,110,1,n,4
3754,I3754,1500,1000,800,0.0,110,1,n,4
2448,I2448,1500,800,800,0.0,110,0,n,4
2589,I2589,1500,800,800,606.0,110,0,n,4
1175,I1175,1500,800,800,823.0,110,0,n,4
91,I0091,1500,800,800,1207.0,110,0,n,4
362,I0362,1500,1000,800,872.0,110,1,n,4
3234,I3234,1500,800,800,660.0,110,0,n,4
13,I0013,1500,800,800,653.0,110,0,n,4
1046,I1046,1500,800,800,0.0,110,0,n,4
2171,I2171,1500,800,800,840.0,110,0,n,4
3418,I3418,1500,1000,800,0.0,110,1,n,4
1890,I1890,1500,1000,800,681.0,110,1,n,4
2729,I2729,1500,800,800,673.0,110,0,n,4
4048,I4048,1500,1000,800,842.0,110,1,n,4
1702,I1702,1500,1000,800,607.0,110,1,n,4
4810,I4810,1500,800,800,793.0,110,0,n,4
2889,I2889,1500,1000,800,0.0,110,1,n,4
190,I0190,1500,800,800,664.0,110,0,n,4
250,I0250,1500,1000,800,788.0,110,1,n,4
1451,I1451,1500,1000,800,829.0,110,1,n,4
2952,I2952,1500,800,800,1066.0,110,0,n,4
3717,I3717,1500,1000,800,877.0,110,1,n,4
3448,I3448,1500,800,800,916.0,110,0,n,4
1236,I1236,1500,800,800,1184.0,110,0,n,4
578,I0578,1500,800,800,541.0,110,0,n,4
4859,I4859,1500,1000,800,810.0,110,1,n,4
1085,I1085,1500,1000,800,844.0,110,1,n,4
2289,I2289,1500,1000,800,0.0,110,1,n,4
3056,I3056,1500,800,800,570.0,110,0,n,4
2000,I2000,1500,800,800,495.0,110,0,n,4
220,I0220,1500,1000,800,0.0,110,1,n,4
212,I0212,1500,1000,800,527.0,110,1,n,4
1322,I1322,1500,800,800,607.0,110,0,n,4
2671,I2671,1500,1000,800,541.0,110,1,n,4
2150,I2150,1500,1000,800,768.0,110,1,n,4
4779,I4779,1500,800,800,980.0,110,0,n,4
1672,I1672,1500,800,800,912.0,110,0,n,4
246,I0246,1500,800,800,0.0,110,0,n,4
1168,I1168,1500,800,800,0.0,110,0,n,4
4092,I4092,1500,800,800,0.0,110,0,n,4
1722,I1722,1500,800,800,702.0,110,0,n,4
1546,I1546,1500,1000,800,0.0,110,1,n,4
344,I0344,1500,800,800,730.0,110,0,n,4
4386,I4386,1500,800,800,614.0,110,0,n,4
4753,I4753,1500,800,800,0.0,110,0,n,4
4580,I4580,1500,800,800,0.0,110,0,n,4
3548,I3548,1500,800,800,825.0,110,0,n,4
891,I0891,1500,1000,800,1178.0,110,1,n,4
4389,I4389,1500,800,800,558.0,110,0,n,4
3697,I3697,1500,800,800,0.0,110,0,n,4
3229,I3229,1500,1000,800,893.0,110,1,n,4
3573,I3573,1500,800,800,543.0,110,0,n,4
1548,I1548,1500,1000,800,944.0,110,1,n,4
511,I0511,1500,800,800,834.0,110,0,n,4
1531,I1531,1500,800,800,842.0,110,0,n,4
989,I0989,1500,800,800,0.0,110,0,n,4
3707,I3707,1500,800,800,592.0,110,0,n,4
3650,I3650,1500,1000,800,0.0,110,1,n,4
4672,I4672,1500,1000,800,827.0,110,1,n,4
4122,I4122,1500,800,800,743.0,110,0,n,4
4135,I4135,1500,800,800,599.0,110,0,n,4
4469,I4469,1500,1000,800,803.0,110,1,n,4
2738,I2738,1500,800,800,0.0,110,0,n,4
4620,I4620,1500,800,800,580.0,110,0,n,4
366,I0366,1500,800,800,580.0,110,0,n,4
416,I0416,1500,1000,800,0.0,110,1,n,4
24,I0024,1500,1000,800,817.0,110,1,n,4
3799,I3799,1500,1000,800,679.0,110,1,n,4
4157,I4157,1500,1000,800,0.0,110,1,n,4
1666,I1666,1500,800,800,681.0,110,0,n,4
713,I0713,1500,1000,800,700.0,110,1,n,4
693,I0693,1500,1000,800,720.0,110,1,n,4
1623,I1623,1500,800,800,1160.0,110,0,n,4
4436,I4436,1500,800,800,933.0,110,0,n,4
2662,I2662,1500,1000,800,513.0,110,1,n,4
1442,I1442,1500,1000,800,852.0,110,1,n,4
1865,I1865,1500,800,800,930.0,110,0,n,4
2520,I2520,1500,1000,800,775.0,110,1,n,4
2736,I2736,1500,800,800,582.0,110,0,n,4
2445,I2445,1500,1000,800,0.0,110,1,n,4
4893,I4893,1500,1000,800,733.0,110,1,n,4
3032,I3032,1500,800,800,735.0,110,0,n,4
4667,I4667,1500,800,800,0.0,110,0,n,4
3216,I3216,1500,800,800,716.0,110,0,n,4
3758,I3758,1500,800,800,600.0,110,0,n,4
3796,I3796,1500,1000,800,1054.0,110,1,n,4
3154,I3154,1500,1000,800,0.0,110,1,n,4
4578,I4578,1500,800,800,0.0,110,0,n,4
3100,I3100,1500,800,800,0.0,110,0,n,4
1876,I1876,1500,1000,800,1145.0,110,1,n,4
2168,I2168,1500,1000,800,771.0,110,1,n,4
4629,I4629,1500,1000,800,757.0,110,1,n,4
911,I0911,1500,800,800,708.0,110,0,n,4
2124,I2124,1500,800,800,1031.0,110,0,n,4
1818,I1818,1500,800,800,0.0,110,0,n,4
2582,I2582,1500,800,800,573.0,110,0,n,4
3518,I3518,1500,1000,800,583.0,110,1,n,4
1369,I1369,1500,1000,800,0.0,110,1,n,4
1137,I1137,1500,800,800,1040.0,110,0,n,4
2847,I2847,1500,800,800,1022.0,110,0,n,4
3322,I3322,1500,1000,800,974.0,110,1,n,4
1068,I1068,1500,1000,800,689.0,110,1,n,4
4854,I4854,1500,1000,800,1027.0,110,1,n,4
4023,I4023,1500,1000,800,961.0,110,1,n,4
4141,I4141,1500,1000,800,0.0,110,1,n,4
4152,I4152,1500,800,800,1237.0,110,0,n,4
3050,I3050,1500,1000,800,667.0,110,1,n,4
1247,I1247,1500,800,800,1014.0,110,0,n,4
1290,I1290,1500,1000,800,0.0,110,1,n,4
4088,I4088,1500,800,800,634.0,110,0,n,4
3426,I3426,1500,800,800,827.0,110,0,n,4
2346,I2346,1500,800,800,672.0,110,0,n,4
1245,I1245,1500,1000,800,976.0,110,1,n,4
469,I0469,1500,1000,800,739.0,110,1,n,4
2640,I2640,1500,1000,800,508.0,110,1,n,4
3193,I3193,1500,800,800,576.0,110,0,n,4
1318,I1318,1500,1000,800,807.0,110,1,n,4
1063,I1063,1500,800,800,706.0,110,0,n,4
930,I0930,1500,1000,800,892.0,110,1,n,4
2201,I2201,1500,1000,800,0.0,110,1,n,4
879,I0879,1500,800,800,497.0,110,0,n,4
1477,I1477,1500,1000,800,651.0,110,1,n,4
4341,I4341,1500,1000,800,0.0,110,1,n,4
3499,I3499,1500,800,800,1112.0,110,0,n,4
3658,I3658,1500,800,800,0.0,110,0,n,4
4499,I4499,1500,1000,800,740.0,110,1,n,4
1797,I1797,1500,800,800,1183.0,110,0,n,4
4752,I4752,1500,800,800,769.0,110,0,n,4
2233,I2233,1500,800,800,489.0,110,0,n,4
2885,I2885,1500,1000,800,0.0,110,1,n,4
3031,I3031,1500,800,800,643.0,110,0,n,4
2219,I2219,1500,800,800,633.0,110,0,n,4
2211,I2211,1500,1000,800,614.0,110,1,n,4
1103,I1103,1500,1000,800,702.0,110,1,n,4
3967,I3967,1500,800,800,677.0,110,0,n,4
1375,I1375,1500,1000,800,642.0,110,1,n,4
3387,I3387,1500,1000,800,860.0,110,1,n,4
639,I0639,1500,800,800,655.0,110,0,n,4
689,I0689,1500,1000,800,0.0,110,1,n,4
3613,I3613,1500,800,800,709.0,110,0,n,4
2661,I2661,1500,1000,800,684.0,110,1,n,4
784,I0784,1500,800,800,1019.0,110,0,n,4
1141,I1141,1500,800,800,551.0,110,0,n,4
4164,I4164,1500,800,800,950.0,110,0,n,4
3661,I3661,1500,1000,800,0.0,110,1,n,4
2770,I2770,1500,1000,800,1024.0,110,1,n,4
1823,I1823,1500,800,800,884.0,110,0,n,4
922,I0922,1500,800,800,742.0,110,0,n,4
537,I0537,1500,1000,800,616.0,110,1,n,4
3972,I3972,1500,800,800,616.0,110,0,n,4
2115,I2115,1500,800,800,854.0,110,0,n,4
3927,I3927,1500,800,800,1019.0,110,0,n,4
2333,I2333,1500,800,800,710.0,110,0,n,4
1463,I1463,1500,800,800,506.0,110,0,n,4
1888,I1888,1500,800,800,965.0,110,0,n,4
1725,I1725,1500,1000,800,0.0,110,1,n,4
194,I0194,1500,1000,800,539.0,110,1,n,4
3815,I3815,1500,800,800,759.0,110,0,n,4
2852,I2852,1500,1000,800,854.0,110,1,n,4
3601,I3601,1500,1000,800,575.0,110,1,n,4
1502,I1502,1500,800,800,957.0,110,0,n,4
1901,I1901,1500,1000,800,0.0,110,1,n,4
3577,I3577,1500,800,800,863.0,110,0,n,4
2244,I2244,1500,800,800,943.0,110,0,n,4
4362,I4362,1500,800,800,681.0,110,0,n,4
4506,I4506,1500,800,800,1069.0,110,0,n,4
1500,I1500,1500,800,800,649.0,110,0,n,4
4127,I4127,1500,800,800,0.0,110,0,n,4
1270,I1270,1500,1000,800,789.0,110,1,n,4
672,I0672,1500,1000,800,650.0,110,1,n,4
703,I0703,1500,800,800,628.0,110,0,n,4
1431,I1431,1500,1000,800,562.0,110,1,n,4
192,I0192,1500,1000,800,0.0,110,1,n,4
2394,I2394,1500,1000,800,1067.0,110,1,n,4
3988,I3988,1500,1000,800,0.0,110,1,n,4
3017,I3017,1500,800,800,745.0,110,0,n,4
3287,I3287,1500,800,800,578.0,110,0,n,4
4864,I4864,1500,1000,800,724.0,110,1,n,4
1459,I1459,1500,1000,800,886.0,110,1,n,4
2602,I2602,1500,800,800,1233.0,110,0,n,4
4159,I4159,1500,800,800,860.0,110,0,n,4
4530,I4530,1500,800,800,949.0,110,0,n,4
2892,I2892,1500,800,800,497.0,110,0,n,4
3849,I3849,1500,800,800,1036.0,110,0,n,4
461,I0461,1500,800,800,543.0,110,0,n,4
627,I0627,1500,1000,800,1024.0,110,1,n,4
4892,I4892,1500,800,800,1037.0,110,0,n,4
1326,I1326,1500,800,800,718.0,110,0,n,4
2734,I2734,1500,1000,800,0.0,110,1,n,4
3467,I3467,1500,1000,800,709.0,110,1,n,4
3765,I3765,1500,1000,800,636.0,110,1,n,4
3587,I3587,1500,1000,800,793.0,110,1,n,4
1379,I1379,1500,800,800,1092.0,110,0,n,4
2934,I2934,1500,1000,800,872.0,110,1,n,4
1475,I1475,1500,800,800,792.0,110,0,n,4
4701,I4701,1500,800,800,0.0,110,0,n,4
4289,I4289,1500,800,800,801.0,110,0,n,4
1205,I1205,1500,1000,800,641.0,110,1,n,4
188,I0188,1500,1000,800,669.0,110,1,n,4
1670,I1670,1500,800,800,567.0,110,0,n,4
2343,I2343,1500,800,800,629.0,110,0,n,4
4304,I4304,1500,800,800,0.0,110,0,n,4
1891,I1891,1500,800,800,554.0,110,0,n,4
2722,I2722,1500,800,800,1001.0,110,0,n,4
107,I0107,1500,800,800,749.0,110,0,n,4
2088,I2088,1500,1000,800,918.0,110,1,n,4
1194,I1194,1500,800,800,799.0,110,0,n,4
457,I0457,1500,800,800,738.0,110,0,n,4
1488,I1488,1500,1000,800,888.0,110,1,n,4
1870,I1870,1500,1000,800,0.0,110,1,n,4
4899,I4899,1500,1000,800,840.0,110,1,n,4
1244,I1244,1500,800,800,798.0,110,0,n,4
2822,I2822,1500,1000,800,855.0,110,1,n,4
3231,I3231,1500,1000,800,1099.0,110,1,n,4
436,I0436,1500,800,800,863.0,110,0,n,4
2893,I2893,1500,1000,800,0.0,110,1,n,4
4710,I4710,1500,1000,800,744.0,110,1,n,4
3416,I3416,1500,1000,800,710.0,110,1,n,4
2715,I2715,1500,800,800,477.0,110,0,n,4
2458,I2458,1500,1000,800,764.0,110,1,n,4
2560,I2560,1500,800,800,798.0,110,0,n,4
4513,I4513,1500,1000,800,0.0,110,1,n,4
4055,I4055,1500,800,800,759.0,110,0,n,4
4781,I4781,1500,1000,800,1192.0,110,1,n,4
4449,I4449,1500,1000,800,706.0,110,1,n,4
56,I0056,1500,1000,800,506.0,110,1,n,4
112,I0112,1500,800,800,697.0,110,0,n,4
2855,I2855,1500,800,800,0.0,110,0,n,4
4800,I4800,1500,800,800,0.0,110,0,n,4
2744,I2744,1500,800,800,642.0,110,0,n,4
4067,I4067,1500,1000,800,876.0,110,1,n,4
2918,I2918,1500,1000,800,887.0,110,1,n,4
2925,I2925,1500,800,800,948.0,110,0,n,4
2730,I2730,1500,1000,800,1008.0,110,1,n,4
2583,I2583,1500,800,800,759.0,110,0,n,4
4284,I4284,1500,1000,800,0.0,110,1,n,4
4201,I4201,1500,1000,800,0.0,110,1,n,4
1227,I1227,1500,800,800,0.0,110,0,n,4
4230,I4230,1500,1000,800,912.0,110,1,n,4
2175,I2175,1500,1000,800,520.0,110,1,n,4
1010,I1010,1500,1000,800,507.0,110,1,n,4
1754,I1754,1500,1000,800,768.0,110,1,n,4
211,I0211,1500,800,800,743.0,110,0,n,4
2747,I2747,1500,1000,800,705.0,110,1,n,4
4245,I4245,1500,1000,800,982.0,110,1,n,4
681,I0681,1500,800,800,0.0,110,0,n,4
315,I0315,1500,1000,800,725.0,110,1,n,4
1151,I1151,1500,800,800,524.0,110,0,n,4
1568,I1568,1500,800,800,1154.0,110,0,n,4
2241,I2241,1500,1000,800,891.0,110,1,n,4
4113,I4113,1500,800,800,818.0,110,0,n,4
1665,I1665,1500,1000,800,0.0,110,1,n,4
3911,I3911,1500,1000,800,751.0,110,1,n,4
1221,I1221,1500,800,800,1307.0,110,0,n,4
2070,I2070,1500,1000,800,0.0,110,1,n,4
4822,I4822,1500,1000,800,1181.0,110,1,n,4
3884,I3884,1500,800,800,1002.0,110,0,n,4
1232,I1232,1500,800,800,965.0,110,0,n,4
486,I0486,1500,800,800,684.0,110,0,n,4
3609,I3609,1500,800,800,761.0,110,0,n,4
83,I0083,1500,800,800,767.0,110,0,n,4
583,I0583,1500,1000,800,649.0,110,1,n,4
2972,I2972,1500,800,800,0.0,110,0,n,4
1850,I1850,1500,800,800,550.0,110,0,n,4
4862,I4862,1500,1000,800,637.0,110,1,n,4
2327,I2327,1500,1000,800,745.0,110,1,n,4
2299,I2299,1500,1000,800,722.0,110,1,n,4
746,I0746,1500,800,800,0.0,110,0,n,4
1992,I1992,1500,1000,800,695.0,110,1,n,4
1816,I1816,1500,800,800,750.0,110,0,n,4
3595,I3595,1500,1000,800,1294.0,110,1,n,4
292,I0292,1500,1000,800,0.0,110,1,n,4
4475,I4475,1500,800,800,555.0,110,0,n,4
2365,I2365,1500,1000,800,1037.0,110,1,n,4
957,I0957,1500,800,800,646.0,110,0,n,4
72,I0072,1500,1000,800,684.0,110,1,n,4
3084,I3084,1500,1000,800,735.0,110,1,n,4
512,I0512,1500,1000,800,732.0,110,1,n,4
2402,I2402,1500,800,800,1242.0,110,0,n,4
148,I0148,1500,800,800,719.0,110,0,n,4
4136,I4136,1500,1000,800,561.0,110,1,n,4
3842,I3842,1500,800,800,551.0,110,0,n,4
4200,I4200,1500,800,800,790.0,110,0,n,4
4193,I4193,1500,800,800,0.0,110,0,n,4
3438,I3438,1500,1000,800,602.0,110,1,n,4
1610,I1610,1500,1000,800,661.0,110,1,n,4
4964,I4964,1500,1000,800,885.0,110,1,n,4
4585,I4585,1500,1000,800,660.0,110,1,n,4
2592,I2592,1500,1000,800,927.0,110,1,n,4
2389,I2389,1500,800,800,642.0,110,0,n,4
4943,I4943,1500,800,800,459.0,110,0,n,4
4993,I4993,1500,1000,800,1259.0,110,1,n,4
514,I0514,1500,800,800,744.0,110,0,n,4
4871,I4871,1500,1000,800,997.0,110,1,n,4
2875,I2875,1500,800,800,678.0,110,0,n,4
2255,I2255,1500,1000,800,702.0,110,1,n,4
2759,I2759,1500,1000,800,742.0,110,1,n,4
3347,I3347,1500,800,800,910.0,110,0,n,4
1947,I1947,1500,1000,800,723.0,110,1,n,4
2002,I2002,1500,1000,800,708.0,110,1,n,4
4559,I4559,1500,1000,800,0.0,110,1,n,4
796,I0796,1500,1000,800,0.0,110,1,n,4
1633,I1633,1500,1000,800,862.0,110,1,n,4
4729,I4729,1500,1000,800,0.0,110,1,n,4
2572,I2572,1500,800,800,756.0,110,0,n,4
3025,I3025,1500,1000,800,956.0,110,1,n,4
3549,I3549,1500,800,800,787.0,110,0,n,4
2313,I2313,1500,1000,800,675.0,110,1,n,4
2908,I2908,1500,1000,800,1005.0,110,1,n,4
4371,I4371,1500,1000,800,769.0,110,1,n,4
4778,I4778,1500,800,800,729.0,110,0,n,4
2446,I2446,1500,800,800,992.0,110,0,n,4
4561,I4561,1500,800,800,805.0,110,0,n,4
1988,I1988,1500,800,800,565.0,110,0,n,4
1,I0001,1500,1000,800,475.0,110,1,n,4
4905,I4905,1500,1000,800,796.0,110,1,n,4
282,I0282,1500,800,800,0.0,110,0,n,4
2584,I2584,1500,1000,800,688.0,110,1,n,4
907,I0907,1500,1000,800,0.0,110,1,n,4
3380,I3380,1500,800,800,1088.0,110,0,n,4
397,I0397,1500,800,800,831.0,110,0,n,4
4139,I4139,1500,800,800,693.0,110,0,n,4
1378,I1378,1500,800,800,511.0,110,0,n,4
1540,I1540,1500,1000,800,758.0,110,1,n,4
1838,I1838,1500,1000,800,537.0,110,1,n,4
3326,I3326,1500,1000,800,599.0,110,1,n,4
3508,I3508,1500,1000,800,747.0,110,1,n,4
890,I0890,1500,1000,800,914.0,110,1,n,4
1027,I1027,1500,1000,800,529.0,110,1,n,4
4497,I4497,1500,800,800,622.0,110,0,n,4
1198,I1198,1500,800,800,1008.0,110,0,n,4
4464,I4464,1500,1000,800,726.0,110,1,n,4
1419,I1419,1500,1000,800,655.0,110,1,n,4
2039,I2039,1500,800,800,683.0,110,0,n,4
4325,I4325,1500,800,800,0.0,110,0,n,4
3320,I3320,1500,800,800,777.0,110,0,n,4
2208,I2208,1500,1000,800,801.0,110,1,n,4
2239,I2239,1500,800,800,502.0,110,0,n,4
2307,I2307,1500,800,800,639.0,110,0,n,4
308,I0308,1500,800,800,883.0,110,0,n,4
1547,I1547,1500,800,800,685.0,110,0,n,4
1779,I1779,1500,1000,800,1002.0,110,1,n,4
1880,I1880,1500,1000,800,609.0,110,1,n,4
2195,I2195,1500,1000,800,992.0,110,1,n,4
324,I0324,1500,800,800,844.0,110,0,n,4
1963,I1963,1500,1000,800,800.0,110,1,n,4
1745,I1745,1500,800,800,0.0,110,0,n,4
3055,I3055,1500,1000,800,587.0,110,1,n,4
2146,I2146,1500,1000,800,719.0,110,1,n,4
805,I0805,1500,1000,800,695.0,110,1,n,4
485,I0485,1500,1000,800,1140.0,110,1,n,4
444,I0444,1500,800,800,1094.0,110,0,n,4
1810,I1810,1500,1000,800,641.0,110,1,n,4
3132,I3132,1500,800,800,489.0,110,0,n,4
698,I0698,1500,800,800,743.0,110,0,n,4
2406,I2406,1500,1000,800,657.0,110,1,n,4
1287,I1287,1500,800,800,0.0,110,0,n,4
861,I0861,1500,1000,800,678.0,110,1,n,4
289,I0289,1500,1000,800,0.0,110,1,n,4
4050,I4050,1500,1000,800,555.0,110,1,n,4
1212,I1212,1500,800,800,0.0,110,0,n,4
3862,I3862,1500,1000,800,674.0,110,1,n,4
4175,I4175,1500,1000,800,0.0,110,1,n,4
2509,I2509,1500,1000,800,569.0,110,1,n,4
3633,I3633,1500,1000,800,607.0,110,1,n,4
1060,I1060,1500,800,800,1126.0,110,0,n,4
3789,I3789,1500,800,800,1019.0,110,0,n,4
4687,I4687,1500,1000,800,816.0,110,1,n,4
617,I0617,1500,1000,800,0.0,110,1,n,4
696,I0696,1500,800,800,938.0,110,0,n,4
3683,I3683,1500,800,800,504.0,110,0,n,4
1835,I1835,1500,800,800,0.0,110,0,n,4
3161,I3161,1500,1000,800,673.0,110,1,n,4
519,I0519,1500,1000,800,962.0,110,1,n,4
396,I0396,1500,1000,800,670.0,110,1,n,4
1871,I1871,1500,800,800,505.0,110,0,n,4
2663,I2663,1500,1000,800,0.0,110,1,n,4
2025,I2025,1500,800,800,842.0,110,0,n,4
1024,I1024,1500,1000,800,857.0,110,1,n,4
4178,I4178,1500,1000,800,880.0,110,1,n,4
2654,I2654,1500,1000,800,762.0,110,1,n,4
1446,I1446,1500,1000,800,637.0,110,1,n,4
3535,I3535,1500,800,800,638.0,110,0,n,4
3211,I3211,1500,800,800,0.0,110,0,n,4
4290,I4290,1500,1000,800,631.0,110,1,n,4
3151,I3151,1500,1000,800,519.0,110,1,n,4
1174,I1174,1500,800,800,935.0,110,0,n,4
405,I0405,1500,1000,800,777.0,110,1,n,4
4764,I4764,1500,1000,800,673.0,110,1,n,4
2324,I2324,1500,1000,800,877.0,110,1,n,4
3089,I3089,1500,800,800,572.0,110,0,n,4
3660,I3660,1500,800,800,664.0,110,0,n,4
2135,I2135,1500,1000,800,722.0,110,1,n,4
2107,I2107,1500,1000,800,999.0,110,1,n,4
3675,I3675,1500,800,800,0.0,110,0,n,4
2384,I2384,1500,1000,800,703.0,110,1,n,4
2512,I2512,1500,1000,800,942.0,110,1,n,4
3179,I3179,1500,1000,800,718.0,110,1,n,4
1966,I1966,1500,800,800,0.0,110,0,n,4
697,I0697,1500,1000,800,1033.0,110,1,n,4
3687,I3687,1500,1000,800,766.0,110,1,n,4
3640,I3640,1500,1000,800,0.0,110,1,n,4
2037,I2037,1500,1000,800,0.0,110,1,n,4
2802,I2802,1500,800,800,1046.0,110,0,n,4
3245,I3245,1500,800,800,1057.0,110,0,n,4
961,I0961,1500,800,800,0.0,110,0,n,4
3341,I3341,1500,1000,800,944.0,110,1,n,4
1767,I1767,1500,800,800,916.0,110,0,n,4
684,I0684,1500,1000,800,1160.0,110,1,n,4
4830,I4830,1500,800,800,0.0,110,0,n,4
1956,I1956,1500,800,800,779.0,110,0,n,4
3314,I3314,1500,1000,800,1134.0,110,1,n,4
4916,I4916,1500,1000,800,568.0,110,1,n,4
3793,I3793,1500,1000,800,674.0,110,1,n,4
2668,I2668,1500,1000,800,566.0,110,1,n,4
2459,I2459,1500,800,800,1131.0,110,0,n,4
2151,I2151,1500,1000,800,743.0,110,1,n,4
1080,I1080,1500,1000,800,775.0,110,1,n,4
4783,I4783,1500,800,800,0.0,110,0,n,4
1380,I1380,1500,800,800,888.0,110,0,n,4
499,I0499,1500,1000,800,554.0,110,1,n,4
4478,I4478,1500,800,800,767.0,110,0,n,4
3561,I3561,1500,800,800,705.0,110,0,n,4
1703,I1703,1500,1000,800,789.0,110,1,n,4
3925,I3925,1500,1000,800,633.0,110,1,n,4
2987,I2987,1500,800,800,758.0,110,0,n,4
117,I0117,1500,800,800,0.0,110,0,n,4
3339,I3339,1500,1000,800,629.0,110,1,n,4
2224,I2224,1500,800,800,0.0,110,0,n,4
745,I0745,1500,1000,800,464.0,110,1,n,4
3749,I3749,1500,1000,800,983.0,110,1,n,4
1798,I1798,1500,800,800,0.0,110,0,n,4
3784,I3784,1500,1000,800,621.0,110,1,n,4
718,I0718,1500,1000,800,716.0,110,1,n,4
3164,I3164,1500,1000,800,1016.0,110,1,n,4
1529,I1529,1500,1000,800,872.0,110,1,n,4
4881,I4881,1500,1000,800,654.0,110,1,n,4
846,I0846,1500,1000,800,730.0,110,1,n,4
4754,I4754,1500,800,800,905.0,110,0,n,4
4231,I4231,1500,1000,800,877.0,110,1,n,4
2504,I2504,1500,800,800,641.0,110,0,n,4
4596,I4596,1500,800,800,486.0,110,0,n,4
2712,I2712,1500,1000,800,589.0,110,1,n,4
350,I0350,1500,1000,800,726.0,110,1,n,4
1394,I1394,1500,800,800,963.0,110,0,n,4
2708,I2708,1500,800,800,824.0,110,0,n,4
1425,I1425,1500,800,800,1144.0,110,0,n,4
3790,I3790,1500,800,800,1130.0,110,0,n,4
3979,I3979,1500,800,800,661.0,110,0,n,4
4860,I4860,1500,800,800,0.0,110,0,n,4
4716,I4716,1500,1000,800,0.0,110,1,n,4
4479,I4479,1500,1000,800,669.0,110,1,n,4
3365,I3365,1500,1000,800,0.0,110,1,n,4
1571,I1571,1500,1000,800,1024.0,110,1,n,4
1979,I1979,1500,1000,800,809.0,110,1,n,4
4780,I4780,1500,1000,800,0.0,110,1,n,4
3775,I3775,1500,800,800,1143.0,110,0,n,4
1718,I1718,1500,800,800,724.0,110,0,n,4
4638,I4638,1500,800,800,574.0,110,0,n,4
2030,I2030,1500,800,800,677.0,110,0,n,4
1422,I1422,1500,800,800,586.0,110,0,n,4
4914,I4914,1500,800,800,1310.0,110,0,n,4
1389,I1389,1500,1000,800,1109.0,110,1,n,4
407,I0407,1500,800,800,0.0,110,0,n,4
4353,I4353,1500,1000,800,0.0,110,1,n,4
1600,I1600,1500,800,800,1024.0,110,0,n,4
1591,I1591,1500,800,800,696.0,110,0,n,4
1583,I1583,1500,1000,800,0.0,110,1,n,4
259,I0259,1500,800,800,0.0,110,0,n,4
4103,I4103,1500,800,800,880.0,110,0,n,4
1088,I1088,1500,1000,800,860.0,110,1,n,4
32,I0032,1500,1000,800,963.0,110,1,n,4
1485,I1485,1500,1000,800,710.0,110,1,n,4
3433,I3433,1500,800,800,883.0,110,0,n,4
2180,I2180,1500,1000,800,597.0,110,1,n,4
4025,I4025,1500,1000,800,0.0,110,1,n,4
4681,I4681,1500,800,800,640.0,110,0,n,4
4008,I4008,1500,1000,800,677.0,110,1,n,4
2060,I2060,1500,1000,800,0.0,110,1,n,4
33,I0033,1500,800,800,813.0,110,0,n,4
3469,I3469,1500,800,800,876.0,110,0,n,4
3536,I3536,1500,800,800,833.0,110,0,n,4
1061,I1061,1500,800,800,481.0,110,0,n,4
3048,I3048,1500,1000,800,804.0,110,1,n,4
3764,I3764,1500,1000,800,1061.0,110,1,n,4
3353,I3353,1500,800,800,900.0,110,0,n,4
3863,I3863,1500,800,800,609.0,110,0,n,4
4083,I4083,1500,800,800,0.0,110,0,n,4
2955,I2955,1500,1000,800,540.0,110,1,n,4
739,I0739,1500,1000,800,765.0,110,1,n,4
4237,I4237,1500,800,800,476.0,110,0,n,4
814,I0814,1500,800,800,706.0,110,0,n,4
4731,I4731,1500,1000,800,538.0,110,1,n,4
4347,I4347,1500,800,800,615.0,110,0,n,4
1953,I1953,1500,1000,800,1297.0,110,1,n,4
1713,I1713,1500,800,800,762.0,110,0,n,4
2058,I2058,1500,1000,800,929.0,110,1,n,4
38,I0038,1500,1000,800,755.0,110,1,n,4
432,I0432,1500,800,800,635.0,110,0,n,4
3284,I3284,1500,800,800,689.0,110,0,n,4
2045,I2045,1500,1000,800,685.0,110,1,n,4
4271,I4271,1500,1000,800,630.0,110,1,n,4
3676,I3676,1500,1000,800,674.0,110,1,n,4
3857,I3857,1500,1000,800,615.0,110,1,n,4
2258,I2258,1500,800,800,753.0,110,0,n,4
2743,I2743,1500,1000,800,645.0,110,1,n,4
1223,I1223,1500,1000,800,0.0,110,1,n,4
3037,I3037,1500,1000,800,0.0,110,1,n,4
284,I0284,1500,1000,800,710.0,110,1,n,4
1280,I1280,1500,800,800,581.0,110,0,n,4
3176,I3176,1500,1000,800,0.0,110,1,n,4
1836,I1836,1500,800,800,914.0,110,0,n,4
825,I0825,1500,800,800,834.0,110,0,n,4
108,I0108,1500,1000,800,786.0,110,1,n,4
990,I0990,1500,800,800,606.0,110,0,n,4
3677,I3677,1500,800,800,0.0,110,0,n,4
1409,I1409,1500,1000,800,1024.0,110,1,n,4
1743,I1743,1500,800,800,539.0,110,0,n,4
2635,I2635,1500,1000,800,687.0,110,1,n,4
62,I0062,1500,800,800,747.0,110,0,n,4
434,I0434,1500,1000,800,720.0,110,1,n,4
2134,I2134,1500,1000,800,0.0,110,1,n,4
1003,I1003,1500,1000,800,1248.0,110,1,n,4
1203,I1203,1500,1000,800,740.0,110,1,n,4
1272,I1272,1500,800,800,0.0,110,0,n,4
3837,I3837,1500,800,800,596.0,110,0,n,4
4036,I4036,1500,800,800,491.0,110,0,n,4
1111,I1111,1500,1000,800,0.0,110,1,n,4
3772,I3772,1500,1000,800,637.0,110,1,n,4
1285,I1285,1500,800,800,856.0,110,0,n,4
1893,I1893,1500,800,800,747.0,110,0,n,4
4588,I4588,1500,1000,800,0.0,110,1,n,4
3705,I3705,1500,800,800,508.0,110,0,n,4
50,I0050,1500,800,800,525.0,110,0,n,4
603,I0603,1500,800,800,716.0,110,0,n,4
536,I0536,1500,800,800,0.0,110,0,n,4
3475,I3475,1500,800,800,0.0,110,0,n,4
3623,I3623,1500,1000,800,864.0,110,1,n,4
1316,I1316,1500,800,800,593.0,110,0,n,4
4335,I4335,1500,800,800,740.0,110,0,n,4
1694,I1694,1500,800,800,0.0,110,0,n,4
2455,I2455,1500,800,800,751.0,110,0,n,4
400,I0400,1500,800,800,863.0,110,0,n,4
1693,I1693,1500,1000,800,481.0,110,1,n,4
4565,I4565,1500,1000,800,1024.0,110,1,n,4
4233,I4233,1500,1000,800,472.0,110,1,n,4
1712,I1712,1500,800,800,515.0,110,0,n,4
938,I0938,1500,1000,800,846.0,110,1,n,4
3346,I3346,1500,1000,800,528.0,110,1,n,4
2646,I2646,1500,1000,800,555.0,110,1,n,4
3702,I3702,1500,800,800,721.0,110,0,n,4
1231,I1231,1500,1000,800,957.0,110,1,n,4
3779,I3779,1500,1000,800,944.0,110,1,n,4
977,I0977,1500,800,800,831.0,110,0,n,4
4330,I4330,1500,1000,800,0.0,110,1,n,4
3188,I3188,1500,1000,800,868.0,110,1,n,4
2587,I2587,1500,1000,800,1091.0,110,1,n,4
2595,I2595,1500,800,800,0.0,110,0,n,4
3490,I3490,1500,800,800,611.0,110,0,n,4
450,I0450,1500,1000,800,732.0,110,1,n,4
3565,I3565,1500,800,800,679.0,110,0,n,4
329,I0329,1500,800,800,0.0,110,0,n,4
3430,I3430,1500,1000,800,0.0,110,1,n,4
854,I0854,1500,800,800,790.0,110,0,n,4
4037,I4037,1500,800,800,0.0,110,0,n,4
3366,I3366,1500,800,800,709.0,110,0,n,4
2519,I2519,1500,800,800,802.0,110,0,n,4
137,I0137,1500,1000,800,744.0,110,1,n,4
4913,I4913,1500,800,800,795.0,110,0,n,4
3957,I3957,1500,1000,800,682.0,110,1,n,4
2831,I2831,1500,1000,800,705.0,110,1,n,4
4824,I4824,1500,1000,800,0.0,110,1,n,4
4352,I4352,1500,800,800,0.0,110,0,n,4
1914,I1914,1500,1000,800,684.0,110,1,n,4
4137,I4137,1500,1000,800,1000.0,110,1,n,4
799,I0799,1500,1000,800,1223.0,110,1,n,4
3745,I3745,1500,1000,800,685.0,110,1,n,4
831,I0831,1500,800,800,0.0,110,0,n,4
95,I0095,1500,800,800,613.0,110,0,n,4
30,I0030,1500,800,800,593.0,110,0,n,4
4172,I4172,1500,1000,800,544.0,110,1,n,4
2503,I2503,1500,800,800,1093.0,110,0,n,4
2010,I2010,1500,800,800,0.0,110,0,n,4
944,I0944,1500,1000,800,583.0,110,1,n,4
1717,I1717,1500,800,800,989.0,110,0,n,4
1206,I1206,1500,1000,800,1054.0,110,1,n,4
4961,I4961,1500,1000,800,668.0,110,1,n,4
3788,I3788,1500,1000,800,543.0,110,1,n,4
3571,I3571,1500,800,800,582.0,110,0,n,4
3053,I3053,1500,800,800,687.0,110,0,n,4
3215,I3215,1500,800,800,1121.0,110,0,n,4
3399,I3399,1500,1000,800,667.0,110,1,n,4
28,I0028,1500,800,800,0.0,110,0,n,4
722,I0722,1500,1000,800,1104.0,110,1,n,4
3474,I3474,1500,800,800,623.0,110,0,n,4
276,I0276,1500,800,800,920.0,110,0,n,4
564,I0564,1500,1000,800,642.0,110,1,n,4
3225,I3225,1500,800,800,631.0,110,0,n,4
2776,I2776,1500,1000,800,619.0,110,1,n,4
387,I0387,1500,1000,800,721.0,110,1,n,4
1977,I1977,1500,800,800,792.0,110,0,n,4
3729,I3729,1500,1000,800,0.0,110,1,n,4
4568,I4568,1500,1000,800,847.0,110,1,n,4
2723,I2723,1500,800,800,1001.0,110,0,n,4
1969,I1969,1500,1000,800,777.0,110,1,n,4
4572,I4572,1500,800,800,789.0,110,0,n,4
1619,I1619,1500,800,800,785.0,110,0,n,4
1351,I1351,1500,800,800,868.0,110,0,n,4
2067,I2067,1500,800,800,758.0,110,0,n,4
4947,I4947,1500,1000,800,537.0,110,1,n,4
914,I0914,1500,800,800,1061.0,110,0,n,4
4005,I4005,1500,1000,800,1037.0,110,1,n,4
1021,I1021,1500,1000,800,1027.0,110,1,n,4
3819,I3819,1500,1000,800,893.0,110,1,n,4
2694,I2694,1500,1000,800,678.0,110,1,n,4
2645,I2645,1500,1000,800,891.0,110,1,n,4
4889,I4889,1500,800,800,0.0,110,0,n,4
3612,I3612,1500,1000,800,575.0,110,1,n,4
1056,I1056,1500,1000,800,879.0,110,1,n,4
1925,I1925,1500,800,800,750.0,110,0,n,4
3000,I3000,1500,1000,800,824.0,110,1,n,4
2675,I2675,1500,800,800,755.0,110,0,n,4
2935,I2935,1500,800,800,536.0,110,0,n,4
4976,I4976,1500,1000,800,0.0,110,1,n,4
2161,I2161,1500,1000,800,864.0,110,1,n,4
3634,I3634,1500,1000,800,600.0,110,1,n,4
331,I0331,1500,1000,800,694.0,110,1,n,4
2967,I2967,1500,800,800,810.0,110,0,n,4
2590,I2590,1500,800,800,664.0,110,0,n,4
3551,I3551,1500,800,800,1001.0,110,0,n,4
2339,I2339,1500,800,800,0.0,110,0,n,4
2914,I2914,1500,1000,800,0.0,110,1,n,4
1230,I1230,1500,1000,800,1017.0,110,1,n,4
446,I0446,1500,800,800,0.0,110,0,n,4
3544,I3544,1500,800,800,776.0,110,0,n,4
3139,I3139,1500,1000,800,740.0,110,1,n,4
3293,I3293,1500,800,800,760.0,110,0,n,4
1564,I1564,1500,800,800,650.0,110,0,n,4
493,I0493,1500,1000,800,702.0,110,1,n,4
4275,I4275,1500,800,800,0.0,110,0,n,4
3537,I3537,1500,1000,800,789.0,110,1,n,4
1411,I1411,1500,1000,800,790.0,110,1,n,4
3461,I3461,1500,800,800,0.0,110,0,n,4
2858,I2858,1500,1000,800,496.0,110,1,n,4
2637,I2637,1500,1000,800,0.0,110,1,n,4
1724,I1724,1500,1000,800,0.0,110,1,n,4
4814,I4814,1500,1000,800,1059.0,110,1,n,4
609,I0609,1500,800,800,0.0,110,0,n,4
4462,I4462,1500,800,800,0.0,110,0,n,4
1038,I1038,1500,800,800,741.0,110,0,n,4
1741,I1741,1500,800,800,974.0,110,0,n,4
4549,I4549,1500,1000,800,621.0,110,1,n,4
3492,I3492,1500,800,800,477.0,110,0,n,4
4567,I4567,1500,800,800,542.0,110,0,n,4
3249,I3249,1500,800,800,774.0,110,0,n,4
4109,I4109,1500,1000,800,643.0,110,1,n,4
1370,I1370,1500,800,800,0.0,110,0,n,4
2420,I2420,1500,1000,800,820.0,110,1,n,4
1192,I1192,1500,1000,800,583.0,110,1,n,4
1327,I1327,1500,800,800,555.0,110,0,n,4
3713,I3713,1500,1000,800,1002.0,110,1,n,4
2800,I2800,1500,800,800,1042.0,110,0,n,4
1147,I1147,1500,800,800,628.0,110,0,n,4
3286,I3286,1500,1000,800,639.0,110,1,n,4
3847,I3847,1500,1000,800,0.0,110,1,n,4
2533,I2533,1500,1000,800,801.0,110,1,n,4
4957,I4957,1500,800,800,509.0,110,0,n,4
2657,I2657,1500,1000,800,531.0,110,1,n,4
3861,I3861,1500,800,800,712.0,110,0,n,4
1766,I1766,1500,800,800,1031.0,110,0,n,4
3378,I3378,1500,1000,800,634.0,110,1,n,4
2122,I2122,1500,800,800,0.0,110,0,n,4
4258,I4258,1500,800,800,888.0,110,0,n,4
3192,I3192,1500,1000,800,0.0,110,1,n,4
758,I0758,1500,1000,800,806.0,110,1,n,4
750,I0750,1500,800,800,590.0,110,0,n,4
2939,I2939,1500,1000,800,682.0,110,1,n,4
3356,I3356,1500,800,800,522.0,110,0,n,4
100,I0100,1500,1000,800,801.0,110,1,n,4
2929,I2929,1500,1000,800,613.0,110,1,n,4
4730,I4730,1500,1000,800,904.0,110,1,n,4
3405,I3405,1500,800,800,1195.0,110,0,n,4
2676,I2676,1500,800,800,719.0,110,0,n,4
2633,I2633,1500,1000,800,575.0,110,1,n,4
4027,I4027,1500,800,800,664.0,110,0,n,4
508,I0508,1500,1000,800,0.0,110,1,n,4
2846,I2846,1500,800,800,597.0,110,0,n,4
1171,I1171,1500,800,800,0.0,110,0,n,4
4026,I4026,1500,800,800,748.0,110,0,n,4
4240,I4240,1500,800,800,895.0,110,0,n,4
2457,I2457,1500,1000,800,561.0,110,1,n,4
3748,I3748,1500,1000,800,0.0,110,1,n,4
25,I0025,1500,1000,800,664.0,110,1,n,4
3282,I3282,1500,800,800,0.0,110,0,n,4
4379,I4379,1500,800,800,703.0,110,0,n,4
4622,I4622,1500,1000,800,532.0,110,1,n,4
3626,I3626,1500,1000,800,649.0,110,1,n,4
3670,I3670,1500,1000,800,608.0,110,1,n,4
1786,I1786,1500,800,800,579.0,110,0,n,4
3297,I3297,1500,1000,800,0.0,110,1,n,4
764,I0764,1500,1000,800,0.0,110,1,n,4
4743,I4743,1500,1000,800,0.0,110,1,n,4
1392,I1392,1500,1000,800,549.0,110,1,n,4
648,I0648,1500,800,800,0.0,110,0,n,4
3277,I3277,1500,1000,800,871.0,110,1,n,4
3773,I3773,1500,800,800,690.0,110,0,n,4
2688,I2688,1500,800,800,682.0,110,0,n,4
4377,I4377,1500,1000,800,801.0,110,1,n,4
4181,I4181,1500,800,800,668.0,110,0,n,4
549,I0549,1500,800,800,560.0,110,0,n,4
97,I0097,1500,1000,800,755.0,110,1,n,4
3791,I3791,1500,800,800,686.0,110,0,n,4
2035,I2035,1500,800,800,763.0,110,0,n,4
4535,I4535,1500,800,800,824.0,110,0,n,4
3256,I3256,1500,1000,800,0.0,110,1,n,4
2954,I2954,1500,1000,800,971.0,110,1,n,4
3590,I3590,1500,800,800,983.0,110,0,n,4
4959,I4959,1500,800,800,807.0,110,0,n,4
1286,I1286,1500,800,800,820.0,110,0,n,4
1069,I1069,1500,1000,800,718.0,110,1,n,4
2364,I2364,1500,800,800,518.0,110,0,n,4
3280,I3280,1500,1000,800,484.0,110,1,n,4
2415,I2415,1500,800,800,705.0,110,0,n,4
218,I0218,1500,800,800,0.0,110,0,n,4
4222,I4222,1500,1000,800,768.0,110,1,n,4
1758,I1758,1500,1000,800,825.0,110,1,n,4
2032,I2032,1500,800,800,507.0,110,0,n,4
1826,I1826,1500,800,800,855.0,110,0,n,4
1652,I1652,1500,1000,800,582.0,110,1,n,4
4174,I4174,1500,800,800,805.0,110,0,n,4
487,I0487,1500,1000,800,599.0,110,1,n,4
2530,I2530,1500,1000,800,1104.0,110,1,n,4
3197,I3197,1500,1000,800,557.0,110,1,n,4
2493,I2493,1500,800,800,849.0,110,0,n,4
39,I0039,1500,800,800,479.0,110,0,n,4
3338,I3338,1500,800,800,763.0,110,0,n,4
3709,I3709,1500,1000,800,0.0,110,1,n,4
3992,I3992,1500,1000,800,1408.0,110,1,n,4
1585,I1585,1500,800,800,651.0,110,0,n,4
731,I0731,1500,1000,800,0.0,110,1,n,4
1528,I1528,1500,800,800,844.0,110,0,n,4
4776,I4776,1500,1000,800,682.0,110,1,n,4
4679,I4679,1500,1000,800,0.0,110,1,n,4
3412,I3412,1500,800,800,0.0,110,0,n,4
1047,I1047,1500,800,800,0.0,110,0,n,4
4557,I4557,1500,1000,800,713.0,110,1,n,4
1989,I1989,1500,800,800,663.0,110,0,n,4
126,I0126,1500,800,800,0.0,110,0,n,4
4827,I4827,1500,800,800,997.0,110,0,n,4
4014,I4014,1500,800,800,701.0,110,0,n,4
2553,I2553,1500,800,800,0.0,110,0,n,4
2158,I2158,1500,1000,800,1175.0,110,1,n,4
2707,I2707,1500,800,800,579.0,110,0,n,4
4605,I4605,1500,1000,800,755.0,110,1,n,4
2237,I2237,1500,800,800,0.0,110,0,n,4
949,I0949,1500,800,800,0.0,110,0,n,4
2713,I2713,1500,800,800,703.0,110,0,n,4
2442,I2442,1500,1000,800,760.0,110,1,n,4
4682,I4682,1500,800,800,610.0,110,0,n,4
4410,I4410,1500,1000,800,711.0,110,1,n,4
4603,I4603,1500,1000,800,0.0,110,1,n,4
3157,I3157,1500,800,800,838.0,110,0,n,4
1643,I1643,1500,1000,800,1372.0,110,1,n,4
413,I0413,1500,1000,800,1130.0,110,1,n,4
4419,I4419,1500,1000,800,965.0,110,1,n,4
3700,I3700,1500,1000,800,621.0,110,1,n,4
4713,I4713,1500,800,800,528.0,110,0,n,4
2428,I2428,1500,1000,800,718.0,110,1,n,4
1331,I1331,1500,1000,800,575.0,110,1,n,4
4288,I4288,1500,1000,800,805.0,110,1,n,4
2558,I2558,1500,800,800,610.0,110,0,n,4
2518,I2518,1500,1000,800,574.0,110,1,n,4
1815,I1815,1500,1000,800,628.0,110,1,n,4
929,I0929,1500,800,800,613.0,110,0,n,4
0,I0000,1500,800,800,715.0,110,0,n,4
802,I0802,1500,800,800,935.0,110,0,n,4
4798,I4798,1500,800,800,936.0,110,0,n,4
1696,I1696,1500,800,800,923.0,110,0,n,4
3046,I3046,1500,1000,800,640.0,110,1,n,4
1769,I1769,1500,800,800,790.0,110,0,n,4
19,I0019,1500,1000,800,0.0,110,1,n,4
1360,I1360,1500,800,800,633.0,110,0,n,4
4306,I4306,1500,800,800,864.0,110,0,n,4
3402,I3402,1500,1000,800,747.0,110,1,n,4
4643,I4643,1500,1000,800,650.0,110,1,n,4
1162,I1162,1500,1000,800,547.0,110,1,n,4
2423,I2423,1500,1000,800,775.0,110,1,n,4
4473,I4473,1500,1000,800,688.0,110,1,n,4
763,I0763,1500,800,800,1036.0,110,0,n,4
3072,I3072,1500,800,800,731.0,110,0,n,4
887,I0887,1500,1000,800,0.0,110,1,n,4
4909,I4909,1500,1000,800,0.0,110,1,n,4
228,I0228,1500,1000,800,806.0,110,1,n,4
2919,I2919,1500,1000,800,632.0,110,1,n,4
1553,I1553,1500,800,800,502.0,110,0,n,4
1357,I1357,1500,1000,800,1004.0,110,1,n,4
1748,I1748,1500,800,800,718.0,110,0,n,4
848,I0848,1500,1000,800,753.0,110,1,n,4
1163,I1163,1500,800,800,1109.0,110,0,n,4
2607,I2607,1500,1000,800,672.0,110,1,n,4
4837,I4837,1500,1000,800,0.0,110,1,n,4
3436,I3436,1500,800,800,783.0,110,0,n,4
1064,I1064,1500,1000,800,601.0,110,1,n,4
4227,I4227,1500,800,800,801.0,110,0,n,4
3567,I3567,1500,800,800,0.0,110,0,n,4
4829,I4829,1500,1000,800,0.0,110,1,n,4
4542,I4542,1500,800,800,720.0,110,0,n,4
3907,I3907,1500,800,800,745.0,110,0,n,4
1875,I1875,1500,800,800,856.0,110,0,n,4
3160,I3160,1500,800,800,821.0,110,0,n,4
4519,I4519,1500,800,800,0.0,110,0,n,4
2571,I2571,1500,1000,800,538.0,110,1,n,4
2437,I2437,1500,1000,800,771.0,110,1,n,4
1883,I1883,1500,1000,800,735.0,110,1,n,4
2529,I2529,1500,800,800,0.0,110,0,n,4
815,I0815,1500,800,800,825.0,110,0,n,4
1990,I1990,1500,1000,800,958.0,110,1,n,4
975,I0975,1500,1000,800,528.0,110,1,n,4
2022,I2022,1500,800,800,787.0,110,0,n,4
4973,I4973,1500,800,800,1008.0,110,0,n,4
865,I0865,1500,800,800,668.0,110,0,n,4
1889,I1889,1500,800,800,781.0,110,0,n,4
98,I0098,1500,1000,800,639.0,110,1,n,4
1306,I1306,1500,800,800,778.0,110,0,n,4
2100,I2100,1500,1000,800,795.0,110,1,n,4
494,I0494,1500,800,800,498.0,110,0,n,4
3273,I3273,1500,1000,800,1135.0,110,1,n,4
3168,I3168,1500,1000,800,961.0,110,1,n,4
4719,I4719,1500,800,800,657.0,110,0,n,4
2719,I2719,1500,1000,800,525.0,110,1,n,4
3258,I3258,1500,800,800,1074.0,110,0,n,4
2321,I2321,1500,800,800,858.0,110,0,n,4
4132,I4132,1500,1000,800,865.0,110,1,n,4
1180,I1180,1500,1000,800,1047.0,110,1,n,4
2291,I2291,1500,800,800,611.0,110,0,n,4
4319,I4319,1500,800,800,0.0,110,0,n,4
178,I0178,1500,800,800,0.0,110,0,n,4
3559,I3559,1500,800,800,0.0,110,0,n,4
1453,I1453,1500,800,800,741.0,110,0,n,4
1634,I1634,1500,1000,800,939.0,110,1,n,4
4412,I4412,1500,1000,800,761.0,110,1,n,4
3082,I3082,1500,1000,800,0.0,110,1,n,4
4115,I4115,1500,800,800,736.0,110,0,n,4
4434,I4434,1500,800,800,627.0,110,0,n,4
836,I0836,1500,1000,800,745.0,110,1,n,4
3415,I3415,1500,1000,800,822.0,110,1,n,4
4505,I4505,1500,800,800,690.0,110,0,n,4
2028,I2028,1500,800,800,761.0,110,0,n,4
338,I0338,1500,800,800,0.0,110,0,n,4
4318,I4318,1500,1000,800,926.0,110,1,n,4
2117,I2117,1500,1000,800,750.0,110,1,n,4
3306,I3306,1500,800,800,926.0,110,0,n,4
925,I0925,1500,800,800,801.0,110,0,n,4
4342,I4342,1500,1000,800,600.0,110,1,n,4
2400,I2400,1500,1000,800,877.0,110,1,n,4
2613,I2613,1500,800,800,813.0,110,0,n,4
4079,I4079,1500,800,800,883.0,110,0,n,4
2894,I2894,1500,800,800,743.0,110,0,n,4
896,I0896,1500,800,800,872.0,110,0,n,4
4234,I4234,1500,800,800,0.0,110,0,n,4
2033,I2033,1500,1000,800,0.0,110,1,n,4
1448,I1448,1500,800,800,835.0,110,0,n,4
1853,I1853,1500,800,800,494.0,110,0,n,4
4185,I4185,1500,800,800,852.0,110,0,n,4
1917,I1917,1500,800,800,0.0,110,0,n,4
2513,I2513,1500,1000,800,497.0,110,1,n,4
1015,I1015,1500,800,800,1000.0,110,0,n,4
4831,I4831,1500,800,800,713.0,110,0,n,4
4927,I4927,1500,1000,800,707.0,110,1,n,4
1117,I1117,1500,1000,800,0.0,110,1,n,4
628,I0628,1500,800,800,0.0,110,0,n,4
4617,I4617,1500,1000,800,1077.0,110,1,n,4
299,I0299,1500,1000,800,651.0,110,1,n,4
1014,I1014,1500,1000,800,674.0,110,1,n,4
1597,I1597,1500,1000,800,749.0,110,1,n,4
777,I0777,1500,800,800,758.0,110,0,n,4
1825,I1825,1500,1000,800,791.0,110,1,n,4
2280,I2280,1500,800,800,667.0,110,0,n,4
3131,I3131,1500,1000,800,0.0,110,1,n,4
4984,I4984,1500,800,800,1095.0,110,0,n,4
4509,I4509,1500,800,800,0.0,110,0,n,4
3766,I3766,1500,1000,800,0.0,110,1,n,4
3956,I3956,1500,1000,800,597.0,110,1,n,4
886,I0886,1500,1000,800,609.0,110,1,n,4
3680,I3680,1500,800,800,818.0,110,0,n,4
1846,I1846,1500,1000,800,998.0,110,1,n,4
2545,I2545,1500,800,800,0.0,110,0,n,4
700,I0700,1500,1000,800,557.0,110,1,n,4
1729,I1729,1500,1000,800,0.0,110,1,n,4
736,I0736,1500,1000,800,723.0,110,1,n,4
605,I0605,1500,1000,800,1091.0,110,1,n,4
1126,I1126,1500,1000,800,616.0,110,1,n,4
1257,I1257,1500,1000,800,472.0,110,1,n,4
4179,I4179,1500,800,800,0.0,110,0,n,4
555,I0555,1500,800,800,983.0,110,0,n,4
920,I0920,1500,1000,800,0.0,110,1,n,4
4843,I4843,1500,1000,800,841.0,110,1,n,4
4587,I4587,1500,1000,800,670.0,110,1,n,4
227,I0227,1500,1000,800,0.0,110,1,n,4
3371,I3371,1500,1000,800,538.0,110,1,n,4
1927,I1927,1500,1000,800,719.0,110,1,n,4
775,I0775,1500,1000,800,484.0,110,1,n,4
943,I0943,1500,1000,800,572.0,110,1,n,4
114,I0114,1500,1000,800,902.0,110,1,n,4
752,I0752,1500,1000,800,730.0,110,1,n,4
847,I0847,1500,1000,800,935.0,110,1,n,4
1756,I1756,1500,1000,800,0.0,110,1,n,4
576,I0576,1500,1000,800,679.0,110,1,n,4
2443,I2443,1500,1000,800,1055.0,110,1,n,4
2555,I2555,1500,1000,800,743.0,110,1,n,4
3965,I3965,1500,1000,800,842.0,110,1,n,4
2546,I2546,1500,800,800,0.0,110,0,n,4
3959,I3959,1500,1000,800,732.0,110,1,n,4
3953,I3953,1500,1000,800,804.0,110,1,n,4
598,I0598,1500,800,800,0.0,110,0,n,4
4454,I4454,1500,800,800,551.0,110,0,n,4
4465,I4465,1500,800,800,713.0,110,0,n,4
2739,I2739,1500,1000,800,767.0,110,1,n,4
1460,I1460,1500,800,800,606.0,110,0,n,4
509,I0509,1500,800,800,0.0,110,0,n,4
3505,I3505,1500,1000,800,733.0,110,1,n,4
2757,I2757,1500,800,800,950.0,110,0,n,4
4639,I4639,1500,800,800,0.0,110,0,n,4
1468,I1468,1500,1000,800,548.0,110,1,n,4
3596,I3596,1500,1000,800,596.0,110,1,n,4
2611,I2611,1500,1000,800,1029.0,110,1,n,4
4721,I4721,1500,1000,800,913.0,110,1,n,4
535,I0535,1500,1000,800,0.0,110,1,n,4
4613,I4613,1500,1000,800,627.0,110,1,n,4
2054,I2054,1500,1000,800,999.0,110,1,n,4
4485,I4485,1500,800,800,747.0,110,0,n,4
3901,I3901,1500,1000,800,0.0,110,1,n,4
4924,I4924,1500,800,800,822.0,110,0,n,4
3891,I3891,1500,800,800,0.0,110,0,n,4
1182,I1182,1500,800,800,550.0,110,0,n,4
4072,I4072,1500,1000,800,719.0,110,1,n,4
4214,I4214,1500,800,800,547.0,110,0,n,4
3913,I3913,1500,800,800,634.0,110,0,n,4
4575,I4575,1500,800,800,971.0,110,0,n,4
3854,I3854,1500,800,800,629.0,110,0,n,4
36,I0036,1500,1000,800,1044.0,110,1,n,4
4577,I4577,1500,1000,800,1055.0,110,1,n,4
3632,I3632,1500,800,800,701.0,110,0,n,4
3270,I3270,1500,800,800,805.0,110,0,n,4
2848,I2848,1500,1000,800,566.0,110,1,n,4
3207,I3207,1500,1000,800,638.0,110,1,n,4
2143,I2143,1500,1000,800,741.0,110,1,n,4
1412,I1412,1500,800,800,742.0,110,0,n,4
122,I0122,1500,800,800,569.0,110,0,n,4
2316,I2316,1500,800,800,919.0,110,0,n,4
2860,I2860,1500,800,800,671.0,110,0,n,4
4718,I4718,1500,1000,800,638.0,110,1,n,4
479,I0479,1500,1000,800,760.0,110,1,n,4
3206,I3206,1500,1000,800,0.0,110,1,n,4
4206,I4206,1500,1000,800,634.0,110,1,n,4
4649,I4649,1500,800,800,0.0,110,0,n,4
3308,I3308,1500,800,800,650.0,110,0,n,4
2296,I2296,1500,800,800,0.0,110,0,n,4
3069,I3069,1500,1000,800,858.0,110,1,n,4
2182,I2182,1500,1000,800,686.0,110,1,n,4
403,I0403,1500,800,800,827.0,110,0,n,4
4593,I4593,1500,800,800,968.0,110,0,n,4
2112,I2112,1500,1000,800,1131.0,110,1,n,4
1964,I1964,1500,1000,800,740.0,110,1,n,4
4803,I4803,1500,1000,800,835.0,110,1,n,4
236,I0236,1500,800,800,707.0,110,0,n,4
1273,I1273,1500,800,800,0.0,110,0,n,4
3735,I3735,1500,800,800,487.0,110,0,n,4
3878,I3878,1500,1000,800,629.0,110,1,n,4
2537,I2537,1500,800,800,1198.0,110,0,n,4
3434,I3434,1500,800,800,693.0,110,0,n,4
2960,I2960,1500,800,800,0.0,110,0,n,4
2921,I2921,1500,800,800,828.0,110,0,n,4
1668,I1668,1500,800,800,893.0,110,0,n,4
3362,I3362,1500,1000,800,573.0,110,1,n,4
1456,I1456,1500,800,800,768.0,110,0,n,4
3452,I3452,1500,800,800,810.0,110,0,n,4
530,I0530,1500,1000,800,872.0,110,1,n,4
2352,I2352,1500,1000,800,0.0,110,1,n,4
2532,I2532,1500,1000,800,654.0,110,1,n,4
1656,I1656,1500,1000,800,511.0,110,1,n,4
3315,I3315,1500,1000,800,790.0,110,1,n,4
1521,I1521,1500,800,800,724.0,110,0,n,4
3671,I3671,1500,800,800,766.0,110,0,n,4
4040,I4040,1500,800,800,789.0,110,0,n,4
4630,I4630,1500,1000,800,785.0,110,1,n,4
1913,I1913,1500,800,800,0.0,110,0,n,4
2936,I2936,1500,1000,800,920.0,110,1,n,4
855,I0855,1500,800,800,1004.0,110,0,n,4
1390,I1390,1500,1000,800,0.0,110,1,n,4
3104,I3104,1500,800,800,885.0,110,0,n,4
1445,I1445,1500,1000,800,647.0,110,1,n,4
669,I0669,1500,800,800,637.0,110,0,n,4
1436,I1436,1500,1000,800,886.0,110,1,n,4
4815,I4815,1500,800,800,0.0,110,0,n,4
3805,I3805,1500,1000,800,1167.0,110,1,n,4
1946,I1946,1500,1000,800,0.0,110,1,n,4
1781,I1781,1500,1000,800,0.0,110,1,n,4
3427,I3427,1500,1000,800,0.0,110,1,n,4
239,I0239,1500,800,800,818.0,110,0,n,4
1576,I1576,1500,1000,800,1322.0,110,1,n,4
2748,I2748,1500,1000,800,477.0,110,1,n,4
2329,I2329,1500,800,800,0.0,110,0,n,4
1824,I1824,1500,800,800,1027.0,110,0,n,4
2113,I2113,1500,800,800,825.0,110,0,n,4
123,I0123,1500,1000,800,0.0,110,1,n,4
1584,I1584,1500,1000,800,977.0,110,1,n,4
1812,I1812,1500,800,800,835.0,110,0,n,4
3388,I3388,1500,1000,800,0.0,110,1,n,4
2102,I2102,1500,800,800,534.0,110,0,n,4
3358,I3358,1500,1000,800,596.0,110,1,n,4
460,I0460,1500,1000,800,690.0,110,1,n,4
4224,I4224,1500,800,800,716.0,110,0,n,4
2639,I2639,1500,800,800,689.0,110,0,n,4
4058,I4058,1500,800,800,552.0,110,0,n,4
2362,I2362,1500,1000,800,713.0,110,1,n,4
3096,I3096,1500,1000,800,1060.0,110,1,n,4
958,I0958,1500,800,800,0.0,110,0,n,4
3111,I3111,1500,800,800,888.0,110,0,n,4
3524,I3524,1500,800,800,817.0,110,0,n,4
3899,I3899,1500,1000,800,0.0,110,1,n,4
898,I0898,1500,800,800,635.0,110,0,n,4
2837,I2837,1500,800,800,634.0,110,0,n,4
3968,I3968,1500,1000,800,0.0,110,1,n,4
1487,I1487,1500,800,800,653.0,110,0,n,4
1234,I1234,1500,1000,800,740.0,110,1,n,4
3823,I3823,1500,1000,800,691.0,110,1,n,4
3723,I3723,1500,800,800,692.0,110,0,n,4
4728,I4728,1500,800,800,0.0,110,0,n,4
1016,I1016,1500,800,800,977.0,110,0,n,4
22,I0022,1500,800,800,0.0,110,0,n,4
3692,I3692,1500,800,800,586.0,110,0,n,4
1995,I1995,1500,1000,800,0.0,110,1,n,4
1686,I1686,1500,1000,800,0.0,110,1,n,4
3534,I3534,1500,800,800,626.0,110,0,n,4
999,I0999,1500,800,800,626.0,110,0,n,4
1518,I1518,1500,1000,800,652.0,110,1,n,4
394,I0394,1500,1000,800,813.0,110,1,n,4
691,I0691,1500,800,800,1055.0,110,0,n,4
2880,I2880,1500,1000,800,787.0,110,1,n,4
3271,I3271,1500,800,800,657.0,110,0,n,4
597,I0597,1500,800,800,1092.0,110,0,n,4
3983,I3983,1500,1000,800,611.0,110,1,n,4
2159,I2159,1500,1000,800,525.0,110,1,n,4
4314,I4314,1500,1000,800,740.0,110,1,n,4
580,I0580,1500,1000,800,822.0,110,1,n,4
52,I0052,1500,1000,800,892.0,110,1,n,4
2203,I2203,1500,1000,800,941.0,110,1,n,4
2496,I2496,1500,1000,800,668.0,110,1,n,4
548,I0548,1500,800,800,562.0,110,0,n,4
1359,I1359,1500,1000,800,750.0,110,1,n,4
2223,I2223,1500,1000,800,649.0,110,1,n,4
2609,I2609,1500,1000,800,765.0,110,1,n,4
3628,I3628,1500,800,800,811.0,110,0,n,4
182,I0182,1500,1000,800,894.0,110,1,n,4
2899,I2899,1500,1000,800,515.0,110,1,n,4
646,I0646,1500,1000,800,724.0,110,1,n,4
1082,I1082,1500,1000,800,0.0,110,1,n,4
2706,I2706,1500,1000,800,631.0,110,1,n,4
3935,I3935,1500,1000,800,610.0,110,1,n,4
565,I0565,1500,800,800,0.0,110,0,n,4
897,I0897,1500,1000,800,705.0,110,1,n,4
2767,I2767,1500,800,800,1133.0,110,0,n,4
1256,I1256,1500,800,800,1006.0,110,0,n,4
4640,I4640,1500,1000,800,0.0,110,1,n,4
4659,I4659,1500,800,800,557.0,110,0,n,4
1737,I1737,1500,1000,800,795.0,110,1,n,4
3202,I3202,1500,800,800,633.0,110,0,n,4
3080,I3080,1500,1000,800,726.0,110,1,n,4
4683,I4683,1500,800,800,0.0,110,0,n,4
1243,I1243,1500,1000,800,735.0,110,1,n,4
2968,I2968,1500,1000,800,1101.0,110,1,n,4
900,I0900,1500,800,800,909.0,110,0,n,4
540,I0540,1500,800,800,0.0,110,0,n,4
1311,I1311,1500,800,800,0.0,110,0,n,4
4935,I4935,1500,1000,800,538.0,110,1,n,4
927,I0927,1500,1000,800,559.0,110,1,n,4
2963,I2963,1500,800,800,1068.0,110,0,n,4
849,I0849,1500,1000,800,904.0,110,1,n,4
3379,I3379,1500,1000,800,614.0,110,1,n,4
1794,I1794,1500,800,800,781.0,110,0,n,4
1399,I1399,1500,1000,800,718.0,110,1,n,4
4016,I4016,1500,800,800,0.0,110,0,n,4
66,I0066,1500,1000,800,617.0,110,1,n,4
1329,I1329,1500,1000,800,644.0,110,1,n,4
3937,I3937,1500,1000,800,927.0,110,1,n,4
888,I0888,1500,800,800,552.0,110,0,n,4
4066,I4066,1500,800,800,539.0,110,0,n,4
1348,I1348,1500,1000,800,554.0,110,1,n,4
1048,I1048,1500,800,800,577.0,110,0,n,4
4570,I4570,1500,1000,800,716.0,110,1,n,4
3478,I3478,1500,1000,800,674.0,110,1,n,4
155,I0155,1500,800,800,1050.0,110,0,n,4
4265,I4265,1500,800,800,650.0,110,0,n,4
2600,I2600,1500,800,800,671.0,110,0,n,4
3985,I3985,1500,800,800,624.0,110,0,n,4
1473,I1473,1500,1000,800,1015.0,110,1,n,4
1140,I1140,1500,800,800,613.0,110,0,n,4
321,I0321,1500,800,800,1022.0,110,0,n,4
641,I0641,1500,800,800,831.0,110,0,n,4
3946,I3946,1500,1000,800,814.0,110,1,n,4
1215,I1215,1500,1000,800,0.0,110,1,n,4
3538,I3538,1500,1000,800,1153.0,110,1,n,4
2169,I2169,1500,1000,800,1000.0,110,1,n,4
4490,I4490,1500,1000,800,619.0,110,1,n,4
970,I0970,1500,1000,800,736.0,110,1,n,4
3444,I3444,1500,1000,800,844.0,110,1,n,4
68,I0068,1500,800,800,817.0,110,0,n,4
714,I0714,1500,1000,800,727.0,110,1,n,4
2315,I2315,1500,1000,800,914.0,110,1,n,4
3364,I3364,1500,800,800,620.0,110,0,n,4
2257,I2257,1500,800,800,0.0,110,0,n,4
618,I0618,1500,1000,800,767.0,110,1,n,4
3602,I3602,1500,800,800,639.0,110,0,n,4
4155,I4155,1500,800,800,712.0,110,0,n,4
186,I0186,1500,800,800,479.0,110,0,n,4
4645,I4645,1500,1000,800,729.0,110,1,n,4
2931,I2931,1500,1000,800,700.0,110,1,n,4
2933,I2933,1500,800,800,0.0,110,0,n,4
2906,I2906,1500,1000,800,0.0,110,1,n,4
3070,I3070,1500,800,800,0.0,110,0,n,4
1555,I1555,1500,1000,800,899.0,110,1,n,4
2498,I2498,1500,800,800,748.0,110,0,n,4
1059,I1059,1500,800,800,512.0,110,0,n,4
2217,I2217,1500,800,800,751.0,110,0,n,4
4202,I4202,1500,1000,800,1143.0,110,1,n,4
3666,I3666,1500,800,800,0.0,110,0,n,4
1910,I1910,1500,800,800,1001.0,110,0,n,4
1032,I1032,1500,800,800,911.0,110,0,n,4
3665,I3665,1500,1000,800,0.0,110,1,n,4
2186,I2186,1500,1000,800,1180.0,110,1,n,4
969,I0969,1500,1000,800,0.0,110,1,n,4
1680,I1680,1500,800,800,861.0,110,0,n,4
2123,I2123,1500,1000,800,810.0,110,1,n,4
3761,I3761,1500,800,800,0.0,110,0,n,4
3727,I3727,1500,800,800,788.0,110,0,n,4
3673,I3673,1500,1000,800,758.0,110,1,n,4
1926,I1926,1500,800,800,765.0,110,0,n,4
4096,I4096,1500,1000,800,870.0,110,1,n,4
301,I0301,1500,800,800,547.0,110,0,n,4
4364,I4364,1500,1000,800,655.0,110,1,n,4
2544,I2544,1500,800,800,0.0,110,0,n,4
138,I0138,1500,1000,800,0.0,110,1,n,4
1736,I1736,1500,800,800,1179.0,110,0,n,4
2528,I2528,1500,800,800,923.0,110,0,n,4
2869,I2869,1500,800,800,796.0,110,0,n,4
2782,I2782,1500,1000,800,551.0,110,1,n,4
2517,I2517,1500,800,800,774.0,110,0,n,4
3165,I3165,1500,800,800,0.0,110,0,n,4
1516,I1516,1500,1000,800,777.0,110,1,n,4
4162,I4162,1500,800,800,539.0,110,0,n,4
1842,I1842,1500,800,800,0.0,110,0,n,4
1183,I1183,1500,800,800,995.0,110,0,n,4
3909,I3909,1500,800,800,0.0,110,0,n,4
4150,I4150,1500,800,800,0.0,110,0,n,4
2737,I2737,1500,1000,800,1006.0,110,1,n,4
3905,I3905,1500,1000,800,790.0,110,1,n,4
2576,I2576,1500,1000,800,771.0,110,1,n,4
2824,I2824,1500,800,800,1179.0,110,0,n,4
524,I0524,1500,800,800,882.0,110,0,n,4
287,I0287,1500,1000,800,1148.0,110,1,n,4
1936,I1936,1500,800,800,687.0,110,0,n,4
4657,I4657,1500,800,800,700.0,110,0,n,4
1301,I1301,1500,1000,800,0.0,110,1,n,4
4440,I4440,1500,1000,800,911.0,110,1,n,4
1551,I1551,1500,800,800,840.0,110,0,n,4
1746,I1746,1500,800,800,1184.0,110,0,n,4
2471,I2471,1500,800,800,1049.0,110,0,n,4
454,I0454,1500,1000,800,801.0,110,1,n,4
204,I0204,1500,800,800,660.0,110,0,n,4
3172,I3172,1500,800,800,531.0,110,0,n,4
483,I0483,1500,1000,800,658.0,110,1,n,4
4470,I4470,1500,800,800,813.0,110,0,n,4
4793,I4793,1500,1000,800,502.0,110,1,n,4
1601,I1601,1500,800,800,712.0,110,0,n,4
2995,I2995,1500,800,800,709.0,110,0,n,4
1372,I1372,1500,1000,800,494.0,110,1,n,4
2392,I2392,1500,1000,800,0.0,110,1,n,4
2467,I2467,1500,800,800,492.0,110,0,n,4
3910,I3910,1500,1000,800,841.0,110,1,n,4
4560,I4560,1500,800,800,0.0,110,0,n,4
4182,I4182,1500,800,800,1199.0,110,0,n,4
3603,I3603,1500,1000,800,727.0,110,1,n,4
4223,I4223,1500,1000,800,522.0,110,1,n,4
602,I0602,1500,800,800,914.0,110,0,n,4
2854,I2854,1500,1000,800,720.0,110,1,n,4
1577,I1577,1500,1000,800,0.0,110,1,n,4
4782,I4782,1500,1000,800,0.0,110,1,n,4
2717,I2717,1500,1000,800,901.0,110,1,n,4
3196,I3196,1500,1000,800,654.0,110,1,n,4
2947,I2947,1500,800,800,788.0,110,0,n,4
1238,I1238,1500,1000,800,542.0,110,1,n,4
2881,I2881,1500,800,800,856.0,110,0,n,4
3291,I3291,1500,1000,800,0.0,110,1,n,4
4408,I4408,1500,800,800,0.0,110,0,n,4
1210,I1210,1500,800,800,630.0,110,0,n,4
1211,I1211,1500,1000,800,0.0,110,1,n,4
4552,I4552,1500,1000,800,0.0,110,1,n,4
2416,I2416,1500,800,800,900.0,110,0,n,4
1134,I1134,1500,1000,800,909.0,110,1,n,4
1090,I1090,1500,800,800,564.0,110,0,n,4
4828,I4828,1500,1000,800,849.0,110,1,n,4
175,I0175,1500,800,800,0.0,110,0,n,4
660,I0660,1500,1000,800,671.0,110,1,n,4
768,I0768,1500,1000,800,634.0,110,1,n,4
1043,I1043,1500,800,800,722.0,110,0,n,4
4531,I4531,1500,800,800,0.0,110,0,n,4
3248,I3248,1500,1000,800,0.0,110,1,n,4
4777,I4777,1500,800,800,724.0,110,0,n,4
3914,I3914,1500,1000,800,0.0,110,1,n,4
1362,I1362,1500,800,800,963.0,110,0,n,4
4965,I4965,1500,800,800,982.0,110,0,n,4
4331,I4331,1500,800,800,0.0,110,0,n,4
2816,I2816,1500,800,800,647.0,110,0,n,4
106,I0106,1500,1000,800,997.0,110,1,n,4
2038,I2038,1500,800,800,578.0,110,0,n,4
621,I0621,1500,800,800,562.0,110,0,n,4
313,I0313,1500,800,800,859.0,110,0,n,4
3879,I3879,1500,1000,800,987.0,110,1,n,4
3453,I3453,1500,800,800,0.0,110,0,n,4
4309,I4309,1500,1000,800,913.0,110,1,n,4
3455,I3455,1500,800,800,0.0,110,0,n,4
3895,I3895,1500,1000,800,0.0,110,1,n,4
753,I0753,1500,1000,800,1007.0,110,1,n,4
653,I0653,1500,800,800,670.0,110,0,n,4
2014,I2014,1500,800,800,837.0,110,0,n,4
4529,I4529,1500,1000,800,737.0,110,1,n,4
544,I0544,1500,1000,800,756.0,110,1,n,4
1908,I1908,1500,1000,800,537.0,110,1,n,4
954,I0954,1500,800,800,963.0,110,0,n,4
594,I0594,1500,800,800,829.0,110,0,n,4
3952,I3952,1500,1000,800,770.0,110,1,n,4
3641,I3641,1500,1000,800,714.0,110,1,n,4
3803,I3803,1500,800,800,569.0,110,0,n,4
2709,I2709,1500,800,800,478.0,110,0,n,4
3520,I3520,1500,800,800,592.0,110,0,n,4
1881,I1881,1500,800,800,739.0,110,0,n,4
800,I0800,1500,800,800,645.0,110,0,n,4
1029,I1029,1500,800,800,1089.0,110,0,n,4
2594,I2594,1500,1000,800,644.0,110,1,n,4
3377,I3377,1500,800,800,496.0,110,0,n,4
332,I0332,1500,1000,800,780.0,110,1,n,4
4968,I4968,1500,800,800,1129.0,110,0,n,4
4351,I4351,1500,800,800,818.0,110,0,n,4
3817,I3817,1500,1000,800,889.0,110,1,n,4
2741,I2741,1500,1000,800,831.0,110,1,n,4
196,I0196,1500,1000,800,552.0,110,1,n,4
375,I0375,1500,1000,800,0.0,110,1,n,4
1939,I1939,1500,800,800,649.0,110,0,n,4
60,I0060,1500,800,800,769.0,110,0,n,4
4970,I4970,1500,1000,800,0.0,110,1,n,4
4235,I4235,1500,1000,800,848.0,110,1,n,4
1933,I1933,1500,1000,800,0.0,110,1,n,4
899,I0899,1500,800,800,769.0,110,0,n,4
79,I0079,1500,800,800,1059.0,110,0,n,4
1593,I1593,1500,1000,800,835.0,110,1,n,4
281,I0281,1500,1000,800,593.0,110,1,n,4
482,I0482,1500,1000,800,748.0,110,1,n,4
644,I0644,1500,800,800,823.0,110,0,n,4
2282,I2282,1500,800,800,0.0,110,0,n,4
1829,I1829,1500,1000,800,871.0,110,1,n,4
2957,I2957,1500,800,800,0.0,110,0,n,4
1427,I1427,1500,800,800,652.0,110,0,n,4
265,I0265,1500,1000,800,527.0,110,1,n,4
3115,I3115,1500,800,800,0.0,110,0,n,4
2835,I2835,1500,1000,800,1044.0,110,1,n,4
2866,I2866,1500,1000,800,849.0,110,1,n,4
3689,I3689,1500,1000,800,802.0,110,1,n,4
4093,I4093,1500,800,800,855.0,110,0,n,4
1258,I1258,1500,800,800,632.0,110,0,n,4
592,I0592,1500,800,800,625.0,110,0,n,4
4493,I4493,1500,1000,800,0.0,110,1,n,4
4937,I4937,1500,800,800,740.0,110,0,n,4
793,I0793,1500,800,800,478.0,110,0,n,4
232,I0232,1500,800,800,0.0,110,0,n,4
1716,I1716,1500,1000,800,848.0,110,1,n,4
2753,I2753,1500,800,800,866.0,110,0,n,4
939,I0939,1500,1000,800,748.0,110,1,n,4
3580,I3580,1500,800,800,730.0,110,0,n,4
3672,I3672,1500,1000,800,829.0,110,1,n,4
2922,I2922,1500,1000,800,684.0,110,1,n,4
4920,I4920,1500,800,800,791.0,110,0,n,4
3780,I3780,1500,800,800,0.0,110,0,n,4
3281,I3281,1500,1000,800,712.0,110,1,n,4
1271,I1271,1500,800,800,0.0,110,0,n,4
23,I0023,1500,800,800,671.0,110,0,n,4
3738,I3738,1500,800,800,0.0,110,0,n,4
4086,I4086,1500,800,800,1187.0,110,0,n,4
1605,I1605,1500,1000,800,867.0,110,1,n,4
4022,I4022,1500,1000,800,0.0,110,1,n,4
515,I0515,1500,1000,800,0.0,110,1,n,4
4012,I4012,1500,1000,800,672.0,110,1,n,4
3825,I3825,1500,800,800,788.0,110,0,n,4
1742,I1742,1500,1000,800,493.0,110,1,n,4
3040,I3040,1500,1000,800,649.0,110,1,n,4
3770,I3770,1500,1000,800,724.0,110,1,n,4
690,I0690,1500,1000,800,0.0,110,1,n,4
556,I0556,1500,800,800,1004.0,110,0,n,4
1011,I1011,1500,1000,800,884.0,110,1,n,4
2306,I2306,1500,1000,800,705.0,110,1,n,4
586,I0586,1500,800,800,943.0,110,0,n,4
1650,I1650,1500,1000,800,775.0,110,1,n,4
4553,I4553,1500,1000,800,903.0,110,1,n,4
1688,I1688,1500,1000,800,0.0,110,1,n,4
2026,I2026,1500,800,800,586.0,110,0,n,4
2627,I2627,1500,1000,800,710.0,110,1,n,4
626,I0626,1500,800,800,738.0,110,0,n,4
1159,I1159,1500,800,800,603.0,110,0,n,4
860,I0860,1500,800,800,718.0,110,0,n,4
278,I0278,1500,800,800,983.0,110,0,n,4
424,I0424,1500,800,800,721.0,110,0,n,4
4071,I4071,1500,1000,800,654.0,110,1,n,4
3652,I3652,1500,1000,800,917.0,110,1,n,4
3113,I3113,1500,1000,800,866.0,110,1,n,4
11,I0011,1500,800,800,0.0,110,0,n,4
1385,I1385,1500,1000,800,465.0,110,1,n,4
940,I0940,1500,800,800,528.0,110,0,n,4
1663,I1663,1500,1000,800,897.0,110,1,n,4
4355,I4355,1500,800,800,904.0,110,0,n,4
980,I0980,1500,1000,800,637.0,110,1,n,4
185,I0185,1500,800,800,507.0,110,0,n,4
3005,I3005,1500,800,800,881.0,110,0,n,4
3049,I3049,1500,800,800,1112.0,110,0,n,4
2699,I2699,1500,1000,800,647.0,110,1,n,4
3167,I3167,1500,800,800,1126.0,110,0,n,4
4894,I4894,1500,800,800,840.0,110,0,n,4
4361,I4361,1500,800,800,820.0,110,0,n,4
1730,I1730,1500,800,800,0.0,110,0,n,4
3352,I3352,1500,1000,800,896.0,110,1,n,4
3831,I3831,1500,800,800,671.0,110,0,n,4
4547,I4547,1500,1000,800,0.0,110,1,n,4
4387,I4387,1500,1000,800,935.0,110,1,n,4
694,I0694,1500,1000,800,556.0,110,1,n,4
2877,I2877,1500,1000,800,611.0,110,1,n,4
3663,I3663,1500,800,800,0.0,110,0,n,4
3024,I3024,1500,800,800,1066.0,110,0,n,4
2178,I2178,1500,800,800,890.0,110,0,n,4
3127,I3127,1500,1000,800,734.0,110,1,n,4
2500,I2500,1500,800,800,703.0,110,0,n,4
655,I0655,1500,1000,800,714.0,110,1,n,4
2366,I2366,1500,800,800,713.0,110,0,n,4
2856,I2856,1500,1000,800,1030.0,110,1,n,4
3944,I3944,1500,1000,800,706.0,110,1,n,4
1854,I1854,1500,1000,800,602.0,110,1,n,4
2552,I2552,1500,1000,800,936.0,110,1,n,4
4932,I4932,1500,1000,800,754.0,110,1,n,4
3133,I3133,1500,800,800,667.0,110,0,n,4
2876,I2876,1500,1000,800,0.0,110,1,n,4
1581,I1581,1500,1000,800,1009.0,110,1,n,4
3839,I3839,1500,800,800,908.0,110,0,n,4
1532,I1532,1500,1000,800,910.0,110,1,n,4
4311,I4311,1500,800,800,1194.0,110,0,n,4
4786,I4786,1500,1000,800,678.0,110,1,n,4
1985,I1985,1500,1000,800,662.0,110,1,n,4
4774,I4774,1500,1000,800,0.0,110,1,n,4
1376,I1376,1500,800,800,721.0,110,0,n,4
1337,I1337,1500,1000,800,814.0,110,1,n,4
1073,I1073,1500,1000,800,600.0,110,1,n,4
4153,I4153,1500,1000,800,904.0,110,1,n,4
3873,I3873,1500,800,800,850.0,110,0,n,4
3146,I3146,1500,800,800,471.0,110,0,n,4
967,I0967,1500,1000,800,616.0,110,1,n,4
1911,I1911,1500,1000,800,833.0,110,1,n,4
4861,I4861,1500,1000,800,493.0,110,1,n,4
3852,I3852,1500,1000,800,712.0,110,1,n,4
3442,I3442,1500,800,800,0.0,110,0,n,4
1997,I1997,1500,1000,800,0.0,110,1,n,4
4453,I4453,1500,800,800,752.0,110,0,n,4
139,I0139,1500,1000,800,763.0,110,1,n,4
1213,I1213,1500,800,800,539.0,110,0,n,4
1784,I1784,1500,800,800,0.0,110,0,n,4
4551,I4551,1500,800,800,814.0,110,0,n,4
2581,I2581,1500,1000,800,755.0,110,1,n,4
812,I0812,1500,800,800,973.0,110,0,n,4
2008,I2008,1500,1000,800,969.0,110,1,n,4
3774,I3774,1500,800,800,538.0,110,0,n,4
4105,I4105,1500,1000,800,537.0,110,1,n,4
3783,I3783,1500,1000,800,732.0,110,1,n,4
3693,I3693,1500,1000,800,675.0,110,1,n,4
2187,I2187,1500,1000,800,673.0,110,1,n,4
4969,I4969,1500,1000,800,934.0,110,1,n,4
4966,I4966,1500,1000,800,0.0,110,1,n,4
2494,I2494,1500,800,800,748.0,110,0,n,4
2248,I2248,1500,1000,800,860.0,110,1,n,4
374,I0374,1500,800,800,0.0,110,0,n,4
2440,I2440,1500,800,800,752.0,110,0,n,4
1993,I1993,1500,1000,800,755.0,110,1,n,4
76,I0076,1500,1000,800,1091.0,110,1,n,4
382,I0382,1500,800,800,969.0,110,0,n,4
3318,I3318,1500,1000,800,662.0,110,1,n,4
4502,I4502,1500,1000,800,804.0,110,1,n,4
933,I0933,1500,1000,800,579.0,110,1,n,4
3760,I3760,1500,1000,800,629.0,110,1,n,4
1595,I1595,1500,800,800,613.0,110,0,n,4
3719,I3719,1500,1000,800,741.0,110,1,n,4
3276,I3276,1500,1000,800,607.0,110,1,n,4
2997,I2997,1500,800,800,0.0,110,0,n,4
2145,I2145,1500,800,800,576.0,110,0,n,4
2404,I2404,1500,800,800,0.0,110,0,n,4
309,I0309,1500,1000,800,798.0,110,1,n,4
4393,I4393,1500,800,800,764.0,110,0,n,4
3506,I3506,1500,1000,800,784.0,110,1,n,4
601,I0601,1500,800,800,940.0,110,0,n,4
2549,I2549,1500,1000,800,663.0,110,1,n,4
4699,I4699,1500,800,800,718.0,110,0,n,4
3664,I3664,1500,1000,800,1359.0,110,1,n,4
2130,I2130,1500,1000,800,616.0,110,1,n,4
867,I0867,1500,1000,800,1003.0,110,1,n,4
1004,I1004,1500,1000,800,485.0,110,1,n,4
4874,I4874,1500,800,800,854.0,110,0,n,4
807,I0807,1500,800,800,615.0,110,0,n,4
2631,I2631,1500,800,800,0.0,110,0,n,4
318,I0318,1500,800,800,900.0,110,0,n,4
431,I0431,1500,800,800,0.0,110,0,n,4
3044,I3044,1500,800,800,722.0,110,0,n,4
3885,I3885,1500,1000,800,0.0,110,1,n,4
4038,I4038,1500,800,800,609.0,110,0,n,4
2323,I2323,1500,800,800,941.0,110,0,n,4
2849,I2849,1500,1000,800,525.0,110,1,n,4
3771,I3771,1500,800,800,959.0,110,0,n,4
4315,I4315,1500,1000,800,947.0,110,1,n,4
3262,I3262,1500,800,800,0.0,110,0,n,4
1892,I1892,1500,1000,800,1078.0,110,1,n,4
2697,I2697,1500,1000,800,857.0,110,1,n,4
496,I0496,1500,800,800,963.0,110,0,n,4
2140,I2140,1500,1000,800,0.0,110,1,n,4
425,I0425,1500,1000,800,0.0,110,1,n,4
255,I0255,1500,800,800,773.0,110,0,n,4
744,I0744,1500,1000,800,660.0,110,1,n,4
4873,I4873,1500,800,800,835.0,110,0,n,4
2534,I2534,1500,800,800,569.0,110,0,n,4
2728,I2728,1500,1000,800,697.0,110,1,n,4
659,I0659,1500,1000,800,1054.0,110,1,n,4
2626,I2626,1500,1000,800,486.0,110,1,n,4
4024,I4024,1500,1000,800,0.0,110,1,n,4
2749,I2749,1500,1000,800,845.0,110,1,n,4
262,I0262,1500,800,800,0.0,110,0,n,4
2716,I2716,1500,800,800,1106.0,110,0,n,4
1707,I1707,1500,1000,800,509.0,110,1,n,4
4543,I4543,1500,800,800,588.0,110,0,n,4
720,I0720,1500,1000,800,747.0,110,1,n,4
3440,I3440,1500,800,800,1103.0,110,0,n,4
4165,I4165,1500,800,800,1169.0,110,0,n,4
3183,I3183,1500,800,800,1072.0,110,0,n,4
2775,I2775,1500,1000,800,701.0,110,1,n,4
4345,I4345,1500,1000,800,0.0,110,1,n,4
2213,I2213,1500,800,800,1074.0,110,0,n,4
833,I0833,1500,1000,800,648.0,110,1,n,4
1465,I1465,1500,1000,800,869.0,110,1,n,4
2131,I2131,1500,800,800,758.0,110,0,n,4
2391,I2391,1500,1000,800,714.0,110,1,n,4
4451,I4451,1500,800,800,903.0,110,0,n,4
2359,I2359,1500,1000,800,0.0,110,1,n,4
1091,I1091,1500,800,800,638.0,110,0,n,4
2414,I2414,1500,1000,800,831.0,110,1,n,4
3432,I3432,1500,1000,800,786.0,110,1,n,4
4494,I4494,1500,800,800,0.0,110,0,n,4
4049,I4049,1500,1000,800,0.0,110,1,n,4
4119,I4119,1500,800,800,660.0,110,0,n,4
3810,I3810,1500,1000,800,828.0,110,1,n,4
3568,I3568,1500,800,800,634.0,110,0,n,4
2982,I2982,1500,800,800,454.0,110,0,n,4
320,I0320,1500,1000,800,928.0,110,1,n,4
1222,I1222,1500,800,800,0.0,110,0,n,4
3716,I3716,1500,1000,800,548.0,110,1,n,4
4057,I4057,1500,1000,800,0.0,110,1,n,4
4571,I4571,1500,800,800,0.0,110,0,n,4
4417,I4417,1500,800,800,940.0,110,0,n,4
1358,I1358,1500,800,800,0.0,110,0,n,4
4254,I4254,1500,800,800,728.0,110,0,n,4
4446,I4446,1500,800,800,0.0,110,0,n,4
1646,I1646,1500,800,800,994.0,110,0,n,4
568,I0568,1500,800,800,825.0,110,0,n,4
4099,I4099,1500,1000,800,800.0,110,1,n,4
953,I0953,1500,1000,800,912.0,110,1,n,4
78,I0078,1500,800,800,743.0,110,0,n,4
2012,I2012,1500,1000,800,623.0,110,1,n,4
964,I0964,1500,1000,800,1021.0,110,1,n,4
268,I0268,1500,1000,800,1026.0,110,1,n,4
3278,I3278,1500,1000,800,1006.0,110,1,n,4
1506,I1506,1500,1000,800,989.0,110,1,n,4
1567,I1567,1500,1000,800,782.0,110,1,n,4
3060,I3060,1500,800,800,564.0,110,0,n,4
2928,I2928,1500,1000,800,0.0,110,1,n,4
3181,I3181,1500,1000,800,724.0,110,1,n,4
4382,I4382,1500,800,800,734.0,110,0,n,4
1440,I1440,1500,1000,800,0.0,110,1,n,4
4430,I4430,1500,1000,800,708.0,110,1,n,4
4855,I4855,1500,800,800,824.0,110,0,n,4
2228,I2228,1500,1000,800,0.0,110,1,n,4
4416,I4416,1500,1000,800,832.0,110,1,n,4
1343,I1343,1500,800,800,0.0,110,0,n,4
1086,I1086,1500,1000,800,837.0,110,1,n,4
2984,I2984,1500,1000,800,938.0,110,1,n,4
3385,I3385,1500,1000,800,0.0,110,1,n,4
926,I0926,1500,1000,800,670.0,110,1,n,4
2097,I2097,1500,800,800,658.0,110,0,n,4
1629,I1629,1500,800,800,0.0,110,0,n,4
41,I0041,1500,800,800,534.0,110,0,n,4
2330,I2330,1500,1000,800,992.0,110,1,n,4
1352,I1352,1500,800,800,1068.0,110,0,n,4
1994,I1994,1500,1000,800,710.0,110,1,n,4
1338,I1338,1500,1000,800,0.0,110,1,n,4
2403,I2403,1500,800,800,912.0,110,0,n,4
1804,I1804,1500,1000,800,1115.0,110,1,n,4
3514,I3514,1500,1000,800,683.0,110,1,n,4
1363,I1363,1500,800,800,892.0,110,0,n,4
4140,I4140,1500,800,800,0.0,110,0,n,4
172,I0172,1500,1000,800,1123.0,110,1,n,4
851,I0851,1500,800,800,0.0,110,0,n,4
4884,I4884,1500,800,800,700.0,110,0,n,4
2905,I2905,1500,1000,800,855.0,110,1,n,4
531,I0531,1500,800,800,0.0,110,0,n,4
3382,I3382,1500,800,800,904.0,110,0,n,4
4562,I4562,1500,1000,800,564.0,110,1,n,4
1013,I1013,1500,1000,800,969.0,110,1,n,4
4020,I4020,1500,1000,800,975.0,110,1,n,4
3047,I3047,1500,1000,800,0.0,110,1,n,4
1079,I1079,1500,800,800,512.0,110,0,n,4
3323,I3323,1500,1000,800,0.0,110,1,n,4
4189,I4189,1500,1000,800,478.0,110,1,n,4
1549,I1549,1500,800,800,1055.0,110,0,n,4
2167,I2167,1500,800,800,621.0,110,0,n,4
2465,I2465,1500,800,800,518.0,110,0,n,4
3795,I3795,1500,800,800,685.0,110,0,n,4
3737,I3737,1500,1000,800,870.0,110,1,n,4
1123,I1123,1500,800,800,0.0,110,0,n,4
1166,I1166,1500,800,800,993.0,110,0,n,4
4960,I4960,1500,1000,800,877.0,110,1,n,4
2803,I2803,1500,800,800,467.0,110,0,n,4
3274,I3274,1500,1000,800,687.0,110,1,n,4
4130,I4130,1500,800,800,0.0,110,0,n,4
2761,I2761,1500,1000,800,963.0,110,1,n,4
4226,I4226,1500,800,800,610.0,110,0,n,4
3162,I3162,1500,800,800,777.0,110,0,n,4
2350,I2350,1500,1000,800,1131.0,110,1,n,4
4515,I4515,1500,800,800,592.0,110,0,n,4
1723,I1723,1500,800,800,1025.0,110,0,n,4
1590,I1590,1500,800,800,895.0,110,0,n,4
82,I0082,1500,800,800,525.0,110,0,n,4
1701,I1701,1500,800,800,871.0,110,0,n,4
3851,I3851,1500,1000,800,0.0,110,1,n,4
913,I0913,1500,800,800,651.0,110,0,n,4
231,I0231,1500,800,800,884.0,110,0,n,4
918,I0918,1500,800,800,912.0,110,0,n,4
3103,I3103,1500,800,800,0.0,110,0,n,4
3974,I3974,1500,800,800,690.0,110,0,n,4
1942,I1942,1500,800,800,862.0,110,0,n,4
3581,I3581,1500,1000,800,848.0,110,1,n,4
1185,I1185,1500,800,800,0.0,110,0,n,4
575,I0575,1500,1000,800,746.0,110,1,n,4
201,I0201,1500,800,800,682.0,110,0,n,4
4790,I4790,1500,800,800,702.0,110,0,n,4
4615,I4615,1500,1000,800,836.0,110,1,n,4
4328,I4328,1500,800,800,784.0,110,0,n,4
593,I0593,1500,800,800,488.0,110,0,n,4
455,I0455,1500,800,800,1242.0,110,0,n,4
2099,I2099,1500,1000,800,606.0,110,1,n,4
426,I0426,1500,800,800,932.0,110,0,n,4
3651,I3651,1500,1000,800,517.0,110,1,n,4
1878,I1878,1500,800,800,1216.0,110,0,n,4
789,I0789,1500,1000,800,1099.0,110,1,n,4
1530,I1530,1500,800,800,1261.0,110,0,n,4
1193,I1193,1500,1000,800,0.0,110,1,n,4
856,I0856,1500,800,800,708.0,110,0,n,4
1542,I1542,1500,1000,800,0.0,110,1,n,4
4987,I4987,1500,1000,800,512.0,110,1,n,4
1852,I1852,1500,800,800,572.0,110,0,n,4
1557,I1557,1500,800,800,756.0,110,0,n,4
2048,I2048,1500,1000,800,750.0,110,1,n,4
742,I0742,1500,800,800,719.0,110,0,n,4
2615,I2615,1500,800,800,840.0,110,0,n,4
2990,I2990,1500,1000,800,614.0,110,1,n,4
1095,I1095,1500,1000,800,1117.0,110,1,n,4
4598,I4598,1500,1000,800,0.0,110,1,n,4
4849,I4849,1500,1000,800,0.0,110,1,n,4
4668,I4668,1500,1000,800,820.0,110,1,n,4
1941,I1941,1500,800,800,1268.0,110,0,n,4
3730,I3730,1500,800,800,649.0,110,0,n,4
1148,I1148,1500,1000,800,674.0,110,1,n,4
2616,I2616,1500,1000,800,671.0,110,1,n,4
4795,I4795,1500,800,800,0.0,110,0,n,4
4842,I4842,1500,1000,800,724.0,110,1,n,4
2189,I2189,1500,1000,800,1041.0,110,1,n,4
464,I0464,1500,800,800,610.0,110,0,n,4
4286,I4286,1500,800,800,0.0,110,0,n,4
1129,I1129,1500,800,800,753.0,110,0,n,4
4056,I4056,1500,800,800,474.0,110,0,n,4
674,I0674,1500,1000,800,639.0,110,1,n,4
785,I0785,1500,800,800,1233.0,110,0,n,4
1675,I1675,1500,800,800,459.0,110,0,n,4
2430,I2430,1500,800,800,689.0,110,0,n,4
971,I0971,1500,1000,800,699.0,110,1,n,4
2411,I2411,1500,1000,800,0.0,110,1,n,4
1612,I1612,1500,1000,800,0.0,110,1,n,4
1107,I1107,1500,800,800,491.0,110,0,n,4
931,I0931,1500,1000,800,890.0,110,1,n,4
481,I0481,1500,800,800,623.0,110,0,n,4
4765,I4765,1500,800,800,625.0,110,0,n,4
3310,I3310,1500,800,800,725.0,110,0,n,4
3529,I3529,1500,1000,800,1078.0,110,1,n,4
3063,I3063,1500,1000,800,0.0,110,1,n,4
1904,I1904,1500,800,800,828.0,110,0,n,4
3361,I3361,1500,1000,800,970.0,110,1,n,4
2376,I2376,1500,800,800,0.0,110,0,n,4
984,I0984,1500,1000,800,762.0,110,1,n,4
1534,I1534,1500,1000,800,455.0,110,1,n,4
2979,I2979,1500,1000,800,0.0,110,1,n,4
2341,I2341,1500,1000,800,619.0,110,1,n,4
391,I0391,1500,800,800,717.0,110,0,n,4
3403,I3403,1500,800,800,626.0,110,0,n,4
3894,I3894,1500,1000,800,949.0,110,1,n,4
2542,I2542,1500,1000,800,0.0,110,1,n,4
4054,I4054,1500,800,800,509.0,110,0,n,4
4123,I4123,1500,1000,800,0.0,110,1,n,4
4634,I4634,1500,800,800,914.0,110,0,n,4
4850,I4850,1500,1000,800,773.0,110,1,n,4
3174,I3174,1500,800,800,656.0,110,0,n,4
4907,I4907,1500,1000,800,774.0,110,1,n,4
724,I0724,1500,800,800,0.0,110,0,n,4
2204,I2204,1500,1000,800,969.0,110,1,n,4
3643,I3643,1500,800,800,893.0,110,0,n,4
1504,I1504,1500,1000,800,864.0,110,1,n,4
2246,I2246,1500,800,800,1130.0,110,0,n,4
1550,I1550,1500,800,800,655.0,110,0,n,4
1130,I1130,1500,1000,800,850.0,110,1,n,4
863,I0863,1500,1000,800,825.0,110,1,n,4
4742,I4742,1500,1000,800,0.0,110,1,n,4
679,I0679,1500,1000,800,0.0,110,1,n,4
2731,I2731,1500,1000,800,736.0,110,1,n,4
1625,I1625,1500,800,800,699.0,110,0,n,4
1058,I1058,1500,800,800,698.0,110,0,n,4
4652,I4652,1500,1000,800,755.0,110,1,n,4
4727,I4727,1500,1000,800,0.0,110,1,n,4
1922,I1922,1500,800,800,907.0,110,0,n,4
2463,I2463,1500,1000,800,520.0,110,1,n,4
372,I0372,1500,1000,800,626.0,110,1,n,4
2098,I2098,1500,800,800,785.0,110,0,n,4
773,I0773,1500,800,800,678.0,110,0,n,4
1624,I1624,1500,800,800,537.0,110,0,n,4
4998,I4998,1500,800,800,1021.0,110,0,n,4
307,I0307,1500,800,800,0.0,110,0,n,4
314,I0314,1500,1000,800,746.0,110,1,n,4
4755,I4755,1500,800,800,949.0,110,0,n,4
1972,I1972,1500,1000,800,0.0,110,1,n,4
542,I0542,1500,800,800,767.0,110,0,n,4
732,I0732,1500,800,800,545.0,110,0,n,4
1508,I1508,1500,1000,800,1064.0,110,1,n,4
2240,I2240,1500,800,800,684.0,110,0,n,4
3939,I3939,1500,800,800,690.0,110,0,n,4
2199,I2199,1500,800,800,1020.0,110,0,n,4
3081,I3081,1500,1000,800,847.0,110,1,n,4
2807,I2807,1500,800,800,885.0,110,0,n,4
2118,I2118,1500,800,800,0.0,110,0,n,4
2642,I2642,1500,800,800,632.0,110,0,n,4
3006,I3006,1500,800,800,974.0,110,0,n,4
2262,I2262,1500,800,800,943.0,110,0,n,4
902,I0902,1500,1000,800,622.0,110,1,n,4
4199,I4199,1500,800,800,1072.0,110,0,n,4
3472,I3472,1500,1000,800,796.0,110,1,n,4
2139,I2139,1500,1000,800,1079.0,110,1,n,4
1444,I1444,1500,1000,800,1049.0,110,1,n,4
4632,I4632,1500,1000,800,1145.0,110,1,n,4
4340,I4340,1500,800,800,631.0,110,0,n,4
3557,I3557,1500,800,800,538.0,110,0,n,4
702,I0702,1500,1000,800,0.0,110,1,n,4
4995,I4995,1500,1000,800,621.0,110,1,n,4
2264,I2264,1500,1000,800,700.0,110,1,n,4
4676,I4676,1500,1000,800,0.0,110,1,n,4
3724,I3724,1500,800,800,967.0,110,0,n,4
4367,I4367,1500,800,800,700.0,110,0,n,4
4107,I4107,1500,1000,800,906.0,110,1,n,4
1133,I1133,1500,800,800,515.0,110,0,n,4
1780,I1780,1500,1000,800,0.0,110,1,n,4
1831,I1831,1500,1000,800,911.0,110,1,n,4
4062,I4062,1500,800,800,773.0,110,0,n,4
1240,I1240,1500,1000,800,850.0,110,1,n,4
3051,I3051,1500,1000,800,740.0,110,1,n,4
3407,I3407,1500,1000,800,1215.0,110,1,n,4
2021,I2021,1500,1000,800,509.0,110,1,n,4
4816,I4816,1500,1000,800,965.0,110,1,n,4
86,I0086,1500,1000,800,0.0,110,1,n,4
2548,I2548,1500,1000,800,674.0,110,1,n,4
131,I0131,1500,1000,800,786.0,110,1,n,4
4903,I4903,1500,1000,800,968.0,110,1,n,4
4437,I4437,1500,800,800,673.0,110,0,n,4
2215,I2215,1500,1000,800,561.0,110,1,n,4
1030,I1030,1500,800,800,642.0,110,0,n,4
3706,I3706,1500,800,800,599.0,110,0,n,4
4301,I4301,1500,800,800,872.0,110,0,n,4
4986,I4986,1500,1000,800,0.0,110,1,n,4
4883,I4883,1500,1000,800,0.0,110,1,n,4
1377,I1377,1500,1000,800,582.0,110,1,n,4
4183,I4183,1500,1000,800,0.0,110,1,n,4
3610,I3610,1500,800,800,558.0,110,0,n,4
1877,I1877,1500,800,800,791.0,110,0,n,4
3109,I3109,1500,800,800,0.0,110,0,n,4
2372,I2372,1500,800,800,877.0,110,0,n,4
4250,I4250,1500,1000,800,839.0,110,1,n,4
1719,I1719,1500,800,800,836.0,110,0,n,4
3753,I3753,1500,1000,800,1296.0,110,1,n,4
2844,I2844,1500,1000,800,1017.0,110,1,n,4
1225,I1225,1500,800,800,853.0,110,0,n,4
3868,I3868,1500,800,800,0.0,110,0,n,4
1554,I1554,1500,1000,800,0.0,110,1,n,4
271,I0271,1500,800,800,0.0,110,0,n,4
4600,I4600,1500,800,800,605.0,110,0,n,4
2944,I2944,1500,1000,800,892.0,110,1,n,4
4033,I4033,1500,1000,800,867.0,110,1,n,4
1582,I1582,1500,800,800,1177.0,110,0,n,4
2222,I2222,1500,1000,800,0.0,110,1,n,4
2251,I2251,1500,800,800,896.0,110,0,n,4
269,I0269,1500,800,800,0.0,110,0,n,4
3978,I3978,1500,1000,800,690.0,110,1,n,4
928,I0928,1500,800,800,663.0,110,0,n,4
4433,I4433,1500,1000,800,1232.0,110,1,n,4
4091,I4091,1500,1000,800,0.0,110,1,n,4
1777,I1777,1500,800,800,0.0,110,0,n,4
1788,I1788,1500,1000,800,858.0,110,1,n,4
1026,I1026,1500,800,800,872.0,110,0,n,4
657,I0657,1500,800,800,0.0,110,0,n,4
3099,I3099,1500,1000,800,726.0,110,1,n,4
2624,I2624,1500,800,800,813.0,110,0,n,4
2682,I2682,1500,800,800,1126.0,110,0,n,4
3869,I3869,1500,1000,800,530.0,110,1,n,4
3500,I3500,1500,1000,800,482.0,110,1,n,4
3919,I3919,1500,800,800,565.0,110,0,n,4
2142,I2142,1500,1000,800,790.0,110,1,n,4
2601,I2601,1500,800,800,0.0,110,0,n,4
1659,I1659,1500,800,800,626.0,110,0,n,4
3990,I3990,1500,800,800,747.0,110,0,n,4
1771,I1771,1500,1000,800,0.0,110,1,n,4
3621,I3621,1500,1000,800,786.0,110,1,n,4
48,I0048,1500,800,800,559.0,110,0,n,4
2568,I2568,1500,800,800,0.0,110,0,n,4
838,I0838,1500,1000,800,844.0,110,1,n,4
1858,I1858,1500,1000,800,0.0,110,1,n,4
3186,I3186,1500,800,800,606.0,110,0,n,4
709,I0709,1500,800,800,692.0,110,0,n,4
3521,I3521,1500,1000,800,970.0,110,1,n,4
3027,I3027,1500,800,800,833.0,110,0,n,4
4496,I4496,1500,800,800,1119.0,110,0,n,4
2812,I2812,1500,800,800,733.0,110,0,n,4
1087,I1087,1500,800,800,648.0,110,0,n,4
2789,I2789,1500,1000,800,651.0,110,1,n,4
143,I0143,1500,800,800,0.0,110,0,n,4
267,I0267,1500,1000,800,812.0,110,1,n,4
3194,I3194,1500,1000,800,0.0,110,1,n,4
369,I0369,1500,1000,800,618.0,110,1,n,4
226,I0226,1500,1000,800,1168.0,110,1,n,4
119,I0119,1500,800,800,779.0,110,0,n,4
4633,I4633,1500,800,800,1038.0,110,0,n,4
4246,I4246,1500,800,800,709.0,110,0,n,4
2962,I2962,1500,800,800,837.0,110,0,n,4
169,I0169,1500,1000,800,0.0,110,1,n,4
253,I0253,1500,800,800,798.0,110,0,n,4
1757,I1757,1500,800,800,0.0,110,0,n,4
2593,I2593,1500,800,800,711.0,110,0,n,4
3150,I3150,1500,1000,800,703.0,110,1,n,4
4009,I4009,1500,800,800,0.0,110,0,n,4
210,I0210,1500,800,800,0.0,110,0,n,4
2850,I2850,1500,1000,800,588.0,110,1,n,4
827,I0827,1500,800,800,0.0,110,0,n,4
4918,I4918,1500,800,800,847.0,110,0,n,4
4295,I4295,1500,800,800,1103.0,110,0,n,4
2436,I2436,1500,800,800,1144.0,110,0,n,4
4688,I4688,1500,1000,800,639.0,110,1,n,4
3311,I3311,1500,800,800,641.0,110,0,n,4
4791,I4791,1500,1000,800,1259.0,110,1,n,4
3034,I3034,1500,1000,800,708.0,110,1,n,4
4750,I4750,1500,800,800,947.0,110,0,n,4
492,I0492,1500,800,800,994.0,110,0,n,4
1282,I1282,1500,800,800,811.0,110,0,n,4
3275,I3275,1500,800,800,572.0,110,0,n,4
2040,I2040,1500,800,800,509.0,110,0,n,4
1279,I1279,1500,1000,800,641.0,110,1,n,4
2971,I2971,1500,800,800,908.0,110,0,n,4
4349,I4349,1500,1000,800,1010.0,110,1,n,4
4303,I4303,1500,1000,800,616.0,110,1,n,4
35,I0035,1500,1000,800,645.0,110,1,n,4
4715,I4715,1500,800,800,891.0,110,0,n,4
1778,I1778,1500,800,800,1041.0,110,0,n,4
2867,I2867,1500,1000,800,630.0,110,1,n,4
4541,I4541,1500,1000,800,634.0,110,1,n,4
146,I0146,1500,800,800,0.0,110,0,n,4
1320,I1320,1500,800,800,736.0,110,0,n,4
3560,I3560,1500,1000,800,905.0,110,1,n,4
770,I0770,1500,800,800,849.0,110,0,n,4
4391,I4391,1500,800,800,1003.0,110,0,n,4
251,I0251,1500,1000,800,808.0,110,1,n,4
4310,I4310,1500,1000,800,606.0,110,1,n,4
3594,I3594,1500,1000,800,559.0,110,1,n,4
948,I0948,1500,1000,800,509.0,110,1,n,4
3033,I3033,1500,800,800,788.0,110,0,n,4
783,I0783,1500,800,800,659.0,110,0,n,4
4424,I4424,1500,1000,800,0.0,110,1,n,4
4926,I4926,1500,800,800,635.0,110,0,n,4
2873,I2873,1500,1000,800,751.0,110,1,n,4
121,I0121,1500,800,800,1013.0,110,0,n,4
2764,I2764,1500,800,800,791.0,110,0,n,4
2121,I2121,1500,1000,800,575.0,110,1,n,4
817,I0817,1500,1000,800,668.0,110,1,n,4
4375,I4375,1500,800,800,778.0,110,0,n,4
4269,I4269,1500,800,800,661.0,110,0,n,4
4812,I4812,1500,800,800,0.0,110,0,n,4
4801,I4801,1500,800,800,808.0,110,0,n,4
5,I0005,1500,1000,800,878.0,110,1,n,4
3669,I3669,1500,1000,800,644.0,110,1,n,4
1967,I1967,1500,800,800,505.0,110,0,n,4
2606,I2606,1500,800,800,1005.0,110,0,n,4
57,I0057,1500,1000,800,1223.0,110,1,n,4
3531,I3531,1500,800,800,769.0,110,0,n,4
2469,I2469,1500,800,800,1081.0,110,0,n,4
3359,I3359,1500,1000,800,0.0,110,1,n,4
3201,I3201,1500,1000,800,891.0,110,1,n,4
4722,I4722,1500,1000,800,0.0,110,1,n,4
489,I0489,1500,1000,800,459.0,110,1,n,4
864,I0864,1500,1000,800,821.0,110,1,n,4
2173,I2173,1500,800,800,671.0,110,0,n,4
4177,I4177,1500,1000,800,740.0,110,1,n,4
3233,I3233,1500,800,800,1243.0,110,0,n,4
834,I0834,1500,800,800,592.0,110,0,n,4
1470,I1470,1500,1000,800,908.0,110,1,n,4
872,I0872,1500,1000,800,564.0,110,1,n,4
4787,I4787,1500,800,800,1300.0,110,0,n,4
3386,I3386,1500,1000,800,1326.0,110,1,n,4
4210,I4210,1500,1000,800,800.0,110,1,n,4
3997,I3997,1500,800,800,839.0,110,0,n,4
3881,I3881,1500,1000,800,924.0,110,1,n,4
4876,I4876,1500,800,800,1028.0,110,0,n,4
217,I0217,1500,800,800,736.0,110,0,n,4
4085,I4085,1500,1000,800,0.0,110,1,n,4
2901,I2901,1500,800,800,790.0,110,0,n,4
4299,I4299,1500,800,800,1223.0,110,0,n,4
2804,I2804,1500,800,800,0.0,110,0,n,4
4187,I4187,1500,1000,800,0.0,110,1,n,4
4507,I4507,1500,1000,800,791.0,110,1,n,4
620,I0620,1500,800,800,1063.0,110,0,n,4
442,I0442,1500,800,800,0.0,110,0,n,4
4151,I4151,1500,1000,800,594.0,110,1,n,4
411,I0411,1500,800,800,1049.0,110,0,n,4
2523,I2523,1500,800,800,569.0,110,0,n,4
4675,I4675,1500,800,800,567.0,110,0,n,4
816,I0816,1500,1000,800,669.0,110,1,n,4
1154,I1154,1500,800,800,0.0,110,0,n,4
341,I0341,1500,1000,800,510.0,110,1,n,4
1434,I1434,1500,1000,800,1040.0,110,1,n,4
2772,I2772,1500,800,800,735.0,110,0,n,4
1682,I1682,1500,1000,800,700.0,110,1,n,4
1828,I1828,1500,1000,800,1080.0,110,1,n,4
3938,I3938,1500,1000,800,723.0,110,1,n,4
2148,I2148,1500,1000,800,0.0,110,1,n,4
4770,I4770,1500,1000,800,837.0,110,1,n,4
4610,I4610,1500,1000,800,737.0,110,1,n,4
2332,I2332,1500,1000,800,0.0,110,1,n,4
2853,I2853,1500,1000,800,589.0,110,1,n,4
2823,I2823,1500,1000,800,731.0,110,1,n,4
3458,I3458,1500,1000,800,1110.0,110,1,n,4
553,I0553,1500,1000,800,709.0,110,1,n,4
2431,I2431,1500,800,800,473.0,110,0,n,4
1251,I1251,1500,1000,800,687.0,110,1,n,4
2851,I2851,1500,1000,800,0.0,110,1,n,4
3325,I3325,1500,800,800,753.0,110,0,n,4
1607,I1607,1500,1000,800,716.0,110,1,n,4
1782,I1782,1500,800,800,1016.0,110,0,n,4
3908,I3908,1500,800,800,1024.0,110,0,n,4
3962,I3962,1500,800,800,901.0,110,0,n,4
3169,I3169,1500,1000,800,1026.0,110,1,n,4
1752,I1752,1500,800,800,632.0,110,0,n,4
1830,I1830,1500,1000,800,619.0,110,1,n,4
3219,I3219,1500,800,800,0.0,110,0,n,4
1912,I1912,1500,800,800,563.0,110,0,n,4
823,I0823,1500,800,800,915.0,110,0,n,4
2137,I2137,1500,800,800,0.0,110,0,n,4
2965,I2965,1500,800,800,914.0,110,0,n,4
1480,I1480,1500,800,800,729.0,110,0,n,4
274,I0274,1500,1000,800,616.0,110,1,n,4
2190,I2190,1500,800,800,0.0,110,0,n,4
3026,I3026,1500,1000,800,694.0,110,1,n,4
3246,I3246,1500,1000,800,903.0,110,1,n,4
1907,I1907,1500,800,800,745.0,110,0,n,4
4974,I4974,1500,1000,800,811.0,110,1,n,4
2527,I2527,1500,1000,800,584.0,110,1,n,4
1426,I1426,1500,1000,800,564.0,110,1,n,4
1614,I1614,1500,1000,800,588.0,110,1,n,4
4851,I4851,1500,1000,800,1238.0,110,1,n,4
3086,I3086,1500,800,800,0.0,110,0,n,4
4372,I4372,1500,1000,800,0.0,110,1,n,4
2907,I2907,1500,800,800,844.0,110,0,n,4
526,I0526,1500,1000,800,890.0,110,1,n,4
4278,I4278,1500,1000,800,845.0,110,1,n,4
4696,I4696,1500,800,800,830.0,110,0,n,4
300,I0300,1500,800,800,0.0,110,0,n,4
297,I0297,1500,800,800,894.0,110,0,n,4
2388,I2388,1500,800,800,0.0,110,0,n,4
2829,I2829,1500,1000,800,517.0,110,1,n,4
2614,I2614,1500,800,800,0.0,110,0,n,4
2086,I2086,1500,1000,800,1105.0,110,1,n,4
2314,I2314,1500,1000,800,749.0,110,1,n,4
3101,I3101,1500,1000,800,538.0,110,1,n,4
2390,I2390,1500,1000,800,944.0,110,1,n,4
3001,I3001,1500,1000,800,0.0,110,1,n,4
3511,I3511,1500,1000,800,0.0,110,1,n,4
2360,I2360,1500,800,800,0.0,110,0,n,4
4112,I4112,1500,800,800,743.0,110,0,n,4
1401,I1401,1500,800,800,700.0,110,0,n,4
1622,I1622,1500,1000,800,825.0,110,1,n,4
3292,I3292,1500,800,800,589.0,110,0,n,4
4259,I4259,1500,800,800,826.0,110,0,n,4
3422,I3422,1500,800,800,668.0,110,0,n,4
3550,I3550,1500,1000,800,0.0,110,1,n,4
2156,I2156,1500,800,800,1103.0,110,0,n,4
2612,I2612,1500,800,800,0.0,110,0,n,4
1471,I1471,1500,800,800,567.0,110,0,n,4
4980,I4980,1500,800,800,917.0,110,0,n,4
1899,I1899,1500,1000,800,0.0,110,1,n,4
4941,I4941,1500,1000,800,649.0,110,1,n,4
3182,I3182,1500,1000,800,833.0,110,1,n,4
4357,I4357,1500,800,800,0.0,110,0,n,4
2354,I2354,1500,800,800,852.0,110,0,n,4
3153,I3153,1500,1000,800,957.0,110,1,n,4
3585,I3585,1500,1000,800,853.0,110,1,n,4
4041,I4041,1500,1000,800,0.0,110,1,n,4
4811,I4811,1500,1000,800,759.0,110,1,n,4
378,I0378,1500,1000,800,975.0,110,1,n,4
1709,I1709,1500,1000,800,649.0,110,1,n,4
2179,I2179,1500,800,800,475.0,110,0,n,4
2318,I2318,1500,800,800,744.0,110,0,n,4
4695,I4695,1500,1000,800,0.0,110,1,n,4
242,I0242,1500,1000,800,566.0,110,1,n,4
1637,I1637,1500,1000,800,703.0,110,1,n,4
778,I0778,1500,1000,800,526.0,110,1,n,4
1898,I1898,1500,1000,800,1203.0,110,1,n,4
1191,I1191,1500,800,800,0.0,110,0,n,4
4277,I4277,1500,1000,800,0.0,110,1,n,4
2068,I2068,1500,1000,800,877.0,110,1,n,4
3471,I3471,1500,800,800,868.0,110,0,n,4
1167,I1167,1500,800,800,0.0,110,0,n,4
651,I0651,1500,800,800,1134.0,110,0,n,4
2912,I2912,1500,1000,800,1133.0,110,1,n,4
3348,I3348,1500,800,800,635.0,110,0,n,4
3984,I3984,1500,1000,800,0.0,110,1,n,4
688,I0688,1500,1000,800,652.0,110,1,n,4
4888,I4888,1500,1000,800,911.0,110,1,n,4
2096,I2096,1500,1000,800,550.0,110,1,n,4
552,I0552,1500,1000,800,0.0,110,1,n,4
1919,I1919,1500,800,800,0.0,110,0,n,4
2842,I2842,1500,800,800,981.0,110,0,n,4
147,I0147,1500,800,800,833.0,110,0,n,4
7,I0007,1500,800,800,0.0,110,0,n,4
705,I0705,1500,1000,800,683.0,110,1,n,4
3147,I3147,1500,1000,800,782.0,110,1,n,4
1620,I1620,1500,800,800,725.0,110,0,n,4
3449,I3449,1500,1000,800,1081.0,110,1,n,4
4467,I4467,1500,800,800,540.0,110,0,n,4
1523,I1523,1500,800,800,514.0,110,0,n,4
3313,I3313,1500,800,800,566.0,110,0,n,4
2771,I2771,1500,800,800,783.0,110,0,n,4
353,I0353,1500,800,800,873.0,110,0,n,4
2165,I2165,1500,800,800,540.0,110,0,n,4
4261,I4261,1500,800,800,613.0,110,0,n,4
1895,I1895,1500,1000,800,787.0,110,1,n,4
2235,I2235,1500,1000,800,733.0,110,1,n,4
3373,I3373,1500,1000,800,975.0,110,1,n,4
2988,I2988,1500,1000,800,642.0,110,1,n,4
3232,I3232,1500,1000,800,878.0,110,1,n,4
3865,I3865,1500,800,800,0.0,110,0,n,4
1837,I1837,1500,1000,800,0.0,110,1,n,4
1807,I1807,1500,800,800,735.0,110,0,n,4
2106,I2106,1500,1000,800,600.0,110,1,n,4
75,I0075,1500,1000,800,724.0,110,1,n,4
49,I0049,1500,800,800,0.0,110,0,n,4
664,I0664,1500,800,800,573.0,110,0,n,4
260,I0260,1500,800,800,854.0,110,0,n,4
3335,I3335,1500,800,800,0.0,110,0,n,4
3948,I3948,1500,800,800,609.0,110,0,n,4
3892,I3892,1500,800,800,557.0,110,0,n,4
4656,I4656,1500,800,800,538.0,110,0,n,4
3828,I3828,1500,800,800,500.0,110,0,n,4
1541,I1541,1500,1000,800,853.0,110,1,n,4
3002,I3002,1500,1000,800,657.0,110,1,n,4
421,I0421,1500,1000,800,0.0,110,1,n,4
3540,I3540,1500,800,800,746.0,110,0,n,4
2047,I2047,1500,1000,800,1102.0,110,1,n,4
158,I0158,1500,1000,800,0.0,110,1,n,4
4788,I4788,1500,1000,800,0.0,110,1,n,4
1202,I1202,1500,800,800,771.0,110,0,n,4
361,I0361,1500,800,800,667.0,110,0,n,4
2691,I2691,1500,1000,800,832.0,110,1,n,4
1763,I1763,1500,1000,800,612.0,110,1,n,4
470,I0470,1500,1000,800,843.0,110,1,n,4
2270,I2270,1500,800,800,1001.0,110,0,n,4
3114,I3114,1500,800,800,1180.0,110,0,n,4
4757,I4757,1500,800,800,887.0,110,0,n,4
1809,I1809,1500,1000,800,941.0,110,1,n,4
818,I0818,1500,1000,800,1026.0,110,1,n,4
1284,I1284,1500,1000,800,1018.0,110,1,n,4
4384,I4384,1500,800,800,1194.0,110,0,n,4
3624,I3624,1500,1000,800,0.0,110,1,n,4
869,I0869,1500,1000,800,779.0,110,1,n,4
3778,I3778,1500,1000,800,769.0,110,1,n,4
2720,I2720,1500,1000,800,0.0,110,1,n,4
1025,I1025,1500,800,800,951.0,110,0,n,4
3253,I3253,1500,800,800,840.0,110,0,n,4
1744,I1744,1500,1000,800,600.0,110,1,n,4
34,I0034,1500,800,800,865.0,110,0,n,4
974,I0974,1500,1000,800,616.0,110,1,n,4
1596,I1596,1500,800,800,666.0,110,0,n,4
1683,I1683,1500,1000,800,743.0,110,1,n,4
1932,I1932,1500,800,800,982.0,110,0,n,4
951,I0951,1500,800,800,864.0,110,0,n,4
615,I0615,1500,800,800,0.0,110,0,n,4
4684,I4684,1500,800,800,830.0,110,0,n,4
1298,I1298,1500,800,800,630.0,110,0,n,4
960,I0960,1500,800,800,773.0,110,0,n,4
339,I0339,1500,800,800,745.0,110,0,n,4
2726,I2726,1500,800,800,729.0,110,0,n,4
71,I0071,1500,800,800,0.0,110,0,n,4
2871,I2871,1500,800,800,556.0,110,0,n,4
3694,I3694,1500,800,800,973.0,110,0,n,4
4260,I4260,1500,800,800,0.0,110,0,n,4
195,I0195,1500,1000,800,733.0,110,1,n,4
3363,I3363,1500,1000,800,702.0,110,1,n,4
4238,I4238,1500,800,800,755.0,110,0,n,4
1072,I1072,1500,1000,800,0.0,110,1,n,4
1299,I1299,1500,800,800,670.0,110,0,n,4
728,I0728,1500,1000,800,742.0,110,1,n,4
3917,I3917,1500,800,800,1051.0,110,0,n,4
3085,I3085,1500,800,800,517.0,110,0,n,4
3302,I3302,1500,800,800,0.0,110,0,n,4
419,I0419,1500,800,800,669.0,110,0,n,4
1119,I1119,1500,1000,800,546.0,110,1,n,4
3266,I3266,1500,800,800,962.0,110,0,n,4
4825,I4825,1500,800,800,962.0,110,0,n,4
4666,I4666,1500,1000,800,0.0,110,1,n,4
2703,I2703,1500,1000,800,0.0,110,1,n,4
4045,I4045,1500,800,800,645.0,110,0,n,4
4741,I4741,1500,800,800,722.0,110,0,n,4
4820,I4820,1500,800,800,932.0,110,0,n,4
3898,I3898,1500,1000,800,586.0,110,1,n,4
4526,I4526,1500,800,800,0.0,110,0,n,4
351,I0351,1500,800,800,0.0,110,0,n,4
2335,I2335,1500,800,800,912.0,110,0,n,4
2481,I2481,1500,1000,800,674.0,110,1,n,4
532,I0532,1500,800,800,0.0,110,0,n,4
1294,I1294,1500,800,800,819.0,110,0,n,4
4395,I4395,1500,1000,800,800.0,110,1,n,4
1150,I1150,1500,1000,800,0.0,110,1,n,4
3041,I3041,1500,1000,800,601.0,110,1,n,4
1792,I1792,1500,800,800,568.0,110,0,n,4
4628,I4628,1500,1000,800,754.0,110,1,n,4
611,I0611,1500,800,800,577.0,110,0,n,4
1347,I1347,1500,1000,800,747.0,110,1,n,4
2696,I2696,1500,1000,800,720.0,110,1,n,4
1281,I1281,1500,1000,800,713.0,110,1,n,4
2981,I2981,1500,1000,800,890.0,110,1,n,4
1882,I1882,1500,1000,800,703.0,110,1,n,4
2949,I2949,1500,800,800,767.0,110,0,n,4
3307,I3307,1500,1000,800,925.0,110,1,n,4
103,I0103,1500,1000,800,0.0,110,1,n,4
377,I0377,1500,800,800,838.0,110,0,n,4
1671,I1671,1500,800,800,715.0,110,0,n,4
4933,I4933,1500,1000,800,811.0,110,1,n,4
2930,I2930,1500,800,800,680.0,110,0,n,4
4063,I4063,1500,800,800,1009.0,110,0,n,4
2111,I2111,1500,800,800,713.0,110,0,n,4
316,I0316,1500,800,800,537.0,110,0,n,4
839,I0839,1500,800,800,707.0,110,0,n,4
3519,I3519,1500,1000,800,778.0,110,1,n,4
1641,I1641,1500,800,800,615.0,110,0,n,4
1789,I1789,1500,1000,800,666.0,110,1,n,4
585,I0585,1500,1000,800,0.0,110,1,n,4
2805,I2805,1500,800,800,654.0,110,0,n,4
554,I0554,1500,800,800,714.0,110,0,n,4
199,I0199,1500,1000,800,0.0,110,1,n,4
3523,I3523,1500,1000,800,866.0,110,1,n,4
468,I0468,1500,800,800,0.0,110,0,n,4
4334,I4334,1500,1000,800,605.0,110,1,n,4
3175,I3175,1500,1000,800,935.0,110,1,n,4
233,I0233,1500,1000,800,0.0,110,1,n,4
238,I0238,1500,1000,800,856.0,110,1,n,4
2478,I2478,1500,800,800,555.0,110,0,n,4
2419,I2419,1500,800,800,900.0,110,0,n,4
2261,I2261,1500,800,800,769.0,110,0,n,4
4142,I4142,1500,800,800,704.0,110,0,n,4
1608,I1608,1500,1000,800,712.0,110,1,n,4
125,I0125,1500,1000,800,0.0,110,1,n,4
2018,I2018,1500,800,800,1002.0,110,0,n,4
1808,I1808,1500,1000,800,529.0,110,1,n,4
3242,I3242,1500,1000,800,706.0,110,1,n,4
3943,I3943,1500,800,800,0.0,110,0,n,4
762,I0762,1500,1000,800,671.0,110,1,n,4
4366,I4366,1500,800,800,679.0,110,0,n,4
4978,I4978,1500,800,800,515.0,110,0,n,4
1408,I1408,1500,800,800,757.0,110,0,n,4
2480,I2480,1500,800,800,595.0,110,0,n,4
678,I0678,1500,1000,800,0.0,110,1,n,4
3470,I3470,1500,800,800,933.0,110,0,n,4
2556,I2556,1500,1000,800,695.0,110,1,n,4
2660,I2660,1500,1000,800,617.0,110,1,n,4
772,I0772,1500,1000,800,738.0,110,1,n,4
1494,I1494,1500,1000,800,668.0,110,1,n,4
1239,I1239,1500,1000,800,901.0,110,1,n,4
2610,I2610,1500,800,800,578.0,110,0,n,4
4138,I4138,1500,800,800,0.0,110,0,n,4
2779,I2779,1500,1000,800,649.0,110,1,n,4
2358,I2358,1500,800,800,991.0,110,0,n,4
3226,I3226,1500,1000,800,696.0,110,1,n,4
4035,I4035,1500,800,800,1057.0,110,0,n,4
4344,I4344,1500,800,800,1108.0,110,0,n,4
3071,I3071,1500,800,800,922.0,110,0,n,4
1832,I1832,1500,1000,800,486.0,110,1,n,4
1627,I1627,1500,1000,800,479.0,110,1,n,4
4761,I4761,1500,800,800,532.0,110,0,n,4
1481,I1481,1500,1000,800,715.0,110,1,n,4
4270,I4270,1500,800,800,980.0,110,0,n,4
1089,I1089,1500,800,800,820.0,110,0,n,4
1708,I1708,1500,1000,800,724.0,110,1,n,4
1958,I1958,1500,800,800,642.0,110,0,n,4
1498,I1498,1500,1000,800,885.0,110,1,n,4
3190,I3190,1500,800,800,1016.0,110,0,n,4
3332,I3332,1500,800,800,1017.0,110,0,n,4
3542,I3542,1500,1000,800,552.0,110,1,n,4
4461,I4461,1500,800,800,591.0,110,0,n,4
4723,I4723,1500,800,800,648.0,110,0,n,4
3991,I3991,1500,1000,800,753.0,110,1,n,4
3350,I3350,1500,1000,800,1081.0,110,1,n,4
380,I0380,1500,1000,800,0.0,110,1,n,4
352,I0352,1500,1000,800,902.0,110,1,n,4
2245,I2245,1500,800,800,0.0,110,0,n,4
779,I0779,1500,1000,800,631.0,110,1,n,4
1217,I1217,1500,1000,800,1161.0,110,1,n,4
4501,I4501,1500,1000,800,753.0,110,1,n,4
2472,I2472,1500,800,800,1168.0,110,0,n,4
258,I0258,1500,1000,800,526.0,110,1,n,4
4426,I4426,1500,1000,800,927.0,110,1,n,4
4784,I4784,1500,800,800,842.0,110,0,n,4
310,I0310,1500,800,800,673.0,110,0,n,4
1957,I1957,1500,800,800,0.0,110,0,n,4
4691,I4691,1500,800,800,508.0,110,0,n,4
1896,I1896,1500,1000,800,646.0,110,1,n,4
2841,I2841,1500,1000,800,623.0,110,1,n,4
3156,I3156,1500,800,800,1188.0,110,0,n,4
3890,I3890,1500,1000,800,667.0,110,1,n,4
359,I0359,1500,800,800,723.0,110,0,n,4
2466,I2466,1500,800,800,0.0,110,0,n,4
1685,I1685,1500,1000,800,0.0,110,1,n,4
2698,I2698,1500,800,800,0.0,110,0,n,4
4422,I4422,1500,800,800,0.0,110,0,n,4
4845,I4845,1500,1000,800,865.0,110,1,n,4
3636,I3636,1500,800,800,644.0,110,0,n,4
1413,I1413,1500,800,800,746.0,110,0,n,4
2506,I2506,1500,800,800,0.0,110,0,n,4
4739,I4739,1500,1000,800,606.0,110,1,n,4
1733,I1733,1500,1000,800,693.0,110,1,n,4
4758,I4758,1500,1000,800,630.0,110,1,n,4
2760,I2760,1500,800,800,844.0,110,0,n,4
810,I0810,1500,800,800,629.0,110,0,n,4
2865,I2865,1500,800,800,534.0,110,0,n,4
3294,I3294,1500,1000,800,746.0,110,1,n,4
3875,I3875,1500,800,800,974.0,110,0,n,4
3829,I3829,1500,1000,800,733.0,110,1,n,4
3250,I3250,1500,1000,800,895.0,110,1,n,4
2066,I2066,1500,800,800,1061.0,110,0,n,4
495,I0495,1500,800,800,533.0,110,0,n,4
3827,I3827,1500,1000,800,763.0,110,1,n,4
590,I0590,1500,800,800,1061.0,110,0,n,4
2735,I2735,1500,800,800,613.0,110,0,n,4
1374,I1374,1500,1000,800,641.0,110,1,n,4
1690,I1690,1500,1000,800,0.0,110,1,n,4
3495,I3495,1500,800,800,598.0,110,0,n,4
1545,I1545,1500,1000,800,538.0,110,1,n,4
656,I0656,1500,800,800,0.0,110,0,n,4
4582,I4582,1500,1000,800,717.0,110,1,n,4
4806,I4806,1500,1000,800,788.0,110,1,n,4
2667,I2667,1500,1000,800,680.0,110,1,n,4
3695,I3695,1500,800,800,0.0,110,0,n,4
1613,I1613,1500,1000,800,601.0,110,1,n,4
3497,I3497,1500,800,800,0.0,110,0,n,4
3087,I3087,1500,800,800,791.0,110,0,n,4
1031,I1031,1500,1000,800,840.0,110,1,n,4
113,I0113,1500,800,800,616.0,110,0,n,4
2218,I2218,1500,1000,800,653.0,110,1,n,4
3441,I3441,1500,800,800,1108.0,110,0,n,4
342,I0342,1500,1000,800,729.0,110,1,n,4
2845,I2845,1500,800,800,0.0,110,0,n,4
1726,I1726,1500,800,800,658.0,110,0,n,4
1118,I1118,1500,800,800,757.0,110,0,n,4
2927,I2927,1500,800,800,0.0,110,0,n,4
3166,I3166,1500,800,800,1048.0,110,0,n,4
2243,I2243,1500,800,800,0.0,110,0,n,4
4609,I4609,1500,1000,800,667.0,110,1,n,4
3496,I3496,1500,800,800,959.0,110,0,n,4
3283,I3283,1500,800,800,818.0,110,0,n,4
2157,I2157,1500,1000,800,881.0,110,1,n,4
3477,I3477,1500,1000,800,1224.0,110,1,n,4
2044,I2044,1500,1000,800,827.0,110,1,n,4
4015,I4015,1500,1000,800,857.0,110,1,n,4
4087,I4087,1500,800,800,724.0,110,0,n,4
4134,I4134,1500,800,800,866.0,110,0,n,4
596,I0596,1500,800,800,564.0,110,0,n,4
4819,I4819,1500,800,800,843.0,110,0,n,4
837,I0837,1500,1000,800,609.0,110,1,n,4
1773,I1773,1500,800,800,819.0,110,0,n,4
2434,I2434,1500,800,800,0.0,110,0,n,4
3419,I3419,1500,800,800,748.0,110,0,n,4
715,I0715,1500,1000,800,0.0,110,1,n,4
1007,I1007,1500,1000,800,0.0,110,1,n,4
2077,I2077,1500,1000,800,732.0,110,1,n,4
1250,I1250,1500,1000,800,617.0,110,1,n,4
3955,I3955,1500,1000,800,1117.0,110,1,n,4
4951,I4951,1500,1000,800,884.0,110,1,n,4
3068,I3068,1500,1000,800,894.0,110,1,n,4
2900,I2900,1500,1000,800,779.0,110,1,n,4
1714,I1714,1500,800,800,551.0,110,0,n,4
4425,I4425,1500,1000,800,713.0,110,1,n,4
311,I0311,1500,1000,800,0.0,110,1,n,4
4694,I4694,1500,1000,800,748.0,110,1,n,4
3539,I3539,1500,800,800,720.0,110,0,n,4
1691,I1691,1500,1000,800,668.0,110,1,n,4
3526,I3526,1500,1000,800,635.0,110,1,n,4
1569,I1569,1500,800,800,699.0,110,0,n,4
261,I0261,1500,1000,800,705.0,110,1,n,4
3668,I3668,1500,800,800,860.0,110,0,n,4
4370,I4370,1500,1000,800,678.0,110,1,n,4
1674,I1674,1500,800,800,0.0,110,0,n,4
4604,I4604,1500,800,800,919.0,110,0,n,4
2603,I2603,1500,800,800,813.0,110,0,n,4
2160,I2160,1500,1000,800,0.0,110,1,n,4
1556,I1556,1500,1000,800,1235.0,110,1,n,4
522,I0522,1500,800,800,525.0,110,0,n,4
654,I0654,1500,800,800,1229.0,110,0,n,4
12,I0012,1500,800,800,1151.0,110,0,n,4
2015,I2015,1500,1000,800,556.0,110,1,n,4
4293,I4293,1500,800,800,648.0,110,0,n,4
3117,I3117,1500,800,800,0.0,110,0,n,4
2864,I2864,1500,1000,800,629.0,110,1,n,4
3424,I3424,1500,800,800,0.0,110,0,n,4
4170,I4170,1500,1000,800,755.0,110,1,n,4
2231,I2231,1500,1000,800,810.0,110,1,n,4
1802,I1802,1500,800,800,928.0,110,0,n,4
1018,I1018,1500,1000,800,0.0,110,1,n,4
1822,I1822,1500,800,800,1014.0,110,0,n,4
2573,I2573,1500,800,800,739.0,110,0,n,4
829,I0829,1500,1000,800,645.0,110,1,n,4
4844,I4844,1500,1000,800,605.0,110,1,n,4
2975,I2975,1500,800,800,933.0,110,0,n,4
3095,I3095,1500,1000,800,653.0,110,1,n,4
3678,I3678,1500,1000,800,521.0,110,1,n,4
1834,I1834,1500,800,800,498.0,110,0,n,4
1178,I1178,1500,800,800,0.0,110,0,n,4
4192,I4192,1500,1000,800,917.0,110,1,n,4
3682,I3682,1500,800,800,655.0,110,0,n,4
2692,I2692,1500,800,800,695.0,110,0,n,4
1074,I1074,1500,1000,800,708.0,110,1,n,4
4266,I4266,1500,1000,800,897.0,110,1,n,4
1579,I1579,1500,1000,800,650.0,110,1,n,4
3013,I3013,1500,1000,800,1018.0,110,1,n,4
4785,I4785,1500,1000,800,830.0,110,1,n,4
3116,I3116,1500,1000,800,783.0,110,1,n,4
3014,I3014,1500,1000,800,502.0,110,1,n,4
2220,I2220,1500,1000,800,0.0,110,1,n,4
2309,I2309,1500,1000,800,1194.0,110,1,n,4
1122,I1122,1500,1000,800,0.0,110,1,n,4
4477,I4477,1500,1000,800,640.0,110,1,n,4
2349,I2349,1500,800,800,0.0,110,0,n,4
2644,I2644,1500,800,800,831.0,110,0,n,4
3904,I3904,1500,800,800,0.0,110,0,n,4
4962,I4962,1500,1000,800,826.0,110,1,n,4
4500,I4500,1500,800,800,0.0,110,0,n,4
358,I0358,1500,800,800,0.0,110,0,n,4
723,I0723,1500,1000,800,1063.0,110,1,n,4
1414,I1414,1500,1000,800,978.0,110,1,n,4
3722,I3722,1500,800,800,968.0,110,0,n,4
4076,I4076,1500,800,800,835.0,110,0,n,4
3684,I3684,1500,800,800,961.0,110,0,n,4
813,I0813,1500,800,800,960.0,110,0,n,4
4403,I4403,1500,1000,800,0.0,110,1,n,4
1884,I1884,1500,1000,800,1063.0,110,1,n,4
2427,I2427,1500,1000,800,905.0,110,1,n,4
3334,I3334,1500,1000,800,910.0,110,1,n,4
4856,I4856,1500,800,800,794.0,110,0,n,4
3083,I3083,1500,1000,800,0.0,110,1,n,4
3509,I3509,1500,800,800,1160.0,110,0,n,4
365,I0365,1500,800,800,510.0,110,0,n,4
1437,I1437,1500,1000,800,900.0,110,1,n,4
1602,I1602,1500,1000,800,770.0,110,1,n,4
3204,I3204,1500,800,800,1012.0,110,0,n,4
176,I0176,1500,1000,800,672.0,110,1,n,4
3638,I3638,1500,800,800,597.0,110,0,n,4
2705,I2705,1500,800,800,559.0,110,0,n,4
4247,I4247,1500,1000,800,885.0,110,1,n,4
686,I0686,1500,1000,800,806.0,110,1,n,4
1020,I1020,1500,1000,800,0.0,110,1,n,4
4983,I4983,1500,1000,800,1031.0,110,1,n,4
2174,I2174,1500,800,800,638.0,110,0,n,4
529,I0529,1500,800,800,945.0,110,0,n,4
1803,I1803,1500,800,800,952.0,110,0,n,4
3112,I3112,1500,1000,800,0.0,110,1,n,4
2154,I2154,1500,1000,800,682.0,110,1,n,4
1156,I1156,1500,800,800,759.0,110,0,n,4
4146,I4146,1500,800,800,822.0,110,0,n,4
3260,I3260,1500,1000,800,573.0,110,1,n,4
4121,I4121,1500,1000,800,718.0,110,1,n,4
4996,I4996,1500,800,800,714.0,110,0,n,4
1982,I1982,1500,1000,800,669.0,110,1,n,4
4868,I4868,1500,1000,800,802.0,110,1,n,4
4808,I4808,1500,800,800,1036.0,110,0,n,4
414,I0414,1500,1000,800,935.0,110,1,n,4
4917,I4917,1500,800,800,664.0,110,0,n,4
581,I0581,1500,1000,800,1006.0,110,1,n,4
1844,I1844,1500,800,800,910.0,110,0,n,4
2163,I2163,1500,1000,800,479.0,110,1,n,4
433,I0433,1500,800,800,1092.0,110,0,n,4
134,I0134,1500,800,800,825.0,110,0,n,4
1354,I1354,1500,800,800,764.0,110,0,n,4
2293,I2293,1500,1000,800,809.0,110,1,n,4
2619,I2619,1500,1000,800,0.0,110,1,n,4
4002,I4002,1500,800,800,0.0,110,0,n,4
1507,I1507,1500,800,800,562.0,110,0,n,4
2379,I2379,1500,1000,800,905.0,110,1,n,4
4619,I4619,1500,1000,800,0.0,110,1,n,4
3317,I3317,1500,1000,800,893.0,110,1,n,4
1237,I1237,1500,1000,800,1309.0,110,1,n,4
4769,I4769,1500,800,800,795.0,110,0,n,4
979,I0979,1500,800,800,810.0,110,0,n,4
4108,I4108,1500,800,800,0.0,110,0,n,4
275,I0275,1500,1000,800,542.0,110,1,n,4
2745,I2745,1500,1000,800,1014.0,110,1,n,4
1996,I1996,1500,800,800,980.0,110,0,n,4
1096,I1096,1500,800,800,601.0,110,0,n,4
952,I0952,1500,800,800,0.0,110,0,n,4
4942,I4942,1500,800,800,669.0,110,0,n,4
3963,I3963,1500,800,800,752.0,110,0,n,4
1526,I1526,1500,800,800,1178.0,110,0,n,4
741,I0741,1500,800,800,846.0,110,0,n,4
1418,I1418,1500,800,800,625.0,110,0,n,4
1855,I1855,1500,800,800,0.0,110,0,n,4
4518,I4518,1500,1000,800,1379.0,110,1,n,4
1862,I1862,1500,800,800,1134.0,110,0,n,4
4363,I4363,1500,800,800,801.0,110,0,n,4
1195,I1195,1500,1000,800,782.0,110,1,n,4
3592,I3592,1500,800,800,887.0,110,0,n,4
3368,I3368,1500,1000,800,579.0,110,1,n,4
2920,I2920,1500,1000,800,0.0,110,1,n,4
1856,I1856,1500,800,800,723.0,110,0,n,4
4431,I4431,1500,1000,800,673.0,110,1,n,4
115,I0115,1500,1000,800,727.0,110,1,n,4
1879,I1879,1500,800,800,778.0,110,0,n,4
4749,I4749,1500,800,800,526.0,110,0,n,4
3397,I3397,1500,1000,800,842.0,110,1,n,4
2476,I2476,1500,1000,800,1359.0,110,1,n,4
345,I0345,1500,1000,800,614.0,110,1,n,4
3915,I3915,1500,800,800,975.0,110,0,n,4
1241,I1241,1500,1000,800,0.0,110,1,n,4
2247,I2247,1500,1000,800,0.0,110,1,n,4
2887,I2887,1500,800,800,543.0,110,0,n,4
1208,I1208,1500,800,800,750.0,110,0,n,4
616,I0616,1500,1000,800,551.0,110,1,n,4
1209,I1209,1500,1000,800,808.0,110,1,n,4
733,I0733,1500,1000,800,1052.0,110,1,n,4
2297,I2297,1500,800,800,796.0,110,0,n,4
1592,I1592,1500,1000,800,0.0,110,1,n,4
3922,I3922,1500,800,800,781.0,110,0,n,4
3372,I3372,1500,1000,800,542.0,110,1,n,4
133,I0133,1500,1000,800,0.0,110,1,n,4
885,I0885,1500,800,800,621.0,110,0,n,4
1486,I1486,1500,1000,800,0.0,110,1,n,4
286,I0286,1500,800,800,913.0,110,0,n,4
3337,I3337,1500,800,800,1075.0,110,0,n,4
3212,I3212,1500,1000,800,0.0,110,1,n,4
3916,I3916,1500,1000,800,681.0,110,1,n,4
546,I0546,1500,800,800,603.0,110,0,n,4
40,I0040,1500,800,800,966.0,110,0,n,4
2502,I2502,1500,1000,800,0.0,110,1,n,4
874,I0874,1500,1000,800,480.0,110,1,n,4
3688,I3688,1500,800,800,541.0,110,0,n,4
4173,I4173,1500,800,800,570.0,110,0,n,4
477,I0477,1500,800,800,0.0,110,0,n,4
3787,I3787,1500,800,800,592.0,110,0,n,4
4767,I4767,1500,800,800,0.0,110,0,n,4
2656,I2656,1500,1000,800,0.0,110,1,n,4
661,I0661,1500,1000,800,575.0,110,1,n,4
2585,I2585,1500,1000,800,707.0,110,1,n,4
2828,I2828,1500,800,800,0.0,110,0,n,4
2410,I2410,1500,1000,800,588.0,110,1,n,4
2895,I2895,1500,1000,800,1095.0,110,1,n,4
3239,I3239,1500,1000,800,0.0,110,1,n,4
2792,I2792,1500,800,800,552.0,110,0,n,4
4300,I4300,1500,800,800,509.0,110,0,n,4
706,I0706,1500,800,800,688.0,110,0,n,4
1402,I1402,1500,800,800,784.0,110,0,n,4
881,I0881,1500,1000,800,784.0,110,1,n,4
892,I0892,1500,1000,800,541.0,110,1,n,4
3856,I3856,1500,1000,800,544.0,110,1,n,4
2999,I2999,1500,1000,800,680.0,110,1,n,4
4775,I4775,1500,800,800,0.0,110,0,n,4
4558,I4558,1500,800,800,764.0,110,0,n,4
635,I0635,1500,800,800,748.0,110,0,n,4
2166,I2166,1500,1000,800,0.0,110,1,n,4
4019,I4019,1500,1000,800,983.0,110,1,n,4
884,I0884,1500,1000,800,845.0,110,1,n,4
3870,I3870,1500,800,800,883.0,110,0,n,4
2874,I2874,1500,1000,800,0.0,110,1,n,4
1467,I1467,1500,1000,800,525.0,110,1,n,4
4528,I4528,1500,800,800,0.0,110,0,n,4
4402,I4402,1500,800,800,0.0,110,0,n,4
141,I0141,1500,1000,800,0.0,110,1,n,4
1819,I1819,1500,800,800,677.0,110,0,n,4
2932,I2932,1500,1000,800,923.0,110,1,n,4
2283,I2283,1500,1000,800,0.0,110,1,n,4
2461,I2461,1500,800,800,486.0,110,0,n,4
534,I0534,1500,800,800,845.0,110,0,n,4
4773,I4773,1500,800,800,579.0,110,0,n,4
2793,I2793,1500,800,800,784.0,110,0,n,4
2386,I2386,1500,800,800,600.0,110,0,n,4
3045,I3045,1500,800,800,999.0,110,0,n,4
4458,I4458,1500,800,800,1041.0,110,0,n,4
93,I0093,1500,1000,800,863.0,110,1,n,4
2229,I2229,1500,800,800,868.0,110,0,n,4
219,I0219,1500,1000,800,851.0,110,1,n,4
3755,I3755,1500,800,800,0.0,110,0,n,4
624,I0624,1500,1000,800,829.0,110,1,n,4
2959,I2959,1500,800,800,983.0,110,0,n,4
88,I0088,1500,800,800,647.0,110,0,n,4
340,I0340,1500,800,800,826.0,110,0,n,4
997,I0997,1500,800,800,0.0,110,0,n,4
3130,I3130,1500,800,800,1042.0,110,0,n,4
3134,I3134,1500,1000,800,499.0,110,1,n,4
2256,I2256,1500,1000,800,872.0,110,1,n,4
395,I0395,1500,800,800,0.0,110,0,n,4
1115,I1115,1500,800,800,1000.0,110,0,n,4
1821,I1821,1500,800,800,633.0,110,0,n,4
3030,I3030,1500,1000,800,834.0,110,1,n,4
1479,I1479,1500,800,800,0.0,110,0,n,4
3312,I3312,1500,1000,800,657.0,110,1,n,4
167,I0167,1500,800,800,999.0,110,0,n,4
4039,I4039,1500,1000,800,803.0,110,1,n,4
1574,I1574,1500,800,800,775.0,110,0,n,4
1499,I1499,1500,1000,800,642.0,110,1,n,4
1023,I1023,1500,1000,800,1032.0,110,1,n,4
643,I0643,1500,1000,800,907.0,110,1,n,4
2915,I2915,1500,1000,800,896.0,110,1,n,4
2126,I2126,1500,1000,800,756.0,110,1,n,4
685,I0685,1500,800,800,1105.0,110,0,n,4
2103,I2103,1500,800,800,846.0,110,0,n,4
2911,I2911,1500,1000,800,646.0,110,1,n,4
1645,I1645,1500,1000,800,726.0,110,1,n,4
2786,I2786,1500,1000,800,836.0,110,1,n,4
4484,I4484,1500,800,800,504.0,110,0,n,4
164,I0164,1500,800,800,1039.0,110,0,n,4
634,I0634,1500,1000,800,901.0,110,1,n,4
3728,I3728,1500,800,800,823.0,110,0,n,4
3351,I3351,1500,800,800,598.0,110,0,n,4
826,I0826,1500,800,800,787.0,110,0,n,4
2310,I2310,1500,1000,800,826.0,110,1,n,4
1638,I1638,1500,800,800,686.0,110,0,n,4
1799,I1799,1500,800,800,617.0,110,0,n,4
4031,I4031,1500,800,800,516.0,110,0,n,4
1407,I1407,1500,1000,800,844.0,110,1,n,4
3740,I3740,1500,800,800,777.0,110,0,n,4
197,I0197,1500,1000,800,481.0,110,1,n,4
4654,I4654,1500,800,800,653.0,110,0,n,4
539,I0539,1500,1000,800,0.0,110,1,n,4
2351,I2351,1500,800,800,1208.0,110,0,n,4
1976,I1976,1500,1000,800,756.0,110,1,n,4
523,I0523,1500,800,800,1063.0,110,0,n,4
4928,I4928,1500,800,800,1173.0,110,0,n,4
4268,I4268,1500,800,800,1022.0,110,0,n,4
1196,I1196,1500,800,800,0.0,110,0,n,4
551,I0551,1500,1000,800,744.0,110,1,n,4
4597,I4597,1500,800,800,756.0,110,0,n,4
4104,I4104,1500,1000,800,476.0,110,1,n,4
4264,I4264,1500,800,800,569.0,110,0,n,4
579,I0579,1500,1000,800,1069.0,110,1,n,4
21,I0021,1500,1000,800,0.0,110,1,n,4
4383,I4383,1500,1000,800,799.0,110,1,n,4
4204,I4204,1500,800,800,713.0,110,0,n,4
441,I0441,1500,800,800,606.0,110,0,n,4
4697,I4697,1500,800,800,1160.0,110,0,n,4
3562,I3562,1500,800,800,558.0,110,0,n,4
399,I0399,1500,800,800,912.0,110,0,n,4
2260,I2260,1500,1000,800,804.0,110,1,n,4
293,I0293,1500,800,800,0.0,110,0,n,4
4,I0004,1500,800,800,0.0,110,0,n,4
2989,I2989,1500,800,800,643.0,110,0,n,4
2677,I2677,1500,1000,800,711.0,110,1,n,4
2473,I2473,1500,1000,800,745.0,110,1,n,4
171,I0171,1500,800,800,940.0,110,0,n,4
853,I0853,1500,800,800,686.0,110,0,n,4
1120,I1120,1500,1000,800,856.0,110,1,n,4
3924,I3924,1500,1000,800,872.0,110,1,n,4
2547,I2547,1500,1000,800,673.0,110,1,n,4
81,I0081,1500,1000,800,578.0,110,1,n,4
207,I0207,1500,800,800,841.0,110,0,n,4
3527,I3527,1500,800,800,864.0,110,0,n,4
4329,I4329,1500,1000,800,0.0,110,1,n,4
2756,I2756,1500,800,800,1000.0,110,0,n,4
3767,I3767,1500,800,800,563.0,110,0,n,4
1053,I1053,1500,1000,800,715.0,110,1,n,4
149,I0149,1500,1000,800,995.0,110,1,n,4
2338,I2338,1500,800,800,0.0,110,0,n,4
2398,I2398,1500,1000,800,656.0,110,1,n,4
319,I0319,1500,1000,800,789.0,110,1,n,4
3023,I3023,1500,1000,800,0.0,110,1,n,4
670,I0670,1500,1000,800,0.0,110,1,n,4
985,I0985,1500,800,800,939.0,110,0,n,4
963,I0963,1500,800,800,583.0,110,0,n,4
2429,I2429,1500,800,800,1166.0,110,0,n,4
2268,I2268,1500,1000,800,667.0,110,1,n,4
3120,I3120,1500,1000,800,0.0,110,1,n,4
1960,I1960,1500,1000,800,640.0,110,1,n,4
2409,I2409,1500,800,800,508.0,110,0,n,4
1906,I1906,1500,1000,800,883.0,110,1,n,4
658,I0658,1500,1000,800,706.0,110,1,n,4
4642,I4642,1500,800,800,819.0,110,0,n,4
3224,I3224,1500,800,800,0.0,110,0,n,4
1731,I1731,1500,1000,800,642.0,110,1,n,4
629,I0629,1500,800,800,0.0,110,0,n,4
2683,I2683,1500,1000,800,951.0,110,1,n,4
367,I0367,1500,800,800,0.0,110,0,n,4
1538,I1538,1500,800,800,980.0,110,0,n,4
2521,I2521,1500,1000,800,877.0,110,1,n,4
1510,I1510,1500,800,800,929.0,110,0,n,4
334,I0334,1500,800,800,0.0,110,0,n,4
208,I0208,1500,800,800,0.0,110,0,n,4
264,I0264,1500,1000,800,627.0,110,1,n,4
2501,I2501,1500,1000,800,854.0,110,1,n,4
3708,I3708,1500,1000,800,783.0,110,1,n,4
3570,I3570,1500,1000,800,997.0,110,1,n,4
4168,I4168,1500,1000,800,1007.0,110,1,n,4
2638,I2638,1500,1000,800,665.0,110,1,n,4
256,I0256,1500,800,800,561.0,110,0,n,4
2863,I2863,1500,800,800,0.0,110,0,n,4
1885,I1885,1500,1000,800,801.0,110,1,n,4
53,I0053,1500,1000,800,512.0,110,1,n,4
4981,I4981,1500,800,800,593.0,110,0,n,4
946,I0946,1500,800,800,705.0,110,0,n,4
3091,I3091,1500,800,800,676.0,110,0,n,4
3841,I3841,1500,800,800,861.0,110,0,n,4
2806,I2806,1500,1000,800,556.0,110,1,n,4
4724,I4724,1500,1000,800,624.0,110,1,n,4
306,I0306,1500,800,800,513.0,110,0,n,4
4457,I4457,1500,1000,800,839.0,110,1,n,4
3185,I3185,1500,800,800,1280.0,110,0,n,4
740,I0740,1500,800,800,809.0,110,0,n,4
4197,I4197,1500,800,800,805.0,110,0,n,4
3178,I3178,1500,800,800,0.0,110,0,n,4
4885,I4885,1500,800,800,744.0,110,0,n,4
4098,I4098,1500,800,800,645.0,110,0,n,4
473,I0473,1500,1000,800,798.0,110,1,n,4
3998,I3998,1500,1000,800,506.0,110,1,n,4
4203,I4203,1500,1000,800,793.0,110,1,n,4
1275,I1275,1500,800,800,588.0,110,0,n,4
2563,I2563,1500,800,800,832.0,110,0,n,4
3295,I3295,1500,1000,800,1219.0,110,1,n,4
174,I0174,1500,1000,800,661.0,110,1,n,4
3763,I3763,1500,800,800,760.0,110,0,n,4
666,I0666,1500,800,800,658.0,110,0,n,4
3149,I3149,1500,800,800,536.0,110,0,n,4
1761,I1761,1500,1000,800,838.0,110,1,n,4
3743,I3743,1500,800,800,568.0,110,0,n,4
4532,I4532,1500,800,800,918.0,110,0,n,4
2994,I2994,1500,1000,800,659.0,110,1,n,4
4068,I4068,1500,800,800,0.0,110,0,n,4
4523,I4523,1500,800,800,0.0,110,0,n,4
1138,I1138,1500,800,800,680.0,110,0,n,4
4307,I4307,1500,800,800,645.0,110,0,n,4
3993,I3993,1500,800,800,1139.0,110,0,n,4
4939,I4939,1500,1000,800,811.0,110,1,n,4
3319,I3319,1500,1000,800,693.0,110,1,n,4
882,I0882,1500,1000,800,696.0,110,1,n,4
89,I0089,1500,1000,800,939.0,110,1,n,4
510,I0510,1500,1000,800,1015.0,110,1,n,4
2269,I2269,1500,800,800,826.0,110,0,n,4
3918,I3918,1500,1000,800,0.0,110,1,n,4
398,I0398,1500,1000,800,1051.0,110,1,n,4
4807,I4807,1500,1000,800,0.0,110,1,n,4
3906,I3906,1500,1000,800,708.0,110,1,n,4
2050,I2050,1500,800,800,0.0,110,0,n,4
1649,I1649,1500,800,800,778.0,110,0,n,4
2787,I2787,1500,1000,800,690.0,110,1,n,4
1179,I1179,1500,800,800,0.0,110,0,n,4
4013,I4013,1500,1000,800,780.0,110,1,n,4
4891,I4891,1500,1000,800,755.0,110,1,n,4
2810,I2810,1500,1000,800,720.0,110,1,n,4
1002,I1002,1500,1000,800,490.0,110,1,n,4
2681,I2681,1500,1000,800,717.0,110,1,n,4
1503,I1503,1500,800,800,1211.0,110,0,n,4
1495,I1495,1500,1000,800,0.0,110,1,n,4
4188,I4188,1500,800,800,1015.0,110,0,n,4
968,I0968,1500,800,800,545.0,110,0,n,4
633,I0633,1500,1000,800,733.0,110,1,n,4
4435,I4435,1500,1000,800,773.0,110,1,n,4
3374,I3374,1500,800,800,687.0,110,0,n,4
3599,I3599,1500,800,800,663.0,110,0,n,4
3074,I3074,1500,800,800,885.0,110,0,n,4
2462,I2462,1500,1000,800,672.0,110,1,n,4
996,I0996,1500,1000,800,702.0,110,1,n,4
1161,I1161,1500,1000,800,665.0,110,1,n,4
919,I0919,1500,800,800,611.0,110,0,n,4
157,I0157,1500,800,800,0.0,110,0,n,4
729,I0729,1500,1000,800,0.0,110,1,n,4
1586,I1586,1500,1000,800,842.0,110,1,n,4
440,I0440,1500,800,800,0.0,110,0,n,4
2618,I2618,1500,1000,800,0.0,110,1,n,4
3073,I3073,1500,1000,800,479.0,110,1,n,4
3896,I3896,1500,800,800,701.0,110,0,n,4
3635,I3635,1500,800,800,0.0,110,0,n,4
1262,I1262,1500,1000,800,674.0,110,1,n,4
955,I0955,1500,800,800,898.0,110,0,n,4
941,I0941,1500,1000,800,671.0,110,1,n,4
144,I0144,1500,800,800,809.0,110,0,n,4
1127,I1127,1500,800,800,1099.0,110,0,n,4
223,I0223,1500,1000,800,697.0,110,1,n,4
1405,I1405,1500,1000,800,662.0,110,1,n,4
127,I0127,1500,800,800,568.0,110,0,n,4
2562,I2562,1500,800,800,0.0,110,0,n,4
1497,I1497,1500,800,800,0.0,110,0,n,4
2993,I2993,1500,800,800,0.0,110,0,n,4
587,I0587,1500,1000,800,828.0,110,1,n,4
2475,I2475,1500,1000,800,0.0,110,1,n,4
2781,I2781,1500,800,800,876.0,110,0,n,4
1921,I1921,1500,800,800,737.0,110,0,n,4
337,I0337,1500,800,800,589.0,110,0,n,4
2679,I2679,1500,800,800,686.0,110,0,n,4
2755,I2755,1500,800,800,0.0,110,0,n,4
2652,I2652,1500,1000,800,0.0,110,1,n,4
2091,I2091,1500,800,800,0.0,110,0,n,4
3264,I3264,1500,1000,800,0.0,110,1,n,4
1398,I1398,1500,800,800,636.0,110,0,n,4
3588,I3588,1500,800,800,639.0,110,0,n,4
2942,I2942,1500,800,800,754.0,110,0,n,4
4906,I4906,1500,1000,800,610.0,110,1,n,4
701,I0701,1500,800,800,549.0,110,0,n,4
4489,I4489,1500,800,800,0.0,110,0,n,4
3079,I3079,1500,800,800,0.0,110,0,n,4
1806,I1806,1500,800,800,1021.0,110,0,n,4
754,I0754,1500,1000,800,675.0,110,1,n,4
392,I0392,1500,800,800,752.0,110,0,n,4
2326,I2326,1500,800,800,707.0,110,0,n,4
184,I0184,1500,800,800,0.0,110,0,n,4
4267,I4267,1500,1000,800,0.0,110,1,n,4
4118,I4118,1500,1000,800,1058.0,110,1,n,4
3303,I3303,1500,1000,800,619.0,110,1,n,4
3123,I3123,1500,800,800,0.0,110,0,n,4
676,I0676,1500,1000,800,1101.0,110,1,n,4
2225,I2225,1500,800,800,950.0,110,0,n,4
244,I0244,1500,1000,800,721.0,110,1,n,4
631,I0631,1500,1000,800,1032.0,110,1,n,4
80,I0080,1500,800,800,0.0,110,0,n,4
3304,I3304,1500,800,800,743.0,110,0,n,4
3296,I3296,1500,800,800,617.0,110,0,n,4
1931,I1931,1500,1000,800,853.0,110,1,n,4
163,I0163,1500,1000,800,634.0,110,1,n,4
401,I0401,1500,800,800,916.0,110,0,n,4
152,I0152,1500,1000,800,0.0,110,1,n,4
474,I0474,1500,1000,800,826.0,110,1,n,4
2788,I2788,1500,800,800,0.0,110,0,n,4
562,I0562,1500,1000,800,714.0,110,1,n,4
3043,I3043,1500,800,800,778.0,110,0,n,4
1324,I1324,1500,800,800,793.0,110,0,n,4
3648,I3648,1500,1000,800,0.0,110,1,n,4
1489,I1489,1500,1000,800,583.0,110,1,n,4
3576,I3576,1500,1000,800,620.0,110,1,n,4
2308,I2308,1500,800,800,771.0,110,0,n,4
4360,I4360,1500,800,800,0.0,110,0,n,4
4209,I4209,1500,1000,800,894.0,110,1,n,4
1575,I1575,1500,1000,800,703.0,110,1,n,4
1647,I1647,1500,800,800,605.0,110,0,n,4
4308,I4308,1500,1000,800,871.0,110,1,n,4
3667,I3667,1500,1000,800,886.0,110,1,n,4
1214,I1214,1500,1000,800,553.0,110,1,n,4
875,I0875,1500,800,800,703.0,110,0,n,4
3848,I3848,1500,1000,800,923.0,110,1,n,4
4273,I4273,1500,1000,800,507.0,110,1,n,4
3159,I3159,1500,800,800,0.0,110,0,n,4
2149,I2149,1500,1000,800,0.0,110,1,n,4
2725,I2725,1500,1000,800,603.0,110,1,n,4
393,I0393,1500,800,800,579.0,110,0,n,4
3476,I3476,1500,800,800,659.0,110,0,n,4
687,I0687,1500,1000,800,696.0,110,1,n,4
3876,I3876,1500,800,800,713.0,110,0,n,4
3733,I3733,1500,1000,800,537.0,110,1,n,4
3008,I3008,1500,800,800,665.0,110,0,n,4
2342,I2342,1500,1000,800,794.0,110,1,n,4
893,I0893,1500,800,800,810.0,110,0,n,4
1873,I1873,1500,800,800,0.0,110,0,n,4
3826,I3826,1500,800,800,815.0,110,0,n,4
1959,I1959,1500,1000,800,0.0,110,1,n,4
26,I0026,1500,1000,800,1022.0,110,1,n,4
2177,I2177,1500,800,800,584.0,110,0,n,4
3812,I3812,1500,1000,800,823.0,110,1,n,4
3217,I3217,1500,1000,800,777.0,110,1,n,4
3686,I3686,1500,800,800,1001.0,110,0,n,4
4346,I4346,1500,800,800,551.0,110,0,n,4
1036,I1036,1500,800,800,0.0,110,0,n,4
2412,I2412,1500,1000,800,627.0,110,1,n,4
2825,I2825,1500,1000,800,744.0,110,1,n,4
4897,I4897,1500,1000,800,602.0,110,1,n,4
2808,I2808,1500,1000,800,771.0,110,1,n,4
4257,I4257,1500,800,800,636.0,110,0,n,4
1344,I1344,1500,1000,800,672.0,110,1,n,4
795,I0795,1500,800,800,962.0,110,0,n,4
