,id_item,length,width,height,weight,nesting_height,stackability_code,forced_orientation,max_stackability
5899,I5899,1400,1225,1160,317.0,0,2,n,100
430,I0430,1400,1200,1450,179.4,45,3,n,100
2167,I2167,1600,1200,1350,207.72,45,4,n,100
3541,I3541,1900,1200,750,845.38,45,5,n,100
3078,I3078,1200,1000,975,293.32,45,1,n,100
1572,I1572,1600,1200,975,180.2,45,4,n,100
247,I0247,1400,1200,1450,179.4,45,3,n,100
8017,I8017,1200,1000,750,229.88,45,1,n,100
3645,I3645,1400,1225,1160,317.0,0,2,n,100
1591,I1591,1600,1200,1350,303.92,45,4,n,100
1492,I1492,1200,1000,975,225.6,45,1,n,100
6141,I6141,1400,1200,1450,179.4,45,3,n,100
2679,I2679,1400,1200,1450,179.4,45,3,n,100
3589,I3589,1400,1225,1160,278.5,0,2,n,100
6777,I6777,780,570,478,81.72,47,0,w,4
3750,I3750,1600,1200,1350,303.92,45,4,n,100
3468,I3468,1200,1000,975,293.32,45,1,n,100
7381,I7381,1600,1200,1350,207.72,45,4,n,100
6749,I6749,1600,1200,930,277.828,45,4,n,100
8227,I8227,1600,1200,1350,205.16,45,4,n,100
4275,I4275,1600,1200,1350,303.92,45,4,n,100
3738,I3738,1600,1200,1350,303.92,45,4,n,100
6,I0006,1200,1000,975,577.8,45,1,n,100
2773,I2773,1600,1200,1350,303.92,45,4,n,100
663,I0663,1400,1200,1450,179.4,45,3,n,100
1846,I1846,1600,1200,1350,303.92,45,4,n,100
4870,I4870,1400,1200,1450,179.4,45,3,n,100
5397,I5397,1600,1200,1350,303.92,45,4,n,100
5435,I5435,1400,1200,1450,179.4,45,3,n,100
5042,I5042,1200,1000,975,708.0,45,1,n,100
5569,I5569,1600,1200,1350,207.72,45,4,n,100
5080,I5080,1600,1200,930,438.4,45,4,n,100
2825,I2825,780,570,478,81.72,47,0,w,4
5830,I5830,1200,1000,750,229.88,45,1,n,100
935,I0935,1400,1200,1450,179.4,45,3,n,100
8117,I8117,1400,1200,1450,179.4,45,3,n,100
6020,I6020,1400,1225,1160,317.0,0,2,n,100
7955,I7955,1900,1200,750,845.38,45,5,n,100
7194,I7194,1200,1000,975,225.6,45,1,n,100
3458,I3458,1200,1000,975,293.32,45,1,n,100
5824,I5824,1200,1000,975,652.0,45,1,n,100
2060,I2060,1400,1200,1450,179.4,45,3,n,100
6069,I6069,780,570,478,170.28,47,0,w,4
4364,I4364,1200,1000,975,165.375,45,1,n,100
7545,I7545,1600,1200,1350,205.16,45,4,n,100
5667,I5667,1600,1200,1350,205.16,45,4,n,100
1138,I1138,1600,1200,1350,207.72,45,4,n,100
6640,I6640,1400,1200,1450,179.4,45,3,n,100
4296,I4296,1400,1225,1160,317.0,0,2,n,100
2897,I2897,1600,1200,930,438.4,45,4,n,100
2506,I2506,1400,1200,1450,179.4,45,3,n,100
2639,I2639,1200,1000,359,72.704,0,6,n,100
1991,I1991,1200,1000,975,336.7,45,1,n,100
1898,I1898,1200,1000,975,156.15,45,1,n,100
5076,I5076,1600,1200,930,438.4,45,4,n,100
2487,I2487,1400,1200,1450,179.4,45,3,n,100
5459,I5459,1400,1225,1160,317.0,0,2,n,100
1917,I1917,1400,1225,1160,278.5,0,2,n,100
1826,I1826,1600,1200,1350,303.92,45,4,n,100
5791,I5791,1600,1200,1350,303.92,45,4,n,100
4005,I4005,1400,1225,1160,317.0,0,2,n,100
6925,I6925,1400,1225,1160,278.5,0,2,n,100
5302,I5302,1600,1200,975,180.2,45,4,n,100
5228,I5228,1600,1200,1350,207.72,45,4,n,100
5171,I5171,1200,1000,750,229.88,45,1,n,100
3668,I3668,1600,1200,1350,207.72,45,4,n,100
1453,I1453,1200,1000,975,293.32,45,1,n,100
3606,I3606,1200,1000,975,183.84,45,1,n,100
2656,I2656,1200,1000,750,405.72,45,1,n,100
2015,I2015,1600,1200,1350,207.72,45,4,n,100
5134,I5134,1400,1200,1450,179.4,45,3,n,100
2215,I2215,1600,1200,1350,207.72,45,4,n,100
3266,I3266,1600,1200,930,438.4,45,4,n,100
7737,I7737,780,570,478,81.72,47,0,w,4
1124,I1124,1200,1000,975,293.32,45,1,n,100
4494,I4494,1400,1225,1160,317.0,0,2,n,100
5335,I5335,1600,1200,1350,207.72,45,4,n,100
3611,I3611,780,570,478,96.256,47,0,w,4
4615,I4615,1400,1200,1450,179.4,45,3,n,100
5190,I5190,1400,1225,1160,278.5,0,2,n,100
4186,I4186,1200,1000,750,229.88,45,1,n,100
747,I0747,1400,1200,1450,179.4,45,3,n,100
925,I0925,1400,1200,1450,179.4,45,3,n,100
8353,I8353,1200,1000,975,225.6,45,1,n,100
212,I0212,1600,1200,930,438.4,45,4,n,100
3975,I3975,1400,1200,1450,179.4,45,3,n,100
2936,I2936,1400,1225,1160,317.0,0,2,n,100
588,I0588,1200,1000,975,336.7,45,1,n,100
3559,I3559,1400,1225,1160,278.5,0,2,n,100
2841,I2841,1400,1200,1450,179.4,45,3,n,100
5478,I5478,1200,1000,975,259.6,45,1,n,100
5205,I5205,1600,1200,1350,207.72,45,4,n,100
3958,I3958,1400,1200,1450,179.4,45,3,n,100
6721,I6721,1400,1200,1450,179.4,45,3,n,100
7405,I7405,1600,1200,930,547.3,45,4,n,100
363,I0363,1400,1225,1160,317.0,0,2,n,100
1891,I1891,1600,1200,1350,303.92,45,4,n,100
7645,I7645,1600,1200,975,180.2,45,4,n,100
2990,I2990,1600,1200,1350,207.72,45,4,n,100
8136,I8136,1200,1000,975,527.4,45,1,n,100
598,I0598,1400,1225,1160,278.5,0,2,n,100
5026,I5026,1400,1225,1160,317.0,0,2,n,100
5399,I5399,1600,1200,1350,303.92,45,4,n,100
2395,I2395,1400,1225,1160,278.5,0,2,n,100
3352,I3352,1600,1200,930,438.4,45,4,n,100
2024,I2024,1600,1200,1350,207.72,45,4,n,100
7112,I7112,1400,1200,1450,179.4,45,3,n,100
3256,I3256,1400,1200,1450,179.4,45,3,n,100
1440,I1440,1600,1200,1350,207.72,45,4,n,100
5614,I5614,1600,1200,1350,205.16,45,4,n,100
6665,I6665,1200,1000,1057,164.04,0,6,n,100
3728,I3728,1400,1200,1450,179.4,45,3,n,100
6821,I6821,1400,1200,1450,179.4,45,3,n,100
4851,I4851,1400,1200,1450,179.4,45,3,n,100
7628,I7628,1400,1200,1450,179.4,45,3,n,100
2533,I2533,1400,1200,1450,179.4,45,3,n,100
4450,I4450,1200,1000,750,229.88,45,1,n,100
4637,I4637,1400,1200,1450,179.4,45,3,n,100
4631,I4631,1400,1200,1450,179.4,45,3,n,100
2629,I2629,1200,1000,975,527.4,45,1,n,100
5417,I5417,1600,1200,1350,205.16,45,4,n,100
3811,I3811,1400,1200,1450,179.4,45,3,n,100
4614,I4614,1600,1200,1350,303.92,45,4,n,100
7049,I7049,1600,1200,1350,207.72,45,4,n,100
412,I0412,1600,1200,930,454.873,45,4,n,100
7501,I7501,1200,1000,750,227.528,45,1,n,100
6799,I6799,1200,1000,975,165.375,45,1,n,100
2658,I2658,780,570,478,100.96,47,0,w,4
4093,I4093,1400,1200,1450,179.4,45,3,n,100
1395,I1395,1400,1200,1450,179.4,45,3,n,100
2040,I2040,1600,1200,1350,207.72,45,4,n,100
5248,I5248,1400,1200,1450,179.4,45,3,n,100
1897,I1897,1200,1000,975,156.15,45,1,n,100
8338,I8338,1400,1225,1160,317.0,0,2,n,100
8125,I8125,1200,1000,975,248.88,45,1,n,100
5004,I5004,1400,1200,1450,179.4,45,3,n,100
4531,I4531,1400,1200,1450,179.4,45,3,n,100
1398,I1398,1400,1200,1450,179.4,45,3,n,100
2981,I2981,780,570,478,96.256,47,0,w,4
4727,I4727,1400,1200,1450,179.4,45,3,n,100
248,I0248,1400,1200,1450,179.4,45,3,n,100
4730,I4730,1400,1200,1450,179.4,45,3,n,100
6978,I6978,1400,1200,1450,179.4,45,3,n,100
6274,I6274,1400,1200,1450,179.4,45,3,n,100
6830,I6830,1400,1200,1450,179.4,45,3,n,100
7037,I7037,1600,1200,1350,303.92,45,4,n,100
968,I0968,1400,1200,1450,179.4,45,3,n,100
7782,I7782,1400,1200,1450,179.4,45,3,n,100
7242,I7242,1400,1200,1450,179.4,45,3,n,100
2448,I2448,1600,1200,1350,205.16,45,4,n,100
2357,I2357,1200,1000,750,229.88,45,1,n,100
6836,I6836,1400,1200,1450,179.4,45,3,n,100
5230,I5230,1600,1200,1350,207.72,45,4,n,100
8041,I8041,1200,1000,1057,179.85,0,6,n,100
944,I0944,1400,1200,1450,179.4,45,3,n,100
779,I0779,1200,1000,975,293.32,45,1,n,100
5844,I5844,1400,1200,1450,179.4,45,3,n,100
4326,I4326,1600,1200,930,438.4,45,4,n,100
6165,I6165,1400,1225,1160,317.0,0,2,n,100
2563,I2563,1400,1200,1450,179.4,45,3,n,100
2468,I2468,1600,1200,1350,207.72,45,4,n,100
3729,I3729,1400,1200,1450,179.4,45,3,n,100
5122,I5122,1600,1200,1350,303.92,45,4,n,100
5023,I5023,1400,1225,1160,317.0,0,2,n,100
7839,I7839,1600,1200,1350,303.92,45,4,n,100
4855,I4855,1400,1200,1450,179.4,45,3,n,100
1609,I1609,1200,1000,930,343.9,45,1,n,100
6282,I6282,1400,1225,1160,278.5,0,2,n,100
1289,I1289,1200,1000,975,577.8,45,1,n,100
617,I0617,1400,1200,1450,179.4,45,3,n,100
3584,I3584,1600,1200,930,547.3,45,4,n,100
1704,I1704,1200,1000,975,183.84,45,1,n,100
4196,I4196,1200,1000,975,652.0,45,1,n,100
2736,I2736,780,570,478,160.56,47,0,w,4
1693,I1693,1600,1200,1350,207.72,45,4,n,100
8266,I8266,1200,1000,975,156.15,45,1,n,100
4388,I4388,1200,1000,975,169.0,45,1,n,100
3682,I3682,1600,1200,975,180.2,45,4,n,100
2413,I2413,1400,1200,1450,179.4,45,3,n,100
4529,I4529,1400,1200,1450,179.4,45,3,n,100
2345,I2345,1600,1200,1350,303.92,45,4,n,100
2771,I2771,1600,1200,1350,303.92,45,4,n,100
8267,I8267,1200,1000,975,156.15,45,1,n,100
8332,I8332,1200,1000,975,293.32,45,1,n,100
8333,I8333,1200,1000,975,293.32,45,1,n,100
8144,I8144,780,570,478,160.56,47,0,w,4
4379,I4379,1200,1000,975,183.84,45,1,n,100
2633,I2633,1200,1000,975,527.4,45,1,n,100
199,I0199,1400,1200,1450,179.4,45,3,n,100
46,I0046,1400,1200,1450,179.4,45,3,n,100
6953,I6953,780,570,478,104.768,47,0,w,4
5846,I5846,1400,1200,1450,179.4,45,3,n,100
7819,I7819,1600,1200,930,438.4,45,4,n,100
801,I0801,1900,1200,750,713.62,45,5,n,100
4562,I4562,1400,1225,1160,278.5,0,2,n,100
3974,I3974,1400,1200,1450,179.4,45,3,n,100
7944,I7944,1200,1000,975,293.32,45,1,n,100
8149,I8149,1400,1200,1450,179.4,45,3,n,100
1714,I1714,1400,1225,1160,317.0,0,2,n,100
8346,I8346,1400,1225,1160,317.0,0,2,n,100
1475,I1475,1200,1000,975,293.32,45,1,n,100
7538,I7538,1600,1200,1350,205.16,45,4,n,100
3130,I3130,780,570,478,170.28,47,0,w,4
912,I0912,1200,1000,975,527.4,45,1,n,100
6469,I6469,1600,1200,930,547.3,45,4,n,100
7475,I7475,1400,1225,1160,317.0,0,2,n,100
3927,I3927,780,570,478,160.56,47,0,w,4
7023,I7023,1600,1200,1350,207.72,45,4,n,100
7048,I7048,1600,1200,1350,303.92,45,4,n,100
5765,I5765,1400,1200,1450,179.4,45,3,n,100
4266,I4266,1400,1225,1160,278.5,0,2,n,100
1972,I1972,1200,1000,930,324.1,45,1,n,100
6496,I6496,1600,1200,1350,303.92,45,4,n,100
1060,I1060,1200,1000,750,229.88,45,1,n,100
6786,I6786,1600,1200,930,438.4,45,4,n,100
5836,I5836,1600,1200,1350,207.72,45,4,n,100
3404,I3404,1200,1000,975,165.375,45,1,n,100
3980,I3980,1400,1200,1450,179.4,45,3,n,100
745,I0745,1600,1200,1350,303.92,45,4,n,100
2940,I2940,1400,1225,1160,317.0,0,2,n,100
3850,I3850,1200,1000,975,293.32,45,1,n,100
2680,I2680,1400,1200,1450,179.4,45,3,n,100
1156,I1156,1600,1200,1350,303.92,45,4,n,100
1152,I1152,1600,1200,1350,303.92,45,4,n,100
168,I0168,1600,1200,1350,207.72,45,4,n,100
590,I0590,1900,1200,750,845.38,45,5,n,100
5450,I5450,1200,1000,750,229.88,45,1,n,100
5209,I5209,1600,1200,1350,207.72,45,4,n,100
8350,I8350,1400,1225,1160,317.0,0,2,n,100
4320,I4320,780,570,478,82.32,47,0,w,4
5123,I5123,1200,1000,359,77.352,0,6,n,100
4670,I4670,780,570,478,82.32,47,0,w,4
1116,I1116,1200,1000,975,293.32,45,1,n,100
1292,I1292,1400,1200,1450,179.4,45,3,n,100
2361,I2361,1200,1000,750,229.88,45,1,n,100
3144,I3144,1600,1200,930,454.873,45,4,n,100
4780,I4780,780,570,478,101.52,47,0,w,4
5263,I5263,1200,1000,975,183.84,45,1,n,100
3034,I3034,1200,1000,1057,164.04,0,6,n,100
2390,I2390,1400,1225,1160,278.5,0,2,n,100
4414,I4414,1200,1000,975,169.0,45,1,n,100
4715,I4715,1400,1200,1450,179.4,45,3,n,100
24,I0024,780,570,478,100.96,47,0,w,4
82,I0082,1600,1200,930,547.3,45,4,n,100
8086,I8086,1600,1200,1350,207.72,45,4,n,100
32,I0032,1400,1200,1450,179.4,45,3,n,100
2139,I2139,1200,1000,750,229.88,45,1,n,100
692,I0692,1600,1200,1350,303.92,45,4,n,100
4696,I4696,1400,1200,1450,179.4,45,3,n,100
7263,I7263,1400,1200,1450,179.4,45,3,n,100
3446,I3446,1600,1200,1350,207.72,45,4,n,100
4804,I4804,780,570,478,81.72,47,0,w,4
5989,I5989,1600,1200,1350,207.72,45,4,n,100
7877,I7877,1200,1000,975,527.4,45,1,n,100
6619,I6619,1200,1000,975,336.7,45,1,n,100
5903,I5903,1400,1225,1160,317.0,0,2,n,100
209,I0209,1600,1200,930,438.4,45,4,n,100
1268,I1268,1200,1000,975,169.0,45,1,n,100
7286,I7286,1400,1225,1160,278.5,0,2,n,100
1838,I1838,1600,1200,930,277.828,45,4,n,100
6876,I6876,1200,1000,975,527.4,45,1,n,100
6518,I6518,1400,1200,1450,179.4,45,3,n,100
7598,I7598,1400,1225,1160,317.0,0,2,n,100
4199,I4199,1200,1000,750,229.88,45,1,n,100
6551,I6551,780,570,478,100.96,47,0,w,4
5938,I5938,1400,1200,1450,179.4,45,3,n,100
2586,I2586,1600,1200,1350,207.72,45,4,n,100
8091,I8091,1200,1000,750,176.5,45,1,n,100
313,I0313,1400,1200,1450,179.4,45,3,n,100
831,I0831,1400,1200,1450,179.4,45,3,n,100
4559,I4559,1400,1225,1160,278.5,0,2,n,100
8375,I8375,1400,1225,1160,278.5,0,2,n,100
808,I0808,1200,1000,975,165.375,45,1,n,100
8157,I8157,1400,1200,1450,179.4,45,3,n,100
2930,I2930,1400,1225,1160,278.5,0,2,n,100
7030,I7030,1600,1200,1350,207.72,45,4,n,100
1659,I1659,1200,1000,750,229.88,45,1,n,100
6390,I6390,1400,1225,1160,278.5,0,2,n,100
3049,I3049,1200,1000,975,293.32,45,1,n,100
8073,I8073,1600,1200,1350,207.72,45,4,n,100
4131,I4131,1200,1000,750,229.88,45,1,n,100
5083,I5083,1200,1000,1155,373.25,0,6,n,100
679,I0679,1400,1200,1450,179.4,45,3,n,100
5761,I5761,1400,1200,1450,179.4,45,3,n,100
153,I0153,1400,1200,1450,179.4,45,3,n,100
6383,I6383,1200,1000,975,652.0,45,1,n,100
774,I0774,1200,1000,975,293.32,45,1,n,100
1197,I1197,1600,1200,975,180.2,45,4,n,100
8297,I8297,1200,1000,975,246.0,45,1,n,100
5699,I5699,1400,1225,1160,317.0,0,2,n,100
7350,I7350,1400,1200,1450,179.4,45,3,n,100
3575,I3575,1600,1200,1350,303.92,45,4,n,100
7347,I7347,1400,1200,1450,179.4,45,3,n,100
7898,I7898,1400,1200,1450,179.4,45,3,n,100
5086,I5086,1600,1200,1350,303.92,45,4,n,100
7980,I7980,1200,1000,975,156.15,45,1,n,100
8158,I8158,1400,1200,1450,179.4,45,3,n,100
1405,I1405,1200,1000,750,229.88,45,1,n,100
1387,I1387,1400,1200,1450,179.4,45,3,n,100
2535,I2535,1400,1200,1450,179.4,45,3,n,100
6357,I6357,1400,1225,1160,278.5,0,2,n,100
7078,I7078,780,570,478,100.96,47,0,w,4
5647,I5647,1600,1200,930,547.3,45,4,n,100
1042,I1042,1200,1000,975,336.7,45,1,n,100
7444,I7444,1400,1225,1160,317.0,0,2,n,100
5338,I5338,1600,1200,1350,207.72,45,4,n,100
3704,I3704,1400,1200,1450,179.4,45,3,n,100
5582,I5582,1600,1200,1350,303.92,45,4,n,100
7211,I7211,780,570,478,81.72,47,0,w,4
6162,I6162,1400,1225,1160,317.0,0,2,n,100
39,I0039,1400,1200,1450,179.4,45,3,n,100
4039,I4039,1200,1000,975,169.0,45,1,n,100
4640,I4640,1400,1200,1450,179.4,45,3,n,100
8386,I8386,1600,1200,930,547.3,45,4,n,100
1070,I1070,1200,1000,975,248.88,45,1,n,100
5536,I5536,1600,1200,1350,205.16,45,4,n,100
7397,I7397,1600,1200,1350,207.72,45,4,n,100
4246,I4246,1400,1225,1160,278.5,0,2,n,100
2746,I2746,1200,1000,750,405.72,45,1,n,100
4477,I4477,1400,1225,1160,317.0,0,2,n,100
814,I0814,780,570,478,96.256,47,0,w,4
3084,I3084,1600,1200,975,1471.6,45,4,n,100
1736,I1736,780,570,478,170.28,47,0,w,4
3861,I3861,1200,1000,975,293.32,45,1,n,100
4247,I4247,1400,1225,1160,278.5,0,2,n,100
3571,I3571,1600,1200,1350,303.92,45,4,n,100
6349,I6349,1200,1000,975,169.0,45,1,n,100
7681,I7681,1600,1200,1350,207.72,45,4,n,100
5179,I5179,1200,1000,975,225.6,45,1,n,100
1450,I1450,1200,1000,975,293.32,45,1,n,100
5322,I5322,1600,1200,1350,207.72,45,4,n,100
6172,I6172,1400,1225,1160,317.0,0,2,n,100
6344,I6344,1600,1200,975,180.2,45,4,n,100
7220,I7220,1600,1200,1350,303.92,45,4,n,100
3395,I3395,1600,1200,1350,303.92,45,4,n,100
171,I0171,1600,1200,1350,207.72,45,4,n,100
3360,I3360,1400,1200,1450,179.4,45,3,n,100
5680,I5680,1400,1200,1450,179.4,45,3,n,100
5463,I5463,1400,1225,1160,317.0,0,2,n,100
6287,I6287,1400,1225,1160,278.5,0,2,n,100
365,I0365,1400,1225,1160,317.0,0,2,n,100
3929,I3929,1200,1000,545,729.5,45,1,n,100
3022,I3022,1200,1000,750,267.8,45,1,n,100
2532,I2532,1400,1200,1450,179.4,45,3,n,100
6085,I6085,1600,1200,1350,207.72,45,4,n,100
1809,I1809,1200,1000,975,527.4,45,1,n,100
4214,I4214,1200,1000,975,156.15,45,1,n,100
6508,I6508,1400,1200,1450,179.4,45,3,n,100
2439,I2439,1400,1200,1450,179.4,45,3,n,100
6471,I6471,1600,1200,930,547.3,45,4,n,100
3089,I3089,1900,1200,750,845.38,45,5,n,100
6696,I6696,1400,1200,1450,179.4,45,3,n,100
1549,I1549,780,570,478,100.96,47,0,w,4
2608,I2608,1400,1225,1160,317.0,0,2,n,100
5535,I5535,1600,1200,1350,205.16,45,4,n,100
2959,I2959,1600,1200,1350,303.92,45,4,n,100
4383,I4383,1200,1000,975,169.0,45,1,n,100
1920,I1920,1400,1225,1160,278.5,0,2,n,100
1994,I1994,1200,1000,975,336.7,45,1,n,100
3163,I3163,1400,1225,1160,278.5,0,2,n,100
4250,I4250,1400,1225,1160,278.5,0,2,n,100
7250,I7250,1400,1200,1450,179.4,45,3,n,100
8069,I8069,1600,1200,1350,303.92,45,4,n,100
6409,I6409,1200,1000,359,70.016,0,6,n,100
2872,I2872,1400,1200,1450,179.4,45,3,n,100
3768,I3768,1200,1000,975,337.9,45,1,n,100
4833,I4833,1200,1000,975,336.7,45,1,n,100
2924,I2924,1400,1225,1160,278.5,0,2,n,100
2770,I2770,1600,1200,1350,303.92,45,4,n,100
1251,I1251,1400,1200,1450,179.4,45,3,n,100
5550,I5550,780,570,478,160.56,47,0,w,4
1315,I1315,1200,1000,750,227.528,45,1,n,100
348,I0348,1600,1200,930,547.3,45,4,n,100
978,I0978,780,570,478,81.72,47,0,w,4
4714,I4714,1400,1200,1450,179.4,45,3,n,100
7102,I7102,1600,1200,930,547.3,45,4,n,100
1231,I1231,1400,1200,1450,179.4,45,3,n,100
4749,I4749,1200,1000,975,304.12,45,1,n,100
4823,I4823,1200,1000,975,527.4,45,1,n,100
1961,I1961,780,570,478,100.96,47,0,w,4
179,I0179,1400,1200,1450,179.4,45,3,n,100
6832,I6832,1400,1200,1450,179.4,45,3,n,100
1875,I1875,1600,1200,1350,207.72,45,4,n,100
5037,I5037,780,570,478,82.32,47,0,w,4
4166,I4166,1400,1225,1160,278.5,0,2,n,100
567,I0567,1600,1200,1350,303.92,45,4,n,100
3300,I3300,1200,1000,975,293.32,45,1,n,100
5562,I5562,1600,1200,1350,207.72,45,4,n,100
839,I0839,1400,1200,1450,179.4,45,3,n,100
7463,I7463,1400,1225,1160,278.5,0,2,n,100
8384,I8384,1600,1200,930,547.3,45,4,n,100
6364,I6364,1400,1225,1160,278.5,0,2,n,100
2412,I2412,1400,1225,1160,278.5,0,2,n,100
1544,I1544,780,570,478,100.96,47,0,w,4
5935,I5935,1400,1200,1450,179.4,45,3,n,100
7873,I7873,1200,1000,975,527.4,45,1,n,100
1705,I1705,1200,1000,975,183.84,45,1,n,100
4107,I4107,780,570,478,104.768,47,0,w,4
3727,I3727,1400,1200,1450,179.4,45,3,n,100
3504,I3504,1400,1225,1160,317.0,0,2,n,100
7426,I7426,780,570,478,170.28,47,0,w,4
4520,I4520,1400,1200,1450,179.4,45,3,n,100
1330,I1330,1400,1225,1160,278.5,0,2,n,100
5609,I5609,1200,1000,750,229.88,45,1,n,100
1496,I1496,780,570,478,81.72,47,0,w,4
3989,I3989,1400,1200,1450,179.4,45,3,n,100
8281,I8281,780,570,478,100.96,47,0,w,4
3378,I3378,1400,1200,1450,179.4,45,3,n,100
96,I0096,1600,1200,1350,303.92,45,4,n,100
8168,I8168,1400,1200,1450,179.4,45,3,n,100
393,I0393,1400,1225,1160,317.0,0,2,n,100
2652,I2652,1200,1000,1155,373.25,0,6,n,100
8271,I8271,1400,1200,1450,179.4,45,3,n,100
7495,I7495,1400,1200,1450,179.4,45,3,n,100
989,I0989,1600,1200,930,277.828,45,4,n,100
245,I0245,1400,1200,1450,179.4,45,3,n,100
1002,I1002,1200,1000,975,156.15,45,1,n,100
7522,I7522,1200,1000,975,183.84,45,1,n,100
7159,I7159,1600,1200,1350,303.92,45,4,n,100
2128,I2128,1600,1200,930,547.3,45,4,n,100
5428,I5428,1200,1000,975,246.0,45,1,n,100
4589,I4589,1200,1000,750,227.528,45,1,n,100
2319,I2319,1400,1200,1450,179.4,45,3,n,100
6286,I6286,1400,1225,1160,278.5,0,2,n,100
6027,I6027,1600,1200,930,277.828,45,4,n,100
5355,I5355,1200,1000,975,225.6,45,1,n,100
4447,I4447,1200,1000,750,227.528,45,1,n,100
218,I0218,1400,1200,1450,179.4,45,3,n,100
2769,I2769,1200,1000,1155,375.0,0,6,n,100
4612,I4612,1600,1200,1350,303.92,45,4,n,100
775,I0775,1200,1000,975,293.32,45,1,n,100
604,I0604,1400,1225,1160,278.5,0,2,n,100
5957,I5957,1400,1225,1160,317.0,0,2,n,100
1375,I1375,1400,1200,1450,179.4,45,3,n,100
113,I0113,1400,1200,1450,179.4,45,3,n,100
1008,I1008,1200,1000,750,229.88,45,1,n,100
2858,I2858,1400,1200,1450,179.4,45,3,n,100
3665,I3665,1200,1000,1155,375.0,0,6,n,100
6610,I6610,1400,1200,1450,179.4,45,3,n,100
657,I0657,1400,1200,1450,179.4,45,3,n,100
8388,I8388,1600,1200,930,454.873,45,4,n,100
6136,I6136,1400,1200,1450,179.4,45,3,n,100
5077,I5077,1600,1200,930,438.4,45,4,n,100
6872,I6872,1200,1000,1155,366.75,0,6,n,100
760,I0760,1200,1000,750,217.45,45,1,n,100
2187,I2187,1600,1200,1350,207.72,45,4,n,100
5714,I5714,780,570,478,96.256,47,0,w,4
1328,I1328,1400,1225,1160,278.5,0,2,n,100
3911,I3911,1600,1200,975,611.224,45,4,n,100
5165,I5165,1200,1000,558,122.032,0,6,n,100
7438,I7438,1400,1225,1160,317.0,0,2,n,100
3131,I3131,780,570,478,170.28,47,0,w,4
8132,I8132,780,570,478,82.32,47,0,w,4
6042,I6042,1600,1200,975,180.2,45,4,n,100
4410,I4410,1200,1000,975,169.0,45,1,n,100
88,I0088,1600,1200,1350,303.92,45,4,n,100
4279,I4279,1200,1000,545,729.5,45,1,n,100
1462,I1462,1200,1000,975,293.32,45,1,n,100
6528,I6528,1400,1200,1450,179.4,45,3,n,100
6875,I6875,1200,1000,975,527.4,45,1,n,100
8102,I8102,1400,1200,1450,179.4,45,3,n,100
1966,I1966,780,570,478,100.96,47,0,w,4
656,I0656,1400,1200,1450,179.4,45,3,n,100
2814,I2814,1200,1000,975,527.4,45,1,n,100
6302,I6302,1400,1200,1450,179.4,45,3,n,100
7445,I7445,1400,1225,1160,317.0,0,2,n,100
7368,I7368,780,570,478,81.72,47,0,w,4
126,I0126,1400,1200,1450,179.4,45,3,n,100
188,I0188,1400,1200,1450,179.4,45,3,n,100
4846,I4846,1200,1000,545,690.5,45,1,n,100
3406,I3406,1600,1200,930,438.4,45,4,n,100
4581,I4581,1400,1225,1160,278.5,0,2,n,100
7902,I7902,1400,1200,1450,179.4,45,3,n,100
7059,I7059,1600,1200,1350,207.72,45,4,n,100
3618,I3618,780,570,478,100.96,47,0,w,4
5762,I5762,1400,1200,1450,179.4,45,3,n,100
8139,I8139,1200,1000,975,527.4,45,1,n,100
5220,I5220,1600,1200,1350,303.92,45,4,n,100
426,I0426,1400,1200,1450,179.4,45,3,n,100
346,I0346,1200,1000,750,351.756,45,1,n,100
2888,I2888,1600,1200,1350,303.92,45,4,n,100
302,I0302,1400,1200,1450,179.4,45,3,n,100
3114,I3114,1600,1200,975,180.2,45,4,n,100
7510,I7510,1600,1200,1350,207.72,45,4,n,100
7118,I7118,1400,1200,1450,179.4,45,3,n,100
5645,I5645,1600,1200,930,547.3,45,4,n,100
7116,I7116,1400,1200,1450,179.4,45,3,n,100
3731,I3731,1400,1200,1450,179.4,45,3,n,100
8254,I8254,780,570,478,100.96,47,0,w,4
5412,I5412,1200,1000,1057,164.04,0,6,n,100
5413,I5413,1200,1000,1057,164.04,0,6,n,100
785,I0785,1200,1000,975,293.32,45,1,n,100
2657,I2657,780,570,478,100.96,47,0,w,4
3289,I3289,1200,1000,975,293.32,45,1,n,100
2451,I2451,1600,1200,930,438.4,45,4,n,100
6288,I6288,1400,1225,1160,278.5,0,2,n,100
3689,I3689,1600,1200,975,180.2,45,4,n,100
5082,I5082,1600,1200,930,438.4,45,4,n,100
5187,I5187,1400,1225,1160,278.5,0,2,n,100
8115,I8115,1400,1200,1450,179.4,45,3,n,100
8374,I8374,1400,1225,1160,278.5,0,2,n,100
3481,I3481,1200,1000,975,293.32,45,1,n,100
3760,I3760,780,570,478,81.72,47,0,w,4
4286,I4286,1400,1225,1160,317.0,0,2,n,100
5753,I5753,1400,1200,1450,179.4,45,3,n,100
5638,I5638,1600,1200,1350,207.72,45,4,n,100
8309,I8309,1200,1000,975,293.32,45,1,n,100
625,I0625,1400,1200,1450,179.4,45,3,n,100
3637,I3637,1200,1000,975,308.76,45,1,n,100
7775,I7775,1400,1225,1160,317.0,0,2,n,100
5444,I5444,1200,1000,750,351.756,45,1,n,100
5193,I5193,1400,1225,1160,278.5,0,2,n,100
459,I0459,1200,1000,975,577.8,45,1,n,100
5956,I5956,1400,1225,1160,317.0,0,2,n,100
8200,I8200,780,570,478,100.96,47,0,w,4
6171,I6171,1400,1225,1160,317.0,0,2,n,100
8047,I8047,780,570,478,170.28,47,0,w,4
1320,I1320,1600,1200,1350,303.92,45,4,n,100
2696,I2696,1400,1200,1450,179.4,45,3,n,100
1296,I1296,1400,1200,1450,179.4,45,3,n,100
864,I0864,1200,1000,750,227.528,45,1,n,100
4339,I4339,1600,1200,1350,207.72,45,4,n,100
7719,I7719,1600,1200,1350,205.16,45,4,n,100
2653,I2653,1200,1000,975,652.0,45,1,n,100
1707,I1707,1400,1225,1160,317.0,0,2,n,100
1626,I1626,1200,1000,930,324.1,45,1,n,100
4126,I4126,1600,1200,1350,205.16,45,4,n,100
3285,I3285,1200,1000,975,293.32,45,1,n,100
6158,I6158,1400,1225,1160,317.0,0,2,n,100
4723,I4723,1400,1200,1450,179.4,45,3,n,100
6946,I6946,1400,1225,1160,278.5,0,2,n,100
3959,I3959,1400,1200,1450,179.4,45,3,n,100
5932,I5932,1400,1200,1450,179.4,45,3,n,100
5985,I5985,1400,1200,1450,179.4,45,3,n,100
2291,I2291,780,570,478,82.32,47,0,w,4
480,I0480,1200,1000,975,165.375,45,1,n,100
3936,I3936,1400,1200,1450,179.4,45,3,n,100
482,I0482,1200,1000,975,165.375,45,1,n,100
7836,I7836,780,570,478,160.56,47,0,w,4
3570,I3570,1600,1200,930,514.24,45,4,n,100
8209,I8209,1600,1200,1350,303.92,45,4,n,100
7514,I7514,1200,1000,975,183.84,45,1,n,100
4314,I4314,1600,1200,1350,207.72,45,4,n,100
686,I0686,1600,1200,930,454.873,45,4,n,100
1953,I1953,1200,1000,750,227.528,45,1,n,100
881,I0881,1400,1200,1450,179.4,45,3,n,100
5016,I5016,1200,1000,975,337.45,45,1,n,100
5548,I5548,780,570,478,81.72,47,0,w,4
5712,I5712,1400,1225,1160,317.0,0,2,n,100
5626,I5626,1600,1200,1350,207.72,45,4,n,100
2725,I2725,1400,1225,1160,317.0,0,2,n,100
1688,I1688,1400,1200,1450,179.4,45,3,n,100
4142,I4142,1200,1000,975,156.15,45,1,n,100
3894,I3894,1400,1225,1160,317.0,0,2,n,100
6164,I6164,1400,1225,1160,317.0,0,2,n,100
5720,I5720,1600,1200,1350,303.92,45,4,n,100
7897,I7897,1400,1200,1450,179.4,45,3,n,100
2476,I2476,1400,1225,1160,278.5,0,2,n,100
2234,I2234,1400,1200,1450,179.4,45,3,n,100
1376,I1376,1400,1200,1450,179.4,45,3,n,100
7348,I7348,1400,1200,1450,179.4,45,3,n,100
2274,I2274,1200,1000,750,405.72,45,1,n,100
2823,I2823,1200,1000,545,729.5,45,1,n,100
5718,I5718,1200,1000,975,248.88,45,1,n,100
6179,I6179,1600,1200,1350,303.92,45,4,n,100
1983,I1983,1600,1200,1350,303.92,45,4,n,100
6393,I6393,1600,1200,1350,207.72,45,4,n,100
8237,I8237,1200,1000,975,248.88,45,1,n,100
3751,I3751,1600,1200,1350,303.92,45,4,n,100
5886,I5886,1400,1225,1160,278.5,0,2,n,100
6638,I6638,1400,1200,1450,179.4,45,3,n,100
4407,I4407,1200,1000,975,169.0,45,1,n,100
6212,I6212,1400,1225,1160,278.5,0,2,n,100
7019,I7019,1600,1200,1350,207.72,45,4,n,100
677,I0677,1400,1200,1450,179.4,45,3,n,100
675,I0675,1400,1200,1450,179.4,45,3,n,100
7174,I7174,1600,1200,930,454.873,45,4,n,100
322,I0322,1400,1200,1450,179.4,45,3,n,100
4695,I4695,1400,1200,1450,179.4,45,3,n,100
7988,I7988,780,570,478,170.28,47,0,w,4
2620,I2620,1600,1200,1350,303.92,45,4,n,100
2718,I2718,1400,1225,1160,317.0,0,2,n,100
7662,I7662,1600,1200,975,180.2,45,4,n,100
4167,I4167,1400,1225,1160,278.5,0,2,n,100
148,I0148,1400,1200,1450,179.4,45,3,n,100
1445,I1445,1200,1000,975,165.375,45,1,n,100
622,I0622,1400,1200,1450,179.4,45,3,n,100
7499,I7499,1600,1200,975,611.224,45,4,n,100
2889,I2889,1600,1200,1350,303.92,45,4,n,100
6398,I6398,1200,1000,1155,375.0,0,6,n,100
2810,I2810,1200,1000,975,527.4,45,1,n,100
5427,I5427,1200,1000,750,351.756,45,1,n,100
4720,I4720,1400,1200,1450,179.4,45,3,n,100
6674,I6674,1400,1200,1450,179.4,45,3,n,100
2972,I2972,1600,1200,1350,207.72,45,4,n,100
6731,I6731,1200,1000,975,527.4,45,1,n,100
7070,I7070,1200,1000,975,577.8,45,1,n,100
6516,I6516,1400,1200,1450,179.4,45,3,n,100
3205,I3205,1200,1000,750,229.88,45,1,n,100
7299,I7299,780,570,478,100.96,47,0,w,4
4713,I4713,1400,1200,1450,179.4,45,3,n,100
4231,I4231,780,570,478,170.28,47,0,w,4
7128,I7128,1400,1200,1450,179.4,45,3,n,100
1748,I1748,1400,1225,1160,317.0,0,2,n,100
87,I0087,1600,1200,1350,303.92,45,4,n,100
2596,I2596,1600,1200,1350,207.72,45,4,n,100
6664,I6664,1200,1000,1057,164.04,0,6,n,100
6401,I6401,1600,1200,930,454.873,45,4,n,100
4307,I4307,1600,1200,1350,207.72,45,4,n,100
3636,I3636,1600,1200,1350,205.16,45,4,n,100
8326,I8326,1200,1000,975,293.32,45,1,n,100
274,I0274,780,570,478,96.256,47,0,w,4
4269,I4269,1200,1000,645,330.5,0,6,n,100
164,I0164,1600,1200,1350,207.72,45,4,n,100
832,I0832,1400,1200,1450,179.4,45,3,n,100
3680,I3680,1600,1200,975,180.2,45,4,n,100
3839,I3839,1200,1000,1057,179.85,0,6,n,100
2189,I2189,1600,1200,1350,207.72,45,4,n,100
519,I0519,1400,1200,1450,179.4,45,3,n,100
1612,I1612,1200,1000,975,165.375,45,1,n,100
2834,I2834,780,570,478,96.256,47,0,w,4
4690,I4690,780,570,478,96.256,47,0,w,4
3293,I3293,1200,1000,975,293.32,45,1,n,100
4467,I4467,1200,1000,975,577.8,45,1,n,100
946,I0946,1400,1200,1450,179.4,45,3,n,100
5980,I5980,1400,1200,1450,179.4,45,3,n,100
6354,I6354,1400,1225,1160,278.5,0,2,n,100
2945,I2945,1400,1225,1160,317.0,0,2,n,100
6934,I6934,1400,1225,1160,278.5,0,2,n,100
5842,I5842,1400,1200,1450,179.4,45,3,n,100
2077,I2077,1200,1000,975,708.0,45,1,n,100
5452,I5452,1200,1000,750,229.88,45,1,n,100
1498,I1498,1600,1200,930,438.4,45,4,n,100
8208,I8208,1600,1200,1350,303.92,45,4,n,100
7497,I7497,1400,1200,1450,179.4,45,3,n,100
6362,I6362,1400,1225,1160,278.5,0,2,n,100
815,I0815,1400,1200,1450,179.4,45,3,n,100
5510,I5510,1600,1200,1350,303.92,45,4,n,100
704,I0704,1600,1200,1350,303.92,45,4,n,100
6671,I6671,1400,1200,1450,179.4,45,3,n,100
1133,I1133,1200,1000,975,248.88,45,1,n,100
4692,I4692,1400,1200,1450,179.4,45,3,n,100
2316,I2316,1400,1200,1450,179.4,45,3,n,100
7332,I7332,1400,1200,1450,179.4,45,3,n,100
1812,I1812,1200,1000,975,527.4,45,1,n,100
5605,I5605,1200,1000,750,229.88,45,1,n,100
5981,I5981,1400,1200,1450,179.4,45,3,n,100
3277,I3277,1600,1200,1350,207.72,45,4,n,100
1245,I1245,1400,1200,1450,179.4,45,3,n,100
2043,I2043,1200,1000,975,527.4,45,1,n,100
6207,I6207,1400,1225,1160,278.5,0,2,n,100
323,I0323,1400,1200,1450,179.4,45,3,n,100
3450,I3450,1200,1000,975,293.32,45,1,n,100
6011,I6011,1400,1225,1160,317.0,0,2,n,100
3140,I3140,1600,1200,930,277.828,45,4,n,100
6135,I6135,1400,1200,1450,179.4,45,3,n,100
6453,I6453,1600,1200,1350,207.72,45,4,n,100
4174,I4174,1400,1225,1160,278.5,0,2,n,100
2528,I2528,1400,1200,1450,179.4,45,3,n,100
1271,I1271,1200,1000,975,169.0,45,1,n,100
1458,I1458,1200,1000,975,293.32,45,1,n,100
2268,I2268,1400,1200,1450,179.4,45,3,n,100
1903,I1903,1200,1000,1057,179.85,0,6,n,100
3213,I3213,1400,1200,1450,179.4,45,3,n,100
2008,I2008,1600,1200,1350,207.72,45,4,n,100
921,I0921,1400,1200,1450,179.4,45,3,n,100
4471,I4471,1200,1000,975,577.8,45,1,n,100
6268,I6268,1400,1200,1450,179.4,45,3,n,100
1426,I1426,1200,1000,750,229.88,45,1,n,100
3197,I3197,1600,1200,1350,207.72,45,4,n,100
7061,I7061,1600,1200,1350,207.72,45,4,n,100
6582,I6582,1200,1000,975,165.375,45,1,n,100
7669,I7669,1600,1200,1350,207.72,45,4,n,100
7067,I7067,780,570,478,104.768,47,0,w,4
3270,I3270,1600,1200,1350,303.92,45,4,n,100
4905,I4905,1400,1200,1450,179.4,45,3,n,100
7307,I7307,780,570,478,170.28,47,0,w,4
3448,I3448,1200,1000,975,293.32,45,1,n,100
6766,I6766,1600,1200,1350,205.16,45,4,n,100
2688,I2688,1400,1200,1450,179.4,45,3,n,100
5150,I5150,780,570,478,100.96,47,0,w,4
5408,I5408,1200,1000,1155,366.75,0,6,n,100
943,I0943,1400,1200,1450,179.4,45,3,n,100
5555,I5555,1600,1200,1350,207.72,45,4,n,100
2917,I2917,1200,1000,645,330.5,0,6,n,100
8092,I8092,1200,1000,750,176.5,45,1,n,100
8160,I8160,1400,1200,1450,179.4,45,3,n,100
4711,I4711,1400,1200,1450,179.4,45,3,n,100
2606,I2606,1600,1200,930,547.3,45,4,n,100
3656,I3656,1600,1200,975,1471.6,45,4,n,100
4624,I4624,1400,1200,1450,179.4,45,3,n,100
6631,I6631,1400,1200,1450,179.4,45,3,n,100
7805,I7805,1600,1200,930,438.4,45,4,n,100
7842,I7842,1600,1200,1350,303.92,45,4,n,100
627,I0627,1400,1200,1450,179.4,45,3,n,100
3818,I3818,1600,1200,1350,207.72,45,4,n,100
2443,I2443,1400,1200,1450,179.4,45,3,n,100
2798,I2798,1200,1000,975,169.0,45,1,n,100
7824,I7824,1200,1000,975,577.8,45,1,n,100
4448,I4448,1200,1000,750,227.528,45,1,n,100
4194,I4194,1200,1000,975,165.375,45,1,n,100
8018,I8018,1200,1000,750,229.88,45,1,n,100
4877,I4877,1600,1200,1350,207.72,45,4,n,100
8253,I8253,780,570,478,160.56,47,0,w,4
8373,I8373,1400,1225,1160,278.5,0,2,n,100
4501,I4501,1400,1225,1160,317.0,0,2,n,100
1610,I1610,1200,1000,975,165.375,45,1,n,100
7183,I7183,1400,1225,1160,278.5,0,2,n,100
1213,I1213,1600,1200,975,180.2,45,4,n,100
5859,I5859,780,570,478,100.96,47,0,w,4
6329,I6329,1600,1200,975,180.2,45,4,n,100
7694,I7694,1200,1000,975,577.8,45,1,n,100
8174,I8174,1400,1200,1450,179.4,45,3,n,100
7317,I7317,1400,1225,1160,278.5,0,2,n,100
1729,I1729,1400,1225,1160,317.0,0,2,n,100
4267,I4267,1400,1225,1160,278.5,0,2,n,100
4203,I4203,1200,1000,750,229.88,45,1,n,100
1737,I1737,780,570,478,170.28,47,0,w,4
3856,I3856,1200,1000,975,293.32,45,1,n,100
3177,I3177,1900,1200,750,713.62,45,5,n,100
6813,I6813,1400,1225,1160,317.0,0,2,n,100
3932,I3932,780,570,478,104.768,47,0,w,4
2779,I2779,1600,1200,1350,207.72,45,4,n,100
5169,I5169,1200,1000,750,229.88,45,1,n,100
5809,I5809,1200,1000,975,156.15,45,1,n,100
476,I0476,1200,1000,975,183.84,45,1,n,100
2053,I2053,1400,1200,1450,179.4,45,3,n,100
4977,I4977,1400,1225,1160,278.5,0,2,n,100
3375,I3375,1400,1200,1450,179.4,45,3,n,100
2539,I2539,1400,1200,1450,179.4,45,3,n,100
1508,I1508,1200,1000,975,156.15,45,1,n,100
6521,I6521,1400,1200,1450,179.4,45,3,n,100
6903,I6903,1400,1225,1160,317.0,0,2,n,100
392,I0392,1400,1225,1160,317.0,0,2,n,100
4800,I4800,780,570,478,81.72,47,0,w,4
2029,I2029,1200,1000,975,259.6,45,1,n,100
7221,I7221,1600,1200,1350,303.92,45,4,n,100
3720,I3720,1400,1200,1450,179.4,45,3,n,100
6187,I6187,780,570,478,82.32,47,0,w,4
6740,I6740,1600,1200,1350,303.92,45,4,n,100
3659,I3659,1600,1200,930,547.3,45,4,n,100
6571,I6571,1200,1000,975,246.0,45,1,n,100
4306,I4306,1600,1200,1350,207.72,45,4,n,100
661,I0661,1400,1200,1450,179.4,45,3,n,100
3705,I3705,1400,1200,1450,179.4,45,3,n,100
70,I0070,1400,1225,1160,317.0,0,2,n,100
6795,I6795,1600,1200,930,438.4,45,4,n,100
6536,I6536,1600,1200,1350,207.72,45,4,n,100
4746,I4746,780,570,478,170.28,47,0,w,4
1429,I1429,780,570,478,82.32,47,0,w,4
4099,I4099,1400,1200,1450,179.4,45,3,n,100
4109,I4109,1400,1225,1160,317.0,0,2,n,100
6686,I6686,1400,1200,1450,179.4,45,3,n,100
5604,I5604,1900,1200,750,845.38,45,5,n,100
6784,I6784,1600,1200,1350,303.92,45,4,n,100
6272,I6272,1400,1200,1450,179.4,45,3,n,100
1687,I1687,1400,1200,1450,179.4,45,3,n,100
3899,I3899,1400,1225,1160,317.0,0,2,n,100
7136,I7136,1400,1200,1450,179.4,45,3,n,100
8282,I8282,780,570,478,100.96,47,0,w,4
3925,I3925,780,570,478,81.72,47,0,w,4
7584,I7584,1400,1225,1160,278.5,0,2,n,100
4701,I4701,1200,1000,750,229.88,45,1,n,100
4144,I4144,1200,1000,975,156.15,45,1,n,100
6746,I6746,1600,1200,930,547.3,45,4,n,100
954,I0954,1600,1200,1350,207.72,45,4,n,100
5275,I5275,1400,1225,1160,278.5,0,2,n,100
1965,I1965,780,570,478,100.96,47,0,w,4
7659,I7659,1600,1200,975,180.2,45,4,n,100
7318,I7318,1400,1225,1160,278.5,0,2,n,100
6932,I6932,1400,1225,1160,278.5,0,2,n,100
6608,I6608,1400,1200,1450,179.4,45,3,n,100
4930,I4930,1200,1000,750,351.756,45,1,n,100
3805,I3805,1400,1200,1450,179.4,45,3,n,100
970,I0970,1400,1200,1450,179.4,45,3,n,100
3846,I3846,1200,1000,975,248.88,45,1,n,100
8219,I8219,1600,1200,1350,205.16,45,4,n,100
3274,I3274,1600,1200,1350,303.92,45,4,n,100
7723,I7723,1200,1000,975,577.8,45,1,n,100
84,I0084,1600,1200,930,547.3,45,4,n,100
2840,I2840,1600,1200,1350,205.16,45,4,n,100
111,I0111,1400,1200,1450,179.4,45,3,n,100
1798,I1798,780,570,478,82.32,47,0,w,4
4961,I4961,1600,1200,1350,205.16,45,4,n,100
5502,I5502,1200,1000,975,225.6,45,1,n,100
115,I0115,1400,1200,1450,179.4,45,3,n,100
5008,I5008,1400,1200,1450,179.4,45,3,n,100
6599,I6599,1600,1200,1350,205.16,45,4,n,100
3026,I3026,780,570,478,160.56,47,0,w,4
4868,I4868,1400,1200,1450,179.4,45,3,n,100
7952,I7952,1600,1200,1350,303.92,45,4,n,100
1811,I1811,1200,1000,975,527.4,45,1,n,100
5489,I5489,1200,1000,975,248.88,45,1,n,100
2647,I2647,1200,1000,750,229.88,45,1,n,100
1932,I1932,780,570,478,81.72,47,0,w,4
8383,I8383,1600,1200,930,547.3,45,4,n,100
8083,I8083,1600,1200,1350,207.72,45,4,n,100
5049,I5049,1200,1000,1155,366.75,0,6,n,100
2288,I2288,1600,1200,1350,207.72,45,4,n,100
5308,I5308,1600,1200,975,180.2,45,4,n,100
2762,I2762,780,570,478,81.72,47,0,w,4
5213,I5213,1600,1200,1350,207.72,45,4,n,100
280,I0280,1200,1000,975,577.8,45,1,n,100
2278,I2278,1200,1000,750,229.88,45,1,n,100
3230,I3230,1400,1200,1450,179.4,45,3,n,100
4797,I4797,1600,1200,1350,207.72,45,4,n,100
4698,I4698,1400,1200,1450,179.4,45,3,n,100
4882,I4882,1200,1000,545,729.5,45,1,n,100
7343,I7343,1400,1200,1450,179.4,45,3,n,100
918,I0918,1200,1000,975,527.4,45,1,n,100
1649,I1649,1400,1200,1450,179.4,45,3,n,100
7213,I7213,1200,1000,975,337.9,45,1,n,100
6415,I6415,1200,1000,750,227.528,45,1,n,100
1619,I1619,1600,1200,930,438.4,45,4,n,100
3331,I3331,1400,1225,1160,317.0,0,2,n,100
4241,I4241,1600,1200,1350,207.72,45,4,n,100
8310,I8310,1200,1000,975,293.32,45,1,n,100
206,I0206,1600,1200,930,438.4,45,4,n,100
6048,I6048,1600,1200,975,180.2,45,4,n,100
1883,I1883,1200,1000,975,165.375,45,1,n,100
7,I0007,1200,1000,975,577.8,45,1,n,100
3563,I3563,1400,1225,1160,278.5,0,2,n,100
1380,I1380,1400,1200,1450,179.4,45,3,n,100
1949,I1949,1200,1000,750,229.88,45,1,n,100
4209,I4209,780,570,478,82.32,47,0,w,4
2285,I2285,1600,1200,1350,207.72,45,4,n,100
1497,I1497,780,570,478,81.72,47,0,w,4
1931,I1931,780,570,478,96.256,47,0,w,4
5490,I5490,1200,1000,975,183.84,45,1,n,100
7284,I7284,1400,1225,1160,278.5,0,2,n,100
7482,I7482,1400,1200,1450,179.4,45,3,n,100
2073,I2073,1400,1200,1450,179.4,45,3,n,100
49,I0049,1400,1200,1450,179.4,45,3,n,100
4404,I4404,1200,1000,975,169.0,45,1,n,100
4507,I4507,1600,1200,930,438.4,45,4,n,100
1372,I1372,1400,1200,1450,179.4,45,3,n,100
5073,I5073,1200,1000,975,527.4,45,1,n,100
3930,I3930,1200,1000,750,351.756,45,1,n,100
3820,I3820,1600,1200,1350,207.72,45,4,n,100
7879,I7879,1200,1000,975,527.4,45,1,n,100
4478,I4478,1400,1225,1160,317.0,0,2,n,100
1923,I1923,1400,1225,1160,278.5,0,2,n,100
1598,I1598,1200,1000,930,324.1,45,1,n,100
6479,I6479,1200,1000,975,336.7,45,1,n,100
5912,I5912,1400,1200,1450,179.4,45,3,n,100
4211,I4211,1200,1000,750,500.86,45,1,n,100
6220,I6220,1600,1200,930,454.873,45,4,n,100
2726,I2726,1900,1200,750,845.38,45,5,n,100
4679,I4679,1600,1200,1350,207.72,45,4,n,100
4206,I4206,780,570,478,82.32,47,0,w,4
851,I0851,1400,1225,1160,278.5,0,2,n,100
5494,I5494,1900,1200,750,713.62,45,5,n,100
3657,I3657,1600,1200,930,547.3,45,4,n,100
3753,I3753,1200,1000,975,183.84,45,1,n,100
2174,I2174,1200,1000,750,229.88,45,1,n,100
5442,I5442,1400,1200,1450,179.4,45,3,n,100
4375,I4375,1200,1000,1057,164.04,0,6,n,100
8103,I8103,1400,1200,1450,179.4,45,3,n,100
5696,I5696,1400,1225,1160,317.0,0,2,n,100
982,I0982,780,570,478,170.28,47,0,w,4
5443,I5443,1200,1000,750,351.944,45,1,n,100
1295,I1295,1400,1200,1450,179.4,45,3,n,100
534,I0534,1400,1200,1450,179.4,45,3,n,100
5085,I5085,1600,1200,1350,303.92,45,4,n,100
6437,I6437,1400,1225,1160,278.5,0,2,n,100
7783,I7783,1400,1200,1450,179.4,45,3,n,100
5491,I5491,1200,1000,975,183.84,45,1,n,100
2967,I2967,1600,1200,1350,207.72,45,4,n,100
5622,I5622,780,570,478,170.28,47,0,w,4
6439,I6439,1400,1225,1160,278.5,0,2,n,100
7232,I7232,1400,1200,1450,179.4,45,3,n,100
7616,I7616,1400,1200,1450,179.4,45,3,n,100
8322,I8322,1200,1000,975,293.32,45,1,n,100
1990,I1990,1200,1000,975,336.7,45,1,n,100
5663,I5663,1600,1200,930,454.873,45,4,n,100
6865,I6865,1400,1200,1450,179.4,45,3,n,100
933,I0933,1400,1200,1450,179.4,45,3,n,100
6752,I6752,1200,1000,558,122.032,0,6,n,100
6313,I6313,1600,1200,930,514.24,45,4,n,100
4071,I4071,1400,1200,1450,179.4,45,3,n,100
1249,I1249,1400,1200,1450,179.4,45,3,n,100
4849,I4849,1400,1200,1450,179.4,45,3,n,100
5774,I5774,1400,1200,1450,179.4,45,3,n,100
2280,I2280,1200,1000,750,229.88,45,1,n,100
599,I0599,1400,1225,1160,278.5,0,2,n,100
1527,I1527,780,570,478,82.32,47,0,w,4
7021,I7021,1600,1200,1350,207.72,45,4,n,100
1419,I1419,1600,1200,1350,205.16,45,4,n,100
6981,I6981,780,570,478,96.256,47,0,w,4
2916,I2916,780,570,478,101.52,47,0,w,4
8263,I8263,1200,1000,975,156.15,45,1,n,100
4766,I4766,1200,1000,975,527.4,45,1,n,100
2900,I2900,780,570,478,170.28,47,0,w,4
3139,I3139,1600,1200,930,277.828,45,4,n,100
5521,I5521,1600,1200,930,547.3,45,4,n,100
5312,I5312,1600,1200,1350,207.72,45,4,n,100
6529,I6529,1400,1200,1450,179.4,45,3,n,100
4304,I4304,1600,1200,1350,207.72,45,4,n,100
7925,I7925,1200,1000,975,293.32,45,1,n,100
3558,I3558,780,570,478,82.32,47,0,w,4
3312,I3312,1200,1000,975,293.32,45,1,n,100
7217,I7217,780,570,478,104.768,47,0,w,4
7298,I7298,780,570,478,100.96,47,0,w,4
949,I0949,1400,1200,1450,179.4,45,3,n,100
6772,I6772,1600,1200,1350,205.16,45,4,n,100
2722,I2722,1400,1225,1160,317.0,0,2,n,100
334,I0334,1600,1200,1350,207.72,45,4,n,100
3200,I3200,1600,1200,1350,207.72,45,4,n,100
638,I0638,1400,1200,1450,179.4,45,3,n,100
2766,I2766,780,570,478,81.72,47,0,w,4
4260,I4260,1400,1225,1160,278.5,0,2,n,100
1671,I1671,1200,1000,750,229.88,45,1,n,100
1765,I1765,780,570,478,100.96,47,0,w,4
2260,I2260,1400,1200,1450,179.4,45,3,n,100
1667,I1667,1200,1000,1057,179.85,0,6,n,100
402,I0402,780,570,478,82.32,47,0,w,4
7888,I7888,1400,1200,1450,179.4,45,3,n,100
7696,I7696,1200,1000,975,577.8,45,1,n,100
6996,I6996,1400,1200,1450,179.4,45,3,n,100
8062,I8062,1600,1200,1350,303.92,45,4,n,100
6426,I6426,1400,1225,1160,317.0,0,2,n,100
1539,I1539,1900,1200,750,713.62,45,5,n,100
3234,I3234,1400,1200,1450,179.4,45,3,n,100
6509,I6509,1400,1200,1450,179.4,45,3,n,100
5633,I5633,1600,1200,1350,207.72,45,4,n,100
5874,I5874,1600,1200,1350,303.92,45,4,n,100
3461,I3461,1200,1000,975,293.32,45,1,n,100
5047,I5047,1200,1000,1057,164.04,0,6,n,100
7013,I7013,1600,1200,1350,207.72,45,4,n,100
3037,I3037,1200,1000,750,229.88,45,1,n,100
7665,I7665,1600,1200,1350,207.72,45,4,n,100
3428,I3428,1600,1200,975,1471.6,45,4,n,100
528,I0528,1400,1200,1450,179.4,45,3,n,100
4020,I4020,780,570,478,100.96,47,0,w,4
4883,I4883,1200,1000,930,343.9,45,1,n,100
2912,I2912,1200,1000,975,577.8,45,1,n,100
997,I0997,1200,1000,975,156.15,45,1,n,100
136,I0136,1400,1200,1450,179.4,45,3,n,100
6023,I6023,1400,1225,1160,317.0,0,2,n,100
7891,I7891,1400,1200,1450,179.4,45,3,n,100
2346,I2346,1600,1200,1350,303.92,45,4,n,100
3987,I3987,1400,1200,1450,179.4,45,3,n,100
7441,I7441,1400,1225,1160,317.0,0,2,n,100
7715,I7715,1600,1200,1350,205.16,45,4,n,100
7550,I7550,1200,1000,750,227.528,45,1,n,100
5686,I5686,1400,1200,1450,179.4,45,3,n,100
2592,I2592,1600,1200,1350,207.72,45,4,n,100
637,I0637,1400,1200,1450,179.4,45,3,n,100
6230,I6230,1600,1200,1350,207.72,45,4,n,100
3496,I3496,1400,1225,1160,317.0,0,2,n,100
5635,I5635,1600,1200,1350,207.72,45,4,n,100
2861,I2861,1400,1200,1450,179.4,45,3,n,100
7107,I7107,1600,1200,930,547.3,45,4,n,100
2628,I2628,1200,1000,1155,373.25,0,6,n,100
3785,I3785,780,570,478,82.32,47,0,w,4
2583,I2583,780,570,478,170.28,47,0,w,4
7709,I7709,1400,1225,1160,317.0,0,2,n,100
2906,I2906,780,570,478,170.28,47,0,w,4
1400,I1400,1400,1200,1450,179.4,45,3,n,100
6527,I6527,1400,1200,1450,179.4,45,3,n,100
4403,I4403,1200,1000,975,169.0,45,1,n,100
6677,I6677,1400,1200,1450,179.4,45,3,n,100
3791,I3791,1200,1000,750,227.528,45,1,n,100
6194,I6194,1400,1225,1160,317.0,0,2,n,100
6942,I6942,1400,1225,1160,278.5,0,2,n,100
5487,I5487,1600,1200,1350,303.92,45,4,n,100
3576,I3576,1200,1000,975,304.12,45,1,n,100
883,I0883,1400,1200,1450,179.4,45,3,n,100
6292,I6292,1600,1200,1350,207.72,45,4,n,100
7170,I7170,1200,1000,545,690.5,45,1,n,100
6802,I6802,1200,1000,975,165.375,45,1,n,100
3226,I3226,1400,1200,1450,179.4,45,3,n,100
5242,I5242,1400,1200,1450,179.4,45,3,n,100
6074,I6074,780,570,478,82.32,47,0,w,4
7173,I7173,1600,1200,930,454.873,45,4,n,100
7414,I7414,780,570,478,160.56,47,0,w,4
5512,I5512,1600,1200,1350,303.92,45,4,n,100
3802,I3802,1400,1200,1450,179.4,45,3,n,100
7084,I7084,780,570,478,100.96,47,0,w,4
1876,I1876,1600,1200,1350,207.72,45,4,n,100
3008,I3008,1600,1200,1350,207.72,45,4,n,100
5317,I5317,1600,1200,1350,207.72,45,4,n,100
4826,I4826,1200,1000,1155,375.0,0,6,n,100
3763,I3763,780,570,478,81.72,47,0,w,4
3292,I3292,1200,1000,975,293.32,45,1,n,100
5222,I5222,1600,1200,1350,207.72,45,4,n,100
4996,I4996,1400,1200,1450,179.4,45,3,n,100
7808,I7808,1600,1200,1350,303.92,45,4,n,100
3530,I3530,1600,1200,930,438.4,45,4,n,100
7392,I7392,1600,1200,1350,207.72,45,4,n,100
1300,I1300,1400,1200,1450,179.4,45,3,n,100
860,I0860,1200,1000,750,305.32,45,1,n,100
969,I0969,1400,1200,1450,179.4,45,3,n,100
2648,I2648,1200,1000,750,229.88,45,1,n,100
6009,I6009,1200,1000,975,156.15,45,1,n,100
1334,I1334,1400,1225,1160,278.5,0,2,n,100
2882,I2882,1600,1200,1350,303.92,45,4,n,100
7938,I7938,1200,1000,975,293.32,45,1,n,100
1576,I1576,1600,1200,975,180.2,45,4,n,100
7479,I7479,1600,1200,1350,303.92,45,4,n,100
3171,I3171,1400,1225,1160,278.5,0,2,n,100
69,I0069,1400,1225,1160,317.0,0,2,n,100
7044,I7044,1200,1000,975,183.84,45,1,n,100
4563,I4563,1400,1225,1160,278.5,0,2,n,100
8023,I8023,1200,1000,750,229.88,45,1,n,100
7315,I7315,1400,1225,1160,278.5,0,2,n,100
897,I0897,1400,1200,1450,179.4,45,3,n,100
7111,I7111,1400,1200,1450,179.4,45,3,n,100
3466,I3466,1200,1000,975,293.32,45,1,n,100
947,I0947,1400,1200,1450,179.4,45,3,n,100
3988,I3988,1400,1200,1450,179.4,45,3,n,100
1058,I1058,1200,1000,750,229.88,45,1,n,100
5224,I5224,1600,1200,1350,207.72,45,4,n,100
7390,I7390,1600,1200,1350,207.72,45,4,n,100
1795,I1795,780,570,478,82.32,47,0,w,4
1003,I1003,1200,1000,750,229.88,45,1,n,100
3711,I3711,1400,1200,1450,179.4,45,3,n,100
7958,I7958,1600,1200,1350,205.16,45,4,n,100
6470,I6470,1600,1200,930,547.3,45,4,n,100
6990,I6990,1200,1000,750,227.528,45,1,n,100
6259,I6259,1400,1200,1450,179.4,45,3,n,100
5002,I5002,1400,1200,1450,179.4,45,3,n,100
1119,I1119,1200,1000,975,293.32,45,1,n,100
8146,I8146,1400,1200,1450,179.4,45,3,n,100
386,I0386,1400,1225,1160,317.0,0,2,n,100
2974,I2974,1600,1200,1350,207.72,45,4,n,100
7124,I7124,1400,1200,1450,179.4,45,3,n,100
1951,I1951,1200,1000,750,229.88,45,1,n,100
6031,I6031,1600,1200,1350,303.92,45,4,n,100
2028,I2028,1600,1200,1350,207.72,45,4,n,100
3766,I3766,1600,1200,1350,207.72,45,4,n,100
397,I0397,1400,1225,1160,317.0,0,2,n,100
2469,I2469,1600,1200,1350,207.72,45,4,n,100
51,I0051,1400,1200,1450,179.4,45,3,n,100
121,I0121,1600,1200,1350,303.92,45,4,n,100
1277,I1277,1200,1000,975,169.0,45,1,n,100
7312,I7312,780,570,478,160.56,47,0,w,4
1162,I1162,1600,1200,975,180.2,45,4,n,100
7849,I7849,1200,1000,750,229.88,45,1,n,100
7996,I7996,1600,1200,1350,303.92,45,4,n,100
2511,I2511,1400,1200,1450,179.4,45,3,n,100
6376,I6376,1600,1200,1350,205.16,45,4,n,100
2758,I2758,1600,1200,1350,303.92,45,4,n,100
3122,I3122,1200,1000,750,227.528,45,1,n,100
7769,I7769,1400,1225,1160,317.0,0,2,n,100
1586,I1586,1600,1200,1350,303.92,45,4,n,100
6103,I6103,1400,1200,1450,179.4,45,3,n,100
6075,I6075,1600,1200,1350,303.92,45,4,n,100
3415,I3415,1400,1225,1160,278.5,0,2,n,100
3188,I3188,1600,1200,930,277.828,45,4,n,100
2573,I2573,1400,1200,1450,179.4,45,3,n,100
7637,I7637,1400,1200,1450,179.4,45,3,n,100
265,I0265,1200,1000,975,165.375,45,1,n,100
3120,I3120,1600,1200,975,180.2,45,4,n,100
2953,I2953,1600,1200,1350,303.92,45,4,n,100
2178,I2178,1200,1000,750,229.88,45,1,n,100
1452,I1452,1200,1000,975,293.32,45,1,n,100
2690,I2690,1400,1200,1450,179.4,45,3,n,100
1043,I1043,1200,1000,975,336.7,45,1,n,100
2388,I2388,1400,1225,1160,278.5,0,2,n,100
967,I0967,1400,1200,1450,179.4,45,3,n,100
6670,I6670,1400,1225,1160,278.5,0,2,n,100
1670,I1670,1200,1000,750,229.88,45,1,n,100
973,I0973,1200,1000,750,405.72,45,1,n,100
7666,I7666,1600,1200,1350,207.72,45,4,n,100
7265,I7265,1600,1200,1350,303.92,45,4,n,100
1565,I1565,1600,1200,975,180.2,45,4,n,100
1265,I1265,1200,1000,975,169.0,45,1,n,100
2580,I2580,780,570,478,170.28,47,0,w,4
1976,I1976,1600,1200,1350,303.92,45,4,n,100
4148,I4148,780,570,478,170.28,47,0,w,4
6318,I6318,1600,1200,1350,303.92,45,4,n,100
1321,I1321,1200,1000,359,77.352,0,6,n,100
3211,I3211,1400,1200,1450,179.4,45,3,n,100
690,I0690,1600,1200,1350,303.92,45,4,n,100
4768,I4768,1200,1000,975,527.4,45,1,n,100
8096,I8096,1400,1200,1450,179.4,45,3,n,100
3978,I3978,1400,1200,1450,179.4,45,3,n,100
7932,I7932,1200,1000,975,293.32,45,1,n,100
3816,I3816,1600,1200,1350,207.72,45,4,n,100
6122,I6122,1400,1200,1450,179.4,45,3,n,100
7765,I7765,1400,1225,1160,317.0,0,2,n,100
7026,I7026,1600,1200,1350,207.72,45,4,n,100
1370,I1370,1400,1200,1450,179.4,45,3,n,100
4958,I4958,1600,1200,1350,207.72,45,4,n,100
7903,I7903,1400,1200,1450,179.4,45,3,n,100
6549,I6549,780,570,478,100.96,47,0,w,4
1637,I1637,1400,1200,1450,179.4,45,3,n,100
700,I0700,1600,1200,1350,207.72,45,4,n,100
7467,I7467,1400,1225,1160,317.0,0,2,n,100
4756,I4756,780,570,478,104.768,47,0,w,4
4000,I4000,1400,1200,1450,179.4,45,3,n,100
4601,I4601,1600,1200,930,547.3,45,4,n,100
161,I0161,1600,1200,1350,207.72,45,4,n,100
1541,I1541,1600,1200,1350,303.92,45,4,n,100
1139,I1139,1600,1200,1350,207.72,45,4,n,100
4008,I4008,1400,1225,1160,317.0,0,2,n,100
3330,I3330,1400,1225,1160,317.0,0,2,n,100
5545,I5545,780,570,478,81.72,47,0,w,4
6577,I6577,780,570,478,82.32,47,0,w,4
1483,I1483,1200,1000,975,293.32,45,1,n,100
5146,I5146,780,570,478,100.96,47,0,w,4
1186,I1186,1600,1200,975,180.2,45,4,n,100
4271,I4271,1600,1200,1350,303.92,45,4,n,100
3176,I3176,1200,1000,975,165.375,45,1,n,100
4770,I4770,1200,1000,975,527.4,45,1,n,100
8066,I8066,1600,1200,1350,303.92,45,4,n,100
2193,I2193,1600,1200,1350,207.72,45,4,n,100
6157,I6157,1400,1225,1160,317.0,0,2,n,100
5327,I5327,1200,1000,545,729.5,45,1,n,100
4041,I4041,1200,1000,975,169.0,45,1,n,100
8184,I8184,1200,1000,975,708.0,45,1,n,100
3072,I3072,1200,1000,975,293.32,45,1,n,100
389,I0389,1400,1225,1160,317.0,0,2,n,100
7230,I7230,1400,1200,1450,179.4,45,3,n,100
1000,I1000,1200,1000,975,156.15,45,1,n,100
6113,I6113,780,570,478,160.56,47,0,w,4
4355,I4355,1200,1000,750,305.32,45,1,n,100
4889,I4889,1200,1000,975,336.7,45,1,n,100
4924,I4924,1400,1200,1450,179.4,45,3,n,100
2245,I2245,1400,1200,1450,179.4,45,3,n,100
1821,I1821,1600,1200,1350,303.92,45,4,n,100
231,I0231,1400,1200,1450,179.4,45,3,n,100
273,I0273,780,570,478,96.256,47,0,w,4
4834,I4834,1200,1000,975,336.7,45,1,n,100
5750,I5750,1400,1200,1450,179.4,45,3,n,100
4057,I4057,1200,1000,975,169.0,45,1,n,100
3329,I3329,1400,1225,1160,317.0,0,2,n,100
5599,I5599,1200,1000,975,248.88,45,1,n,100
498,I0498,1200,1000,975,165.375,45,1,n,100
1529,I1529,1600,1200,1350,303.92,45,4,n,100
1200,I1200,1600,1200,975,180.2,45,4,n,100
6702,I6702,1400,1200,1450,179.4,45,3,n,100
6931,I6931,1400,1225,1160,278.5,0,2,n,100
7778,I7778,1400,1200,1450,179.4,45,3,n,100
738,I0738,1600,1200,1350,207.72,45,4,n,100
2089,I2089,1600,1200,930,438.4,45,4,n,100
4999,I4999,1400,1200,1450,179.4,45,3,n,100
182,I0182,1400,1200,1450,179.4,45,3,n,100
1449,I1449,1200,1000,975,293.32,45,1,n,100
2819,I2819,1200,1000,975,527.4,45,1,n,100
6395,I6395,1600,1200,1350,207.72,45,4,n,100
5871,I5871,1600,1200,1350,303.92,45,4,n,100
7129,I7129,1400,1200,1450,179.4,45,3,n,100
4363,I4363,1200,1000,750,267.8,45,1,n,100
4853,I4853,1400,1200,1450,179.4,45,3,n,100
3262,I3262,1600,1200,930,438.4,45,4,n,100
4981,I4981,1200,1000,975,225.6,45,1,n,100
4014,I4014,1200,1000,975,156.15,45,1,n,100
8255,I8255,780,570,478,100.96,47,0,w,4
3895,I3895,1400,1225,1160,317.0,0,2,n,100
6695,I6695,1400,1200,1450,179.4,45,3,n,100
3630,I3630,1600,1200,1350,205.16,45,4,n,100
523,I0523,1400,1200,1450,179.4,45,3,n,100
1216,I1216,1600,1200,975,180.2,45,4,n,100
2416,I2416,1400,1200,1450,179.4,45,3,n,100
6341,I6341,1600,1200,975,180.2,45,4,n,100
34,I0034,1400,1200,1450,179.4,45,3,n,100
5252,I5252,1400,1200,1450,179.4,45,3,n,100
5664,I5664,1600,1200,930,454.873,45,4,n,100
1644,I1644,1400,1200,1450,179.4,45,3,n,100
5887,I5887,1400,1225,1160,278.5,0,2,n,100
5460,I5460,1400,1225,1160,317.0,0,2,n,100
8241,I8241,1600,1200,1350,303.92,45,4,n,100
6679,I6679,1400,1200,1450,179.4,45,3,n,100
7789,I7789,1400,1200,1450,179.4,45,3,n,100
516,I0516,1400,1200,1450,179.4,45,3,n,100
951,I0951,1400,1200,1450,179.4,45,3,n,100
4606,I4606,1600,1200,930,547.3,45,4,n,100
1134,I1134,1200,1000,975,248.88,45,1,n,100
6694,I6694,1200,1000,359,77.352,0,6,n,100
7311,I7311,780,570,478,270.08,47,0,w,4
7341,I7341,1400,1200,1450,179.4,45,3,n,100
7361,I7361,1600,1200,1350,303.92,45,4,n,100
4816,I4816,1200,1000,975,165.375,45,1,n,100
6152,I6152,1200,1000,750,500.86,45,1,n,100
4360,I4360,1200,1000,975,337.45,45,1,n,100
312,I0312,1400,1200,1450,179.4,45,3,n,100
7969,I7969,1600,1200,1350,205.16,45,4,n,100
710,I0710,1600,1200,1350,303.92,45,4,n,100
8049,I8049,780,570,478,170.28,47,0,w,4
4678,I4678,1600,1200,1350,207.72,45,4,n,100
6811,I6811,1400,1225,1160,317.0,0,2,n,100
2564,I2564,1400,1200,1450,179.4,45,3,n,100
5391,I5391,780,570,478,100.96,47,0,w,4
6760,I6760,1600,1200,1350,205.16,45,4,n,100
6629,I6629,1200,1000,750,176.5,45,1,n,100
3890,I3890,1400,1225,1160,278.5,0,2,n,100
4465,I4465,780,570,478,104.768,47,0,w,4
7525,I7525,1600,1200,1350,303.92,45,4,n,100
1738,I1738,780,570,478,170.28,47,0,w,4
6570,I6570,1200,1000,975,246.0,45,1,n,100
8005,I8005,780,570,478,170.28,47,0,w,4
641,I0641,1400,1200,1450,179.4,45,3,n,100
7289,I7289,1400,1225,1160,278.5,0,2,n,100
6737,I6737,1200,1000,975,527.4,45,1,n,100
1785,I1785,1400,1200,1450,179.4,45,3,n,100
2502,I2502,1600,1200,1350,303.92,45,4,n,100
3972,I3972,1400,1200,1450,179.4,45,3,n,100
537,I0537,1400,1200,1450,179.4,45,3,n,100
3770,I3770,780,570,478,100.96,47,0,w,4
7603,I7603,1400,1225,1160,317.0,0,2,n,100
491,I0491,1600,1200,1350,303.92,45,4,n,100
7764,I7764,1400,1225,1160,317.0,0,2,n,100
3696,I3696,1600,1200,975,180.2,45,4,n,100
2027,I2027,1600,1200,1350,207.72,45,4,n,100
1886,I1886,1600,1200,1350,303.92,45,4,n,100
6101,I6101,1400,1200,1450,179.4,45,3,n,100
6163,I6163,1400,1225,1160,317.0,0,2,n,100
6024,I6024,1400,1225,1160,317.0,0,2,n,100
7167,I7167,1900,1200,750,845.38,45,5,n,100
2919,I2919,1600,1200,975,611.224,45,4,n,100
4244,I4244,1400,1225,1160,278.5,0,2,n,100
6963,I6963,1600,1200,1350,303.92,45,4,n,100
4929,I4929,1400,1200,1450,179.4,45,3,n,100
7927,I7927,1200,1000,975,293.32,45,1,n,100
7138,I7138,1200,1000,359,77.352,0,6,n,100
6750,I6750,1600,1200,930,277.828,45,4,n,100
4737,I4737,1400,1200,1450,179.4,45,3,n,100
1782,I1782,1400,1200,1450,179.4,45,3,n,100
1418,I1418,1600,1200,1350,205.16,45,4,n,100
1241,I1241,1400,1200,1450,179.4,45,3,n,100
920,I0920,1400,1200,1450,179.4,45,3,n,100
5341,I5341,1600,1200,1350,207.72,45,4,n,100
2636,I2636,1200,1000,975,527.4,45,1,n,100
2817,I2817,1200,1000,975,527.4,45,1,n,100
1230,I1230,1400,1200,1450,179.4,45,3,n,100
2625,I2625,1600,1200,1350,303.92,45,4,n,100
9,I0009,1200,1000,975,577.8,45,1,n,100
1588,I1588,1600,1200,1350,303.92,45,4,n,100
5849,I5849,1400,1200,1450,179.4,45,3,n,100
4067,I4067,1200,1000,975,169.0,45,1,n,100
7826,I7826,1200,1000,975,577.8,45,1,n,100
4523,I4523,1400,1200,1450,179.4,45,3,n,100
5017,I5017,1400,1225,1160,317.0,0,2,n,100
8202,I8202,780,570,478,100.96,47,0,w,4
5862,I5862,780,570,478,100.96,47,0,w,4
6870,I6870,780,570,478,170.28,47,0,w,4
6175,I6175,1600,1200,1350,303.92,45,4,n,100
4239,I4239,1600,1200,1350,207.72,45,4,n,100
3112,I3112,1600,1200,975,180.2,45,4,n,100
1313,I1313,1600,1200,1350,303.92,45,4,n,100
7585,I7585,1400,1225,1160,278.5,0,2,n,100
1650,I1650,1400,1200,1450,179.4,45,3,n,100
7566,I7566,1200,1000,975,156.15,45,1,n,100
7508,I7508,1200,1000,975,248.88,45,1,n,100
6388,I6388,1400,1225,1160,278.5,0,2,n,100
2538,I2538,1400,1200,1450,179.4,45,3,n,100
4257,I4257,1400,1225,1160,278.5,0,2,n,100
8341,I8341,1400,1225,1160,317.0,0,2,n,100
6713,I6713,1400,1200,1450,179.4,45,3,n,100
4646,I4646,1400,1200,1450,179.4,45,3,n,100
6280,I6280,1400,1225,1160,278.5,0,2,n,100
7146,I7146,1400,1225,1160,317.0,0,2,n,100
1221,I1221,1400,1200,1450,179.4,45,3,n,100
5623,I5623,1200,1000,750,405.72,45,1,n,100
4673,I4673,1600,1200,1350,207.72,45,4,n,100
517,I0517,1400,1200,1450,179.4,45,3,n,100
1023,I1023,1200,1000,975,156.15,45,1,n,100
5296,I5296,1600,1200,975,180.2,45,4,n,100
6841,I6841,1200,1000,750,227.528,45,1,n,100
3867,I3867,1200,1000,975,293.32,45,1,n,100
3754,I3754,1200,1000,975,183.84,45,1,n,100
6687,I6687,1400,1200,1450,179.4,45,3,n,100
2735,I2735,1200,1000,975,308.76,45,1,n,100
1587,I1587,1600,1200,1350,303.92,45,4,n,100
2391,I2391,1400,1225,1160,278.5,0,2,n,100
1425,I1425,1200,1000,750,229.88,45,1,n,100
5539,I5539,1600,1200,1350,205.16,45,4,n,100
6091,I6091,1400,1200,1450,179.4,45,3,n,100
6073,I6073,780,570,478,82.32,47,0,w,4
152,I0152,1400,1200,1450,179.4,45,3,n,100
4336,I4336,1600,1200,1350,207.72,45,4,n,100
1545,I1545,780,570,478,100.96,47,0,w,4
2934,I2934,1400,1225,1160,317.0,0,2,n,100
3442,I3442,1400,1225,1160,317.0,0,2,n,100
1878,I1878,1600,1200,1350,207.72,45,4,n,100
7717,I7717,1600,1200,1350,205.16,45,4,n,100
6417,I6417,1200,1000,750,227.528,45,1,n,100
6307,I6307,1600,1200,1350,303.92,45,4,n,100
7207,I7207,780,570,478,81.72,47,0,w,4
4522,I4522,1400,1200,1450,179.4,45,3,n,100
597,I0597,1400,1225,1160,278.5,0,2,n,100
3792,I3792,1600,1200,930,547.3,45,4,n,100
4283,I4283,1400,1225,1160,317.0,0,2,n,100
3877,I3877,1200,1000,975,293.32,45,1,n,100
2674,I2674,1400,1200,1450,179.4,45,3,n,100
6899,I6899,1200,1000,975,577.8,45,1,n,100
8211,I8211,1600,1200,1350,303.92,45,4,n,100
7416,I7416,780,570,478,82.32,47,0,w,4
2051,I2051,1400,1200,1450,179.4,45,3,n,100
5010,I5010,1200,1000,750,227.528,45,1,n,100
4744,I4744,780,570,478,170.28,47,0,w,4
7229,I7229,1200,1000,558,136.704,0,6,n,100
1118,I1118,1200,1000,975,293.32,45,1,n,100
905,I0905,1400,1200,1450,179.4,45,3,n,100
4493,I4493,1400,1225,1160,317.0,0,2,n,100
4734,I4734,1400,1200,1450,179.4,45,3,n,100
7114,I7114,1400,1200,1450,179.4,45,3,n,100
8234,I8234,1600,1200,930,277.828,45,4,n,100
7406,I7406,1600,1200,1350,303.92,45,4,n,100
7172,I7172,1600,1200,930,454.873,45,4,n,100
4681,I4681,1600,1200,1350,207.72,45,4,n,100
4497,I4497,1400,1225,1160,317.0,0,2,n,100
4895,I4895,780,570,478,269.32,47,0,w,4
1045,I1045,1200,1000,975,336.7,45,1,n,100
2067,I2067,1600,1200,975,1471.6,45,4,n,100
2493,I2493,1400,1200,1450,179.4,45,3,n,100
8055,I8055,780,570,478,100.96,47,0,w,4
8361,I8361,1200,1000,975,225.6,45,1,n,100
4396,I4396,1200,1000,975,169.0,45,1,n,100
578,I0578,780,570,478,100.96,47,0,w,4
433,I0433,1400,1200,1450,179.4,45,3,n,100
1805,I1805,1200,1000,558,122.032,0,6,n,100
5701,I5701,1400,1225,1160,317.0,0,2,n,100
571,I0571,780,570,478,160.56,47,0,w,4
229,I0229,1400,1200,1450,179.4,45,3,n,100
4574,I4574,1400,1225,1160,278.5,0,2,n,100
3134,I3134,1200,1000,750,229.88,45,1,n,100
8053,I8053,1600,1200,1350,303.92,45,4,n,100
156,I0156,1600,1200,1350,207.72,45,4,n,100
1196,I1196,1600,1200,975,180.2,45,4,n,100
6512,I6512,1400,1200,1450,179.4,45,3,n,100
4884,I4884,1200,1000,975,336.7,45,1,n,100
1180,I1180,1600,1200,975,180.2,45,4,n,100
2138,I2138,1200,1000,750,229.88,45,1,n,100
1806,I1806,1200,1000,975,652.0,45,1,n,100
7851,I7851,1400,1225,1160,278.5,0,2,n,100
3438,I3438,1200,1000,545,690.5,45,1,n,100
6049,I6049,1600,1200,975,180.2,45,4,n,100
5306,I5306,1600,1200,975,180.2,45,4,n,100
5382,I5382,1200,1000,750,229.88,45,1,n,100
1473,I1473,1200,1000,975,293.32,45,1,n,100
1022,I1022,1200,1000,975,156.15,45,1,n,100
7252,I7252,1400,1200,1450,179.4,45,3,n,100
4900,I4900,1400,1200,1450,179.4,45,3,n,100
994,I0994,1600,1200,930,438.4,45,4,n,100
2503,I2503,780,570,478,160.56,47,0,w,4
6789,I6789,1600,1200,930,438.4,45,4,n,100
542,I0542,1400,1200,1450,179.4,45,3,n,100
5823,I5823,1600,1200,1350,205.16,45,4,n,100
3195,I3195,1200,1000,975,577.8,45,1,n,100
6763,I6763,1600,1200,1350,205.16,45,4,n,100
3822,I3822,780,570,478,82.32,47,0,w,4
777,I0777,1200,1000,975,293.32,45,1,n,100
5064,I5064,780,570,478,96.256,47,0,w,4
7099,I7099,1600,1200,1350,303.92,45,4,n,100
7500,I7500,1200,1000,750,227.528,45,1,n,100
3605,I3605,1200,1000,975,577.8,45,1,n,100
2602,I2602,1600,1200,930,547.3,45,4,n,100
2006,I2006,1600,1200,1350,207.72,45,4,n,100
8273,I8273,1400,1200,1450,179.4,45,3,n,100
3567,I3567,1200,1000,750,176.5,45,1,n,100
6270,I6270,1400,1200,1450,179.4,45,3,n,100
4817,I4817,1200,1000,975,165.375,45,1,n,100
6594,I6594,1600,1200,1350,205.16,45,4,n,100
1945,I1945,780,570,478,100.96,47,0,w,4
8123,I8123,780,570,478,48.896,47,0,w,4
5468,I5468,1400,1225,1160,317.0,0,2,n,100
6159,I6159,1400,1225,1160,317.0,0,2,n,100
726,I0726,1600,1200,1350,205.16,45,4,n,100
2630,I2630,1200,1000,975,527.4,45,1,n,100
4311,I4311,1600,1200,1350,207.72,45,4,n,100
6335,I6335,1600,1200,975,180.2,45,4,n,100
6083,I6083,1200,1000,545,690.5,45,1,n,100
8107,I8107,1400,1200,1450,179.4,45,3,n,100
8114,I8114,1400,1200,1450,179.4,45,3,n,100
1859,I1859,780,570,478,160.56,47,0,w,4
7119,I7119,1400,1200,1450,179.4,45,3,n,100
1504,I1504,1600,1200,930,438.4,45,4,n,100
374,I0374,1400,1225,1160,317.0,0,2,n,100
5446,I5446,1200,1000,750,500.86,45,1,n,100
4871,I4871,1400,1200,1450,179.4,45,3,n,100
3373,I3373,1400,1200,1450,179.4,45,3,n,100
6441,I6441,1400,1225,1160,278.5,0,2,n,100
2659,I2659,780,570,478,100.96,47,0,w,4
3025,I3025,780,570,478,160.56,47,0,w,4
7430,I7430,1600,1200,1350,207.72,45,4,n,100
151,I0151,1400,1200,1450,179.4,45,3,n,100
3814,I3814,1600,1200,1350,207.72,45,4,n,100
3422,I3422,1400,1225,1160,278.5,0,2,n,100
6561,I6561,1600,1200,1350,310.16,45,4,n,100
420,I0420,780,570,478,269.32,47,0,w,4
2543,I2543,1400,1200,1450,179.4,45,3,n,100
2495,I2495,1400,1200,1450,179.4,45,3,n,100
1019,I1019,1200,1000,975,156.15,45,1,n,100
2169,I2169,1600,1200,930,514.24,45,4,n,100
5423,I5423,1200,1000,750,500.86,45,1,n,100
6717,I6717,1400,1200,1450,179.4,45,3,n,100
1110,I1110,1200,1000,975,293.32,45,1,n,100
1902,I1902,1600,1200,930,310.76,45,4,n,100
7369,I7369,780,570,478,81.72,47,0,w,4
318,I0318,1400,1200,1450,179.4,45,3,n,100
8187,I8187,1600,1200,1350,207.72,45,4,n,100
1581,I1581,1600,1200,975,180.2,45,4,n,100
8292,I8292,780,570,478,104.768,47,0,w,4
6568,I6568,1600,1200,930,277.828,45,4,n,100
1993,I1993,1200,1000,975,336.7,45,1,n,100
1653,I1653,1200,1000,750,229.88,45,1,n,100
5606,I5606,1200,1000,750,229.88,45,1,n,100
7966,I7966,1600,1200,1350,205.16,45,4,n,100
2305,I2305,1600,1200,1350,303.92,45,4,n,100
5445,I5445,1200,1000,750,500.86,45,1,n,100
2335,I2335,780,570,478,104.768,47,0,w,4
6873,I6873,1200,1000,975,527.4,45,1,n,100
6801,I6801,1200,1000,975,165.375,45,1,n,100
2873,I2873,1400,1200,1450,179.4,45,3,n,100
3703,I3703,1400,1200,1450,179.4,45,3,n,100
6921,I6921,1600,1200,1350,207.72,45,4,n,100
2622,I2622,1600,1200,1350,303.92,45,4,n,100
5394,I5394,780,570,478,100.96,47,0,w,4
732,I0732,1600,1200,1350,205.16,45,4,n,100
146,I0146,1400,1200,1450,179.4,45,3,n,100
6150,I6150,1200,1000,975,337.45,45,1,n,100
7802,I7802,1600,1200,930,438.4,45,4,n,100
7276,I7276,1600,1200,930,547.3,45,4,n,100
5107,I5107,1200,1000,750,351.944,45,1,n,100
7544,I7544,1600,1200,1350,205.16,45,4,n,100
1210,I1210,1600,1200,975,180.2,45,4,n,100
14,I0014,1400,1225,1160,278.5,0,2,n,100
316,I0316,1400,1200,1450,179.4,45,3,n,100
2046,I2046,1200,1000,975,527.4,45,1,n,100
2885,I2885,1200,1000,750,227.528,45,1,n,100
2490,I2490,1400,1200,1450,179.4,45,3,n,100
614,I0614,1200,1000,1155,366.75,0,6,n,100
2833,I2833,1600,1200,1350,303.92,45,4,n,100
5526,I5526,1200,1000,975,248.88,45,1,n,100
3907,I3907,1400,1225,1160,317.0,0,2,n,100
6636,I6636,1400,1200,1450,179.4,45,3,n,100
5217,I5217,1600,1200,1350,207.72,45,4,n,100
5314,I5314,1600,1200,1350,207.72,45,4,n,100
6332,I6332,1600,1200,975,180.2,45,4,n,100
7582,I7582,1200,1000,975,248.88,45,1,n,100
3646,I3646,1400,1225,1160,317.0,0,2,n,100
3784,I3784,780,570,478,82.32,47,0,w,4
2233,I2233,1400,1200,1450,179.4,45,3,n,100
2057,I2057,1400,1200,1450,179.4,45,3,n,100
3840,I3840,1200,1000,975,652.0,45,1,n,100
5518,I5518,1600,1200,1350,303.92,45,4,n,100
6389,I6389,1400,1225,1160,278.5,0,2,n,100
8324,I8324,1200,1000,975,293.32,45,1,n,100
2246,I2246,1400,1200,1450,179.4,45,3,n,100
2367,I2367,1200,1000,558,127.408,0,6,n,100
470,I0470,1200,1000,750,229.88,45,1,n,100
722,I0722,1600,1200,1350,205.16,45,4,n,100
5326,I5326,1600,1200,1350,207.72,45,4,n,100
1830,I1830,1600,1200,1350,303.92,45,4,n,100
7518,I7518,1200,1000,975,183.84,45,1,n,100
3734,I3734,780,570,478,96.256,47,0,w,4
4693,I4693,1400,1200,1450,179.4,45,3,n,100
6293,I6293,1600,1200,1350,207.72,45,4,n,100
2279,I2279,1200,1000,750,229.88,45,1,n,100
6771,I6771,1600,1200,1350,205.16,45,4,n,100
5883,I5883,1400,1225,1160,278.5,0,2,n,100
5376,I5376,1200,1000,1057,179.85,0,6,n,100
2800,I2800,1200,1000,975,169.0,45,1,n,100
7840,I7840,1600,1200,1350,303.92,45,4,n,100
5789,I5789,1600,1200,1350,303.92,45,4,n,100
3079,I3079,1200,1000,975,293.32,45,1,n,100
7568,I7568,1200,1000,975,156.15,45,1,n,100
5070,I5070,1200,1000,975,527.4,45,1,n,100
185,I0185,1400,1200,1450,179.4,45,3,n,100
6586,I6586,1200,1000,975,246.0,45,1,n,100
2151,I2151,1200,1000,975,156.15,45,1,n,100
1034,I1034,780,570,478,101.52,47,0,w,4
1865,I1865,1600,1200,1350,207.72,45,4,n,100
6256,I6256,1400,1200,1450,179.4,45,3,n,100
428,I0428,1400,1200,1450,179.4,45,3,n,100
6488,I6488,1600,1200,930,438.4,45,4,n,100
1480,I1480,1200,1000,975,293.32,45,1,n,100
5715,I5715,780,570,478,96.256,47,0,w,4
1188,I1188,1600,1200,975,180.2,45,4,n,100
7529,I7529,1600,1200,1350,303.92,45,4,n,100
2217,I2217,1200,1000,975,259.6,45,1,n,100
2887,I2887,1600,1200,1350,303.92,45,4,n,100
4223,I4223,1400,1200,1450,179.4,45,3,n,100
5159,I5159,1400,1225,1160,317.0,0,2,n,100
8365,I8365,1200,1000,975,337.9,45,1,n,100
6117,I6117,1400,1200,1450,179.4,45,3,n,100
544,I0544,1400,1200,1450,179.4,45,3,n,100
850,I0850,1400,1225,1160,278.5,0,2,n,100
7427,I7427,780,570,478,170.28,47,0,w,4
5821,I5821,1600,1200,1350,205.16,45,4,n,100
2836,I2836,780,570,478,96.256,47,0,w,4
4369,I4369,1600,1200,975,611.224,45,4,n,100
4944,I4944,1600,1200,1350,207.72,45,4,n,100
1989,I1989,1200,1000,975,336.7,45,1,n,100
6940,I6940,1400,1225,1160,278.5,0,2,n,100
1713,I1713,1400,1225,1160,317.0,0,2,n,100
8279,I8279,780,570,478,100.96,47,0,w,4
3059,I3059,1200,1000,975,293.32,45,1,n,100
1401,I1401,1400,1200,1450,179.4,45,3,n,100
3005,I3005,1600,1200,1350,207.72,45,4,n,100
4427,I4427,1200,1000,558,127.408,0,6,n,100
2998,I2998,1600,1200,1350,207.72,45,4,n,100
1635,I1635,1400,1200,1450,179.4,45,3,n,100
2863,I2863,1400,1200,1450,179.4,45,3,n,100
3319,I3319,1200,1000,1057,164.04,0,6,n,100
2184,I2184,1600,1200,1350,207.72,45,4,n,100
1870,I1870,1600,1200,1350,207.72,45,4,n,100
8008,I8008,1200,1000,359,72.704,0,6,n,100
1420,I1420,1600,1200,1350,205.16,45,4,n,100
1731,I1731,1400,1225,1160,317.0,0,2,n,100
719,I0719,1600,1200,1350,205.16,45,4,n,100
4579,I4579,1400,1225,1160,278.5,0,2,n,100
4016,I4016,1200,1000,975,156.15,45,1,n,100
5819,I5819,1200,1000,750,229.88,45,1,n,100
7677,I7677,1600,1200,1350,207.72,45,4,n,100
4569,I4569,1400,1225,1160,278.5,0,2,n,100
2983,I2983,1600,1200,1350,303.92,45,4,n,100
3553,I3553,1600,1200,930,438.4,45,4,n,100
869,I0869,1200,1000,975,527.4,45,1,n,100
1146,I1146,1200,1000,975,183.84,45,1,n,100
1516,I1516,1200,1000,975,156.15,45,1,n,100
184,I0184,1400,1200,1450,179.4,45,3,n,100
8120,I8120,1200,1000,750,405.72,45,1,n,100
6907,I6907,1400,1225,1160,317.0,0,2,n,100
6300,I6300,1400,1200,1450,179.4,45,3,n,100
3094,I3094,1400,1225,1160,317.0,0,2,n,100
5601,I5601,1200,1000,750,267.8,45,1,n,100
5602,I5602,1900,1200,750,845.38,45,5,n,100
6834,I6834,1400,1200,1450,179.4,45,3,n,100
7440,I7440,1400,1225,1160,317.0,0,2,n,100
3170,I3170,1400,1225,1160,278.5,0,2,n,100
5214,I5214,1600,1200,1350,207.72,45,4,n,100
4132,I4132,1200,1000,750,229.88,45,1,n,100
2311,I2311,1200,1000,750,227.528,45,1,n,100
5255,I5255,1600,1200,1350,310.16,45,4,n,100
4955,I4955,1600,1200,1350,207.72,45,4,n,100
5404,I5404,1600,1200,1350,303.92,45,4,n,100
3408,I3408,1600,1200,930,438.4,45,4,n,100
3538,I3538,1200,1000,545,729.5,45,1,n,100
561,I0561,780,570,478,100.96,47,0,w,4
963,I0963,780,570,478,160.56,47,0,w,4
3976,I3976,1400,1200,1450,179.4,45,3,n,100
1224,I1224,1400,1200,1450,179.4,45,3,n,100
7389,I7389,1600,1200,1350,207.72,45,4,n,100
4584,I4584,1400,1225,1160,278.5,0,2,n,100
3833,I3833,1600,1200,1350,303.92,45,4,n,100
1176,I1176,1600,1200,975,180.2,45,4,n,100
178,I0178,1400,1200,1450,179.4,45,3,n,100
4212,I4212,1200,1000,975,156.15,45,1,n,100
4617,I4617,1400,1200,1450,179.4,45,3,n,100
341,I0341,780,570,478,160.56,47,0,w,4
799,I0799,1900,1200,750,713.62,45,5,n,100
6076,I6076,1600,1200,1350,303.92,45,4,n,100
4333,I4333,1200,1000,750,229.88,45,1,n,100
4526,I4526,1400,1200,1450,179.4,45,3,n,100
6757,I6757,1200,1000,750,229.88,45,1,n,100
1082,I1082,1600,1200,1350,207.72,45,4,n,100
752,I0752,1400,1200,1450,179.4,45,3,n,100
7820,I7820,1600,1200,930,438.4,45,4,n,100
7243,I7243,1400,1200,1450,179.4,45,3,n,100
3301,I3301,1200,1000,975,293.32,45,1,n,100
8401,I8401,1600,1200,930,277.828,45,4,n,100
2550,I2550,1400,1200,1450,179.4,45,3,n,100
4149,I4149,780,570,478,170.28,47,0,w,4
3147,I3147,780,570,478,96.256,47,0,w,4
6780,I6780,780,570,478,81.72,47,0,w,4
1794,I1794,780,570,478,82.32,47,0,w,4
1833,I1833,1200,1000,545,729.5,45,1,n,100
1363,I1363,780,570,478,269.32,47,0,w,4
291,I0291,1600,1200,1350,303.92,45,4,n,100
5579,I5579,780,570,478,82.32,47,0,w,4
2318,I2318,1400,1200,1450,179.4,45,3,n,100
7818,I7818,1600,1200,930,438.4,45,4,n,100
2851,I2851,1400,1200,1450,179.4,45,3,n,100
3060,I3060,1200,1000,975,293.32,45,1,n,100
7511,I7511,1600,1200,1350,207.72,45,4,n,100
2323,I2323,1200,1000,975,246.0,45,1,n,100
4281,I4281,1200,1000,750,176.5,45,1,n,100
7423,I7423,1600,1200,930,277.828,45,4,n,100
1027,I1027,1200,1000,750,227.528,45,1,n,100
2056,I2056,1400,1200,1450,179.4,45,3,n,100
1086,I1086,1600,1200,1350,207.72,45,4,n,100
899,I0899,1400,1200,1450,179.4,45,3,n,100
5345,I5345,1600,1200,1350,207.72,45,4,n,100
339,I0339,1600,1200,1350,207.72,45,4,n,100
6533,I6533,1400,1200,1450,179.4,45,3,n,100
3800,I3800,1400,1200,1450,179.4,45,3,n,100
3110,I3110,1600,1200,975,180.2,45,4,n,100
3924,I3924,780,570,478,81.72,47,0,w,4
644,I0644,1400,1225,1160,278.5,0,2,n,100
1600,I1600,1200,1000,975,225.6,45,1,n,100
2483,I2483,1200,1000,1057,179.85,0,6,n,100
5433,I5433,1400,1200,1450,179.4,45,3,n,100
6768,I6768,1600,1200,1350,205.16,45,4,n,100
2537,I2537,1400,1200,1450,179.4,45,3,n,100
6465,I6465,1600,1200,930,547.3,45,4,n,100
7385,I7385,1600,1200,1350,207.72,45,4,n,100
1802,I1802,1200,1000,750,176.5,45,1,n,100
7150,I7150,1400,1225,1160,317.0,0,2,n,100
2683,I2683,1400,1200,1450,179.4,45,3,n,100
7947,I7947,1200,1000,975,293.32,45,1,n,100
5867,I5867,1600,1200,1350,303.92,45,4,n,100
1744,I1744,1400,1225,1160,317.0,0,2,n,100
1371,I1371,1400,1200,1450,179.4,45,3,n,100
1678,I1678,1400,1200,1450,179.4,45,3,n,100
5218,I5218,1600,1200,1350,303.92,45,4,n,100
3981,I3981,1400,1200,1450,179.4,45,3,n,100
2905,I2905,780,570,478,170.28,47,0,w,4
3405,I3405,1200,1000,975,165.375,45,1,n,100
5910,I5910,1200,1000,545,690.5,45,1,n,100
7007,I7007,1400,1200,1450,179.4,45,3,n,100
2715,I2715,1400,1225,1160,317.0,0,2,n,100
2541,I2541,1400,1200,1450,179.4,45,3,n,100
4049,I4049,1200,1000,975,169.0,45,1,n,100
7794,I7794,1400,1200,1450,179.4,45,3,n,100
2105,I2105,1400,1225,1160,278.5,0,2,n,100
103,I0103,1200,1000,750,229.88,45,1,n,100
683,I0683,1400,1200,1450,179.4,45,3,n,100
1728,I1728,1400,1225,1160,317.0,0,2,n,100
1702,I1702,1200,1000,975,183.84,45,1,n,100
3191,I3191,1200,1000,975,577.8,45,1,n,100
6916,I6916,1600,1200,930,277.828,45,4,n,100
4863,I4863,1400,1200,1450,179.4,45,3,n,100
4866,I4866,1400,1200,1450,179.4,45,3,n,100
5987,I5987,1600,1200,1350,207.72,45,4,n,100
236,I0236,1400,1200,1450,179.4,45,3,n,100
1718,I1718,1400,1225,1160,317.0,0,2,n,100
6452,I6452,1600,1200,1350,207.72,45,4,n,100
8119,I8119,1200,1000,750,351.944,45,1,n,100
8112,I8112,1400,1200,1450,179.4,45,3,n,100
2921,I2921,1400,1225,1160,278.5,0,2,n,100
705,I0705,1600,1200,1350,303.92,45,4,n,100
2697,I2697,1400,1200,1450,179.4,45,3,n,100
4775,I4775,1200,1000,750,229.88,45,1,n,100
6305,I6305,1200,1000,645,330.5,0,6,n,100
4967,I4967,1200,1000,975,577.8,45,1,n,100
2387,I2387,1400,1225,1160,278.5,0,2,n,100
827,I0827,1400,1200,1450,179.4,45,3,n,100
210,I0210,1600,1200,930,438.4,45,4,n,100
1335,I1335,1400,1225,1160,278.5,0,2,n,100
4128,I4128,1600,1200,1350,205.16,45,4,n,100
4389,I4389,1200,1000,975,169.0,45,1,n,100
7227,I7227,1200,1000,750,229.88,45,1,n,100
2399,I2399,1400,1225,1160,278.5,0,2,n,100
6828,I6828,1400,1200,1450,179.4,45,3,n,100
2960,I2960,1600,1200,1350,207.72,45,4,n,100
7744,I7744,1200,1000,1057,164.04,0,6,n,100
5747,I5747,1400,1200,1450,179.4,45,3,n,100
8065,I8065,1600,1200,1350,303.92,45,4,n,100
3995,I3995,1400,1200,1450,179.4,45,3,n,100
2150,I2150,1200,1000,975,156.15,45,1,n,100
6581,I6581,1200,1000,975,165.375,45,1,n,100
4660,I4660,1600,1200,1350,303.92,45,4,n,100
7462,I7462,1400,1225,1160,278.5,0,2,n,100
4134,I4134,1200,1000,750,229.88,45,1,n,100
3592,I3592,1400,1225,1160,278.5,0,2,n,100
477,I0477,1200,1000,975,183.84,45,1,n,100
1524,I1524,780,570,478,82.32,47,0,w,4
5694,I5694,1400,1225,1160,317.0,0,2,n,100
3187,I3187,1600,1200,930,277.828,45,4,n,100
2079,I2079,780,570,478,81.72,47,0,w,4
6346,I6346,1200,1000,975,169.0,45,1,n,100
1190,I1190,1600,1200,975,180.2,45,4,n,100
2263,I2263,1400,1200,1450,179.4,45,3,n,100
8104,I8104,1400,1200,1450,179.4,45,3,n,100
6334,I6334,1600,1200,975,180.2,45,4,n,100
8363,I8363,1600,1200,1350,205.16,45,4,n,100
1950,I1950,1200,1000,750,229.88,45,1,n,100
873,I0873,1200,1000,975,527.4,45,1,n,100
7275,I7275,1600,1200,930,547.3,45,4,n,100
4205,I4205,1600,1200,930,277.828,45,4,n,100
4942,I4942,1600,1200,1350,207.72,45,4,n,100
5000,I5000,1400,1200,1450,179.4,45,3,n,100
6146,I6146,1400,1200,1450,179.4,45,3,n,100
6155,I6155,1200,1000,975,652.0,45,1,n,100
1469,I1469,1200,1000,975,293.32,45,1,n,100
1493,I1493,1200,1000,975,225.6,45,1,n,100
1006,I1006,1200,1000,750,229.88,45,1,n,100
7127,I7127,1400,1200,1450,179.4,45,3,n,100
2640,I2640,780,570,478,270.08,47,0,w,4
235,I0235,1400,1200,1450,179.4,45,3,n,100
5523,I5523,1600,1200,930,547.3,45,4,n,100
6421,I6421,1400,1225,1160,317.0,0,2,n,100
4957,I4957,1600,1200,1350,207.72,45,4,n,100
2068,I2068,1200,1000,750,227.528,45,1,n,100
6001,I6001,1200,1000,750,305.32,45,1,n,100
2436,I2436,1400,1200,1450,179.4,45,3,n,100
2832,I2832,1600,1200,1350,303.92,45,4,n,100
5185,I5185,1200,1000,975,248.88,45,1,n,100
2286,I2286,1600,1200,1350,207.72,45,4,n,100
2560,I2560,1400,1200,1450,179.4,45,3,n,100
1995,I1995,1200,1000,750,305.32,45,1,n,100
1128,I1128,1200,1000,750,351.756,45,1,n,100
4391,I4391,1200,1000,975,169.0,45,1,n,100
6676,I6676,1400,1200,1450,179.4,45,3,n,100
7443,I7443,1400,1225,1160,317.0,0,2,n,100
1778,I1778,1200,1000,750,500.86,45,1,n,100
1772,I1772,1200,1000,750,229.88,45,1,n,100
4811,I4811,780,570,478,170.28,47,0,w,4
5895,I5895,780,570,478,104.768,47,0,w,4
40,I0040,1400,1200,1450,179.4,45,3,n,100
506,I0506,780,570,478,100.96,47,0,w,4
1777,I1777,1200,1000,750,229.88,45,1,n,100
18,I0018,1400,1225,1160,278.5,0,2,n,100
7678,I7678,1600,1200,1350,207.72,45,4,n,100
2036,I2036,1600,1200,1350,207.72,45,4,n,100
4280,I4280,1200,1000,545,729.5,45,1,n,100
7706,I7706,1400,1225,1160,317.0,0,2,n,100
5,I0005,780,570,478,96.256,47,0,w,4
5554,I5554,1600,1200,1350,207.72,45,4,n,100
4221,I4221,1400,1200,1450,179.4,45,3,n,100
1054,I1054,1200,1000,750,176.5,45,1,n,100
3085,I3085,1200,1000,750,500.86,45,1,n,100
5567,I5567,1600,1200,1350,207.72,45,4,n,100
495,I0495,1200,1000,975,165.375,45,1,n,100
5514,I5514,1600,1200,1350,303.92,45,4,n,100
1890,I1890,1600,1200,1350,303.92,45,4,n,100
5324,I5324,1600,1200,1350,207.72,45,4,n,100
1817,I1817,1600,1200,930,514.24,45,4,n,100
2333,I2333,1600,1200,1350,303.92,45,4,n,100
4527,I4527,1400,1200,1450,179.4,45,3,n,100
2976,I2976,1600,1200,1350,207.72,45,4,n,100
94,I0094,1600,1200,930,547.3,45,4,n,100
1715,I1715,1400,1225,1160,317.0,0,2,n,100
5751,I5751,1400,1200,1450,179.4,45,3,n,100
1099,I1099,1200,1000,975,293.32,45,1,n,100
7362,I7362,1600,1200,1350,303.92,45,4,n,100
3523,I3523,1200,1000,975,577.8,45,1,n,100
4764,I4764,1200,1000,750,176.5,45,1,n,100
160,I0160,1600,1200,1350,207.72,45,4,n,100
3444,I3444,1200,1000,1155,366.75,0,6,n,100
5713,I5713,780,570,478,96.256,47,0,w,4
6659,I6659,1200,1000,750,229.88,45,1,n,100
4145,I4145,780,570,478,170.28,47,0,w,4
2194,I2194,1600,1200,1350,207.72,45,4,n,100
6205,I6205,1400,1225,1160,317.0,0,2,n,100
2601,I2601,1600,1200,1350,303.92,45,4,n,100
5951,I5951,1400,1225,1160,317.0,0,2,n,100
75,I0075,1400,1225,1160,317.0,0,2,n,100
7663,I7663,1600,1200,975,180.2,45,4,n,100
6185,I6185,1600,1200,1350,303.92,45,4,n,100
2497,I2497,1400,1200,1450,179.4,45,3,n,100
6380,I6380,1600,1200,1350,205.16,45,4,n,100
7383,I7383,1600,1200,1350,207.72,45,4,n,100
553,I0553,780,570,478,100.96,47,0,w,4
4423,I4423,1200,1000,1155,366.75,0,6,n,100
2334,I2334,1600,1200,1350,303.92,45,4,n,100
7169,I7169,1200,1000,545,690.5,45,1,n,100
5257,I5257,1600,1200,1350,310.16,45,4,n,100
7455,I7455,1400,1225,1160,278.5,0,2,n,100
5503,I5503,1200,1000,975,225.6,45,1,n,100
624,I0624,1400,1200,1450,179.4,45,3,n,100
6386,I6386,1400,1225,1160,278.5,0,2,n,100
6778,I6778,780,570,478,81.72,47,0,w,4
7331,I7331,1400,1200,1450,179.4,45,3,n,100
857,I0857,1400,1225,1160,278.5,0,2,n,100
4162,I4162,1200,1000,975,336.7,45,1,n,100
6818,I6818,1400,1200,1450,179.4,45,3,n,100
2787,I2787,1600,1200,1350,207.72,45,4,n,100
7069,I7069,1200,1000,359,70.016,0,6,n,100
7848,I7848,1200,1000,750,229.88,45,1,n,100
830,I0830,1400,1200,1450,179.4,45,3,n,100
538,I0538,1400,1200,1450,179.4,45,3,n,100
3733,I3733,1200,1000,930,324.1,45,1,n,100
2792,I2792,1600,1200,1350,207.72,45,4,n,100
7931,I7931,1200,1000,975,293.32,45,1,n,100
6891,I6891,780,570,478,101.52,47,0,w,4
1226,I1226,1400,1200,1450,179.4,45,3,n,100
2267,I2267,1400,1200,1450,179.4,45,3,n,100
5367,I5367,1400,1200,1450,179.4,45,3,n,100
6604,I6604,1600,1200,1350,205.16,45,4,n,100
7921,I7921,1200,1000,975,293.32,45,1,n,100
7290,I7290,1400,1225,1160,278.5,0,2,n,100
2328,I2328,1600,1200,1350,303.92,45,4,n,100
5215,I5215,1600,1200,1350,207.72,45,4,n,100
6203,I6203,1400,1225,1160,317.0,0,2,n,100
7238,I7238,1400,1200,1450,179.4,45,3,n,100
7480,I7480,1600,1200,1350,303.92,45,4,n,100
4153,I4153,1200,1000,1155,366.75,0,6,n,100
6976,I6976,1400,1200,1450,179.4,45,3,n,100
5366,I5366,1400,1200,1450,179.4,45,3,n,100
5960,I5960,1400,1225,1160,317.0,0,2,n,100
8370,I8370,1400,1225,1160,278.5,0,2,n,100
270,I0270,780,570,478,101.52,47,0,w,4
7682,I7682,1600,1200,1350,207.72,45,4,n,100
4992,I4992,1400,1200,1450,179.4,45,3,n,100
6232,I6232,780,570,478,96.256,47,0,w,4
512,I0512,1600,1200,1350,207.72,45,4,n,100
718,I0718,1600,1200,1350,205.16,45,4,n,100
4794,I4794,1600,1200,1350,207.72,45,4,n,100
6954,I6954,780,570,478,104.768,47,0,w,4
6923,I6923,1600,1200,1350,207.72,45,4,n,100
4545,I4545,1400,1200,1450,179.4,45,3,n,100
336,I0336,1600,1200,1350,207.72,45,4,n,100
5804,I5804,780,570,478,160.56,47,0,w,4
1489,I1489,1200,1000,975,225.6,45,1,n,100
4425,I4425,1200,1000,750,500.86,45,1,n,100
7930,I7930,1200,1000,975,293.32,45,1,n,100
254,I0254,1600,1200,1350,303.92,45,4,n,100
3382,I3382,1400,1200,1450,179.4,45,3,n,100
4454,I4454,1200,1000,750,229.88,45,1,n,100
1657,I1657,1200,1000,750,229.88,45,1,n,100
6109,I6109,1400,1200,1450,179.4,45,3,n,100
2421,I2421,1400,1200,1450,179.4,45,3,n,100
2756,I2756,1600,1200,1350,303.92,45,4,n,100
7527,I7527,1600,1200,1350,303.92,45,4,n,100
4164,I4164,1200,1000,975,336.7,45,1,n,100
1096,I1096,1200,1000,975,293.32,45,1,n,100
4619,I4619,1400,1200,1450,179.4,45,3,n,100
7071,I7071,1200,1000,975,577.8,45,1,n,100
2815,I2815,1200,1000,975,527.4,45,1,n,100
7216,I7216,780,570,478,104.768,47,0,w,4
5113,I5113,780,570,478,160.56,47,0,w,4
364,I0364,1400,1225,1160,317.0,0,2,n,100
1053,I1053,1600,1200,1350,303.92,45,4,n,100
3202,I3202,1600,1200,1350,207.72,45,4,n,100
7279,I7279,1600,1200,1350,303.92,45,4,n,100
3209,I3209,1200,1000,750,229.88,45,1,n,100
5279,I5279,1200,1000,975,246.0,45,1,n,100
6043,I6043,1600,1200,975,180.2,45,4,n,100
1301,I1301,1400,1200,1450,179.4,45,3,n,100
6504,I6504,1200,1000,975,165.375,45,1,n,100
3374,I3374,1400,1200,1450,179.4,45,3,n,100
1570,I1570,1600,1200,975,180.2,45,4,n,100
1887,I1887,1600,1200,1350,303.92,45,4,n,100
7352,I7352,1400,1200,1450,179.4,45,3,n,100
7594,I7594,1400,1225,1160,317.0,0,2,n,100
2106,I2106,1400,1225,1160,278.5,0,2,n,100
8015,I8015,1200,1000,750,227.528,45,1,n,100
7780,I7780,1400,1200,1450,179.4,45,3,n,100
3239,I3239,1400,1200,1450,179.4,45,3,n,100
4334,I4334,1600,1200,1350,207.72,45,4,n,100
2753,I2753,1600,1200,1350,303.92,45,4,n,100
494,I0494,1200,1000,975,165.375,45,1,n,100
6424,I6424,1400,1225,1160,317.0,0,2,n,100
74,I0074,1400,1225,1160,317.0,0,2,n,100
6719,I6719,1400,1200,1450,179.4,45,3,n,100
1145,I1145,1200,1000,975,183.84,45,1,n,100
2494,I2494,1400,1200,1450,179.4,45,3,n,100
176,I0176,1400,1200,1450,179.4,45,3,n,100
3425,I3425,1600,1200,1350,303.92,45,4,n,100
5508,I5508,1200,1000,975,225.6,45,1,n,100
7553,I7553,1600,1200,930,438.4,45,4,n,100
6787,I6787,1600,1200,930,438.4,45,4,n,100
1647,I1647,1400,1200,1450,179.4,45,3,n,100
6894,I6894,1200,1000,975,577.8,45,1,n,100
1261,I1261,1200,1000,975,169.0,45,1,n,100
1908,I1908,1200,1000,975,169.0,45,1,n,100
2045,I2045,1200,1000,975,527.4,45,1,n,100
3919,I3919,1400,1225,1160,278.5,0,2,n,100
2384,I2384,1400,1225,1160,278.5,0,2,n,100
7994,I7994,1600,1200,1350,303.92,45,4,n,100
1181,I1181,1600,1200,975,180.2,45,4,n,100
2474,I2474,1200,1000,975,337.9,45,1,n,100
7526,I7526,1600,1200,1350,303.92,45,4,n,100
2675,I2675,1400,1200,1450,179.4,45,3,n,100
140,I0140,1400,1200,1450,179.4,45,3,n,100
3216,I3216,1400,1200,1450,179.4,45,3,n,100
7547,I7547,1200,1000,1057,164.04,0,6,n,100
5458,I5458,1400,1225,1160,317.0,0,2,n,100
6656,I6656,1200,1000,750,229.88,45,1,n,100
6472,I6472,1600,1200,930,547.3,45,4,n,100
6214,I6214,1400,1225,1160,278.5,0,2,n,100
6704,I6704,1400,1200,1450,179.4,45,3,n,100
955,I0955,1600,1200,1350,207.72,45,4,n,100
7747,I7747,1200,1000,750,227.528,45,1,n,100
630,I0630,1400,1200,1450,179.4,45,3,n,100
3669,I3669,1600,1200,1350,207.72,45,4,n,100
7701,I7701,1400,1225,1160,317.0,0,2,n,100
4258,I4258,1400,1225,1160,278.5,0,2,n,100
6734,I6734,1200,1000,975,527.4,45,1,n,100
5509,I5509,1200,1000,975,225.6,45,1,n,100
6365,I6365,1400,1225,1160,278.5,0,2,n,100
169,I0169,1600,1200,1350,207.72,45,4,n,100
1683,I1683,1400,1200,1450,179.4,45,3,n,100
1114,I1114,1200,1000,975,293.32,45,1,n,100
5465,I5465,1400,1225,1160,317.0,0,2,n,100
4294,I4294,1400,1225,1160,317.0,0,2,n,100
2902,I2902,1200,1000,558,127.408,0,6,n,100
2300,I2300,1600,1200,1350,303.92,45,4,n,100
3437,I3437,1200,1000,545,690.5,45,1,n,100
7356,I7356,1400,1200,1450,179.4,45,3,n,100
7204,I7204,1200,1000,750,351.944,45,1,n,100
3265,I3265,1600,1200,930,438.4,45,4,n,100
2432,I2432,1400,1200,1450,179.4,45,3,n,100
1280,I1280,1200,1000,975,169.0,45,1,n,100
4603,I4603,1600,1200,930,547.3,45,4,n,100
1126,I1126,1200,1000,359,77.352,0,6,n,100
6563,I6563,1600,1200,1350,303.92,45,4,n,100
3081,I3081,780,570,478,269.32,47,0,w,4
4313,I4313,1600,1200,1350,207.72,45,4,n,100
4519,I4519,1400,1200,1450,179.4,45,3,n,100
8128,I8128,780,570,478,82.32,47,0,w,4
6379,I6379,1600,1200,1350,205.16,45,4,n,100
4805,I4805,780,570,478,81.72,47,0,w,4
1444,I1444,1200,1000,975,165.375,45,1,n,100
6193,I6193,1400,1225,1160,317.0,0,2,n,100
5888,I5888,1400,1225,1160,278.5,0,2,n,100
35,I0035,1400,1200,1450,179.4,45,3,n,100
6080,I6080,1600,1200,1350,303.92,45,4,n,100
4820,I4820,1200,1000,975,527.4,45,1,n,100
3864,I3864,1200,1000,975,293.32,45,1,n,100
1574,I1574,1600,1200,975,180.2,45,4,n,100
1089,I1089,1200,1000,750,229.88,45,1,n,100
5839,I5839,1400,1200,1450,179.4,45,3,n,100
6218,I6218,1600,1200,930,454.873,45,4,n,100
5855,I5855,1400,1200,1450,179.4,45,3,n,100
8313,I8313,1200,1000,975,293.32,45,1,n,100
1,I0001,780,570,478,81.72,47,0,w,4
5988,I5988,1600,1200,1350,207.72,45,4,n,100
4595,I4595,1200,1000,975,527.4,45,1,n,100
6359,I6359,1400,1225,1160,278.5,0,2,n,100
6732,I6732,1200,1000,975,527.4,45,1,n,100
2353,I2353,1200,1000,975,384.74,45,1,n,100
3164,I3164,1400,1225,1160,278.5,0,2,n,100
63,I0063,1600,1200,1350,303.92,45,4,n,100
3691,I3691,1600,1200,975,180.2,45,4,n,100
2701,I2701,1200,1000,750,351.944,45,1,n,100
5928,I5928,1400,1200,1450,179.4,45,3,n,100
2926,I2926,1400,1225,1160,278.5,0,2,n,100
1158,I1158,1200,1000,750,351.944,45,1,n,100
5403,I5403,1600,1200,1350,303.92,45,4,n,100
4937,I4937,780,570,478,104.768,47,0,w,4
4191,I4191,1200,1000,750,229.88,45,1,n,100
2504,I2504,1400,1200,1450,179.4,45,3,n,100
7847,I7847,1200,1000,750,267.8,45,1,n,100
2859,I2859,1400,1200,1450,179.4,45,3,n,100
5642,I5642,1200,1000,750,227.528,45,1,n,100
853,I0853,1400,1225,1160,278.5,0,2,n,100
6614,I6614,1400,1200,1450,179.4,45,3,n,100
3010,I3010,1600,1200,1350,207.72,45,4,n,100
6097,I6097,1400,1200,1450,179.4,45,3,n,100
5351,I5351,1200,1000,975,225.6,45,1,n,100
8387,I8387,1600,1200,930,547.3,45,4,n,100
1122,I1122,1200,1000,975,293.32,45,1,n,100
2910,I2910,1200,1000,975,577.8,45,1,n,100
3264,I3264,1600,1200,930,438.4,45,4,n,100
7755,I7755,1400,1225,1160,278.5,0,2,n,100
4197,I4197,1200,1000,750,305.32,45,1,n,100
4561,I4561,1400,1225,1160,278.5,0,2,n,100
3102,I3102,1600,1200,975,180.2,45,4,n,100
1860,I1860,780,570,478,160.56,47,0,w,4
2003,I2003,1600,1200,930,547.3,45,4,n,100
1861,I1861,1600,1200,1350,207.72,45,4,n,100
1044,I1044,1200,1000,975,336.7,45,1,n,100
6595,I6595,1600,1200,1350,205.16,45,4,n,100
7642,I7642,1600,1200,975,180.2,45,4,n,100
6910,I6910,1400,1225,1160,317.0,0,2,n,100
8169,I8169,1400,1200,1450,179.4,45,3,n,100
2783,I2783,1600,1200,1350,207.72,45,4,n,100
7437,I7437,1400,1225,1160,317.0,0,2,n,100
6343,I6343,1600,1200,975,180.2,45,4,n,100
1998,I1998,1600,1200,930,547.3,45,4,n,100
2314,I2314,1400,1200,1450,179.4,45,3,n,100
463,I0463,1200,1000,975,577.8,45,1,n,100
1818,I1818,1200,1000,975,246.0,45,1,n,100
1992,I1992,1200,1000,975,336.7,45,1,n,100
3353,I3353,1600,1200,930,438.4,45,4,n,100
3676,I3676,1600,1200,975,180.2,45,4,n,100
5104,I5104,1600,1200,1350,207.72,45,4,n,100
2514,I2514,1400,1200,1450,179.4,45,3,n,100
2016,I2016,1600,1200,1350,207.72,45,4,n,100
6061,I6061,1600,1200,975,180.2,45,4,n,100
387,I0387,1400,1225,1160,317.0,0,2,n,100
1743,I1743,1400,1225,1160,317.0,0,2,n,100
6071,I6071,780,570,478,82.32,47,0,w,4
6154,I6154,1200,1000,750,351.756,45,1,n,100
6275,I6275,1400,1200,1450,179.4,45,3,n,100
7679,I7679,1600,1200,1350,207.72,45,4,n,100
689,I0689,1600,1200,1350,303.92,45,4,n,100
3743,I3743,1200,1000,930,324.1,45,1,n,100
8260,I8260,780,570,478,260.25,47,0,w,4
5909,I5909,1900,1200,750,713.62,45,5,n,100
5499,I5499,780,570,478,170.28,47,0,w,4
6988,I6988,1200,1000,645,330.5,0,6,n,100
221,I0221,1400,1200,1450,179.4,45,3,n,100
4983,I4983,1200,1000,975,225.6,45,1,n,100
2471,I2471,1600,1200,1350,207.72,45,4,n,100
4245,I4245,1400,1225,1160,278.5,0,2,n,100
1827,I1827,1600,1200,1350,303.92,45,4,n,100
2759,I2759,780,570,478,160.56,47,0,w,4
3132,I3132,780,570,478,170.28,47,0,w,4
2293,I2293,780,570,478,82.32,47,0,w,4
3258,I3258,1600,1200,1350,303.92,45,4,n,100
2994,I2994,1600,1200,1350,207.72,45,4,n,100
4474,I4474,1400,1225,1160,317.0,0,2,n,100
3881,I3881,1200,1000,750,176.5,45,1,n,100
8084,I8084,1600,1200,1350,207.72,45,4,n,100
1223,I1223,1400,1200,1450,179.4,45,3,n,100
2385,I2385,1400,1225,1160,278.5,0,2,n,100
384,I0384,1200,1000,750,227.528,45,1,n,100
1915,I1915,1400,1225,1160,278.5,0,2,n,100
7762,I7762,1400,1225,1160,278.5,0,2,n,100
1607,I1607,1200,1000,975,225.6,45,1,n,100
4721,I4721,1400,1200,1450,179.4,45,3,n,100
8026,I8026,1600,1200,1350,207.72,45,4,n,100
503,I0503,780,570,478,100.96,47,0,w,4
5454,I5454,1200,1000,750,229.88,45,1,n,100
4472,I4472,1200,1000,975,577.8,45,1,n,100
6106,I6106,1400,1200,1450,179.4,45,3,n,100
454,I0454,1200,1000,1057,164.04,0,6,n,100
7182,I7182,1400,1225,1160,278.5,0,2,n,100
7567,I7567,1200,1000,975,156.15,45,1,n,100
4035,I4035,1600,1200,1350,207.72,45,4,n,100
7909,I7909,1400,1200,1450,179.4,45,3,n,100
6456,I6456,1600,1200,1350,207.72,45,4,n,100
971,I0971,1400,1200,1450,179.4,45,3,n,100
3090,I3090,1400,1225,1160,317.0,0,2,n,100
7507,I7507,1200,1000,975,248.88,45,1,n,100
2231,I2231,1400,1200,1450,179.4,45,3,n,100
4702,I4702,1200,1000,750,229.88,45,1,n,100
5748,I5748,1400,1200,1450,179.4,45,3,n,100
54,I0054,1400,1200,1450,179.4,45,3,n,100
5429,I5429,1200,1000,975,246.0,45,1,n,100
1153,I1153,1600,1200,1350,303.92,45,4,n,100
2284,I2284,1600,1200,1350,207.72,45,4,n,100
5216,I5216,1600,1200,1350,207.72,45,4,n,100
5540,I5540,1600,1200,1350,205.16,45,4,n,100
8316,I8316,1200,1000,975,293.32,45,1,n,100
4949,I4949,1600,1200,1350,207.72,45,4,n,100
1884,I1884,1200,1000,975,165.375,45,1,n,100
7619,I7619,1400,1200,1450,179.4,45,3,n,100
3009,I3009,1600,1200,1350,207.72,45,4,n,100
451,I0451,1200,1000,975,384.74,45,1,n,100
1692,I1692,1400,1200,1450,179.4,45,3,n,100
5471,I5471,1400,1225,1160,317.0,0,2,n,100
2459,I2459,1600,1200,1350,207.72,45,4,n,100
7470,I7470,1400,1225,1160,317.0,0,2,n,100
2282,I2282,1600,1200,1350,207.72,45,4,n,100
2277,I2277,1600,1200,1350,312.72,45,4,n,100
7539,I7539,1600,1200,1350,205.16,45,4,n,100
8163,I8163,1400,1200,1450,179.4,45,3,n,100
6803,I6803,1200,1000,975,165.375,45,1,n,100
2461,I2461,1600,1200,1350,207.72,45,4,n,100
1155,I1155,1600,1200,1350,303.92,45,4,n,100
928,I0928,1400,1200,1450,179.4,45,3,n,100
8378,I8378,1400,1225,1160,278.5,0,2,n,100
917,I0917,1200,1000,975,527.4,45,1,n,100
5585,I5585,1600,1200,1350,303.92,45,4,n,100
424,I0424,1600,1200,1350,207.72,45,4,n,100
1847,I1847,1600,1200,1350,303.92,45,4,n,100
7334,I7334,1400,1200,1450,179.4,45,3,n,100
6258,I6258,1400,1200,1450,179.4,45,3,n,100
6847,I6847,1400,1200,1450,179.4,45,3,n,100
4069,I4069,1200,1000,975,169.0,45,1,n,100
5707,I5707,1400,1225,1160,317.0,0,2,n,100
3852,I3852,1200,1000,975,293.32,45,1,n,100
2755,I2755,1600,1200,1350,303.92,45,4,n,100
4347,I4347,1600,1200,1350,207.72,45,4,n,100
4636,I4636,1400,1200,1450,179.4,45,3,n,100
1109,I1109,1200,1000,975,293.32,45,1,n,100
7959,I7959,1600,1200,1350,205.16,45,4,n,100
8321,I8321,1200,1000,975,293.32,45,1,n,100
3044,I3044,1200,1000,975,293.32,45,1,n,100
4897,I4897,780,570,478,96.256,47,0,w,4
950,I0950,1400,1200,1450,179.4,45,3,n,100
3863,I3863,1200,1000,975,293.32,45,1,n,100
2684,I2684,1400,1200,1450,179.4,45,3,n,100
744,I0744,1600,1200,1350,303.92,45,4,n,100
7672,I7672,1600,1200,1350,207.72,45,4,n,100
7652,I7652,1600,1200,975,180.2,45,4,n,100
3764,I3764,780,570,478,81.72,47,0,w,4
7626,I7626,1400,1200,1450,179.4,45,3,n,100
7811,I7811,1600,1200,1350,303.92,45,4,n,100
3430,I3430,1600,1200,930,547.3,45,4,n,100
6399,I6399,1200,1000,558,122.032,0,6,n,100
1978,I1978,1600,1200,1350,303.92,45,4,n,100
5619,I5619,1200,1000,930,343.9,45,1,n,100
2843,I2843,1400,1200,1450,179.4,45,3,n,100
5946,I5946,780,570,478,104.768,47,0,w,4
4576,I4576,1400,1225,1160,278.5,0,2,n,100
1888,I1888,1600,1200,1350,303.92,45,4,n,100
1414,I1414,1200,1000,975,248.88,45,1,n,100
304,I0304,1400,1200,1450,179.4,45,3,n,100
1016,I1016,780,570,478,96.256,47,0,w,4
2584,I2584,1600,1200,1350,207.72,45,4,n,100
7223,I7223,1200,1000,750,229.88,45,1,n,100
5677,I5677,1400,1200,1450,179.4,45,3,n,100
4892,I4892,1600,1200,930,514.24,45,4,n,100
3572,I3572,1600,1200,1350,303.92,45,4,n,100
2747,I2747,780,570,478,269.32,47,0,w,4
8339,I8339,1400,1225,1160,317.0,0,2,n,100
2931,I2931,1400,1225,1160,278.5,0,2,n,100
6405,I6405,1200,1000,545,690.5,45,1,n,100
4376,I4376,1600,1200,1350,207.72,45,4,n,100
6224,I6224,1600,1200,1350,207.72,45,4,n,100
2686,I2686,1400,1200,1450,179.4,45,3,n,100
6628,I6628,1200,1000,975,183.84,45,1,n,100
3125,I3125,1900,1200,750,845.38,45,5,n,100
1346,I1346,1400,1225,1160,278.5,0,2,n,100
343,I0343,1200,1000,750,229.88,45,1,n,100
3115,I3115,1600,1200,975,180.2,45,4,n,100
3391,I3391,1600,1200,1350,303.92,45,4,n,100
6241,I6241,1400,1200,1450,179.4,45,3,n,100
2778,I2778,1600,1200,1350,303.92,45,4,n,100
6019,I6019,1400,1225,1160,317.0,0,2,n,100
6325,I6325,1600,1200,975,180.2,45,4,n,100
1640,I1640,1400,1200,1450,179.4,45,3,n,100
5702,I5702,1400,1225,1160,317.0,0,2,n,100
1930,I1930,780,570,478,96.256,47,0,w,4
4265,I4265,1400,1225,1160,278.5,0,2,n,100
7306,I7306,780,570,478,170.28,47,0,w,4
4912,I4912,1400,1200,1450,179.4,45,3,n,100
2948,I2948,1600,1200,930,454.873,45,4,n,100
3823,I3823,780,570,478,82.32,47,0,w,4
714,I0714,1600,1200,1350,303.92,45,4,n,100
5238,I5238,1400,1200,1450,179.4,45,3,n,100
6487,I6487,1600,1200,930,438.4,45,4,n,100
3381,I3381,1400,1200,1450,179.4,45,3,n,100
1169,I1169,1600,1200,975,180.2,45,4,n,100
5152,I5152,780,570,478,100.96,47,0,w,4
2244,I2244,1400,1200,1450,179.4,45,3,n,100
7867,I7867,780,570,478,82.32,47,0,w,4
5698,I5698,1400,1225,1160,317.0,0,2,n,100
2516,I2516,1400,1200,1450,179.4,45,3,n,100
4439,I4439,1600,1200,1350,207.72,45,4,n,100
4345,I4345,1600,1200,1350,207.72,45,4,n,100
3133,I3133,780,570,478,170.28,47,0,w,4
5851,I5851,1400,1200,1450,179.4,45,3,n,100
2086,I2086,1600,1200,930,438.4,45,4,n,100
7163,I7163,1200,1000,975,527.4,45,1,n,100
48,I0048,1400,1200,1450,179.4,45,3,n,100
109,I0109,1400,1200,1450,179.4,45,3,n,100
605,I0605,1400,1225,1160,278.5,0,2,n,100
2589,I2589,1600,1200,1350,207.72,45,4,n,100
1358,I1358,1600,1200,930,438.4,45,4,n,100
6423,I6423,1400,1225,1160,317.0,0,2,n,100
8329,I8329,1200,1000,975,293.32,45,1,n,100
4865,I4865,1400,1200,1450,179.4,45,3,n,100
3698,I3698,1600,1200,975,180.2,45,4,n,100
7197,I7197,1200,1000,545,729.5,45,1,n,100
8276,I8276,1400,1200,1450,179.4,45,3,n,100
7643,I7643,1600,1200,975,180.2,45,4,n,100
3747,I3747,1600,1200,1350,303.92,45,4,n,100
3050,I3050,1200,1000,975,293.32,45,1,n,100
7792,I7792,1400,1200,1450,179.4,45,3,n,100
6585,I6585,1200,1000,975,246.0,45,1,n,100
4101,I4101,1400,1200,1450,179.4,45,3,n,100
3775,I3775,780,570,478,100.96,47,0,w,4
7689,I7689,1200,1000,975,577.8,45,1,n,100
5979,I5979,1400,1200,1450,179.4,45,3,n,100
2452,I2452,1600,1200,930,438.4,45,4,n,100
4082,I4082,1400,1200,1450,179.4,45,3,n,100
4750,I4750,1200,1000,975,304.12,45,1,n,100
1302,I1302,1400,1200,1450,179.4,45,3,n,100
2349,I2349,1600,1200,1350,303.92,45,4,n,100
4724,I4724,1400,1200,1450,179.4,45,3,n,100
903,I0903,1400,1200,1450,179.4,45,3,n,100
3203,I3203,1600,1200,930,277.828,45,4,n,100
6127,I6127,1400,1200,1450,179.4,45,3,n,100
7597,I7597,1400,1225,1160,317.0,0,2,n,100
1561,I1561,1600,1200,975,180.2,45,4,n,100
3024,I3024,1200,1000,750,305.32,45,1,n,100
1893,I1893,1600,1200,1350,303.92,45,4,n,100
5436,I5436,1400,1200,1450,179.4,45,3,n,100
5009,I5009,1200,1000,750,227.528,45,1,n,100
2275,I2275,1200,1000,975,337.9,45,1,n,100
0,I0000,780,570,478,81.72,47,0,w,4
7571,I7571,1200,1000,975,156.15,45,1,n,100
3396,I3396,1600,1200,1350,303.92,45,4,n,100
5416,I5416,1600,1200,1350,205.16,45,4,n,100
3082,I3082,1200,1000,975,246.0,45,1,n,100
6226,I6226,1600,1200,1350,207.72,45,4,n,100
1716,I1716,1400,1225,1160,317.0,0,2,n,100
3947,I3947,1400,1200,1450,179.4,45,3,n,100
5095,I5095,1600,1200,1350,207.72,45,4,n,100
5949,I5949,1400,1225,1160,317.0,0,2,n,100
6951,I6951,780,570,478,100.96,47,0,w,4
5541,I5541,1600,1200,1350,205.16,45,4,n,100
7905,I7905,1400,1200,1450,179.4,45,3,n,100
4086,I4086,1400,1200,1450,179.4,45,3,n,100
7924,I7924,1200,1000,975,293.32,45,1,n,100
3243,I3243,1400,1200,1450,179.4,45,3,n,100
5067,I5067,780,570,478,96.256,47,0,w,4
5782,I5782,1600,1200,1350,303.92,45,4,n,100
3565,I3565,1600,1200,930,454.873,45,4,n,100
5577,I5577,780,570,478,82.32,47,0,w,4
6416,I6416,1200,1000,750,227.528,45,1,n,100
3297,I3297,1200,1000,975,293.32,45,1,n,100
3304,I3304,1200,1000,975,293.32,45,1,n,100
3272,I3272,1600,1200,1350,303.92,45,4,n,100
1305,I1305,1600,1200,1350,207.72,45,4,n,100
2595,I2595,1600,1200,1350,207.72,45,4,n,100
7845,I7845,1200,1000,750,305.32,45,1,n,100
3900,I3900,1400,1225,1160,317.0,0,2,n,100
6598,I6598,1600,1200,1350,205.16,45,4,n,100
4030,I4030,780,570,478,100.96,47,0,w,4
8312,I8312,1200,1000,975,293.32,45,1,n,100
8337,I8337,1400,1225,1160,317.0,0,2,n,100
5045,I5045,1200,1000,975,165.375,45,1,n,100
4735,I4735,1400,1200,1450,179.4,45,3,n,100
876,I0876,1400,1200,1450,179.4,45,3,n,100
1017,I1017,780,570,478,96.256,47,0,w,4
8293,I8293,780,570,478,104.768,47,0,w,4
5504,I5504,1200,1000,975,225.6,45,1,n,100
3279,I3279,1200,1000,975,293.32,45,1,n,100
5771,I5771,1400,1200,1450,179.4,45,3,n,100
3184,I3184,780,570,478,81.72,47,0,w,4
4419,I4419,1200,1000,975,169.0,45,1,n,100
6848,I6848,1400,1200,1450,179.4,45,3,n,100
3908,I3908,1400,1225,1160,317.0,0,2,n,100
2853,I2853,1400,1200,1450,179.4,45,3,n,100
239,I0239,1400,1200,1450,179.4,45,3,n,100
4152,I4152,780,570,478,170.28,47,0,w,4
5174,I5174,1200,1000,975,225.6,45,1,n,100
97,I0097,1200,1000,975,246.0,45,1,n,100
4843,I4843,780,570,478,101.52,47,0,w,4
3449,I3449,1200,1000,975,293.32,45,1,n,100
3150,I3150,1200,1000,359,72.704,0,6,n,100
3828,I3828,1600,1200,1350,303.92,45,4,n,100
3795,I3795,1600,1200,930,547.3,45,4,n,100
1144,I1144,780,570,478,81.72,47,0,w,4
1698,I1698,1600,1200,1350,207.72,45,4,n,100
8214,I8214,1600,1200,1350,303.92,45,4,n,100
6400,I6400,1200,1000,1057,164.04,0,6,n,100
8161,I8161,1400,1200,1450,179.4,45,3,n,100
7215,I7215,780,570,478,104.768,47,0,w,4
6333,I6333,1600,1200,975,180.2,45,4,n,100
4302,I4302,1600,1200,1350,207.72,45,4,n,100
6342,I6342,1600,1200,975,180.2,45,4,n,100
1620,I1620,1600,1200,930,438.4,45,4,n,100
2123,I2123,1600,1200,930,547.3,45,4,n,100
4377,I4377,1600,1200,1350,207.72,45,4,n,100
5170,I5170,1200,1000,750,229.88,45,1,n,100
7814,I7814,1600,1200,1350,207.72,45,4,n,100
1724,I1724,1400,1225,1160,317.0,0,2,n,100
283,I0283,1200,1000,359,29.38,0,6,n,100
953,I0953,1400,1200,1450,179.4,45,3,n,100
1585,I1585,1600,1200,1350,303.92,45,4,n,100
7676,I7676,1600,1200,1350,207.72,45,4,n,100
5727,I5727,1200,1000,975,259.6,45,1,n,100
6930,I6930,1400,1225,1160,278.5,0,2,n,100
2446,I2446,1400,1200,1450,179.4,45,3,n,100
6759,I6759,1200,1000,750,229.88,45,1,n,100
5693,I5693,1400,1225,1160,317.0,0,2,n,100
2324,I2324,780,570,478,96.256,47,0,w,4
1215,I1215,1600,1200,975,180.2,45,4,n,100
8196,I8196,780,570,478,100.96,47,0,w,4
6254,I6254,1400,1200,1450,179.4,45,3,n,100
1747,I1747,1400,1225,1160,317.0,0,2,n,100
3098,I3098,1600,1200,975,180.2,45,4,n,100
1500,I1500,1600,1200,930,438.4,45,4,n,100
979,I0979,780,570,478,170.28,47,0,w,4
5420,I5420,1200,1000,750,227.528,45,1,n,100
7454,I7454,1400,1225,1160,278.5,0,2,n,100
2463,I2463,1600,1200,1350,207.72,45,4,n,100
4343,I4343,1600,1200,1350,207.72,45,4,n,100
5752,I5752,1400,1200,1450,179.4,45,3,n,100
5534,I5534,1600,1200,1350,205.16,45,4,n,100
3879,I3879,1200,1000,975,293.32,45,1,n,100
7451,I7451,1400,1225,1160,278.5,0,2,n,100
5029,I5029,1400,1225,1160,317.0,0,2,n,100
7148,I7148,1400,1225,1160,317.0,0,2,n,100
5202,I5202,1600,1200,1350,312.72,45,4,n,100
7359,I7359,780,570,478,82.32,47,0,w,4
50,I0050,1400,1200,1450,179.4,45,3,n,100
5573,I5573,1600,1200,1350,207.72,45,4,n,100
1481,I1481,1200,1000,975,293.32,45,1,n,100
276,I0276,1200,1000,975,577.8,45,1,n,100
2035,I2035,1600,1200,1350,207.72,45,4,n,100
5301,I5301,1600,1200,975,180.2,45,4,n,100
4236,I4236,1600,1200,1350,312.72,45,4,n,100
5046,I5046,1200,1000,975,165.375,45,1,n,100
7113,I7113,1400,1200,1450,179.4,45,3,n,100
6012,I6012,1400,1225,1160,317.0,0,2,n,100
6655,I6655,1200,1000,750,229.88,45,1,n,100
4513,I4513,1600,1200,1350,303.92,45,4,n,100
5449,I5449,1200,1000,750,229.88,45,1,n,100
3314,I3314,1200,1000,975,293.32,45,1,n,100
5785,I5785,1200,1000,558,122.032,0,6,n,100
8223,I8223,1600,1200,1350,205.16,45,4,n,100
5906,I5906,1400,1225,1160,317.0,0,2,n,100
889,I0889,1400,1200,1450,179.4,45,3,n,100
5130,I5130,1400,1200,1450,179.4,45,3,n,100
6337,I6337,1600,1200,975,180.2,45,4,n,100
7281,I7281,1600,1200,1350,303.92,45,4,n,100
5716,I5716,1200,1000,975,248.88,45,1,n,100
6885,I6885,1600,1200,1350,205.16,45,4,n,100
240,I0240,1400,1200,1450,179.4,45,3,n,100
5660,I5660,780,570,478,170.28,47,0,w,4
3658,I3658,1600,1200,930,547.3,45,4,n,100
2096,I2096,780,570,478,104.768,47,0,w,4
1959,I1959,1200,1000,975,183.84,45,1,n,100
5916,I5916,1400,1200,1450,179.4,45,3,n,100
4902,I4902,1400,1200,1450,179.4,45,3,n,100
2269,I2269,1400,1200,1450,179.4,45,3,n,100
3269,I3269,1600,1200,930,438.4,45,4,n,100
1433,I1433,1600,1200,1350,303.92,45,4,n,100
7076,I7076,1200,1000,359,72.704,0,6,n,100
7505,I7505,780,570,478,82.32,47,0,w,4
6756,I6756,1200,1000,750,229.88,45,1,n,100
7853,I7853,1400,1225,1160,278.5,0,2,n,100
2500,I2500,1600,1200,1350,303.92,45,4,n,100
223,I0223,1400,1200,1450,179.4,45,3,n,100
5035,I5035,780,570,478,82.32,47,0,w,4
4812,I4812,780,570,478,170.28,47,0,w,4
7622,I7622,1400,1200,1450,179.4,45,3,n,100
1530,I1530,1600,1200,1350,303.92,45,4,n,100
2546,I2546,1400,1200,1450,179.4,45,3,n,100
7063,I7063,1600,1200,1350,207.72,45,4,n,100
4671,I4671,780,570,478,82.32,47,0,w,4
1341,I1341,1400,1225,1160,278.5,0,2,n,100
7502,I7502,780,570,478,82.32,47,0,w,4
8031,I8031,1200,1000,975,156.15,45,1,n,100
2642,I2642,1600,1200,1350,303.92,45,4,n,100
3158,I3158,1400,1225,1160,278.5,0,2,n,100
7687,I7687,1200,1000,975,169.0,45,1,n,100
975,I0975,780,570,478,81.72,47,0,w,4
1177,I1177,1600,1200,975,180.2,45,4,n,100
213,I0213,1600,1200,930,438.4,45,4,n,100
3973,I3973,1400,1200,1450,179.4,45,3,n,100
3847,I3847,1200,1000,975,293.32,45,1,n,100
4976,I4976,1400,1225,1160,278.5,0,2,n,100
2978,I2978,1600,1200,1350,207.72,45,4,n,100
6725,I6725,1400,1200,1450,179.4,45,3,n,100
1554,I1554,1600,1200,930,514.24,45,4,n,100
1880,I1880,1600,1200,1350,207.72,45,4,n,100
367,I0367,1400,1225,1160,317.0,0,2,n,100
3286,I3286,1200,1000,975,293.32,45,1,n,100
1515,I1515,1200,1000,975,156.15,45,1,n,100
5758,I5758,1400,1200,1450,179.4,45,3,n,100
3905,I3905,1400,1225,1160,317.0,0,2,n,100
6689,I6689,1600,1200,1350,303.92,45,4,n,100
6928,I6928,1400,1225,1160,278.5,0,2,n,100
487,I0487,1600,1200,1350,303.92,45,4,n,100
1593,I1593,1600,1200,1350,303.92,45,4,n,100
4104,I4104,1400,1200,1450,179.4,45,3,n,100
3093,I3093,1400,1225,1160,317.0,0,2,n,100
2812,I2812,1200,1000,975,527.4,45,1,n,100
3124,I3124,1900,1200,750,845.38,45,5,n,100
6649,I6649,1400,1200,1450,179.4,45,3,n,100
4886,I4886,1200,1000,975,336.7,45,1,n,100
4159,I4159,1200,1000,975,336.7,45,1,n,100
945,I0945,1400,1200,1450,179.4,45,3,n,100
6392,I6392,1400,1225,1160,278.5,0,2,n,100
6327,I6327,1600,1200,975,180.2,45,4,n,100
8036,I8036,1200,1000,975,156.15,45,1,n,100
6340,I6340,1600,1200,975,180.2,45,4,n,100
4688,I4688,1600,1200,1350,207.72,45,4,n,100
5546,I5546,780,570,478,81.72,47,0,w,4
3244,I3244,1400,1200,1450,179.4,45,3,n,100
2137,I2137,780,570,478,82.32,47,0,w,4
958,I0958,1600,1200,1350,207.72,45,4,n,100
7436,I7436,1400,1225,1160,317.0,0,2,n,100
7024,I7024,1600,1200,1350,207.72,45,4,n,100
3129,I3129,780,570,478,170.28,47,0,w,4
8058,I8058,780,570,478,100.96,47,0,w,4
3421,I3421,1400,1225,1160,278.5,0,2,n,100
5415,I5415,1600,1200,1350,205.16,45,4,n,100
2525,I2525,1400,1200,1450,179.4,45,3,n,100
2496,I2496,1400,1200,1450,179.4,45,3,n,100
6646,I6646,1400,1200,1450,179.4,45,3,n,100
1276,I1276,1200,1000,975,169.0,45,1,n,100
794,I0794,1200,1000,975,293.32,45,1,n,100
85,I0085,1600,1200,1350,303.92,45,4,n,100
1225,I1225,1400,1200,1450,179.4,45,3,n,100
5797,I5797,1600,1200,1350,303.92,45,4,n,100
3192,I3192,1200,1000,975,577.8,45,1,n,100
3568,I3568,1200,1000,750,176.5,45,1,n,100
3342,I3342,1200,1000,975,225.6,45,1,n,100
6290,I6290,1600,1200,1350,207.72,45,4,n,100
1091,I1091,1200,1000,975,293.32,45,1,n,100
2437,I2437,1400,1200,1450,179.4,45,3,n,100
5788,I5788,1600,1200,1350,303.92,45,4,n,100
5737,I5737,1200,1000,558,127.408,0,6,n,100
740,I0740,780,570,478,81.72,47,0,w,4
3939,I3939,1400,1200,1450,179.4,45,3,n,100
7496,I7496,1400,1200,1450,179.4,45,3,n,100
5278,I5278,1200,1000,975,246.0,45,1,n,100
6979,I6979,1400,1200,1450,179.4,45,3,n,100
4332,I4332,1200,1000,750,229.88,45,1,n,100
8368,I8368,1400,1225,1160,278.5,0,2,n,100
6896,I6896,1200,1000,975,577.8,45,1,n,100
4048,I4048,1200,1000,975,169.0,45,1,n,100
5398,I5398,1600,1200,1350,303.92,45,4,n,100
2185,I2185,1600,1200,1350,207.72,45,4,n,100
6814,I6814,1400,1225,1160,317.0,0,2,n,100
3364,I3364,1400,1200,1450,179.4,45,3,n,100
5309,I5309,1600,1200,975,180.2,45,4,n,100
7565,I7565,1200,1000,975,156.15,45,1,n,100
6025,I6025,1600,1200,975,611.224,45,4,n,100
6825,I6825,1400,1200,1450,179.4,45,3,n,100
977,I0977,780,570,478,81.72,47,0,w,4
7335,I7335,1400,1200,1450,179.4,45,3,n,100
2230,I2230,1400,1200,1450,179.4,45,3,n,100
6189,I6189,780,570,478,82.32,47,0,w,4
4791,I4791,780,570,478,101.52,47,0,w,4
2157,I2157,780,570,478,270.08,47,0,w,4
2714,I2714,1400,1225,1160,317.0,0,2,n,100
3097,I3097,1600,1200,975,180.2,45,4,n,100
7419,I7419,780,570,478,82.32,47,0,w,4
6663,I6663,1200,1000,975,337.9,45,1,n,100
6238,I6238,1600,1200,930,438.4,45,4,n,100
948,I0948,1400,1200,1450,179.4,45,3,n,100
5814,I5814,1200,1000,975,156.15,45,1,n,100
1964,I1964,780,570,478,100.96,47,0,w,4
5659,I5659,780,570,478,170.28,47,0,w,4
8294,I8294,780,570,478,104.768,47,0,w,4
1385,I1385,1400,1200,1450,179.4,45,3,n,100
6174,I6174,1600,1200,1350,303.92,45,4,n,100
7928,I7928,1200,1000,975,293.32,45,1,n,100
4496,I4496,1400,1225,1160,317.0,0,2,n,100
3160,I3160,1400,1225,1160,278.5,0,2,n,100
1084,I1084,1600,1200,1350,207.72,45,4,n,100
2240,I2240,1400,1200,1450,179.4,45,3,n,100
3710,I3710,1400,1200,1450,179.4,45,3,n,100
7035,I7035,1600,1200,1350,207.72,45,4,n,100
7484,I7484,1400,1200,1450,179.4,45,3,n,100
1258,I1258,1200,1000,975,169.0,45,1,n,100
2826,I2826,780,570,478,81.72,47,0,w,4
2789,I2789,1600,1200,1350,207.72,45,4,n,100
886,I0886,1400,1200,1450,179.4,45,3,n,100
579,I0579,780,570,478,100.96,47,0,w,4
5132,I5132,1400,1200,1450,179.4,45,3,n,100
4037,I4037,780,570,478,269.32,47,0,w,4
7757,I7757,1400,1225,1160,278.5,0,2,n,100
665,I0665,1400,1200,1450,179.4,45,3,n,100
974,I0974,780,570,478,81.72,47,0,w,4
4045,I4045,1200,1000,975,169.0,45,1,n,100
2693,I2693,1400,1200,1450,179.4,45,3,n,100
2235,I2235,1400,1200,1450,179.4,45,3,n,100
5725,I5725,780,570,478,160.56,47,0,w,4
1547,I1547,780,570,478,100.96,47,0,w,4
4078,I4078,1400,1200,1450,179.4,45,3,n,100
5631,I5631,1600,1200,1350,207.72,45,4,n,100
4342,I4342,1600,1200,1350,207.72,45,4,n,100
2581,I2581,780,570,478,170.28,47,0,w,4
5090,I5090,1600,1200,930,277.828,45,4,n,100
1618,I1618,1600,1200,930,438.4,45,4,n,100
5678,I5678,1400,1200,1450,179.4,45,3,n,100
8165,I8165,1400,1200,1450,179.4,45,3,n,100
1680,I1680,1400,1200,1450,179.4,45,3,n,100
1007,I1007,1200,1000,750,229.88,45,1,n,100
8028,I8028,1600,1200,1350,207.72,45,4,n,100
2093,I2093,1200,1000,750,351.944,45,1,n,100
7977,I7977,1200,1000,975,156.15,45,1,n,100
4466,I4466,1200,1000,975,577.8,45,1,n,100
5600,I5600,1200,1000,1057,179.85,0,6,n,100
4642,I4642,1400,1200,1450,179.4,45,3,n,100
3641,I3641,1400,1225,1160,317.0,0,2,n,100
4659,I4659,1600,1200,1350,303.92,45,4,n,100
2957,I2957,1600,1200,1350,303.92,45,4,n,100
2370,I2370,1600,1200,1350,205.16,45,4,n,100
7833,I7833,1200,1000,975,259.6,45,1,n,100
2855,I2855,1400,1200,1450,179.4,45,3,n,100
5476,I5476,1600,1200,1350,303.92,45,4,n,100
6066,I6066,780,570,478,170.28,47,0,w,4
3722,I3722,1400,1200,1450,179.4,45,3,n,100
1127,I1127,1200,1000,750,351.756,45,1,n,100
5274,I5274,1400,1225,1160,278.5,0,2,n,100
6785,I6785,1600,1200,1350,303.92,45,4,n,100
8262,I8262,1200,1000,975,156.15,45,1,n,100
7453,I7453,1400,1225,1160,278.5,0,2,n,100
5189,I5189,1400,1225,1160,278.5,0,2,n,100
4056,I4056,1200,1000,975,169.0,45,1,n,100
1599,I1599,1200,1000,975,225.6,45,1,n,100
6084,I6084,1600,1200,1350,207.72,45,4,n,100
6261,I6261,1400,1200,1450,179.4,45,3,n,100
1024,I1024,1200,1000,975,156.15,45,1,n,100
670,I0670,1400,1200,1450,179.4,45,3,n,100
3882,I3882,1400,1225,1160,278.5,0,2,n,100
8385,I8385,1600,1200,930,547.3,45,4,n,100
3042,I3042,780,570,478,96.256,47,0,w,4
2954,I2954,1600,1200,1350,303.92,45,4,n,100
1535,I1535,1600,1200,1350,303.92,45,4,n,100
5210,I5210,1600,1200,1350,207.72,45,4,n,100
6237,I6237,1600,1200,930,438.4,45,4,n,100
2449,I2449,1600,1200,930,277.828,45,4,n,100
5649,I5649,1600,1200,930,547.3,45,4,n,100
3041,I3041,780,570,478,96.256,47,0,w,4
3017,I3017,1900,1200,750,713.62,45,5,n,100
3306,I3306,1200,1000,975,293.32,45,1,n,100
5121,I5121,1600,1200,1350,303.92,45,4,n,100
5922,I5922,1400,1200,1450,179.4,45,3,n,100
7240,I7240,1400,1200,1450,179.4,45,3,n,100
6422,I6422,1400,1225,1160,317.0,0,2,n,100
1834,I1834,1600,1200,1350,303.92,45,4,n,100
8162,I8162,1400,1200,1450,179.4,45,3,n,100
130,I0130,1400,1200,1450,179.4,45,3,n,100
3247,I3247,1400,1200,1450,179.4,45,3,n,100
3456,I3456,1200,1000,975,293.32,45,1,n,100
5803,I5803,1600,1200,1350,303.92,45,4,n,100
435,I0435,1400,1200,1450,179.4,45,3,n,100
4932,I4932,1600,1200,975,611.224,45,4,n,100
1800,I1800,780,570,478,82.32,47,0,w,4
3672,I3672,1200,1000,359,70.016,0,6,n,100
61,I0061,1600,1200,1350,303.92,45,4,n,100
3027,I3027,1200,1000,975,248.88,45,1,n,100
547,I0547,1600,1200,930,277.828,45,4,n,100
8190,I8190,1600,1200,1350,207.72,45,4,n,100
4147,I4147,780,570,478,170.28,47,0,w,4
7087,I7087,780,570,478,100.96,47,0,w,4
308,I0308,1400,1200,1450,179.4,45,3,n,100
7122,I7122,1400,1200,1450,179.4,45,3,n,100
1324,I1324,1200,1000,545,729.5,45,1,n,100
6579,I6579,780,570,478,82.32,47,0,w,4
31,I0031,1400,1200,1450,179.4,45,3,n,100
3521,I3521,1200,1000,975,577.8,45,1,n,100
7790,I7790,1400,1200,1450,179.4,45,3,n,100
2723,I2723,1400,1225,1160,317.0,0,2,n,100
1552,I1552,1200,1000,975,169.0,45,1,n,100
4158,I4158,1200,1000,975,336.7,45,1,n,100
4608,I4608,1600,1200,1350,303.92,45,4,n,100
540,I0540,1400,1200,1450,179.4,45,3,n,100
7859,I7859,1400,1225,1160,278.5,0,2,n,100
3935,I3935,1400,1200,1450,179.4,45,3,n,100
1364,I1364,1400,1200,1450,179.4,45,3,n,100
3021,I3021,1200,1000,975,183.84,45,1,n,100
6530,I6530,1400,1200,1450,179.4,45,3,n,100
4084,I4084,1400,1200,1450,179.4,45,3,n,100
7852,I7852,1400,1225,1160,278.5,0,2,n,100
6406,I6406,1200,1000,750,217.45,45,1,n,100
1329,I1329,1400,1225,1160,278.5,0,2,n,100
1981,I1981,1600,1200,1350,303.92,45,4,n,100
2058,I2058,1400,1200,1450,179.4,45,3,n,100
2793,I2793,1600,1200,1350,207.72,45,4,n,100
4052,I4052,1200,1000,975,169.0,45,1,n,100
4975,I4975,1400,1225,1160,278.5,0,2,n,100
6188,I6188,780,570,478,82.32,47,0,w,4
932,I0932,1400,1200,1450,179.4,45,3,n,100
7911,I7911,1400,1200,1450,179.4,45,3,n,100
2678,I2678,1400,1200,1450,179.4,45,3,n,100
7082,I7082,780,570,478,100.96,47,0,w,4
3631,I3631,1600,1200,1350,205.16,45,4,n,100
8290,I8290,1200,1000,545,729.5,45,1,n,100
6276,I6276,1200,1000,750,227.528,45,1,n,100
4502,I4502,1400,1225,1160,317.0,0,2,n,100
5744,I5744,1400,1200,1450,179.4,45,3,n,100
1551,I1551,780,570,478,100.96,47,0,w,4
4894,I4894,1200,1000,975,246.0,45,1,n,100
952,I0952,1400,1200,1450,179.4,45,3,n,100
1725,I1725,1400,1225,1160,317.0,0,2,n,100
1187,I1187,1600,1200,975,180.2,45,4,n,100
4330,I4330,1200,1000,750,229.88,45,1,n,100
6578,I6578,780,570,478,82.32,47,0,w,4
3362,I3362,1400,1200,1450,179.4,45,3,n,100
5102,I5102,1600,1200,1350,207.72,45,4,n,100
4138,I4138,1200,1000,975,156.15,45,1,n,100
4742,I4742,1600,1200,1350,303.92,45,4,n,100
7417,I7417,780,570,478,82.32,47,0,w,4
8300,I8300,780,570,478,269.32,47,0,w,4
6244,I6244,1400,1200,1450,179.4,45,3,n,100
1796,I1796,780,570,478,82.32,47,0,w,4
5044,I5044,1200,1000,975,165.375,45,1,n,100
890,I0890,1400,1200,1450,179.4,45,3,n,100
4484,I4484,780,570,478,81.72,47,0,w,4
5108,I5108,1600,1200,1350,207.72,45,4,n,100
5271,I5271,1400,1225,1160,278.5,0,2,n,100
4323,I4323,780,570,478,82.32,47,0,w,4
5181,I5181,1200,1000,975,225.6,45,1,n,100
1940,I1940,780,570,478,100.96,47,0,w,4
2325,I2325,780,570,478,96.256,47,0,w,4
759,I0759,1200,1000,359,70.016,0,6,n,100
5466,I5466,1400,1225,1160,317.0,0,2,n,100
6184,I6184,1600,1200,1350,303.92,45,4,n,100
2444,I2444,1400,1200,1450,179.4,45,3,n,100
2612,I2612,1400,1225,1160,317.0,0,2,n,100
8306,I8306,1200,1000,975,293.32,45,1,n,100
1911,I1911,1200,1000,975,169.0,45,1,n,100
241,I0241,1400,1200,1450,179.4,45,3,n,100
7115,I7115,1400,1200,1450,179.4,45,3,n,100
8155,I8155,1400,1200,1450,179.4,45,3,n,100
7193,I7193,1200,1000,975,225.6,45,1,n,100
2351,I2351,1600,1200,1350,303.92,45,4,n,100
573,I0573,1200,1000,545,690.5,45,1,n,100
5268,I5268,1400,1225,1160,278.5,0,2,n,100
4771,I4771,1200,1000,975,527.4,45,1,n,100
535,I0535,1400,1200,1450,179.4,45,3,n,100
7618,I7618,1400,1200,1450,179.4,45,3,n,100
2857,I2857,1400,1200,1450,179.4,45,3,n,100
1822,I1822,1600,1200,1350,303.92,45,4,n,100
5610,I5610,1200,1000,750,229.88,45,1,n,100
259,I0259,1600,1200,1350,303.92,45,4,n,100
6913,I6913,1400,1225,1160,317.0,0,2,n,100
2289,I2289,1600,1200,1350,207.72,45,4,n,100
4291,I4291,1400,1225,1160,317.0,0,2,n,100
19,I0019,1400,1225,1160,278.5,0,2,n,100
5025,I5025,1400,1225,1160,317.0,0,2,n,100
1924,I1924,1400,1225,1160,278.5,0,2,n,100
3663,I3663,1600,1200,930,547.3,45,4,n,100
6242,I6242,1400,1200,1450,179.4,45,3,n,100
3926,I3926,780,570,478,160.56,47,0,w,4
8175,I8175,1400,1200,1450,179.4,45,3,n,100
2065,I2065,1400,1200,1450,179.4,45,3,n,100
3309,I3309,1200,1000,975,293.32,45,1,n,100
3390,I3390,1400,1200,1450,179.4,45,3,n,100
8088,I8088,1600,1200,1350,207.72,45,4,n,100
688,I0688,1200,1000,975,308.76,45,1,n,100
7001,I7001,1400,1200,1450,179.4,45,3,n,100
4862,I4862,1400,1200,1450,179.4,45,3,n,100
43,I0043,1600,1200,975,1471.6,45,4,n,100
4278,I4278,1600,1200,1350,303.92,45,4,n,100
5955,I5955,1400,1225,1160,317.0,0,2,n,100
6351,I6351,1400,1225,1160,278.5,0,2,n,100
660,I0660,1400,1200,1450,179.4,45,3,n,100
1601,I1601,1200,1000,975,225.6,45,1,n,100
7093,I7093,1200,1000,1155,375.0,0,6,n,100
6773,I6773,1600,1200,1350,205.16,45,4,n,100
7605,I7605,1200,1000,750,305.32,45,1,n,100
4789,I4789,1200,1000,750,229.88,45,1,n,100
7999,I7999,1600,1200,1350,303.92,45,4,n,100
995,I0995,1600,1200,930,438.4,45,4,n,100
7126,I7126,1400,1200,1450,179.4,45,3,n,100
7937,I7937,1200,1000,975,293.32,45,1,n,100
5641,I5641,1600,1200,1350,207.72,45,4,n,100
3633,I3633,1600,1200,1350,205.16,45,4,n,100
2569,I2569,1400,1200,1450,179.4,45,3,n,100
2133,I2133,780,570,478,82.32,47,0,w,4
1673,I1673,1200,1000,750,229.88,45,1,n,100
8,I0008,1200,1000,975,577.8,45,1,n,100
4328,I4328,1200,1000,750,229.88,45,1,n,100
4115,I4115,1400,1225,1160,317.0,0,2,n,100
5666,I5666,1600,1200,1350,205.16,45,4,n,100
8248,I8248,1200,1000,975,246.0,45,1,n,100
7488,I7488,1400,1200,1450,179.4,45,3,n,100
667,I0667,1400,1200,1450,179.4,45,3,n,100
2572,I2572,1400,1200,1450,179.4,45,3,n,100
4102,I4102,1400,1200,1450,179.4,45,3,n,100
2689,I2689,1400,1200,1450,179.4,45,3,n,100
7693,I7693,1200,1000,975,577.8,45,1,n,100
7807,I7807,1600,1200,1350,303.92,45,4,n,100
4802,I4802,780,570,478,81.72,47,0,w,4
5344,I5344,1600,1200,1350,207.72,45,4,n,100
1829,I1829,1600,1200,1350,303.92,45,4,n,100
3678,I3678,1600,1200,975,180.2,45,4,n,100
4665,I4665,1600,1200,1350,303.92,45,4,n,100
257,I0257,1600,1200,1350,303.92,45,4,n,100
795,I0795,1200,1000,975,293.32,45,1,n,100
4915,I4915,1400,1200,1450,179.4,45,3,n,100
6637,I6637,1400,1200,1450,179.4,45,3,n,100
7151,I7151,1400,1225,1160,317.0,0,2,n,100
7418,I7418,780,570,478,82.32,47,0,w,4
2513,I2513,1400,1200,1450,179.4,45,3,n,100
2842,I2842,1400,1200,1450,179.4,45,3,n,100
6983,I6983,1600,1200,1350,207.72,45,4,n,100
8225,I8225,1600,1200,1350,205.16,45,4,n,100
211,I0211,1600,1200,930,438.4,45,4,n,100
4047,I4047,1200,1000,975,169.0,45,1,n,100
3248,I3248,1400,1200,1450,179.4,45,3,n,100
518,I0518,1400,1200,1450,179.4,45,3,n,100
4591,I4591,1200,1000,975,527.4,45,1,n,100
5612,I5612,1200,1000,750,305.32,45,1,n,100
1632,I1632,1400,1200,1450,179.4,45,3,n,100
256,I0256,1600,1200,1350,303.92,45,4,n,100
7646,I7646,1600,1200,975,180.2,45,4,n,100
5594,I5594,1200,1000,975,183.84,45,1,n,100
2556,I2556,1400,1200,1450,179.4,45,3,n,100
3874,I3874,1200,1000,975,293.32,45,1,n,100
3107,I3107,1600,1200,975,180.2,45,4,n,100
5081,I5081,1600,1200,930,438.4,45,4,n,100
1040,I1040,1200,1000,975,336.7,45,1,n,100
4487,I4487,1200,1000,975,165.375,45,1,n,100
5166,I5166,1200,1000,750,229.88,45,1,n,100
2219,I2219,1200,1000,975,259.6,45,1,n,100
8272,I8272,1400,1200,1450,179.4,45,3,n,100
7975,I7975,1200,1000,545,690.5,45,1,n,100
4607,I4607,1600,1200,930,547.3,45,4,n,100
6168,I6168,1400,1225,1160,317.0,0,2,n,100
2576,I2576,1400,1200,1450,179.4,45,3,n,100
1460,I1460,1200,1000,975,293.32,45,1,n,100
3647,I3647,1400,1225,1160,317.0,0,2,n,100
4972,I4972,1400,1225,1160,278.5,0,2,n,100
4248,I4248,1400,1225,1160,278.5,0,2,n,100
66,I0066,1400,1225,1160,317.0,0,2,n,100
1752,I1752,1600,1200,1350,303.92,45,4,n,100
2518,I2518,1400,1200,1450,179.4,45,3,n,100
2512,I2512,1400,1200,1450,179.4,45,3,n,100
3212,I3212,1400,1200,1450,179.4,45,3,n,100
3915,I3915,1400,1225,1160,278.5,0,2,n,100
4458,I4458,1200,1000,975,336.7,45,1,n,100
2808,I2808,1200,1000,975,527.4,45,1,n,100
988,I0988,1200,1000,359,77.352,0,6,n,100
1303,I1303,1200,1000,750,405.72,45,1,n,100
2136,I2136,780,570,478,82.32,47,0,w,4
790,I0790,1200,1000,975,293.32,45,1,n,100
27,I0027,1400,1200,1450,179.4,45,3,n,100
4910,I4910,1400,1200,1450,179.4,45,3,n,100
6607,I6607,1400,1200,1450,179.4,45,3,n,100
3736,I3736,780,570,478,96.256,47,0,w,4
848,I0848,1600,1200,930,547.3,45,4,n,100
2694,I2694,1400,1200,1450,179.4,45,3,n,100
5284,I5284,1600,1200,975,180.2,45,4,n,100
767,I0767,1200,1000,975,293.32,45,1,n,100
6281,I6281,1400,1225,1160,278.5,0,2,n,100
3052,I3052,1200,1000,975,293.32,45,1,n,100
3369,I3369,1400,1200,1450,179.4,45,3,n,100
2044,I2044,1200,1000,975,527.4,45,1,n,100
7273,I7273,780,570,478,100.96,47,0,w,4
6216,I6216,1400,1225,1160,278.5,0,2,n,100
2578,I2578,1200,1000,750,235.4,45,1,n,100
4277,I4277,1600,1200,1350,303.92,45,4,n,100
5593,I5593,1200,1000,975,183.84,45,1,n,100
116,I0116,1400,1200,1450,179.4,45,3,n,100
4165,I4165,1400,1225,1160,278.5,0,2,n,100
4995,I4995,1400,1200,1450,179.4,45,3,n,100
466,I0466,1600,1200,1350,207.72,45,4,n,100
7498,I7498,1600,1200,975,611.224,45,4,n,100
2904,I2904,780,570,478,170.28,47,0,w,4
2004,I2004,1600,1200,930,277.828,45,4,n,100
8014,I8014,1600,1200,930,547.3,45,4,n,100
7793,I7793,1400,1200,1450,179.4,45,3,n,100
4095,I4095,1400,1200,1450,179.4,45,3,n,100
1235,I1235,1400,1200,1450,179.4,45,3,n,100
2665,I2665,1600,1200,1350,303.92,45,4,n,100
1120,I1120,1200,1000,975,293.32,45,1,n,100
1046,I1046,1600,1200,1350,303.92,45,4,n,100
5136,I5136,1400,1200,1450,179.4,45,3,n,100
4182,I4182,1600,1200,1350,303.92,45,4,n,100
1192,I1192,1600,1200,975,180.2,45,4,n,100
6438,I6438,1400,1225,1160,278.5,0,2,n,100
3443,I3443,1200,1000,1155,366.75,0,6,n,100
1299,I1299,1400,1200,1450,179.4,45,3,n,100
4350,I4350,1600,1200,1350,207.72,45,4,n,100
2270,I2270,1400,1200,1450,179.4,45,3,n,100
4040,I4040,1200,1000,975,169.0,45,1,n,100
8364,I8364,1200,1000,975,294.46,45,1,n,100
3921,I3921,1400,1225,1160,278.5,0,2,n,100
6532,I6532,1400,1200,1450,179.4,45,3,n,100
4998,I4998,1400,1200,1450,179.4,45,3,n,100
2242,I2242,1400,1200,1450,179.4,45,3,n,100
5196,I5196,1600,1200,1350,303.92,45,4,n,100
2407,I2407,1400,1225,1160,278.5,0,2,n,100
2389,I2389,1400,1225,1160,278.5,0,2,n,100
6195,I6195,1400,1225,1160,317.0,0,2,n,100
2574,I2574,1400,1200,1450,179.4,45,3,n,100
2018,I2018,1600,1200,1350,207.72,45,4,n,100
5157,I5157,1400,1225,1160,317.0,0,2,n,100
3326,I3326,1400,1225,1160,317.0,0,2,n,100
282,I0282,1200,1000,975,577.8,45,1,n,100
5889,I5889,1400,1225,1160,278.5,0,2,n,100
5843,I5843,1400,1200,1450,179.4,45,3,n,100
6026,I6026,1200,1000,558,136.704,0,6,n,100
493,I0493,1200,1000,975,308.76,45,1,n,100
6995,I6995,1400,1200,1450,179.4,45,3,n,100
1656,I1656,1200,1000,750,229.88,45,1,n,100
5639,I5639,1600,1200,1350,207.72,45,4,n,100
2741,I2741,1200,1000,750,227.528,45,1,n,100
8193,I8193,1200,1000,545,690.5,45,1,n,100
3945,I3945,1400,1200,1450,179.4,45,3,n,100
4632,I4632,1400,1200,1450,179.4,45,3,n,100
7972,I7972,1600,1200,1350,205.16,45,4,n,100
5389,I5389,780,570,478,100.96,47,0,w,4
2877,I2877,1400,1200,1450,179.4,45,3,n,100
4717,I4717,1400,1200,1450,179.4,45,3,n,100
2258,I2258,1400,1200,1450,179.4,45,3,n,100
6239,I6239,1600,1200,930,438.4,45,4,n,100
5097,I5097,1600,1200,1350,207.72,45,4,n,100
4401,I4401,1200,1000,975,169.0,45,1,n,100
5978,I5978,1400,1200,1450,179.4,45,3,n,100
8101,I8101,1400,1200,1450,179.4,45,3,n,100
4113,I4113,1400,1225,1160,317.0,0,2,n,100
5321,I5321,1600,1200,1350,207.72,45,4,n,100
6377,I6377,1600,1200,1350,205.16,45,4,n,100
4888,I4888,1200,1000,975,336.7,45,1,n,100
5576,I5576,780,570,478,101.52,47,0,w,4
4255,I4255,1400,1225,1160,278.5,0,2,n,100
2243,I2243,1400,1200,1450,179.4,45,3,n,100
4074,I4074,1400,1200,1450,179.4,45,3,n,100
4564,I4564,1400,1225,1160,278.5,0,2,n,100
2271,I2271,1400,1200,1450,179.4,45,3,n,100
7100,I7100,1600,1200,1350,303.92,45,4,n,100
7047,I7047,1200,1000,975,183.84,45,1,n,100
7700,I7700,1400,1225,1160,317.0,0,2,n,100
6289,I6289,1400,1225,1160,278.5,0,2,n,100
4719,I4719,1400,1200,1450,179.4,45,3,n,100
2619,I2619,1600,1200,1350,303.92,45,4,n,100
6548,I6548,780,570,478,100.96,47,0,w,4
4710,I4710,1400,1200,1450,179.4,45,3,n,100
511,I0511,1600,1200,1350,207.72,45,4,n,100
285,I0285,1600,1200,1350,303.92,45,4,n,100
2192,I2192,1600,1200,1350,207.72,45,4,n,100
6060,I6060,1600,1200,975,180.2,45,4,n,100
1056,I1056,1200,1000,750,229.88,45,1,n,100
7806,I7806,1200,1000,1155,373.25,0,6,n,100
6339,I6339,1600,1200,975,180.2,45,4,n,100
6943,I6943,1400,1225,1160,278.5,0,2,n,100
5969,I5969,1600,1200,930,438.4,45,4,n,100
934,I0934,1400,1200,1450,179.4,45,3,n,100
2839,I2839,1200,1000,975,259.6,45,1,n,100
3815,I3815,1600,1200,1350,207.72,45,4,n,100
6622,I6622,1200,1000,975,336.7,45,1,n,100
6035,I6035,1600,1200,975,180.2,45,4,n,100
847,I0847,1600,1200,930,547.3,45,4,n,100
7922,I7922,1200,1000,975,293.32,45,1,n,100
4511,I4511,1600,1200,1350,303.92,45,4,n,100
2935,I2935,1400,1225,1160,317.0,0,2,n,100
728,I0728,1600,1200,1350,205.16,45,4,n,100
3106,I3106,1600,1200,975,180.2,45,4,n,100
5112,I5112,780,570,478,160.56,47,0,w,4
427,I0427,1400,1200,1450,179.4,45,3,n,100
4974,I4974,1400,1225,1160,278.5,0,2,n,100
7984,I7984,1200,1000,975,183.84,45,1,n,100
870,I0870,1200,1000,975,527.4,45,1,n,100
1753,I1753,1600,1200,1350,303.92,45,4,n,100
1262,I1262,1200,1000,975,169.0,45,1,n,100
709,I0709,1600,1200,1350,303.92,45,4,n,100
7667,I7667,1600,1200,1350,207.72,45,4,n,100
3175,I3175,1200,1000,975,165.375,45,1,n,100
6514,I6514,1400,1200,1450,179.4,45,3,n,100
1571,I1571,1600,1200,975,180.2,45,4,n,100
7599,I7599,1400,1225,1160,317.0,0,2,n,100
522,I0522,1400,1200,1450,179.4,45,3,n,100
8256,I8256,780,570,478,100.96,47,0,w,4
1052,I1052,1600,1200,1350,303.92,45,4,n,100
436,I0436,1400,1200,1450,179.4,45,3,n,100
6770,I6770,1600,1200,1350,205.16,45,4,n,100
940,I0940,1400,1200,1450,179.4,45,3,n,100
5485,I5485,1600,1200,1350,303.92,45,4,n,100
3095,I3095,1600,1200,975,180.2,45,4,n,100
8054,I8054,1600,1200,1350,303.92,45,4,n,100
1236,I1236,1400,1200,1450,179.4,45,3,n,100
1803,I1803,1200,1000,750,227.528,45,1,n,100
819,I0819,1400,1200,1450,179.4,45,3,n,100
2927,I2927,1400,1225,1160,278.5,0,2,n,100
2225,I2225,1200,1000,1155,373.25,0,6,n,100
3045,I3045,1200,1000,975,293.32,45,1,n,100
707,I0707,1600,1200,1350,303.92,45,4,n,100
7141,I7141,1400,1225,1160,317.0,0,2,n,100
3400,I3400,1200,1000,975,165.375,45,1,n,100
7338,I7338,1400,1200,1450,179.4,45,3,n,100
6809,I6809,1400,1225,1160,317.0,0,2,n,100
2341,I2341,1200,1000,545,690.5,45,1,n,100
1307,I1307,1600,1200,1350,207.72,45,4,n,100
243,I0243,1400,1200,1450,179.4,45,3,n,100
2347,I2347,1600,1200,1350,303.92,45,4,n,100
7870,I7870,780,570,478,82.32,47,0,w,4
5755,I5755,1400,1200,1450,179.4,45,3,n,100
5288,I5288,1600,1200,975,180.2,45,4,n,100
2338,I2338,1600,1200,930,454.873,45,4,n,100
7649,I7649,1600,1200,975,180.2,45,4,n,100
5616,I5616,1600,1200,1350,205.16,45,4,n,100
5608,I5608,1200,1000,750,229.88,45,1,n,100
4555,I4555,1400,1225,1160,278.5,0,2,n,100
702,I0702,1600,1200,1350,207.72,45,4,n,100
4594,I4594,1200,1000,975,527.4,45,1,n,100
4483,I4483,780,570,478,81.72,47,0,w,4
30,I0030,1400,1200,1450,179.4,45,3,n,100
3308,I3308,1200,1000,975,293.32,45,1,n,100
1751,I1751,1600,1200,1350,303.92,45,4,n,100
6564,I6564,1600,1200,1350,303.92,45,4,n,100
786,I0786,1200,1000,975,293.32,45,1,n,100
6653,I6653,1400,1200,1450,179.4,45,3,n,100
4762,I4762,780,570,478,160.56,47,0,w,4
2895,I2895,1600,1200,930,438.4,45,4,n,100
141,I0141,1400,1200,1450,179.4,45,3,n,100
7291,I7291,1400,1225,1160,278.5,0,2,n,100
3582,I3582,1600,1200,930,547.3,45,4,n,100
4575,I4575,1400,1225,1160,278.5,0,2,n,100
2146,I2146,1200,1000,975,156.15,45,1,n,100
6361,I6361,1400,1225,1160,278.5,0,2,n,100
6374,I6374,1600,1200,1350,205.16,45,4,n,100
5483,I5483,1600,1200,1350,303.92,45,4,n,100
8167,I8167,1400,1200,1450,179.4,45,3,n,100
4282,I4282,1400,1225,1160,317.0,0,2,n,100
6477,I6477,1200,1000,975,336.7,45,1,n,100
5059,I5059,780,570,478,160.56,47,0,w,4
7863,I7863,780,570,478,82.32,47,0,w,4
4722,I4722,1400,1200,1450,179.4,45,3,n,100
314,I0314,1400,1200,1450,179.4,45,3,n,100
1517,I1517,1200,1000,975,156.15,45,1,n,100
78,I0078,780,570,478,270.08,47,0,w,4
2886,I2886,780,570,478,160.56,47,0,w,4
6596,I6596,1600,1200,1350,205.16,45,4,n,100
7607,I7607,1600,1200,1350,205.16,45,4,n,100
5724,I5724,1200,1000,545,690.5,45,1,n,100
2344,I2344,1200,1000,750,267.8,45,1,n,100
6590,I6590,1600,1200,1350,205.16,45,4,n,100
2400,I2400,1400,1225,1160,278.5,0,2,n,100
5133,I5133,1400,1200,1450,179.4,45,3,n,100
1454,I1454,1200,1000,975,293.32,45,1,n,100
5197,I5197,1600,1200,1350,303.92,45,4,n,100
7422,I7422,1600,1200,930,277.828,45,4,n,100
6041,I6041,1600,1200,975,180.2,45,4,n,100
4801,I4801,780,570,478,81.72,47,0,w,4
5117,I5117,1200,1000,1057,164.04,0,6,n,100
639,I0639,1400,1200,1450,179.4,45,3,n,100
5620,I5620,780,570,478,170.28,47,0,w,4
4365,I4365,1200,1000,975,165.375,45,1,n,100
1756,I1756,780,570,478,100.96,47,0,w,4
7184,I7184,1400,1225,1160,278.5,0,2,n,100
3808,I3808,1400,1200,1450,179.4,45,3,n,100
2331,I2331,1600,1200,1350,303.92,45,4,n,100
5643,I5643,1600,1200,930,547.3,45,4,n,100
2809,I2809,1200,1000,975,527.4,45,1,n,100
1787,I1787,1400,1200,1450,179.4,45,3,n,100
5617,I5617,1600,1200,1350,205.16,45,4,n,100
2561,I2561,1400,1200,1450,179.4,45,3,n,100
3004,I3004,1600,1200,1350,207.72,45,4,n,100
7578,I7578,1200,1000,750,500.86,45,1,n,100
5565,I5565,1600,1200,1350,207.72,45,4,n,100
4554,I4554,1400,1225,1160,278.5,0,2,n,100
5880,I5880,780,570,478,104.768,47,0,w,4
422,I0422,1600,1200,1350,207.72,45,4,n,100
3956,I3956,1400,1200,1450,179.4,45,3,n,100
1350,I1350,780,570,478,104.768,47,0,w,4
4405,I4405,1200,1000,975,169.0,45,1,n,100
4694,I4694,1400,1200,1450,179.4,45,3,n,100
2579,I2579,780,570,478,170.28,47,0,w,4
7364,I7364,780,570,478,81.72,47,0,w,4
4188,I4188,1200,1000,750,229.88,45,1,n,100
5900,I5900,1400,1225,1160,317.0,0,2,n,100
6100,I6100,1400,1200,1450,179.4,45,3,n,100
2987,I2987,1600,1200,1350,207.72,45,4,n,100
694,I0694,1600,1200,930,277.828,45,4,n,100
2482,I2482,1400,1225,1160,278.5,0,2,n,100
6735,I6735,1200,1000,975,527.4,45,1,n,100
3268,I3268,1600,1200,930,438.4,45,4,n,100
2055,I2055,1400,1200,1450,179.4,45,3,n,100
5320,I5320,1600,1200,1350,207.72,45,4,n,100
5019,I5019,1400,1225,1160,317.0,0,2,n,100
2816,I2816,1200,1000,975,527.4,45,1,n,100
756,I0756,1400,1200,1450,179.4,45,3,n,100
4588,I4588,1200,1000,750,227.528,45,1,n,100
7208,I7208,780,570,478,81.72,47,0,w,4
6806,I6806,1400,1225,1160,317.0,0,2,n,100
5825,I5825,1200,1000,750,229.88,45,1,n,100
290,I0290,1600,1200,1350,303.92,45,4,n,100
7991,I7991,1600,1200,1350,207.72,45,4,n,100
1597,I1597,780,570,478,160.56,47,0,w,4
8154,I8154,1400,1200,1450,179.4,45,3,n,100
2201,I2201,1200,1000,975,577.8,45,1,n,100
1049,I1049,1600,1200,1350,303.92,45,4,n,100
2547,I2547,1400,1200,1450,179.4,45,3,n,100
117,I0117,780,570,478,269.32,47,0,w,4
4175,I4175,1400,1225,1160,278.5,0,2,n,100
6039,I6039,1600,1200,975,180.2,45,4,n,100
7817,I7817,1600,1200,930,438.4,45,4,n,100
5522,I5522,1600,1200,930,547.3,45,4,n,100
721,I0721,1600,1200,1350,205.16,45,4,n,100
6747,I6747,1600,1200,930,547.3,45,4,n,100
7579,I7579,1200,1000,750,500.86,45,1,n,100
385,I0385,1400,1225,1160,317.0,0,2,n,100
3550,I3550,1600,1200,1350,207.72,45,4,n,100
4193,I4193,1200,1000,975,165.375,45,1,n,100
8186,I8186,780,570,478,104.768,47,0,w,4
8097,I8097,1400,1200,1450,179.4,45,3,n,100
7970,I7970,1600,1200,1350,205.16,45,4,n,100
6336,I6336,1600,1200,975,180.2,45,4,n,100
7068,I7068,780,570,478,104.768,47,0,w,4
8179,I8179,780,570,478,81.72,47,0,w,4
1256,I1256,1200,1000,975,169.0,45,1,n,100
1356,I1356,1600,1200,930,438.4,45,4,n,100
2266,I2266,1400,1200,1450,179.4,45,3,n,100
5177,I5177,1200,1000,975,225.6,45,1,n,100
5289,I5289,1600,1200,975,180.2,45,4,n,100
1764,I1764,780,570,478,100.96,47,0,w,4
1442,I1442,1200,1000,975,165.375,45,1,n,100
1629,I1629,1600,1200,1350,303.92,45,4,n,100
7249,I7249,1400,1200,1450,179.4,45,3,n,100
1495,I1495,780,570,478,81.72,47,0,w,4
5711,I5711,1400,1225,1160,317.0,0,2,n,100
127,I0127,1400,1200,1450,179.4,45,3,n,100
55,I0055,1400,1200,1450,179.4,45,3,n,100
6208,I6208,1400,1225,1160,278.5,0,2,n,100
7465,I7465,1400,1225,1160,317.0,0,2,n,100
7617,I7617,1400,1200,1450,179.4,45,3,n,100
5850,I5850,1400,1200,1450,179.4,45,3,n,100
7569,I7569,1200,1000,975,156.15,45,1,n,100
95,I0095,1600,1200,1350,303.92,45,4,n,100
4662,I4662,1600,1200,1350,303.92,45,4,n,100
3767,I3767,1600,1200,1350,207.72,45,4,n,100
2170,I2170,1900,1200,750,713.62,45,5,n,100
7461,I7461,1400,1225,1160,278.5,0,2,n,100
5759,I5759,1400,1200,1450,179.4,45,3,n,100
2200,I2200,1200,1000,975,577.8,45,1,n,100
4754,I4754,780,570,478,81.72,47,0,w,4
5607,I5607,1200,1000,750,229.88,45,1,n,100
6382,I6382,780,570,478,96.256,47,0,w,4
780,I0780,1200,1000,975,293.32,45,1,n,100
6198,I6198,1400,1225,1160,317.0,0,2,n,100
3030,I3030,1200,1000,750,227.528,45,1,n,100
4592,I4592,1200,1000,975,527.4,45,1,n,100
1844,I1844,1600,1200,975,611.224,45,4,n,100
1009,I1009,1600,1200,1350,312.72,45,4,n,100
7710,I7710,1400,1225,1160,317.0,0,2,n,100
6133,I6133,1400,1200,1450,179.4,45,3,n,100
1142,I1142,780,570,478,81.72,47,0,w,4
3946,I3946,1400,1200,1450,179.4,45,3,n,100
5043,I5043,1200,1000,975,165.375,45,1,n,100
2049,I2049,1400,1200,1450,179.4,45,3,n,100
3509,I3509,1400,1225,1160,317.0,0,2,n,100
3051,I3051,1200,1000,975,293.32,45,1,n,100
4321,I4321,780,570,478,82.32,47,0,w,4
4772,I4772,1200,1000,975,527.4,45,1,n,100
5983,I5983,1400,1200,1450,179.4,45,3,n,100
7583,I7583,1200,1000,975,248.88,45,1,n,100
4875,I4875,1400,1200,1450,179.4,45,3,n,100
1750,I1750,1600,1200,1350,303.92,45,4,n,100
757,I0757,1400,1200,1450,179.4,45,3,n,100
4380,I4380,1200,1000,975,183.84,45,1,n,100
7259,I7259,1400,1200,1450,179.4,45,3,n,100
1889,I1889,1600,1200,1350,303.92,45,4,n,100
6483,I6483,1600,1200,930,438.4,45,4,n,100
1614,I1614,1600,1200,930,438.4,45,4,n,100
2426,I2426,1400,1200,1450,179.4,45,3,n,100
7123,I7123,1400,1200,1450,179.4,45,3,n,100
4274,I4274,1600,1200,1350,303.92,45,4,n,100
4318,I4318,1600,1200,1350,207.72,45,4,n,100
1684,I1684,1400,1200,1450,179.4,45,3,n,100
4787,I4787,1200,1000,975,156.15,45,1,n,100
8335,I8335,1200,1000,975,293.32,45,1,n,100
7187,I7187,1200,1000,545,690.5,45,1,n,100
6460,I6460,1600,1200,1350,207.72,45,4,n,100
3465,I3465,1200,1000,975,293.32,45,1,n,100
1051,I1051,1600,1200,1350,303.92,45,4,n,100
6920,I6920,1600,1200,1350,207.72,45,4,n,100
4781,I4781,1200,1000,975,156.15,45,1,n,100
6537,I6537,1600,1200,1350,207.72,45,4,n,100
8042,I8042,1200,1000,558,122.032,0,6,n,100
3501,I3501,1400,1225,1160,317.0,0,2,n,100
3967,I3967,1400,1200,1450,179.4,45,3,n,100
6866,I6866,1600,1200,975,1471.6,45,4,n,100
1148,I1148,1200,1000,975,183.84,45,1,n,100
173,I0173,1200,1000,750,267.8,45,1,n,100
7186,I7186,1200,1000,975,259.6,45,1,n,100
6745,I6745,1600,1200,930,547.3,45,4,n,100
1036,I1036,780,570,478,104.768,47,0,w,4
1147,I1147,1200,1000,975,183.84,45,1,n,100
1566,I1566,1600,1200,975,180.2,45,4,n,100
3075,I3075,1200,1000,975,293.32,45,1,n,100
1214,I1214,1600,1200,975,180.2,45,4,n,100
