,id_item,length,width,height,weight,nesting_height,stackability_code,forced_orientation,max_stackability
1457,I1457,1200,1000,975,293.32,45,1,n,100
478,I0478,1200,1000,975,183.84,45,1,n,100
4177,I4177,780,570,478,260.25,47,0,w,4
2739,I2739,1200,1000,975,337.45,45,1,n,100
2846,I2846,1400,1200,1450,179.4,45,3,n,100
3853,I3853,1200,1000,975,293.32,45,1,n,100
5215,I5215,1600,1200,1350,207.72,45,4,n,100
2623,I2623,1600,1200,1350,303.92,45,4,n,100
6151,I6151,1200,1000,558,127.408,0,6,n,100
1829,I1829,1600,1200,1350,303.92,45,4,n,100
2036,I2036,1600,1200,1350,207.72,45,4,n,100
816,I0816,1400,1200,1450,179.4,45,3,n,100
3318,I3318,1200,1000,975,293.32,45,1,n,100
2213,I2213,1600,1200,1350,207.72,45,4,n,100
3048,I3048,1200,1000,975,293.32,45,1,n,100
6305,I6305,1200,1000,645,330.5,0,6,n,100
4763,I4763,1200,1000,750,176.5,45,1,n,100
2482,I2482,1400,1225,1160,278.5,0,2,n,100
8245,I8245,1600,1200,1350,303.92,45,4,n,100
392,I0392,1400,1225,1160,317.0,0,2,n,100
7298,I7298,780,570,478,100.96,47,0,w,4
5669,I5669,1600,1200,1350,205.16,45,4,n,100
7996,I7996,1600,1200,1350,303.92,45,4,n,100
8085,I8085,1600,1200,1350,207.72,45,4,n,100
2761,I2761,780,570,478,81.72,47,0,w,4
1109,I1109,1200,1000,975,293.32,45,1,n,100
7836,I7836,780,570,478,160.56,47,0,w,4
2697,I2697,1400,1200,1450,179.4,45,3,n,100
1404,I1404,1400,1200,1450,179.4,45,3,n,100
5730,I5730,1200,1000,975,527.4,45,1,n,100
8248,I8248,1200,1000,975,246.0,45,1,n,100
7208,I7208,780,570,478,81.72,47,0,w,4
1713,I1713,1400,1225,1160,317.0,0,2,n,100
5115,I5115,1200,1000,750,351.756,45,1,n,100
4995,I4995,1400,1200,1450,179.4,45,3,n,100
6123,I6123,1400,1200,1450,179.4,45,3,n,100
1115,I1115,1200,1000,975,293.32,45,1,n,100
1320,I1320,1600,1200,1350,303.92,45,4,n,100
740,I0740,780,570,478,81.72,47,0,w,4
6742,I6742,1600,1200,930,547.3,45,4,n,100
4531,I4531,1400,1200,1450,179.4,45,3,n,100
5265,I5265,1200,1000,975,246.0,45,1,n,100
1742,I1742,1400,1225,1160,317.0,0,2,n,100
3211,I3211,1400,1200,1450,179.4,45,3,n,100
5354,I5354,1200,1000,975,225.6,45,1,n,100
6872,I6872,1200,1000,1155,366.75,0,6,n,100
2479,I2479,1400,1225,1160,278.5,0,2,n,100
2458,I2458,1600,1200,1350,207.72,45,4,n,100
2053,I2053,1400,1200,1450,179.4,45,3,n,100
3149,I3149,780,570,478,96.256,47,0,w,4
1803,I1803,1200,1000,750,227.528,45,1,n,100
7925,I7925,1200,1000,975,293.32,45,1,n,100
6350,I6350,1600,1200,975,1471.6,45,4,n,100
7531,I7531,1600,1200,1350,205.16,45,4,n,100
2763,I2763,780,570,478,81.72,47,0,w,4
7276,I7276,1600,1200,930,547.3,45,4,n,100
1827,I1827,1600,1200,1350,303.92,45,4,n,100
7629,I7629,1400,1200,1450,179.4,45,3,n,100
3156,I3156,1400,1225,1160,278.5,0,2,n,100
2558,I2558,1400,1200,1450,179.4,45,3,n,100
2715,I2715,1400,1225,1160,317.0,0,2,n,100
5097,I5097,1600,1200,1350,207.72,45,4,n,100
2673,I2673,1400,1200,1450,179.4,45,3,n,100
4491,I4491,1400,1225,1160,317.0,0,2,n,100
5147,I5147,780,570,478,100.96,47,0,w,4
5852,I5852,1400,1200,1450,179.4,45,3,n,100
8302,I8302,1200,1000,975,293.32,45,1,n,100
2872,I2872,1400,1200,1450,179.4,45,3,n,100
2361,I2361,1200,1000,750,229.88,45,1,n,100
1078,I1078,1600,1200,1350,207.72,45,4,n,100
4085,I4085,1400,1200,1450,179.4,45,3,n,100
8028,I8028,1600,1200,1350,207.72,45,4,n,100
4794,I4794,1600,1200,1350,207.72,45,4,n,100
7663,I7663,1600,1200,975,180.2,45,4,n,100
48,I0048,1400,1200,1450,179.4,45,3,n,100
1397,I1397,1400,1200,1450,179.4,45,3,n,100
2236,I2236,1400,1200,1450,179.4,45,3,n,100
3376,I3376,1400,1200,1450,179.4,45,3,n,100
7168,I7168,1900,1200,750,845.38,45,5,n,100
440,I0440,1400,1200,1450,179.4,45,3,n,100
657,I0657,1400,1200,1450,179.4,45,3,n,100
6974,I6974,1400,1200,1450,179.4,45,3,n,100
1993,I1993,1200,1000,975,336.7,45,1,n,100
1529,I1529,1600,1200,1350,303.92,45,4,n,100
1193,I1193,1600,1200,975,180.2,45,4,n,100
3486,I3486,1200,1000,975,293.32,45,1,n,100
208,I0208,1600,1200,930,438.4,45,4,n,100
4119,I4119,1400,1225,1160,317.0,0,2,n,100
5746,I5746,1400,1200,1450,179.4,45,3,n,100
4166,I4166,1400,1225,1160,278.5,0,2,n,100
767,I0767,1200,1000,975,293.32,45,1,n,100
6027,I6027,1600,1200,930,277.828,45,4,n,100
4705,I4705,1400,1200,1450,179.4,45,3,n,100
4254,I4254,1400,1225,1160,278.5,0,2,n,100
7146,I7146,1400,1225,1160,317.0,0,2,n,100
7249,I7249,1400,1200,1450,179.4,45,3,n,100
1510,I1510,1200,1000,975,156.15,45,1,n,100
5815,I5815,1200,1000,750,229.88,45,1,n,100
5532,I5532,1600,1200,1350,205.16,45,4,n,100
3013,I3013,1600,1200,1350,207.72,45,4,n,100
6039,I6039,1600,1200,975,180.2,45,4,n,100
1484,I1484,1200,1000,975,293.32,45,1,n,100
1965,I1965,780,570,478,100.96,47,0,w,4
6731,I6731,1200,1000,975,527.4,45,1,n,100
568,I0568,1600,1200,1350,303.92,45,4,n,100
7792,I7792,1400,1200,1450,179.4,45,3,n,100
4121,I4121,1400,1225,1160,317.0,0,2,n,100
6219,I6219,1600,1200,930,454.873,45,4,n,100
1126,I1126,1200,1000,359,77.352,0,6,n,100
1656,I1656,1200,1000,750,229.88,45,1,n,100
2223,I2223,1200,1000,750,227.528,45,1,n,100
285,I0285,1600,1200,1350,303.92,45,4,n,100
3216,I3216,1400,1200,1450,179.4,45,3,n,100
494,I0494,1200,1000,975,165.375,45,1,n,100
1138,I1138,1600,1200,1350,207.72,45,4,n,100
141,I0141,1400,1200,1450,179.4,45,3,n,100
7267,I7267,1200,1000,975,652.0,45,1,n,100
4908,I4908,1400,1200,1450,179.4,45,3,n,100
8084,I8084,1600,1200,1350,207.72,45,4,n,100
5608,I5608,1200,1000,750,229.88,45,1,n,100
4562,I4562,1400,1225,1160,278.5,0,2,n,100
5181,I5181,1200,1000,975,225.6,45,1,n,100
7802,I7802,1600,1200,930,438.4,45,4,n,100
4186,I4186,1200,1000,750,229.88,45,1,n,100
3399,I3399,1600,1200,1350,303.92,45,4,n,100
2814,I2814,1200,1000,975,527.4,45,1,n,100
6619,I6619,1200,1000,975,336.7,45,1,n,100
1031,I1031,1200,1000,750,229.88,45,1,n,100
5081,I5081,1600,1200,930,438.4,45,4,n,100
7226,I7226,1200,1000,750,229.88,45,1,n,100
6581,I6581,1200,1000,975,165.375,45,1,n,100
2656,I2656,1200,1000,750,405.72,45,1,n,100
4564,I4564,1400,1225,1160,278.5,0,2,n,100
5426,I5426,1200,1000,750,351.756,45,1,n,100
2366,I2366,1200,1000,1057,164.04,0,6,n,100
2976,I2976,1600,1200,1350,207.72,45,4,n,100
6490,I6490,1600,1200,930,438.4,45,4,n,100
2238,I2238,1400,1200,1450,179.4,45,3,n,100
8371,I8371,1400,1225,1160,278.5,0,2,n,100
1523,I1523,1600,1200,1350,303.92,45,4,n,100
1701,I1701,1200,1000,750,227.528,45,1,n,100
1141,I1141,780,570,478,81.72,47,0,w,4
5851,I5851,1400,1200,1450,179.4,45,3,n,100
2910,I2910,1200,1000,975,577.8,45,1,n,100
6750,I6750,1600,1200,930,277.828,45,4,n,100
4382,I4382,1200,1000,975,183.84,45,1,n,100
406,I0406,780,570,478,82.32,47,0,w,4
2734,I2734,1200,1000,975,308.76,45,1,n,100
7306,I7306,780,570,478,170.28,47,0,w,4
6028,I6028,1600,1200,930,277.828,45,4,n,100
1223,I1223,1400,1200,1450,179.4,45,3,n,100
8341,I8341,1400,1225,1160,317.0,0,2,n,100
2745,I2745,780,570,478,160.56,47,0,w,4
8054,I8054,1600,1200,1350,303.92,45,4,n,100
4928,I4928,1400,1200,1450,179.4,45,3,n,100
6320,I6320,1600,1200,975,180.2,45,4,n,100
4017,I4017,1200,1000,975,156.15,45,1,n,100
4228,I4228,1600,1200,1350,207.72,45,4,n,100
2305,I2305,1600,1200,1350,303.92,45,4,n,100
889,I0889,1400,1200,1450,179.4,45,3,n,100
2579,I2579,780,570,478,170.28,47,0,w,4
7322,I7322,1400,1225,1160,278.5,0,2,n,100
989,I0989,1600,1200,930,277.828,45,4,n,100
3795,I3795,1600,1200,930,547.3,45,4,n,100
1401,I1401,1400,1200,1450,179.4,45,3,n,100
4687,I4687,1600,1200,930,438.4,45,4,n,100
1863,I1863,1600,1200,1350,207.72,45,4,n,100
7852,I7852,1400,1225,1160,278.5,0,2,n,100
5001,I5001,1400,1200,1450,179.4,45,3,n,100
8029,I8029,1200,1000,975,337.45,45,1,n,100
22,I0022,780,570,478,100.96,47,0,w,4
3052,I3052,1200,1000,975,293.32,45,1,n,100
5143,I5143,1200,1000,750,351.756,45,1,n,100
7361,I7361,1600,1200,1350,303.92,45,4,n,100
36,I0036,1400,1200,1450,179.4,45,3,n,100
7564,I7564,1200,1000,750,229.88,45,1,n,100
6648,I6648,1400,1200,1450,179.4,45,3,n,100
4841,I4841,1600,1200,1350,303.92,45,4,n,100
4783,I4783,1200,1000,975,156.15,45,1,n,100
2698,I2698,1400,1200,1450,179.4,45,3,n,100
2638,I2638,1900,1200,750,713.62,45,5,n,100
8197,I8197,780,570,478,100.96,47,0,w,4
5774,I5774,1400,1200,1450,179.4,45,3,n,100
5813,I5813,1200,1000,975,156.15,45,1,n,100
7216,I7216,780,570,478,104.768,47,0,w,4
3142,I3142,1600,1200,930,454.873,45,4,n,100
4324,I4324,1600,1200,930,438.4,45,4,n,100
3690,I3690,1600,1200,975,180.2,45,4,n,100
3529,I3529,1600,1200,930,438.4,45,4,n,100
5879,I5879,780,570,478,104.768,47,0,w,4
679,I0679,1400,1200,1450,179.4,45,3,n,100
4322,I4322,780,570,478,82.32,47,0,w,4
326,I0326,1400,1200,1450,179.4,45,3,n,100
2675,I2675,1400,1200,1450,179.4,45,3,n,100
1727,I1727,1400,1225,1160,317.0,0,2,n,100
6456,I6456,1600,1200,1350,207.72,45,4,n,100
2432,I2432,1400,1200,1450,179.4,45,3,n,100
6117,I6117,1400,1200,1450,179.4,45,3,n,100
58,I0058,1600,1200,1350,303.92,45,4,n,100
4923,I4923,1400,1200,1450,179.4,45,3,n,100
3015,I3015,1600,1200,1350,207.72,45,4,n,100
6738,I6738,1200,1000,975,527.4,45,1,n,100
2514,I2514,1400,1200,1450,179.4,45,3,n,100
4397,I4397,1200,1000,975,169.0,45,1,n,100
1251,I1251,1400,1200,1450,179.4,45,3,n,100
5191,I5191,1400,1225,1160,278.5,0,2,n,100
4607,I4607,1600,1200,930,547.3,45,4,n,100
4643,I4643,1400,1200,1450,179.4,45,3,n,100
4100,I4100,1400,1200,1450,179.4,45,3,n,100
5545,I5545,780,570,478,81.72,47,0,w,4
8169,I8169,1400,1200,1450,179.4,45,3,n,100
189,I0189,1400,1200,1450,179.4,45,3,n,100
7472,I7472,1400,1225,1160,317.0,0,2,n,100
299,I0299,1400,1200,1450,179.4,45,3,n,100
4428,I4428,1600,1200,1350,207.72,45,4,n,100
2317,I2317,1400,1200,1450,179.4,45,3,n,100
4751,I4751,1200,1000,975,304.12,45,1,n,100
7721,I7721,1200,1000,975,577.8,45,1,n,100
648,I0648,1400,1225,1160,278.5,0,2,n,100
5041,I5041,1200,1000,750,405.72,45,1,n,100
2070,I2070,1400,1200,1450,179.4,45,3,n,100
4291,I4291,1400,1225,1160,317.0,0,2,n,100
957,I0957,1600,1200,1350,207.72,45,4,n,100
8158,I8158,1400,1200,1450,179.4,45,3,n,100
2390,I2390,1400,1225,1160,278.5,0,2,n,100
6223,I6223,1600,1200,1350,207.72,45,4,n,100
4929,I4929,1400,1200,1450,179.4,45,3,n,100
971,I0971,1400,1200,1450,179.4,45,3,n,100
1941,I1941,780,570,478,100.96,47,0,w,4
8107,I8107,1400,1200,1450,179.4,45,3,n,100
5344,I5344,1600,1200,1350,207.72,45,4,n,100
1023,I1023,1200,1000,975,156.15,45,1,n,100
7356,I7356,1400,1200,1450,179.4,45,3,n,100
3094,I3094,1400,1225,1160,317.0,0,2,n,100
2538,I2538,1400,1200,1450,179.4,45,3,n,100
3095,I3095,1600,1200,975,180.2,45,4,n,100
3083,I3083,1200,1000,975,246.0,45,1,n,100
8290,I8290,1200,1000,545,729.5,45,1,n,100
6043,I6043,1600,1200,975,180.2,45,4,n,100
5537,I5537,1600,1200,1350,205.16,45,4,n,100
967,I0967,1400,1200,1450,179.4,45,3,n,100
4770,I4770,1200,1000,975,527.4,45,1,n,100
2400,I2400,1400,1225,1160,278.5,0,2,n,100
184,I0184,1400,1200,1450,179.4,45,3,n,100
4104,I4104,1400,1200,1450,179.4,45,3,n,100
4089,I4089,1400,1200,1450,179.4,45,3,n,100
1492,I1492,1200,1000,975,225.6,45,1,n,100
4588,I4588,1200,1000,750,227.528,45,1,n,100
5356,I5356,1200,1000,975,337.9,45,1,n,100
5886,I5886,1400,1225,1160,278.5,0,2,n,100
5073,I5073,1200,1000,975,527.4,45,1,n,100
3712,I3712,1400,1200,1450,179.4,45,3,n,100
3964,I3964,1400,1200,1450,179.4,45,3,n,100
6315,I6315,1600,1200,1350,303.92,45,4,n,100
3644,I3644,1400,1225,1160,317.0,0,2,n,100
4566,I4566,1400,1225,1160,278.5,0,2,n,100
3767,I3767,1600,1200,1350,207.72,45,4,n,100
6091,I6091,1400,1200,1450,179.4,45,3,n,100
4844,I4844,1600,1200,975,611.224,45,4,n,100
2227,I2227,780,570,478,101.52,47,0,w,4
7847,I7847,1200,1000,750,267.8,45,1,n,100
3064,I3064,1200,1000,975,293.32,45,1,n,100
59,I0059,1600,1200,1350,303.92,45,4,n,100
7939,I7939,1200,1000,975,293.32,45,1,n,100
4167,I4167,1400,1225,1160,278.5,0,2,n,100
875,I0875,1400,1200,1450,179.4,45,3,n,100
1019,I1019,1200,1000,975,156.15,45,1,n,100
2272,I2272,1400,1200,1450,179.4,45,3,n,100
1815,I1815,780,570,478,160.56,47,0,w,4
4560,I4560,1400,1225,1160,278.5,0,2,n,100
3694,I3694,1600,1200,975,180.2,45,4,n,100
2641,I2641,1600,1200,1350,303.92,45,4,n,100
2401,I2401,1400,1225,1160,278.5,0,2,n,100
8034,I8034,1200,1000,975,156.15,45,1,n,100
782,I0782,1200,1000,975,293.32,45,1,n,100
8152,I8152,1400,1200,1450,179.4,45,3,n,100
718,I0718,1600,1200,1350,205.16,45,4,n,100
1464,I1464,1200,1000,975,293.32,45,1,n,100
6206,I6206,1400,1225,1160,278.5,0,2,n,100
8292,I8292,780,570,478,104.768,47,0,w,4
708,I0708,1600,1200,1350,303.92,45,4,n,100
4786,I4786,1200,1000,975,156.15,45,1,n,100
5954,I5954,1400,1225,1160,317.0,0,2,n,100
5029,I5029,1400,1225,1160,317.0,0,2,n,100
3983,I3983,1400,1200,1450,179.4,45,3,n,100
5789,I5789,1600,1200,1350,303.92,45,4,n,100
8005,I8005,780,570,478,170.28,47,0,w,4
3570,I3570,1600,1200,930,514.24,45,4,n,100
3422,I3422,1400,1225,1160,278.5,0,2,n,100
8147,I8147,1400,1200,1450,179.4,45,3,n,100
3736,I3736,780,570,478,96.256,47,0,w,4
3809,I3809,1400,1200,1450,179.4,45,3,n,100
5585,I5585,1600,1200,1350,303.92,45,4,n,100
5070,I5070,1200,1000,975,527.4,45,1,n,100
6026,I6026,1200,1000,558,136.704,0,6,n,100
3189,I3189,1200,1000,750,176.5,45,1,n,100
8337,I8337,1400,1225,1160,317.0,0,2,n,100
1117,I1117,1200,1000,975,293.32,45,1,n,100
5812,I5812,1200,1000,975,156.15,45,1,n,100
6714,I6714,1400,1200,1450,179.4,45,3,n,100
8359,I8359,1200,1000,975,225.6,45,1,n,100
7733,I7733,1900,1200,750,845.38,45,5,n,100
4044,I4044,1200,1000,975,169.0,45,1,n,100
4001,I4001,1400,1225,1160,317.0,0,2,n,100
3662,I3662,1600,1200,930,547.3,45,4,n,100
25,I0025,780,570,478,100.96,47,0,w,4
6889,I6889,1600,1200,930,277.828,45,4,n,100
7572,I7572,1200,1000,975,337.45,45,1,n,100
7411,I7411,1200,1000,750,176.5,45,1,n,100
7047,I7047,1200,1000,975,183.84,45,1,n,100
5200,I5200,1600,1200,1350,303.92,45,4,n,100
7837,I7837,780,570,478,160.56,47,0,w,4
6777,I6777,780,570,478,81.72,47,0,w,4
4253,I4253,1400,1225,1160,278.5,0,2,n,100
4205,I4205,1600,1200,930,277.828,45,4,n,100
5406,I5406,1600,1200,1350,303.92,45,4,n,100
5917,I5917,1400,1200,1450,179.4,45,3,n,100
37,I0037,1400,1200,1450,179.4,45,3,n,100
7164,I7164,1200,1000,975,527.4,45,1,n,100
2660,I2660,780,570,478,100.96,47,0,w,4
2736,I2736,780,570,478,160.56,47,0,w,4
2357,I2357,1200,1000,750,229.88,45,1,n,100
2331,I2331,1600,1200,1350,303.92,45,4,n,100
5756,I5756,1400,1200,1450,179.4,45,3,n,100
7116,I7116,1400,1200,1450,179.4,45,3,n,100
5260,I5260,1200,1000,975,183.84,45,1,n,100
5375,I5375,1600,1200,1350,303.92,45,4,n,100
3432,I3432,1600,1200,930,547.3,45,4,n,100
943,I0943,1400,1200,1450,179.4,45,3,n,100
3298,I3298,1200,1000,975,293.32,45,1,n,100
1160,I1160,1600,1200,975,180.2,45,4,n,100
474,I0474,1200,1000,975,183.84,45,1,n,100
5516,I5516,1600,1200,1350,303.92,45,4,n,100
6366,I6366,1400,1225,1160,278.5,0,2,n,100
6255,I6255,1400,1200,1450,179.4,45,3,n,100
8227,I8227,1600,1200,1350,205.16,45,4,n,100
8063,I8063,1600,1200,1350,303.92,45,4,n,100
6712,I6712,1400,1200,1450,179.4,45,3,n,100
1614,I1614,1600,1200,930,438.4,45,4,n,100
5541,I5541,1600,1200,1350,205.16,45,4,n,100
5474,I5474,1400,1225,1160,317.0,0,2,n,100
6578,I6578,780,570,478,82.32,47,0,w,4
3456,I3456,1200,1000,975,293.32,45,1,n,100
7720,I7720,1200,1000,975,577.8,45,1,n,100
1046,I1046,1600,1200,1350,303.92,45,4,n,100
2125,I2125,1600,1200,930,547.3,45,4,n,100
6280,I6280,1400,1225,1160,278.5,0,2,n,100
3437,I3437,1200,1000,545,690.5,45,1,n,100
2132,I2132,780,570,478,82.32,47,0,w,4
2441,I2441,1400,1200,1450,179.4,45,3,n,100
4386,I4386,1200,1000,975,169.0,45,1,n,100
8092,I8092,1200,1000,750,176.5,45,1,n,100
1363,I1363,780,570,478,269.32,47,0,w,4
240,I0240,1400,1200,1450,179.4,45,3,n,100
4755,I4755,780,570,478,81.72,47,0,w,4
7409,I7409,1600,1200,1350,303.92,45,4,n,100
3502,I3502,1400,1225,1160,317.0,0,2,n,100
5098,I5098,1600,1200,1350,207.72,45,4,n,100
7933,I7933,1200,1000,975,293.32,45,1,n,100
306,I0306,1400,1200,1450,179.4,45,3,n,100
7333,I7333,1400,1200,1450,179.4,45,3,n,100
4851,I4851,1400,1200,1450,179.4,45,3,n,100
1240,I1240,1400,1200,1450,179.4,45,3,n,100
1646,I1646,1400,1200,1450,179.4,45,3,n,100
7022,I7022,1600,1200,1350,207.72,45,4,n,100
1520,I1520,1200,1000,975,156.15,45,1,n,100
8318,I8318,1200,1000,975,293.32,45,1,n,100
2140,I2140,1200,1000,750,229.88,45,1,n,100
2570,I2570,1400,1200,1450,179.4,45,3,n,100
3640,I3640,780,570,478,96.256,47,0,w,4
1396,I1396,1400,1200,1450,179.4,45,3,n,100
235,I0235,1400,1200,1450,179.4,45,3,n,100
4665,I4665,1600,1200,1350,303.92,45,4,n,100
825,I0825,1400,1200,1450,179.4,45,3,n,100
437,I0437,1400,1200,1450,179.4,45,3,n,100
8339,I8339,1400,1225,1160,317.0,0,2,n,100
7101,I7101,1600,1200,930,547.3,45,4,n,100
7247,I7247,1400,1200,1450,179.4,45,3,n,100
5722,I5722,1200,1000,750,351.944,45,1,n,100
4867,I4867,1400,1200,1450,179.4,45,3,n,100
4129,I4129,1600,1200,1350,205.16,45,4,n,100
7371,I7371,1200,1000,975,308.76,45,1,n,100
2334,I2334,1600,1200,1350,303.92,45,4,n,100
595,I0595,1400,1225,1160,278.5,0,2,n,100
1809,I1809,1200,1000,975,527.4,45,1,n,100
6774,I6774,1600,1200,1350,205.16,45,4,n,100
2928,I2928,1400,1225,1160,278.5,0,2,n,100
7340,I7340,1400,1200,1450,179.4,45,3,n,100
4967,I4967,1200,1000,975,577.8,45,1,n,100
1721,I1721,1400,1225,1160,317.0,0,2,n,100
2463,I2463,1600,1200,1350,207.72,45,4,n,100
1788,I1788,1400,1200,1450,179.4,45,3,n,100
2938,I2938,1400,1225,1160,317.0,0,2,n,100
5645,I5645,1600,1200,930,547.3,45,4,n,100
4036,I4036,1600,1200,1350,207.72,45,4,n,100
4666,I4666,1900,1200,750,845.38,45,5,n,100
7271,I7271,780,570,478,100.96,47,0,w,4
6316,I6316,1600,1200,1350,303.92,45,4,n,100
7062,I7062,1600,1200,1350,207.72,45,4,n,100
1666,I1666,1200,1000,1057,179.85,0,6,n,100
5249,I5249,1400,1200,1450,179.4,45,3,n,100
7067,I7067,780,570,478,104.768,47,0,w,4
131,I0131,1400,1200,1450,179.4,45,3,n,100
4593,I4593,1200,1000,975,527.4,45,1,n,100
5133,I5133,1400,1200,1450,179.4,45,3,n,100
6691,I6691,1600,1200,1350,303.92,45,4,n,100
7246,I7246,1400,1200,1450,179.4,45,3,n,100
7525,I7525,1600,1200,1350,303.92,45,4,n,100
3008,I3008,1600,1200,1350,207.72,45,4,n,100
4197,I4197,1200,1000,750,305.32,45,1,n,100
430,I0430,1400,1200,1450,179.4,45,3,n,100
3678,I3678,1600,1200,975,180.2,45,4,n,100
1984,I1984,780,570,478,170.28,47,0,w,4
3520,I3520,1200,1000,975,577.8,45,1,n,100
5680,I5680,1400,1200,1450,179.4,45,3,n,100
6633,I6633,1400,1200,1450,179.4,45,3,n,100
2792,I2792,1600,1200,1350,207.72,45,4,n,100
8384,I8384,1600,1200,930,547.3,45,4,n,100
6279,I6279,1200,1000,750,351.756,45,1,n,100
1745,I1745,1400,1225,1160,317.0,0,2,n,100
2154,I2154,1600,1200,930,547.3,45,4,n,100
6281,I6281,1400,1225,1160,278.5,0,2,n,100
7831,I7831,1200,1000,975,259.6,45,1,n,100
680,I0680,1400,1200,1450,179.4,45,3,n,100
1048,I1048,1600,1200,1350,303.92,45,4,n,100
7388,I7388,1600,1200,1350,207.72,45,4,n,100
3143,I3143,1600,1200,930,454.873,45,4,n,100
6530,I6530,1400,1200,1450,179.4,45,3,n,100
232,I0232,1400,1200,1450,179.4,45,3,n,100
2692,I2692,1400,1200,1450,179.4,45,3,n,100
4499,I4499,1400,1225,1160,317.0,0,2,n,100
695,I0695,1600,1200,930,277.828,45,4,n,100
5860,I5860,780,570,478,100.96,47,0,w,4
8024,I8024,1200,1000,750,229.88,45,1,n,100
330,I0330,1200,1000,750,405.72,45,1,n,100
1925,I1925,1600,1200,1350,303.92,45,4,n,100
2353,I2353,1200,1000,975,384.74,45,1,n,100
8041,I8041,1200,1000,1057,179.85,0,6,n,100
1553,I1553,1200,1000,975,169.0,45,1,n,100
7569,I7569,1200,1000,975,156.15,45,1,n,100
6886,I6886,1900,1200,750,845.38,45,5,n,100
8182,I8182,1200,1000,750,176.5,45,1,n,100
584,I0584,1200,1000,975,336.7,45,1,n,100
7348,I7348,1400,1200,1450,179.4,45,3,n,100
8374,I8374,1400,1225,1160,278.5,0,2,n,100
1515,I1515,1200,1000,975,156.15,45,1,n,100
3093,I3093,1400,1225,1160,317.0,0,2,n,100
7675,I7675,1600,1200,1350,207.72,45,4,n,100
2612,I2612,1400,1225,1160,317.0,0,2,n,100
3057,I3057,1200,1000,975,293.32,45,1,n,100
7424,I7424,1900,1200,750,713.62,45,5,n,100
3447,I3447,1200,1000,975,293.32,45,1,n,100
6949,I6949,780,570,478,100.96,47,0,w,4
4707,I4707,1400,1200,1450,179.4,45,3,n,100
635,I0635,1400,1200,1450,179.4,45,3,n,100
8287,I8287,780,570,478,100.96,47,0,w,4
5365,I5365,1400,1200,1450,179.4,45,3,n,100
4651,I4651,1600,1200,975,611.224,45,4,n,100
3941,I3941,1400,1200,1450,179.4,45,3,n,100
5463,I5463,1400,1225,1160,317.0,0,2,n,100
1735,I1735,780,570,478,170.28,47,0,w,4
3131,I3131,780,570,478,170.28,47,0,w,4
1202,I1202,1600,1200,975,180.2,45,4,n,100
1284,I1284,1200,1000,975,577.8,45,1,n,100
7193,I7193,1200,1000,975,225.6,45,1,n,100
4049,I4049,1200,1000,975,169.0,45,1,n,100
1568,I1568,1600,1200,975,180.2,45,4,n,100
170,I0170,1600,1200,1350,207.72,45,4,n,100
3177,I3177,1900,1200,750,713.62,45,5,n,100
8288,I8288,780,570,478,100.96,47,0,w,4
2428,I2428,1400,1200,1450,179.4,45,3,n,100
4396,I4396,1200,1000,975,169.0,45,1,n,100
7192,I7192,1200,1000,975,225.6,45,1,n,100
1585,I1585,1600,1200,1350,303.92,45,4,n,100
5654,I5654,1200,1000,750,227.528,45,1,n,100
1500,I1500,1600,1200,930,438.4,45,4,n,100
7289,I7289,1400,1225,1160,278.5,0,2,n,100
4477,I4477,1400,1225,1160,317.0,0,2,n,100
2098,I2098,780,570,478,104.768,47,0,w,4
3777,I3777,780,570,478,100.96,47,0,w,4
7157,I7157,1200,1000,930,324.1,45,1,n,100
2765,I2765,780,570,478,81.72,47,0,w,4
5242,I5242,1400,1200,1450,179.4,45,3,n,100
551,I0551,780,570,478,100.96,47,0,w,4
6210,I6210,1400,1225,1160,278.5,0,2,n,100
7495,I7495,1400,1200,1450,179.4,45,3,n,100
3685,I3685,1600,1200,975,180.2,45,4,n,100
5046,I5046,1200,1000,975,165.375,45,1,n,100
6176,I6176,1600,1200,1350,303.92,45,4,n,100
7342,I7342,1400,1200,1450,179.4,45,3,n,100
673,I0673,1400,1200,1450,179.4,45,3,n,100
907,I0907,1400,1200,1450,179.4,45,3,n,100
445,I0445,1400,1200,1450,179.4,45,3,n,100
2956,I2956,1600,1200,1350,303.92,45,4,n,100
2097,I2097,780,570,478,104.768,47,0,w,4
322,I0322,1400,1200,1450,179.4,45,3,n,100
4284,I4284,1400,1225,1160,317.0,0,2,n,100
1715,I1715,1400,1225,1160,317.0,0,2,n,100
7930,I7930,1200,1000,975,293.32,45,1,n,100
6979,I6979,1400,1200,1450,179.4,45,3,n,100
938,I0938,1400,1200,1450,179.4,45,3,n,100
6073,I6073,780,570,478,82.32,47,0,w,4
2207,I2207,1600,1200,1350,303.92,45,4,n,100
3937,I3937,1400,1200,1450,179.4,45,3,n,100
1668,I1668,1200,1000,750,229.88,45,1,n,100
7902,I7902,1400,1200,1450,179.4,45,3,n,100
4066,I4066,1200,1000,975,169.0,45,1,n,100
7577,I7577,1600,1200,1350,303.92,45,4,n,100
5187,I5187,1400,1225,1160,278.5,0,2,n,100
6623,I6623,1200,1000,975,336.7,45,1,n,100
8199,I8199,780,570,478,100.96,47,0,w,4
2649,I2649,1200,1000,545,690.5,45,1,n,100
668,I0668,1400,1200,1450,179.4,45,3,n,100
4662,I4662,1600,1200,1350,303.92,45,4,n,100
5240,I5240,1400,1200,1450,179.4,45,3,n,100
7425,I7425,1900,1200,750,713.62,45,5,n,100
5458,I5458,1400,1225,1160,317.0,0,2,n,100
2451,I2451,1600,1200,930,438.4,45,4,n,100
8043,I8043,1200,1000,750,176.5,45,1,n,100
7881,I7881,780,570,478,269.32,47,0,w,4
2477,I2477,1400,1225,1160,278.5,0,2,n,100
1597,I1597,780,570,478,160.56,47,0,w,4
5071,I5071,1200,1000,975,527.4,45,1,n,100
3226,I3226,1400,1200,1450,179.4,45,3,n,100
5844,I5844,1400,1200,1450,179.4,45,3,n,100
4664,I4664,1600,1200,1350,303.92,45,4,n,100
5018,I5018,1400,1225,1160,317.0,0,2,n,100
7791,I7791,1400,1200,1450,179.4,45,3,n,100
4172,I4172,1400,1225,1160,278.5,0,2,n,100
826,I0826,1400,1200,1450,179.4,45,3,n,100
3250,I3250,1400,1200,1450,179.4,45,3,n,100
4457,I4457,1200,1000,975,336.7,45,1,n,100
4768,I4768,1200,1000,975,527.4,45,1,n,100
1038,I1038,1200,1000,975,336.7,45,1,n,100
7947,I7947,1200,1000,975,293.32,45,1,n,100
1067,I1067,1200,1000,975,337.9,45,1,n,100
6839,I6839,780,570,478,48.896,47,0,w,4
1000,I1000,1200,1000,975,156.15,45,1,n,100
7497,I7497,1400,1200,1450,179.4,45,3,n,100
149,I0149,1400,1200,1450,179.4,45,3,n,100
2821,I2821,1200,1000,750,229.88,45,1,n,100
6134,I6134,1400,1200,1450,179.4,45,3,n,100
4000,I4000,1400,1200,1450,179.4,45,3,n,100
6745,I6745,1600,1200,930,547.3,45,4,n,100
2868,I2868,1400,1200,1450,179.4,45,3,n,100
6865,I6865,1400,1200,1450,179.4,45,3,n,100
1587,I1587,1600,1200,1350,303.92,45,4,n,100
1982,I1982,1600,1200,1350,303.92,45,4,n,100
722,I0722,1600,1200,1350,205.16,45,4,n,100
1991,I1991,1200,1000,975,336.7,45,1,n,100
6310,I6310,780,570,478,82.32,47,0,w,4
3718,I3718,1400,1200,1450,179.4,45,3,n,100
5759,I5759,1400,1200,1450,179.4,45,3,n,100
6419,I6419,1400,1225,1160,317.0,0,2,n,100
1411,I1411,1200,1000,750,229.88,45,1,n,100
7502,I7502,780,570,478,82.32,47,0,w,4
6782,I6782,1600,1200,1350,303.92,45,4,n,100
3959,I3959,1400,1200,1450,179.4,45,3,n,100
3241,I3241,1400,1200,1450,179.4,45,3,n,100
2791,I2791,1600,1200,1350,207.72,45,4,n,100
658,I0658,1400,1200,1450,179.4,45,3,n,100
3880,I3880,1200,1000,750,176.5,45,1,n,100
8166,I8166,1400,1200,1450,179.4,45,3,n,100
581,I0581,780,570,478,100.96,47,0,w,4
6424,I6424,1400,1225,1160,317.0,0,2,n,100
565,I0565,1200,1000,1057,179.85,0,6,n,100
5995,I5995,1600,1200,1350,207.72,45,4,n,100
7181,I7181,1400,1225,1160,278.5,0,2,n,100
5246,I5246,1400,1200,1450,179.4,45,3,n,100
5013,I5013,1400,1225,1160,278.5,0,2,n,100
4764,I4764,1200,1000,750,176.5,45,1,n,100
212,I0212,1600,1200,930,438.4,45,4,n,100
455,I0455,1600,1200,930,454.873,45,4,n,100
1416,I1416,1200,1000,975,248.88,45,1,n,100
6986,I6986,1600,1200,1350,207.72,45,4,n,100
4456,I4456,1200,1000,975,336.7,45,1,n,100
3721,I3721,1400,1200,1450,179.4,45,3,n,100
2704,I2704,1600,1200,1350,207.72,45,4,n,100
3461,I3461,1200,1000,975,293.32,45,1,n,100
7381,I7381,1600,1200,1350,207.72,45,4,n,100
6589,I6589,1600,1200,1350,303.92,45,4,n,100
1766,I1766,780,570,478,100.96,47,0,w,4
5429,I5429,1200,1000,975,246.0,45,1,n,100
5549,I5549,780,570,478,81.72,47,0,w,4
3209,I3209,1200,1000,750,229.88,45,1,n,100
180,I0180,1400,1200,1450,179.4,45,3,n,100
8265,I8265,1200,1000,975,156.15,45,1,n,100
7672,I7672,1600,1200,1350,207.72,45,4,n,100
3254,I3254,1400,1200,1450,179.4,45,3,n,100
546,I0546,1600,1200,930,277.828,45,4,n,100
3679,I3679,1600,1200,975,180.2,45,4,n,100
4985,I4985,1200,1000,975,225.6,45,1,n,100
2003,I2003,1600,1200,930,547.3,45,4,n,100
6207,I6207,1400,1225,1160,278.5,0,2,n,100
5540,I5540,1600,1200,1350,205.16,45,4,n,100
7343,I7343,1400,1200,1450,179.4,45,3,n,100
4170,I4170,1400,1225,1160,278.5,0,2,n,100
7358,I7358,780,570,478,82.32,47,0,w,4
7655,I7655,1600,1200,975,180.2,45,4,n,100
6014,I6014,1400,1225,1160,317.0,0,2,n,100
5640,I5640,1600,1200,1350,207.72,45,4,n,100
4753,I4753,780,570,478,81.72,47,0,w,4
6919,I6919,1900,1200,750,845.38,45,5,n,100
6602,I6602,1600,1200,1350,205.16,45,4,n,100
535,I0535,1400,1200,1450,179.4,45,3,n,100
368,I0368,1400,1225,1160,317.0,0,2,n,100
4489,I4489,1600,1200,975,1471.6,45,4,n,100
153,I0153,1400,1200,1450,179.4,45,3,n,100
1801,I1801,780,570,478,82.32,47,0,w,4
6770,I6770,1600,1200,1350,205.16,45,4,n,100
3985,I3985,1400,1200,1450,179.4,45,3,n,100
4107,I4107,780,570,478,104.768,47,0,w,4
7498,I7498,1600,1200,975,611.224,45,4,n,100
2284,I2284,1600,1200,1350,207.72,45,4,n,100
5192,I5192,1400,1225,1160,278.5,0,2,n,100
5953,I5953,1400,1225,1160,317.0,0,2,n,100
7077,I7077,1600,1200,930,310.76,45,4,n,100
1395,I1395,1400,1200,1450,179.4,45,3,n,100
5752,I5752,1400,1200,1450,179.4,45,3,n,100
3108,I3108,1600,1200,975,180.2,45,4,n,100
3030,I3030,1200,1000,750,227.528,45,1,n,100
4680,I4680,1600,1200,1350,207.72,45,4,n,100
3579,I3579,1600,1200,1350,205.16,45,4,n,100
3433,I3433,1600,1200,930,547.3,45,4,n,100
3374,I3374,1400,1200,1450,179.4,45,3,n,100
4599,I4599,1600,1200,930,547.3,45,4,n,100
3043,I3043,780,570,478,96.256,47,0,w,4
5981,I5981,1400,1200,1450,179.4,45,3,n,100
2981,I2981,780,570,478,96.256,47,0,w,4
2048,I2048,1200,1000,975,527.4,45,1,n,100
4427,I4427,1200,1000,558,127.408,0,6,n,100
1603,I1603,1200,1000,975,225.6,45,1,n,100
7977,I7977,1200,1000,975,156.15,45,1,n,100
7691,I7691,1200,1000,975,577.8,45,1,n,100
1089,I1089,1200,1000,750,229.88,45,1,n,100
5786,I5786,1600,1200,1350,303.92,45,4,n,100
4861,I4861,1400,1200,1450,179.4,45,3,n,100
6088,I6088,1400,1200,1450,179.4,45,3,n,100
1959,I1959,1200,1000,975,183.84,45,1,n,100
1850,I1850,1200,1000,545,729.5,45,1,n,100
1480,I1480,1200,1000,975,293.32,45,1,n,100
7906,I7906,1400,1200,1450,179.4,45,3,n,100
3316,I3316,1200,1000,975,293.32,45,1,n,100
8354,I8354,1200,1000,975,225.6,45,1,n,100
2229,I2229,1400,1200,1450,179.4,45,3,n,100
3310,I3310,1200,1000,975,293.32,45,1,n,100
2495,I2495,1400,1200,1450,179.4,45,3,n,100
5203,I5203,1200,1000,975,259.6,45,1,n,100
4249,I4249,1400,1225,1160,278.5,0,2,n,100
3839,I3839,1200,1000,1057,179.85,0,6,n,100
1414,I1414,1200,1000,975,248.88,45,1,n,100
1121,I1121,1200,1000,975,293.32,45,1,n,100
3419,I3419,1400,1225,1160,278.5,0,2,n,100
1680,I1680,1400,1200,1450,179.4,45,3,n,100
6537,I6537,1600,1200,1350,207.72,45,4,n,100
8106,I8106,1400,1200,1450,179.4,45,3,n,100
6359,I6359,1400,1225,1160,278.5,0,2,n,100
1833,I1833,1200,1000,545,729.5,45,1,n,100
2190,I2190,1600,1200,1350,207.72,45,4,n,100
4216,I4216,1200,1000,975,156.15,45,1,n,100
2873,I2873,1400,1200,1450,179.4,45,3,n,100
6800,I6800,1200,1000,975,165.375,45,1,n,100
1706,I1706,1200,1000,975,652.0,45,1,n,100
3225,I3225,1400,1200,1450,179.4,45,3,n,100
5064,I5064,780,570,478,96.256,47,0,w,4
6829,I6829,1400,1200,1450,179.4,45,3,n,100
5517,I5517,1600,1200,1350,303.92,45,4,n,100
267,I0267,1600,1200,930,277.828,45,4,n,100
201,I0201,1400,1200,1450,179.4,45,3,n,100
2041,I2041,1200,1000,1155,366.75,0,6,n,100
507,I0507,780,570,478,100.96,47,0,w,4
5055,I5055,780,570,478,100.96,47,0,w,4
1678,I1678,1400,1200,1450,179.4,45,3,n,100
2545,I2545,1400,1200,1450,179.4,45,3,n,100
518,I0518,1400,1200,1450,179.4,45,3,n,100
2664,I2664,1600,1200,1350,303.92,45,4,n,100
2393,I2393,1400,1225,1160,278.5,0,2,n,100
1915,I1915,1400,1225,1160,278.5,0,2,n,100
6260,I6260,1400,1200,1450,179.4,45,3,n,100
1780,I1780,1400,1200,1450,179.4,45,3,n,100
6042,I6042,1600,1200,975,180.2,45,4,n,100
1516,I1516,1200,1000,975,156.15,45,1,n,100
5928,I5928,1400,1200,1450,179.4,45,3,n,100
340,I0340,780,570,478,160.56,47,0,w,4
7076,I7076,1200,1000,359,72.704,0,6,n,100
6308,I6308,1200,1000,545,729.5,45,1,n,100
1960,I1960,1200,1000,975,183.84,45,1,n,100
6998,I6998,1400,1200,1450,179.4,45,3,n,100
2234,I2234,1400,1200,1450,179.4,45,3,n,100
4602,I4602,1600,1200,930,547.3,45,4,n,100
4176,I4176,780,570,478,160.56,47,0,w,4
1077,I1077,1600,1200,1350,207.72,45,4,n,100
139,I0139,1400,1200,1450,179.4,45,3,n,100
888,I0888,1400,1200,1450,179.4,45,3,n,100
1244,I1244,1400,1200,1450,179.4,45,3,n,100
3778,I3778,780,570,478,100.96,47,0,w,4
4369,I4369,1600,1200,975,611.224,45,4,n,100
5599,I5599,1200,1000,975,248.88,45,1,n,100
2364,I2364,1200,1000,750,351.944,45,1,n,100
7781,I7781,1400,1200,1450,179.4,45,3,n,100
5306,I5306,1600,1200,975,180.2,45,4,n,100
2601,I2601,1600,1200,1350,303.92,45,4,n,100
1075,I1075,1600,1200,1350,207.72,45,4,n,100
7563,I7563,1200,1000,750,229.88,45,1,n,100
6000,I6000,1200,1000,975,337.9,45,1,n,100
147,I0147,1400,1200,1450,179.4,45,3,n,100
4725,I4725,1400,1200,1450,179.4,45,3,n,100
5172,I5172,1200,1000,750,229.88,45,1,n,100
4068,I4068,1200,1000,975,169.0,45,1,n,100
1132,I1132,1200,1000,975,248.88,45,1,n,100
207,I0207,1600,1200,930,438.4,45,4,n,100
5518,I5518,1600,1200,1350,303.92,45,4,n,100
4200,I4200,1200,1000,750,229.88,45,1,n,100
462,I0462,1200,1000,975,577.8,45,1,n,100
6804,I6804,1400,1225,1160,317.0,0,2,n,100
6128,I6128,1400,1200,1450,179.4,45,3,n,100
3240,I3240,1400,1200,1450,179.4,45,3,n,100
2246,I2246,1400,1200,1450,179.4,45,3,n,100
7002,I7002,1400,1200,1450,179.4,45,3,n,100
2952,I2952,1600,1200,930,310.76,45,4,n,100
3987,I3987,1400,1200,1450,179.4,45,3,n,100
3622,I3622,780,570,478,104.768,47,0,w,4
2860,I2860,1400,1200,1450,179.4,45,3,n,100
4544,I4544,1400,1200,1450,179.4,45,3,n,100
7507,I7507,1200,1000,975,248.88,45,1,n,100
6157,I6157,1400,1225,1160,317.0,0,2,n,100
7839,I7839,1600,1200,1350,303.92,45,4,n,100
7638,I7638,1600,1200,975,180.2,45,4,n,100
3744,I3744,1600,1200,1350,303.92,45,4,n,100
14,I0014,1400,1225,1160,278.5,0,2,n,100
1485,I1485,1200,1000,975,293.32,45,1,n,100
307,I0307,1400,1200,1450,179.4,45,3,n,100
1725,I1725,1400,1225,1160,317.0,0,2,n,100
5197,I5197,1600,1200,1350,303.92,45,4,n,100
3705,I3705,1400,1200,1450,179.4,45,3,n,100
810,I0810,1200,1000,545,729.5,45,1,n,100
2075,I2075,1400,1200,1450,179.4,45,3,n,100
725,I0725,1600,1200,1350,205.16,45,4,n,100
2978,I2978,1600,1200,1350,207.72,45,4,n,100
2088,I2088,1600,1200,930,438.4,45,4,n,100
7635,I7635,1400,1200,1450,179.4,45,3,n,100
213,I0213,1600,1200,930,438.4,45,4,n,100
2449,I2449,1600,1200,930,277.828,45,4,n,100
6799,I6799,1200,1000,975,165.375,45,1,n,100
4563,I4563,1400,1225,1160,278.5,0,2,n,100
1688,I1688,1400,1200,1450,179.4,45,3,n,100
1441,I1441,1200,1000,975,165.375,45,1,n,100
5799,I5799,1600,1200,1350,303.92,45,4,n,100
4433,I4433,1600,1200,1350,207.72,45,4,n,100
7714,I7714,1600,1200,1350,205.16,45,4,n,100
5258,I5258,1600,1200,1350,310.16,45,4,n,100
7593,I7593,1400,1225,1160,317.0,0,2,n,100
7581,I7581,1200,1000,975,248.88,45,1,n,100
3881,I3881,1200,1000,750,176.5,45,1,n,100
3785,I3785,780,570,478,82.32,47,0,w,4
4542,I4542,1400,1200,1450,179.4,45,3,n,100
7786,I7786,1400,1200,1450,179.4,45,3,n,100
4071,I4071,1400,1200,1450,179.4,45,3,n,100
205,I0205,1400,1200,1450,179.4,45,3,n,100
1974,I1974,1200,1000,750,227.528,45,1,n,100
124,I0124,1600,1200,1350,303.92,45,4,n,100
6638,I6638,1400,1200,1450,179.4,45,3,n,100
3009,I3009,1600,1200,1350,207.72,45,4,n,100
5150,I5150,780,570,478,100.96,47,0,w,4
4906,I4906,1400,1200,1450,179.4,45,3,n,100
2733,I2733,780,570,478,81.72,47,0,w,4
4043,I4043,1200,1000,975,169.0,45,1,n,100
2327,I2327,1600,1200,1350,303.92,45,4,n,100
6523,I6523,1400,1200,1450,179.4,45,3,n,100
7783,I7783,1400,1200,1450,179.4,45,3,n,100
7319,I7319,1400,1225,1160,278.5,0,2,n,100
5497,I5497,780,570,478,170.28,47,0,w,4
1517,I1517,1200,1000,975,156.15,45,1,n,100
2275,I2275,1200,1000,975,337.9,45,1,n,100
922,I0922,1400,1200,1450,179.4,45,3,n,100
2691,I2691,1400,1200,1450,179.4,45,3,n,100
6004,I6004,1200,1000,975,156.15,45,1,n,100
2014,I2014,780,570,478,269.32,47,0,w,4
4187,I4187,1200,1000,750,229.88,45,1,n,100
8176,I8176,1400,1200,1450,179.4,45,3,n,100
476,I0476,1200,1000,975,183.84,45,1,n,100
1789,I1789,1400,1200,1450,179.4,45,3,n,100
575,I0575,1600,1200,930,454.873,45,4,n,100
2969,I2969,1600,1200,1350,207.72,45,4,n,100
294,I0294,1600,1200,1350,303.92,45,4,n,100
589,I0589,1200,1000,750,351.756,45,1,n,100
2356,I2356,1200,1000,750,229.88,45,1,n,100
6452,I6452,1600,1200,1350,207.72,45,4,n,100
4631,I4631,1400,1200,1450,179.4,45,3,n,100
1267,I1267,1200,1000,975,169.0,45,1,n,100
2858,I2858,1400,1200,1450,179.4,45,3,n,100
8399,I8399,1600,1200,930,454.873,45,4,n,100
7741,I7741,1600,1200,930,454.873,45,4,n,100
5454,I5454,1200,1000,750,229.88,45,1,n,100
373,I0373,1400,1225,1160,317.0,0,2,n,100
2933,I2933,1400,1225,1160,317.0,0,2,n,100
3879,I3879,1200,1000,975,293.32,45,1,n,100
7711,I7711,1400,1225,1160,317.0,0,2,n,100
384,I0384,1200,1000,750,227.528,45,1,n,100
7481,I7481,1600,1200,1350,303.92,45,4,n,100
6080,I6080,1600,1200,1350,303.92,45,4,n,100
7609,I7609,1600,1200,975,1471.6,45,4,n,100
2788,I2788,1600,1200,1350,207.72,45,4,n,100
6580,I6580,1200,1000,975,165.375,45,1,n,100
6081,I6081,780,570,478,270.08,47,0,w,4
1691,I1691,1400,1200,1450,179.4,45,3,n,100
5523,I5523,1600,1200,930,547.3,45,4,n,100
5301,I5301,1600,1200,975,180.2,45,4,n,100
6439,I6439,1400,1225,1160,278.5,0,2,n,100
4246,I4246,1400,1225,1160,278.5,0,2,n,100
6357,I6357,1400,1225,1160,278.5,0,2,n,100
6017,I6017,1400,1225,1160,317.0,0,2,n,100
8193,I8193,1200,1000,545,690.5,45,1,n,100
2937,I2937,1400,1225,1160,317.0,0,2,n,100
5448,I5448,1200,1000,750,405.72,45,1,n,100
741,I0741,780,570,478,81.72,47,0,w,4
8189,I8189,1600,1200,1350,207.72,45,4,n,100
3845,I3845,1200,1000,975,248.88,45,1,n,100
2637,I2637,1200,1000,975,527.4,45,1,n,100
2402,I2402,1400,1225,1160,278.5,0,2,n,100
1150,I1150,1200,1000,750,305.32,45,1,n,100
7742,I7742,1600,1200,930,454.873,45,4,n,100
3731,I3731,1400,1200,1450,179.4,45,3,n,100
579,I0579,780,570,478,100.96,47,0,w,4
3958,I3958,1400,1200,1450,179.4,45,3,n,100
1648,I1648,1400,1200,1450,179.4,45,3,n,100
8282,I8282,780,570,478,100.96,47,0,w,4
2046,I2046,1200,1000,975,527.4,45,1,n,100
5753,I5753,1400,1200,1450,179.4,45,3,n,100
4621,I4621,1400,1200,1450,179.4,45,3,n,100
7326,I7326,1200,1000,750,229.88,45,1,n,100
2794,I2794,1600,1200,1350,207.72,45,4,n,100
732,I0732,1600,1200,1350,205.16,45,4,n,100
3817,I3817,1600,1200,1350,207.72,45,4,n,100
2245,I2245,1400,1200,1450,179.4,45,3,n,100
5037,I5037,780,570,478,82.32,47,0,w,4
1661,I1661,1200,1000,558,127.408,0,6,n,100
3819,I3819,1600,1200,1350,207.72,45,4,n,100
1061,I1061,1200,1000,975,259.6,45,1,n,100
1571,I1571,1600,1200,975,180.2,45,4,n,100
1045,I1045,1200,1000,975,336.7,45,1,n,100
5675,I5675,1600,1200,1350,205.16,45,4,n,100
6587,I6587,1200,1000,750,227.528,45,1,n,100
4023,I4023,780,570,478,100.96,47,0,w,4
1605,I1605,1200,1000,975,225.6,45,1,n,100
7823,I7823,1200,1000,975,577.8,45,1,n,100
2750,I2750,1600,1200,1350,207.72,45,4,n,100
7068,I7068,780,570,478,104.768,47,0,w,4
4086,I4086,1400,1200,1450,179.4,45,3,n,100
5676,I5676,1600,1200,930,514.24,45,4,n,100
3707,I3707,1400,1200,1450,179.4,45,3,n,100
3170,I3170,1400,1225,1160,278.5,0,2,n,100
4455,I4455,1200,1000,750,229.88,45,1,n,100
3012,I3012,1600,1200,1350,207.72,45,4,n,100
165,I0165,1600,1200,1350,207.72,45,4,n,100
6703,I6703,1400,1200,1450,179.4,45,3,n,100
2699,I2699,1400,1200,1450,179.4,45,3,n,100
3717,I3717,1400,1200,1450,179.4,45,3,n,100
2594,I2594,1600,1200,1350,207.72,45,4,n,100
7544,I7544,1600,1200,1350,205.16,45,4,n,100
6992,I6992,1200,1000,545,690.5,45,1,n,100
3574,I3574,1600,1200,1350,303.92,45,4,n,100
7104,I7104,1600,1200,930,547.3,45,4,n,100
5123,I5123,1200,1000,359,77.352,0,6,n,100
7125,I7125,1400,1200,1450,179.4,45,3,n,100
936,I0936,1400,1200,1450,179.4,45,3,n,100
3929,I3929,1200,1000,545,729.5,45,1,n,100
2934,I2934,1400,1225,1160,317.0,0,2,n,100
5932,I5932,1400,1200,1450,179.4,45,3,n,100
8308,I8308,1200,1000,975,293.32,45,1,n,100
7172,I7172,1600,1200,930,454.873,45,4,n,100
6803,I6803,1200,1000,975,165.375,45,1,n,100
7314,I7314,1400,1225,1160,278.5,0,2,n,100
2287,I2287,1600,1200,1350,207.72,45,4,n,100
867,I0867,1200,1000,975,527.4,45,1,n,100
1682,I1682,1400,1200,1450,179.4,45,3,n,100
7800,I7800,1600,1200,930,438.4,45,4,n,100
351,I0351,1600,1200,930,547.3,45,4,n,100
5508,I5508,1200,1000,975,225.6,45,1,n,100
1828,I1828,1600,1200,1350,303.92,45,4,n,100
876,I0876,1400,1200,1450,179.4,45,3,n,100
3504,I3504,1400,1225,1160,317.0,0,2,n,100
2799,I2799,1200,1000,975,169.0,45,1,n,100
4899,I4899,1400,1200,1450,179.4,45,3,n,100
2760,I2760,780,570,478,160.56,47,0,w,4
2379,I2379,1400,1225,1160,317.0,0,2,n,100
2654,I2654,1200,1000,975,248.88,45,1,n,100
5971,I5971,1400,1225,1160,278.5,0,2,n,100
2878,I2878,1400,1200,1450,179.4,45,3,n,100
964,I0964,1200,1000,975,337.9,45,1,n,100
2516,I2516,1400,1200,1450,179.4,45,3,n,100
3299,I3299,1200,1000,975,293.32,45,1,n,100
7988,I7988,780,570,478,170.28,47,0,w,4
5556,I5556,1600,1200,1350,207.72,45,4,n,100
2394,I2394,1400,1225,1160,278.5,0,2,n,100
1040,I1040,1200,1000,975,336.7,45,1,n,100
55,I0055,1400,1200,1450,179.4,45,3,n,100
8002,I8002,1600,1200,1350,205.16,45,4,n,100
3865,I3865,1200,1000,975,293.32,45,1,n,100
2521,I2521,1400,1200,1450,179.4,45,3,n,100
2310,I2310,1600,1200,975,611.224,45,4,n,100
3617,I3617,780,570,478,100.96,47,0,w,4
3956,I3956,1400,1200,1450,179.4,45,3,n,100
3696,I3696,1600,1200,975,180.2,45,4,n,100
632,I0632,1400,1200,1450,179.4,45,3,n,100
7180,I7180,1400,1225,1160,278.5,0,2,n,100
6572,I6572,1200,1000,750,229.88,45,1,n,100
7968,I7968,1600,1200,1350,205.16,45,4,n,100
3677,I3677,1600,1200,975,180.2,45,4,n,100
5743,I5743,1400,1200,1450,179.4,45,3,n,100
5572,I5572,1600,1200,1350,207.72,45,4,n,100
6450,I6450,1600,1200,1350,207.72,45,4,n,100
3349,I3349,1200,1000,975,225.6,45,1,n,100
7259,I7259,1400,1200,1450,179.4,45,3,n,100
2539,I2539,1400,1200,1450,179.4,45,3,n,100
5455,I5455,1600,1200,930,547.3,45,4,n,100
998,I0998,1200,1000,975,156.15,45,1,n,100
7009,I7009,1200,1000,975,248.88,45,1,n,100
4416,I4416,1200,1000,975,169.0,45,1,n,100
7488,I7488,1400,1200,1450,179.4,45,3,n,100
4250,I4250,1400,1225,1160,278.5,0,2,n,100
7908,I7908,1400,1200,1450,179.4,45,3,n,100
2557,I2557,1400,1200,1450,179.4,45,3,n,100
3125,I3125,1900,1200,750,845.38,45,5,n,100
3065,I3065,1200,1000,975,293.32,45,1,n,100
7011,I7011,780,570,478,104.768,47,0,w,4
5380,I5380,1200,1000,750,229.88,45,1,n,100
5977,I5977,1400,1200,1450,179.4,45,3,n,100
2808,I2808,1200,1000,975,527.4,45,1,n,100
5958,I5958,1400,1225,1160,317.0,0,2,n,100
2657,I2657,780,570,478,100.96,47,0,w,4
4415,I4415,1200,1000,975,169.0,45,1,n,100
5998,I5998,1200,1000,975,652.0,45,1,n,100
5770,I5770,1400,1200,1450,179.4,45,3,n,100
2175,I2175,1200,1000,750,229.88,45,1,n,100
4375,I4375,1200,1000,1057,164.04,0,6,n,100
3107,I3107,1600,1200,975,180.2,45,4,n,100
3500,I3500,1400,1225,1160,317.0,0,2,n,100
1847,I1847,1600,1200,1350,303.92,45,4,n,100
7154,I7154,780,570,478,160.56,47,0,w,4
1090,I1090,1200,1000,750,229.88,45,1,n,100
7084,I7084,780,570,478,100.96,47,0,w,4
4822,I4822,1200,1000,975,527.4,45,1,n,100
52,I0052,1400,1200,1450,179.4,45,3,n,100
1497,I1497,780,570,478,81.72,47,0,w,4
6698,I6698,1400,1200,1450,179.4,45,3,n,100
3346,I3346,1200,1000,975,225.6,45,1,n,100
6130,I6130,1400,1200,1450,179.4,45,3,n,100
6926,I6926,1400,1225,1160,278.5,0,2,n,100
4834,I4834,1200,1000,975,336.7,45,1,n,100
2380,I2380,1400,1225,1160,317.0,0,2,n,100
8184,I8184,1200,1000,975,708.0,45,1,n,100
5477,I5477,1200,1000,975,259.6,45,1,n,100
3952,I3952,1200,1000,750,227.528,45,1,n,100
5470,I5470,1400,1225,1160,317.0,0,2,n,100
4578,I4578,1400,1225,1160,278.5,0,2,n,100
399,I0399,1200,1000,1057,164.04,0,6,n,100
4360,I4360,1200,1000,975,337.45,45,1,n,100
5751,I5751,1400,1200,1450,179.4,45,3,n,100
1294,I1294,1400,1200,1450,179.4,45,3,n,100
1671,I1671,1200,1000,750,229.88,45,1,n,100
3781,I3781,780,570,478,170.28,47,0,w,4
2994,I2994,1600,1200,1350,207.72,45,4,n,100
1413,I1413,1200,1000,558,122.032,0,6,n,100
845,I0845,1600,1200,930,547.3,45,4,n,100
1761,I1761,780,570,478,100.96,47,0,w,4
435,I0435,1400,1200,1450,179.4,45,3,n,100
2057,I2057,1400,1200,1450,179.4,45,3,n,100
3575,I3575,1600,1200,1350,303.92,45,4,n,100
8208,I8208,1600,1200,1350,303.92,45,4,n,100
5926,I5926,1400,1200,1450,179.4,45,3,n,100
286,I0286,1600,1200,1350,303.92,45,4,n,100
5209,I5209,1600,1200,1350,207.72,45,4,n,100
3917,I3917,1400,1225,1160,278.5,0,2,n,100
4726,I4726,1400,1200,1450,179.4,45,3,n,100
2566,I2566,1400,1200,1450,179.4,45,3,n,100
1467,I1467,1200,1000,975,293.32,45,1,n,100
6013,I6013,1400,1225,1160,317.0,0,2,n,100
7726,I7726,1200,1000,975,577.8,45,1,n,100
2613,I2613,1400,1225,1160,317.0,0,2,n,100
7014,I7014,1600,1200,1350,207.72,45,4,n,100
8030,I8030,1200,1000,975,156.15,45,1,n,100
7715,I7715,1600,1200,1350,205.16,45,4,n,100
5235,I5235,780,570,478,269.32,47,0,w,4
6425,I6425,1400,1225,1160,317.0,0,2,n,100
6129,I6129,1400,1200,1450,179.4,45,3,n,100
1750,I1750,1600,1200,1350,303.92,45,4,n,100
151,I0151,1400,1200,1450,179.4,45,3,n,100
5682,I5682,1400,1200,1450,179.4,45,3,n,100
7344,I7344,1400,1200,1450,179.4,45,3,n,100
549,I0549,780,570,478,100.96,47,0,w,4
5548,I5548,780,570,478,81.72,47,0,w,4
4787,I4787,1200,1000,975,156.15,45,1,n,100
4916,I4916,1400,1200,1450,179.4,45,3,n,100
7091,I7091,1200,1000,1155,375.0,0,6,n,100
678,I0678,1400,1200,1450,179.4,45,3,n,100
5068,I5068,1200,1000,975,527.4,45,1,n,100
4620,I4620,1400,1200,1450,179.4,45,3,n,100
3279,I3279,1200,1000,975,293.32,45,1,n,100
6355,I6355,1400,1225,1160,278.5,0,2,n,100
8304,I8304,1200,1000,975,293.32,45,1,n,100
6940,I6940,1400,1225,1160,278.5,0,2,n,100
1060,I1060,1200,1000,750,229.88,45,1,n,100
3221,I3221,1400,1200,1450,179.4,45,3,n,100
1388,I1388,1400,1200,1450,179.4,45,3,n,100
3102,I3102,1600,1200,975,180.2,45,4,n,100
3224,I3224,1400,1200,1450,179.4,45,3,n,100
7840,I7840,1600,1200,1350,303.92,45,4,n,100
3498,I3498,1400,1225,1160,317.0,0,2,n,100
2835,I2835,780,570,478,96.256,47,0,w,4
5864,I5864,780,570,478,100.96,47,0,w,4
1229,I1229,1400,1200,1450,179.4,45,3,n,100
6374,I6374,1600,1200,1350,205.16,45,4,n,100
2857,I2857,1400,1200,1450,179.4,45,3,n,100
6265,I6265,1400,1200,1450,179.4,45,3,n,100
6571,I6571,1200,1000,975,246.0,45,1,n,100
4547,I4547,1400,1200,1450,179.4,45,3,n,100
2611,I2611,1400,1225,1160,317.0,0,2,n,100
2323,I2323,1200,1000,975,246.0,45,1,n,100
6471,I6471,1600,1200,930,547.3,45,4,n,100
3122,I3122,1200,1000,750,227.528,45,1,n,100
8357,I8357,1200,1000,975,225.6,45,1,n,100
63,I0063,1600,1200,1350,303.92,45,4,n,100
6229,I6229,1600,1200,1350,207.72,45,4,n,100
934,I0934,1400,1200,1450,179.4,45,3,n,100
1155,I1155,1600,1200,1350,303.92,45,4,n,100
6956,I6956,780,570,478,104.768,47,0,w,4
1906,I1906,1200,1000,975,652.0,45,1,n,100
1629,I1629,1600,1200,1350,303.92,45,4,n,100
8133,I8133,1200,1000,975,308.76,45,1,n,100
6844,I6844,1400,1200,1450,179.4,45,3,n,100
1869,I1869,1600,1200,1350,207.72,45,4,n,100
479,I0479,1200,1000,975,165.375,45,1,n,100
5484,I5484,1600,1200,1350,303.92,45,4,n,100
2389,I2389,1400,1225,1160,278.5,0,2,n,100
7647,I7647,1600,1200,975,180.2,45,4,n,100
5296,I5296,1600,1200,975,180.2,45,4,n,100
7530,I7530,1600,1200,1350,303.92,45,4,n,100
1547,I1547,780,570,478,100.96,47,0,w,4
8275,I8275,1400,1200,1450,179.4,45,3,n,100
4515,I4515,1600,1200,1350,303.92,45,4,n,100
6798,I6798,1200,1000,359,29.38,0,6,n,100
1420,I1420,1600,1200,1350,205.16,45,4,n,100
1110,I1110,1200,1000,975,293.32,45,1,n,100
7242,I7242,1400,1200,1450,179.4,45,3,n,100
6594,I6594,1600,1200,1350,205.16,45,4,n,100
1009,I1009,1600,1200,1350,312.72,45,4,n,100
365,I0365,1400,1225,1160,317.0,0,2,n,100
5887,I5887,1400,1225,1160,278.5,0,2,n,100
8165,I8165,1400,1200,1450,179.4,45,3,n,100
1088,I1088,1200,1000,750,229.88,45,1,n,100
759,I0759,1200,1000,359,70.016,0,6,n,100
3599,I3599,1200,1000,975,577.8,45,1,n,100
4426,I4426,1900,1200,750,845.38,45,5,n,100
56,I0056,1400,1200,1450,179.4,45,3,n,100
6583,I6583,1200,1000,975,165.375,45,1,n,100
4990,I4990,1400,1200,1450,179.4,45,3,n,100
5493,I5493,1200,1000,975,183.84,45,1,n,100
4304,I4304,1600,1200,1350,207.72,45,4,n,100
1717,I1717,1400,1225,1160,317.0,0,2,n,100
7144,I7144,1400,1225,1160,317.0,0,2,n,100
3249,I3249,1400,1200,1450,179.4,45,3,n,100
3702,I3702,1600,1200,975,180.2,45,4,n,100
6661,I6661,1200,1000,975,239.52,45,1,n,100
2738,I2738,1600,1200,1350,303.92,45,4,n,100
5528,I5528,1600,1200,1350,303.92,45,4,n,100
6624,I6624,1200,1000,975,183.84,45,1,n,100
6327,I6327,1600,1200,975,180.2,45,4,n,100
6871,I6871,780,570,478,170.28,47,0,w,4
249,I0249,1400,1200,1450,179.4,45,3,n,100
4374,I4374,780,570,478,101.52,47,0,w,4
5393,I5393,780,570,478,100.96,47,0,w,4
6272,I6272,1400,1200,1450,179.4,45,3,n,100
8222,I8222,1600,1200,1350,205.16,45,4,n,100
4429,I4429,1600,1200,1350,207.72,45,4,n,100
5500,I5500,780,570,478,170.28,47,0,w,4
4344,I4344,1600,1200,1350,207.72,45,4,n,100
5514,I5514,1600,1200,1350,303.92,45,4,n,100
684,I0684,780,570,478,270.08,47,0,w,4
3219,I3219,1400,1200,1450,179.4,45,3,n,100
4338,I4338,1600,1200,1350,207.72,45,4,n,100
4709,I4709,1400,1200,1450,179.4,45,3,n,100
470,I0470,1200,1000,750,229.88,45,1,n,100
4504,I4504,1600,1200,930,438.4,45,4,n,100
3734,I3734,780,570,478,96.256,47,0,w,4
4227,I4227,1400,1200,1450,179.4,45,3,n,100
6318,I6318,1600,1200,1350,303.92,45,4,n,100
6110,I6110,1400,1200,1450,179.4,45,3,n,100
6983,I6983,1600,1200,1350,207.72,45,4,n,100
7386,I7386,1600,1200,1350,207.72,45,4,n,100
6227,I6227,1600,1200,1350,207.72,45,4,n,100
4932,I4932,1600,1200,975,611.224,45,4,n,100
4957,I4957,1600,1200,1350,207.72,45,4,n,100
4658,I4658,1600,1200,1350,303.92,45,4,n,100
1810,I1810,1200,1000,975,527.4,45,1,n,100
6049,I6049,1600,1200,975,180.2,45,4,n,100
1958,I1958,1200,1000,975,183.84,45,1,n,100
4635,I4635,1400,1200,1450,179.4,45,3,n,100
2144,I2144,1200,1000,750,235.4,45,1,n,100
5576,I5576,780,570,478,101.52,47,0,w,4
1639,I1639,1400,1200,1450,179.4,45,3,n,100
6716,I6716,1400,1200,1450,179.4,45,3,n,100
4113,I4113,1400,1225,1160,317.0,0,2,n,100
5762,I5762,1400,1200,1450,179.4,45,3,n,100
2384,I2384,1400,1225,1160,278.5,0,2,n,100
6961,I6961,1200,1000,750,351.944,45,1,n,100
4134,I4134,1200,1000,750,229.88,45,1,n,100
0,I0000,780,570,478,81.72,47,0,w,4
2653,I2653,1200,1000,975,652.0,45,1,n,100
2642,I2642,1600,1200,1350,303.92,45,4,n,100
6836,I6836,1400,1200,1450,179.4,45,3,n,100
2726,I2726,1900,1200,750,845.38,45,5,n,100
8243,I8243,1600,1200,1350,303.92,45,4,n,100
5736,I5736,1600,1200,1350,312.72,45,4,n,100
1588,I1588,1600,1200,1350,303.92,45,4,n,100
1893,I1893,1600,1200,1350,303.92,45,4,n,100
7124,I7124,1400,1200,1450,179.4,45,3,n,100
5870,I5870,1600,1200,1350,303.92,45,4,n,100
3659,I3659,1600,1200,930,547.3,45,4,n,100
1321,I1321,1200,1000,359,77.352,0,6,n,100
7760,I7760,1400,1225,1160,278.5,0,2,n,100
6882,I6882,1600,1200,1350,207.72,45,4,n,100
6215,I6215,1400,1225,1160,278.5,0,2,n,100
324,I0324,1400,1200,1450,179.4,45,3,n,100
5925,I5925,1400,1200,1450,179.4,45,3,n,100
3821,I3821,1600,1200,1350,207.72,45,4,n,100
3294,I3294,1200,1000,975,293.32,45,1,n,100
6245,I6245,1400,1200,1450,179.4,45,3,n,100
7287,I7287,1400,1225,1160,278.5,0,2,n,100
490,I0490,1600,1200,1350,303.92,45,4,n,100
333,I0333,1600,1200,1350,207.72,45,4,n,100
2687,I2687,1400,1200,1450,179.4,45,3,n,100
8013,I8013,1600,1200,930,547.3,45,4,n,100
7465,I7465,1400,1225,1160,317.0,0,2,n,100
301,I0301,1400,1200,1450,179.4,45,3,n,100
6657,I6657,1200,1000,750,229.88,45,1,n,100
5099,I5099,1600,1200,1350,207.72,45,4,n,100
1574,I1574,1600,1200,975,180.2,45,4,n,100
5564,I5564,1600,1200,1350,207.72,45,4,n,100
1305,I1305,1600,1200,1350,207.72,45,4,n,100
6866,I6866,1600,1200,975,1471.6,45,4,n,100
8031,I8031,1200,1000,975,156.15,45,1,n,100
1859,I1859,780,570,478,160.56,47,0,w,4
802,I0802,1200,1000,1155,366.75,0,6,n,100
4038,I4038,1200,1000,975,169.0,45,1,n,100
2636,I2636,1200,1000,975,527.4,45,1,n,100
1455,I1455,1200,1000,975,293.32,45,1,n,100
6104,I6104,1400,1200,1450,179.4,45,3,n,100
4450,I4450,1200,1000,750,229.88,45,1,n,100
263,I0263,1200,1000,975,165.375,45,1,n,100
3214,I3214,1400,1200,1450,179.4,45,3,n,100
171,I0171,1600,1200,1350,207.72,45,4,n,100
1236,I1236,1400,1200,1450,179.4,45,3,n,100
4051,I4051,1200,1000,975,169.0,45,1,n,100
1922,I1922,1400,1225,1160,278.5,0,2,n,100
3420,I3420,1400,1225,1160,278.5,0,2,n,100
2079,I2079,780,570,478,81.72,47,0,w,4
1035,I1035,780,570,478,104.768,47,0,w,4
8346,I8346,1400,1225,1160,317.0,0,2,n,100
3897,I3897,1400,1225,1160,317.0,0,2,n,100
5632,I5632,1600,1200,1350,207.72,45,4,n,100
1981,I1981,1600,1200,1350,303.92,45,4,n,100
900,I0900,1400,1200,1450,179.4,45,3,n,100
1143,I1143,780,570,478,81.72,47,0,w,4
7989,I7989,780,570,478,170.28,47,0,w,4
4576,I4576,1400,1225,1160,278.5,0,2,n,100
7383,I7383,1600,1200,1350,207.72,45,4,n,100
7317,I7317,1400,1225,1160,278.5,0,2,n,100
2849,I2849,1400,1200,1450,179.4,45,3,n,100
5600,I5600,1200,1000,1057,179.85,0,6,n,100
7305,I7305,780,570,478,170.28,47,0,w,4
1817,I1817,1600,1200,930,514.24,45,4,n,100
8140,I8140,1200,1000,975,527.4,45,1,n,100
4941,I4941,1600,1200,1350,207.72,45,4,n,100
8103,I8103,1400,1200,1450,179.4,45,3,n,100
1108,I1108,1200,1000,975,293.32,45,1,n,100
4496,I4496,1400,1225,1160,317.0,0,2,n,100
2541,I2541,1400,1200,1450,179.4,45,3,n,100
4546,I4546,1400,1200,1450,179.4,45,3,n,100
949,I0949,1400,1200,1450,179.4,45,3,n,100
3635,I3635,1600,1200,1350,205.16,45,4,n,100
877,I0877,1400,1200,1450,179.4,45,3,n,100
6547,I6547,780,570,478,100.96,47,0,w,4
8244,I8244,1600,1200,1350,303.92,45,4,n,100
7123,I7123,1400,1200,1450,179.4,45,3,n,100
5832,I5832,1200,1000,750,229.88,45,1,n,100
4464,I4464,1200,1000,975,336.7,45,1,n,100
8260,I8260,780,570,478,260.25,47,0,w,4
930,I0930,1400,1200,1450,179.4,45,3,n,100
8344,I8344,1400,1225,1160,317.0,0,2,n,100
1961,I1961,780,570,478,100.96,47,0,w,4
5278,I5278,1200,1000,975,246.0,45,1,n,100
3445,I3445,1200,1000,750,235.4,45,1,n,100
641,I0641,1400,1200,1450,179.4,45,3,n,100
3484,I3484,1200,1000,975,293.32,45,1,n,100
7185,I7185,1200,1000,975,259.6,45,1,n,100
4127,I4127,1600,1200,1350,205.16,45,4,n,100
3407,I3407,1600,1200,930,438.4,45,4,n,100
1204,I1204,1600,1200,975,180.2,45,4,n,100
6727,I6727,1600,1200,1350,205.16,45,4,n,100
7419,I7419,780,570,478,82.32,47,0,w,4
8074,I8074,1600,1200,1350,207.72,45,4,n,100
229,I0229,1400,1200,1450,179.4,45,3,n,100
6135,I6135,1400,1200,1450,179.4,45,3,n,100
2002,I2002,1600,1200,930,547.3,45,4,n,100
2892,I2892,780,570,478,160.56,47,0,w,4
4305,I4305,1600,1200,1350,207.72,45,4,n,100
6428,I6428,1400,1225,1160,317.0,0,2,n,100
4615,I4615,1400,1200,1450,179.4,45,3,n,100
2483,I2483,1200,1000,1057,179.85,0,6,n,100
3854,I3854,1200,1000,975,293.32,45,1,n,100
2884,I2884,1200,1000,750,405.72,45,1,n,100
7824,I7824,1200,1000,975,577.8,45,1,n,100
2343,I2343,780,570,478,160.56,47,0,w,4
516,I0516,1400,1200,1450,179.4,45,3,n,100
237,I0237,1400,1200,1450,179.4,45,3,n,100
2836,I2836,780,570,478,96.256,47,0,w,4
3439,I3439,1400,1225,1160,317.0,0,2,n,100
7547,I7547,1200,1000,1057,164.04,0,6,n,100
2028,I2028,1600,1200,1350,207.72,45,4,n,100
1275,I1275,1200,1000,975,169.0,45,1,n,100
7562,I7562,1200,1000,750,229.88,45,1,n,100
7426,I7426,780,570,478,170.28,47,0,w,4
5529,I5529,1200,1000,750,305.32,45,1,n,100
7818,I7818,1600,1200,930,438.4,45,4,n,100
2405,I2405,1400,1225,1160,278.5,0,2,n,100
7416,I7416,780,570,478,82.32,47,0,w,4
1546,I1546,780,570,478,100.96,47,0,w,4
312,I0312,1400,1200,1450,179.4,45,3,n,100
7582,I7582,1200,1000,975,248.88,45,1,n,100
1848,I1848,1200,1000,750,351.944,45,1,n,100
6880,I6880,1200,1000,975,527.4,45,1,n,100
2703,I2703,1600,1200,1350,207.72,45,4,n,100
6529,I6529,1400,1200,1450,179.4,45,3,n,100
203,I0203,1400,1200,1450,179.4,45,3,n,100
1584,I1584,1600,1200,1350,303.92,45,4,n,100
6127,I6127,1400,1200,1450,179.4,45,3,n,100
3754,I3754,1200,1000,975,183.84,45,1,n,100
2039,I2039,1600,1200,1350,207.72,45,4,n,100
6665,I6665,1200,1000,1057,164.04,0,6,n,100
5993,I5993,1600,1200,1350,207.72,45,4,n,100
3238,I3238,1400,1200,1450,179.4,45,3,n,100
969,I0969,1400,1200,1450,179.4,45,3,n,100
3114,I3114,1600,1200,975,180.2,45,4,n,100
2252,I2252,1400,1200,1450,179.4,45,3,n,100
6138,I6138,1400,1200,1450,179.4,45,3,n,100
5664,I5664,1600,1200,930,454.873,45,4,n,100
6787,I6787,1600,1200,930,438.4,45,4,n,100
7590,I7590,1400,1225,1160,278.5,0,2,n,100
5271,I5271,1400,1225,1160,278.5,0,2,n,100
1593,I1593,1600,1200,1350,303.92,45,4,n,100
5190,I5190,1400,1225,1160,278.5,0,2,n,100
3895,I3895,1400,1225,1160,317.0,0,2,n,100
197,I0197,1400,1200,1450,179.4,45,3,n,100
1440,I1440,1600,1200,1350,207.72,45,4,n,100
2728,I2728,780,570,478,81.72,47,0,w,4
7886,I7886,1400,1200,1450,179.4,45,3,n,100
3556,I3556,780,570,478,82.32,47,0,w,4
5307,I5307,1600,1200,975,180.2,45,4,n,100
6431,I6431,1400,1225,1160,317.0,0,2,n,100
6916,I6916,1600,1200,930,277.828,45,4,n,100
6897,I6897,1200,1000,975,577.8,45,1,n,100
7365,I7365,780,570,478,81.72,47,0,w,4
3103,I3103,1600,1200,975,180.2,45,4,n,100
2915,I2915,1200,1000,975,337.45,45,1,n,100
4054,I4054,1200,1000,975,169.0,45,1,n,100
7860,I7860,1200,1000,1057,164.04,0,6,n,100
3975,I3975,1400,1200,1450,179.4,45,3,n,100
7955,I7955,1900,1200,750,845.38,45,5,n,100
8225,I8225,1600,1200,1350,205.16,45,4,n,100
512,I0512,1600,1200,1350,207.72,45,4,n,100
1990,I1990,1200,1000,975,336.7,45,1,n,100
972,I0972,1400,1200,1450,179.4,45,3,n,100
7616,I7616,1400,1200,1450,179.4,45,3,n,100
8317,I8317,1200,1000,975,293.32,45,1,n,100
3901,I3901,1400,1225,1160,317.0,0,2,n,100
6987,I6987,1600,1200,1350,207.72,45,4,n,100
2511,I2511,1400,1200,1450,179.4,45,3,n,100
7020,I7020,1600,1200,1350,207.72,45,4,n,100
3003,I3003,1600,1200,1350,207.72,45,4,n,100
2902,I2902,1200,1000,558,127.408,0,6,n,100
162,I0162,1600,1200,1350,207.72,45,4,n,100
6786,I6786,1600,1200,930,438.4,45,4,n,100
8285,I8285,780,570,478,100.96,47,0,w,4
7718,I7718,1600,1200,1350,205.16,45,4,n,100
3752,I3752,1200,1000,975,183.84,45,1,n,100
3164,I3164,1400,1225,1160,278.5,0,2,n,100
2711,I2711,1600,1200,1350,207.72,45,4,n,100
6501,I6501,1200,1000,975,577.8,45,1,n,100
350,I0350,1600,1200,930,547.3,45,4,n,100
5050,I5050,1600,1200,930,454.873,45,4,n,100
1566,I1566,1600,1200,975,180.2,45,4,n,100
6531,I6531,1400,1200,1450,179.4,45,3,n,100
4677,I4677,1600,1200,1350,207.72,45,4,n,100
6630,I6630,1400,1200,1450,179.4,45,3,n,100
3593,I3593,1400,1225,1160,278.5,0,2,n,100
2869,I2869,1400,1200,1450,179.4,45,3,n,100
5595,I5595,1200,1000,558,136.704,0,6,n,100
5161,I5161,780,570,478,270.08,47,0,w,4
3463,I3463,1200,1000,975,293.32,45,1,n,100
5250,I5250,1400,1200,1450,179.4,45,3,n,100
609,I0609,1400,1225,1160,278.5,0,2,n,100
5336,I5336,1600,1200,1350,207.72,45,4,n,100
7998,I7998,1600,1200,1350,303.92,45,4,n,100
3602,I3602,1200,1000,975,577.8,45,1,n,100
7870,I7870,780,570,478,82.32,47,0,w,4
6779,I6779,780,570,478,81.72,47,0,w,4
5969,I5969,1600,1200,930,438.4,45,4,n,100
5392,I5392,780,570,478,100.96,47,0,w,4
8037,I8037,1200,1000,975,156.15,45,1,n,100
2247,I2247,1400,1200,1450,179.4,45,3,n,100
2754,I2754,1600,1200,1350,303.92,45,4,n,100
1104,I1104,1200,1000,975,293.32,45,1,n,100
3112,I3112,1600,1200,975,180.2,45,4,n,100
3939,I3939,1400,1200,1450,179.4,45,3,n,100
4115,I4115,1400,1225,1160,317.0,0,2,n,100
6361,I6361,1400,1225,1160,278.5,0,2,n,100
5022,I5022,1400,1225,1160,317.0,0,2,n,100
5748,I5748,1400,1200,1450,179.4,45,3,n,100
7127,I7127,1400,1200,1450,179.4,45,3,n,100
6449,I6449,1600,1200,1350,207.72,45,4,n,100
7431,I7431,1200,1000,750,227.528,45,1,n,100
3181,I3181,1600,1200,1350,303.92,45,4,n,100
8055,I8055,780,570,478,100.96,47,0,w,4
2527,I2527,1400,1200,1450,179.4,45,3,n,100
8017,I8017,1200,1000,750,229.88,45,1,n,100
4756,I4756,780,570,478,104.768,47,0,w,4
4331,I4331,1200,1000,750,229.88,45,1,n,100
5712,I5712,1400,1225,1160,317.0,0,2,n,100
6325,I6325,1600,1200,975,180.2,45,4,n,100
31,I0031,1400,1200,1450,179.4,45,3,n,100
1227,I1227,1400,1200,1450,179.4,45,3,n,100
7708,I7708,1400,1225,1160,317.0,0,2,n,100
1248,I1248,1400,1200,1450,179.4,45,3,n,100
7772,I7772,1400,1225,1160,317.0,0,2,n,100
6920,I6920,1600,1200,1350,207.72,45,4,n,100
4992,I4992,1400,1200,1450,179.4,45,3,n,100
204,I0204,1400,1200,1450,179.4,45,3,n,100
80,I0080,1600,1200,930,454.873,45,4,n,100
6032,I6032,1600,1200,1350,303.92,45,4,n,100
5544,I5544,1200,1000,750,227.528,45,1,n,100
5095,I5095,1600,1200,1350,207.72,45,4,n,100
303,I0303,1400,1200,1450,179.4,45,3,n,100
6165,I6165,1400,1225,1160,317.0,0,2,n,100
7850,I7850,1200,1000,750,229.88,45,1,n,100
2989,I2989,1600,1200,1350,207.72,45,4,n,100
6087,I6087,1600,1200,1350,205.16,45,4,n,100
6810,I6810,1400,1225,1160,317.0,0,2,n,100
3032,I3032,1200,1000,750,351.944,45,1,n,100
4600,I4600,1600,1200,930,547.3,45,4,n,100
6432,I6432,1400,1225,1160,317.0,0,2,n,100
3909,I3909,1200,1000,750,227.528,45,1,n,100
4640,I4640,1400,1200,1450,179.4,45,3,n,100
7059,I7059,1600,1200,1350,207.72,45,4,n,100
4870,I4870,1400,1200,1450,179.4,45,3,n,100
692,I0692,1600,1200,1350,303.92,45,4,n,100
1365,I1365,1400,1200,1450,179.4,45,3,n,100
4743,I4743,1600,1200,1350,303.92,45,4,n,100
2676,I2676,1400,1200,1450,179.4,45,3,n,100
3869,I3869,1200,1000,975,293.32,45,1,n,100
4214,I4214,1200,1000,975,156.15,45,1,n,100
7779,I7779,1400,1200,1450,179.4,45,3,n,100
7599,I7599,1400,1225,1160,317.0,0,2,n,100
591,I0591,1600,1200,975,611.224,45,4,n,100
745,I0745,1600,1200,1350,303.92,45,4,n,100
6048,I6048,1600,1200,975,180.2,45,4,n,100
1667,I1667,1200,1000,1057,179.85,0,6,n,100
7999,I7999,1600,1200,1350,303.92,45,4,n,100
382,I0382,1200,1000,750,405.72,45,1,n,100
1963,I1963,780,570,478,100.96,47,0,w,4
5388,I5388,780,570,478,100.96,47,0,w,4
222,I0222,1400,1200,1450,179.4,45,3,n,100
1409,I1409,1200,1000,750,229.88,45,1,n,100
3235,I3235,1400,1200,1450,179.4,45,3,n,100
3514,I3514,780,570,478,81.72,47,0,w,4
2189,I2189,1600,1200,1350,207.72,45,4,n,100
6878,I6878,1200,1000,975,527.4,45,1,n,100
4936,I4936,1900,1200,750,713.62,45,5,n,100
2935,I2935,1400,1225,1160,317.0,0,2,n,100
4505,I4505,1600,1200,930,438.4,45,4,n,100
610,I0610,1400,1225,1160,278.5,0,2,n,100
1137,I1137,1600,1200,1350,207.72,45,4,n,100
2406,I2406,1400,1225,1160,278.5,0,2,n,100
426,I0426,1400,1200,1450,179.4,45,3,n,100
3195,I3195,1200,1000,975,577.8,45,1,n,100
874,I0874,1400,1200,1450,179.4,45,3,n,100
5272,I5272,1400,1225,1160,278.5,0,2,n,100
661,I0661,1400,1200,1450,179.4,45,3,n,100
6119,I6119,1400,1200,1450,179.4,45,3,n,100
5164,I5164,1200,1000,1057,164.04,0,6,n,100
8328,I8328,1200,1000,975,293.32,45,1,n,100
4,I0004,780,570,478,96.256,47,0,w,4
1277,I1277,1200,1000,975,169.0,45,1,n,100
1357,I1357,1600,1200,930,438.4,45,4,n,100
3242,I3242,1400,1200,1450,179.4,45,3,n,100
946,I0946,1400,1200,1450,179.4,45,3,n,100
6160,I6160,1400,1225,1160,317.0,0,2,n,100
3070,I3070,1200,1000,975,293.32,45,1,n,100
7770,I7770,1400,1225,1160,317.0,0,2,n,100
6898,I6898,1200,1000,975,577.8,45,1,n,100
3335,I3335,1600,1200,1350,303.92,45,4,n,100
3345,I3345,1200,1000,975,225.6,45,1,n,100
8229,I8229,1600,1200,1350,205.16,45,4,n,100
6713,I6713,1400,1200,1450,179.4,45,3,n,100
5627,I5627,1600,1200,1350,207.72,45,4,n,100
3208,I3208,1200,1000,750,229.88,45,1,n,100
3109,I3109,1600,1200,975,180.2,45,4,n,100
3944,I3944,1400,1200,1450,179.4,45,3,n,100
2947,I2947,1400,1225,1160,317.0,0,2,n,100
6733,I6733,1200,1000,975,527.4,45,1,n,100
2261,I2261,1400,1200,1450,179.4,45,3,n,100
5300,I5300,1600,1200,975,180.2,45,4,n,100
2632,I2632,1200,1000,975,527.4,45,1,n,100
6421,I6421,1400,1225,1160,317.0,0,2,n,100
409,I0409,1200,1000,1155,366.75,0,6,n,100
2130,I2130,780,570,478,82.32,47,0,w,4
5034,I5034,780,570,478,82.32,47,0,w,4
3571,I3571,1600,1200,1350,303.92,45,4,n,100
5054,I5054,780,570,478,100.96,47,0,w,4
1423,I1423,1200,1000,750,229.88,45,1,n,100
6517,I6517,1400,1200,1450,179.4,45,3,n,100
176,I0176,1400,1200,1450,179.4,45,3,n,100
2078,I2078,780,570,478,81.72,47,0,w,4
8095,I8095,1400,1200,1450,179.4,45,3,n,100
6023,I6023,1400,1225,1160,317.0,0,2,n,100
1504,I1504,1600,1200,930,438.4,45,4,n,100
5963,I5963,1600,1200,1350,207.72,45,4,n,100
2378,I2378,1400,1225,1160,317.0,0,2,n,100
4152,I4152,780,570,478,170.28,47,0,w,4
4691,I4691,1400,1200,1450,179.4,45,3,n,100
7654,I7654,1600,1200,975,180.2,45,4,n,100
6378,I6378,1600,1200,1350,205.16,45,4,n,100
1746,I1746,1400,1225,1160,317.0,0,2,n,100
4946,I4946,1600,1200,1350,207.72,45,4,n,100
3320,I3320,1200,1000,1057,164.04,0,6,n,100
7897,I7897,1400,1200,1450,179.4,45,3,n,100
5683,I5683,1400,1200,1450,179.4,45,3,n,100
500,I0500,780,570,478,100.96,47,0,w,4
5446,I5446,1200,1000,750,500.86,45,1,n,100
2534,I2534,1400,1200,1450,179.4,45,3,n,100
8216,I8216,1200,1000,750,227.528,45,1,n,100
3386,I3386,1400,1200,1450,179.4,45,3,n,100
3792,I3792,1600,1200,930,547.3,45,4,n,100
2429,I2429,1400,1200,1450,179.4,45,3,n,100
3286,I3286,1200,1000,975,293.32,45,1,n,100
1772,I1772,1200,1000,750,229.88,45,1,n,100
510,I0510,1200,1000,1057,164.04,0,6,n,100
6415,I6415,1200,1000,750,227.528,45,1,n,100
3931,I3931,1200,1000,750,351.756,45,1,n,100
4047,I4047,1200,1000,975,169.0,45,1,n,100
1800,I1800,780,570,478,82.32,47,0,w,4
103,I0103,1200,1000,750,229.88,45,1,n,100
4340,I4340,1600,1200,1350,207.72,45,4,n,100
1693,I1693,1600,1200,1350,207.72,45,4,n,100
2488,I2488,1400,1200,1450,179.4,45,3,n,100
2448,I2448,1600,1200,1350,205.16,45,4,n,100
1879,I1879,1600,1200,1350,207.72,45,4,n,100
4290,I4290,1400,1225,1160,317.0,0,2,n,100
163,I0163,1600,1200,1350,207.72,45,4,n,100
2365,I2365,1200,1000,750,351.944,45,1,n,100
8349,I8349,1400,1225,1160,317.0,0,2,n,100
806,I0806,1200,1000,975,165.375,45,1,n,100
1053,I1053,1600,1200,1350,303.92,45,4,n,100
8379,I8379,1400,1225,1160,278.5,0,2,n,100
3836,I3836,1200,1000,750,176.5,45,1,n,100
693,I0693,1600,1200,1350,303.92,45,4,n,100
4046,I4046,1200,1000,975,169.0,45,1,n,100
4282,I4282,1400,1225,1160,317.0,0,2,n,100
6398,I6398,1200,1000,1155,375.0,0,6,n,100
4175,I4175,1400,1225,1160,278.5,0,2,n,100
1949,I1949,1200,1000,750,229.88,45,1,n,100
5787,I5787,1600,1200,1350,303.92,45,4,n,100
1559,I1559,1600,1200,975,180.2,45,4,n,100
4797,I4797,1600,1200,1350,207.72,45,4,n,100
8036,I8036,1200,1000,975,156.15,45,1,n,100
774,I0774,1200,1000,975,293.32,45,1,n,100
6607,I6607,1400,1200,1450,179.4,45,3,n,100
1366,I1366,1400,1200,1450,179.4,45,3,n,100
5402,I5402,1600,1200,1350,303.92,45,4,n,100
327,I0327,1200,1000,750,500.86,45,1,n,100
7389,I7389,1600,1200,1350,207.72,45,4,n,100
2668,I2668,1400,1200,1450,179.4,45,3,n,100
6942,I6942,1400,1225,1160,278.5,0,2,n,100
4326,I4326,1600,1200,930,438.4,45,4,n,100
4018,I4018,1200,1000,975,156.15,45,1,n,100
5165,I5165,1200,1000,558,122.032,0,6,n,100
2735,I2735,1200,1000,975,308.76,45,1,n,100
7053,I7053,1600,1200,1350,207.72,45,4,n,100
813,I0813,780,570,478,96.256,47,0,w,4
101,I0101,1200,1000,750,229.88,45,1,n,100
3938,I3938,1400,1200,1450,179.4,45,3,n,100
4762,I4762,780,570,478,160.56,47,0,w,4
1185,I1185,1600,1200,975,180.2,45,4,n,100
7075,I7075,780,570,478,101.52,47,0,w,4
6485,I6485,1600,1200,930,438.4,45,4,n,100
3603,I3603,1200,1000,975,577.8,45,1,n,100
7565,I7565,1200,1000,975,156.15,45,1,n,100
2896,I2896,1600,1200,930,438.4,45,4,n,100
3262,I3262,1600,1200,930,438.4,45,4,n,100
1533,I1533,1600,1200,1350,303.92,45,4,n,100
378,I0378,1600,1200,1350,303.92,45,4,n,100
3823,I3823,780,570,478,82.32,47,0,w,4
5894,I5894,780,570,478,104.768,47,0,w,4
1608,I1608,1200,1000,975,225.6,45,1,n,100
4895,I4895,780,570,478,269.32,47,0,w,4
2658,I2658,780,570,478,100.96,47,0,w,4
7801,I7801,1600,1200,930,438.4,45,4,n,100
7551,I7551,1200,1000,750,227.528,45,1,n,100
7223,I7223,1200,1000,750,229.88,45,1,n,100
676,I0676,1400,1200,1450,179.4,45,3,n,100
855,I0855,1400,1225,1160,278.5,0,2,n,100
3192,I3192,1200,1000,975,577.8,45,1,n,100
950,I0950,1400,1200,1450,179.4,45,3,n,100
4676,I4676,1600,1200,1350,207.72,45,4,n,100
1134,I1134,1200,1000,975,248.88,45,1,n,100
5980,I5980,1400,1200,1450,179.4,45,3,n,100
7304,I7304,780,570,478,170.28,47,0,w,4
1589,I1589,1600,1200,1350,303.92,45,4,n,100
5010,I5010,1200,1000,750,227.528,45,1,n,100
3403,I3403,1200,1000,975,165.375,45,1,n,100
1933,I1933,780,570,478,81.72,47,0,w,4
7427,I7427,780,570,478,170.28,47,0,w,4
7166,I7166,1200,1000,975,527.4,45,1,n,100
20,I0020,1400,1225,1160,278.5,0,2,n,100
6085,I6085,1600,1200,1350,207.72,45,4,n,100
3969,I3969,1400,1200,1450,179.4,45,3,n,100
7810,I7810,1600,1200,1350,303.92,45,4,n,100
339,I0339,1600,1200,1350,207.72,45,4,n,100
6341,I6341,1600,1200,975,180.2,45,4,n,100
5220,I5220,1600,1200,1350,303.92,45,4,n,100
3152,I3152,1400,1225,1160,278.5,0,2,n,100
5282,I5282,1600,1200,975,611.224,45,4,n,100
4622,I4622,1400,1200,1450,179.4,45,3,n,100
1169,I1169,1600,1200,975,180.2,45,4,n,100
5907,I5907,1200,1000,975,652.0,45,1,n,100
7253,I7253,1400,1200,1450,179.4,45,3,n,100
746,I0746,1400,1200,1450,179.4,45,3,n,100
5533,I5533,1600,1200,1350,205.16,45,4,n,100
2977,I2977,1600,1200,1350,207.72,45,4,n,100
6525,I6525,1400,1200,1450,179.4,45,3,n,100
4843,I4843,780,570,478,101.52,47,0,w,4
7693,I7693,1200,1000,975,577.8,45,1,n,100
6936,I6936,1400,1225,1160,278.5,0,2,n,100
3859,I3859,1200,1000,975,293.32,45,1,n,100
4162,I4162,1200,1000,975,336.7,45,1,n,100
6390,I6390,1400,1225,1160,278.5,0,2,n,100
1007,I1007,1200,1000,750,229.88,45,1,n,100
4723,I4723,1400,1200,1450,179.4,45,3,n,100
7876,I7876,1200,1000,975,527.4,45,1,n,100
3912,I3912,1600,1200,975,611.224,45,4,n,100
404,I0404,1200,1000,750,500.86,45,1,n,100
4524,I4524,1400,1200,1450,179.4,45,3,n,100
4243,I4243,1400,1225,1160,278.5,0,2,n,100
5248,I5248,1400,1200,1450,179.4,45,3,n,100
4931,I4931,1200,1000,750,351.756,45,1,n,100
1720,I1720,1400,1225,1160,317.0,0,2,n,100
3642,I3642,1400,1225,1160,317.0,0,2,n,100
5590,I5590,1200,1000,750,227.528,45,1,n,100
7245,I7245,1400,1200,1450,179.4,45,3,n,100
3698,I3698,1600,1200,975,180.2,45,4,n,100
7796,I7796,1600,1200,930,438.4,45,4,n,100
5878,I5878,780,570,478,104.768,47,0,w,4
6204,I6204,1400,1225,1160,317.0,0,2,n,100
3023,I3023,1200,1000,750,305.32,45,1,n,100
5176,I5176,1200,1000,975,225.6,45,1,n,100
5618,I5618,1200,1000,750,176.5,45,1,n,100
376,I0376,1600,1200,1350,303.92,45,4,n,100
4413,I4413,1200,1000,975,169.0,45,1,n,100
467,I0467,1600,1200,1350,207.72,45,4,n,100
8150,I8150,1400,1200,1450,179.4,45,3,n,100
7671,I7671,1600,1200,1350,207.72,45,4,n,100
4125,I4125,1200,1000,750,405.72,45,1,n,100
7286,I7286,1400,1225,1160,278.5,0,2,n,100
996,I0996,1200,1000,975,156.15,45,1,n,100
3381,I3381,1400,1200,1450,179.4,45,3,n,100
985,I0985,780,570,478,170.28,47,0,w,4
5469,I5469,1400,1225,1160,317.0,0,2,n,100
245,I0245,1400,1200,1450,179.4,45,3,n,100
3281,I3281,1200,1000,975,293.32,45,1,n,100
5559,I5559,1600,1200,1350,207.72,45,4,n,100
1634,I1634,1400,1200,1450,179.4,45,3,n,100
236,I0236,1400,1200,1450,179.4,45,3,n,100
8274,I8274,1400,1200,1450,179.4,45,3,n,100
4683,I4683,1600,1200,930,438.4,45,4,n,100
7260,I7260,1400,1200,1450,179.4,45,3,n,100
925,I0925,1400,1200,1450,179.4,45,3,n,100
2142,I2142,1200,1000,750,229.88,45,1,n,100
1466,I1466,1200,1000,975,293.32,45,1,n,100
1658,I1658,1200,1000,750,229.88,45,1,n,100
2876,I2876,1400,1200,1450,179.4,45,3,n,100
7369,I7369,780,570,478,81.72,47,0,w,4
4211,I4211,1200,1000,750,500.86,45,1,n,100
6641,I6641,1400,1200,1450,179.4,45,3,n,100
5009,I5009,1200,1000,750,227.528,45,1,n,100
2398,I2398,1400,1225,1160,278.5,0,2,n,100
3793,I3793,1600,1200,930,547.3,45,4,n,100
6927,I6927,1400,1225,1160,278.5,0,2,n,100
6264,I6264,1400,1200,1450,179.4,45,3,n,100
4641,I4641,1400,1200,1450,179.4,45,3,n,100
8376,I8376,1400,1225,1160,278.5,0,2,n,100
6951,I6951,780,570,478,100.96,47,0,w,4
3850,I3850,1200,1000,975,293.32,45,1,n,100
4518,I4518,1600,1200,1350,303.92,45,4,n,100
4527,I4527,1400,1200,1450,179.4,45,3,n,100
3906,I3906,1400,1225,1160,317.0,0,2,n,100
3860,I3860,1200,1000,975,293.32,45,1,n,100
2260,I2260,1400,1200,1450,179.4,45,3,n,100
4485,I4485,1200,1000,975,165.375,45,1,n,100
7861,I7861,1600,1200,930,277.828,45,4,n,100
2192,I2192,1600,1200,1350,207.72,45,4,n,100
4118,I4118,1400,1225,1160,317.0,0,2,n,100
273,I0273,780,570,478,96.256,47,0,w,4
4953,I4953,1600,1200,1350,207.72,45,4,n,100
2843,I2843,1400,1200,1450,179.4,45,3,n,100
857,I0857,1400,1225,1160,278.5,0,2,n,100
1064,I1064,1200,1000,975,259.6,45,1,n,100
3421,I3421,1400,1225,1160,278.5,0,2,n,100
3654,I3654,1600,1200,1350,303.92,45,4,n,100
3471,I3471,1200,1000,975,293.32,45,1,n,100
580,I0580,780,570,478,100.96,47,0,w,4
4840,I4840,1600,1200,1350,303.92,45,4,n,100
6565,I6565,1600,1200,1350,303.92,45,4,n,100
1774,I1774,1200,1000,750,229.88,45,1,n,100
1250,I1250,1400,1200,1450,179.4,45,3,n,100
174,I0174,1400,1200,1450,179.4,45,3,n,100
819,I0819,1400,1200,1450,179.4,45,3,n,100
6146,I6146,1400,1200,1450,179.4,45,3,n,100
2306,I2306,1600,1200,1350,303.92,45,4,n,100
1985,I1985,780,570,478,170.28,47,0,w,4
8124,I8124,1200,1000,975,248.88,45,1,n,100
3808,I3808,1400,1200,1450,179.4,45,3,n,100
1770,I1770,1200,1000,750,229.88,45,1,n,100
901,I0901,1400,1200,1450,179.4,45,3,n,100
1756,I1756,780,570,478,100.96,47,0,w,4
1428,I1428,780,570,478,96.256,47,0,w,4
5994,I5994,1600,1200,1350,207.72,45,4,n,100
3441,I3441,1400,1225,1160,317.0,0,2,n,100
2124,I2124,1600,1200,930,547.3,45,4,n,100
385,I0385,1400,1225,1160,317.0,0,2,n,100
6412,I6412,1900,1200,750,845.38,45,5,n,100
2494,I2494,1400,1200,1450,179.4,45,3,n,100
2759,I2759,780,570,478,160.56,47,0,w,4
7309,I7309,780,570,478,96.256,47,0,w,4
8217,I8217,1200,1000,750,227.528,45,1,n,100
1719,I1719,1400,1225,1160,317.0,0,2,n,100
1948,I1948,1200,1000,750,229.88,45,1,n,100
3375,I3375,1400,1200,1450,179.4,45,3,n,100
5801,I5801,1600,1200,1350,303.92,45,4,n,100
7976,I7976,1200,1000,1155,373.25,0,6,n,100
5444,I5444,1200,1000,750,351.756,45,1,n,100
4421,I4421,1200,1000,975,169.0,45,1,n,100
6699,I6699,1400,1200,1450,179.4,45,3,n,100
2073,I2073,1400,1200,1450,179.4,45,3,n,100
6089,I6089,1400,1200,1450,179.4,45,3,n,100
5571,I5571,1600,1200,1350,207.72,45,4,n,100
2861,I2861,1400,1200,1450,179.4,45,3,n,100
6740,I6740,1600,1200,1350,303.92,45,4,n,100
1530,I1530,1600,1200,1350,303.92,45,4,n,100
7697,I7697,1400,1225,1160,317.0,0,2,n,100
634,I0634,1400,1200,1450,179.4,45,3,n,100
6989,I6989,780,570,478,104.768,47,0,w,4
675,I0675,1400,1200,1450,179.4,45,3,n,100
3648,I3648,1400,1225,1160,317.0,0,2,n,100
7509,I7509,1200,1000,975,248.88,45,1,n,100
8192,I8192,1600,1200,1350,207.72,45,4,n,100
6741,I6741,1600,1200,1350,303.92,45,4,n,100
669,I0669,1400,1200,1450,179.4,45,3,n,100
4196,I4196,1200,1000,975,652.0,45,1,n,100
4698,I4698,1400,1200,1450,179.4,45,3,n,100
281,I0281,1200,1000,975,577.8,45,1,n,100
6486,I6486,1600,1200,930,438.4,45,4,n,100
1844,I1844,1600,1200,975,611.224,45,4,n,100
8251,I8251,780,570,478,160.56,47,0,w,4
3658,I3658,1600,1200,930,547.3,45,4,n,100
2038,I2038,1600,1200,1350,207.72,45,4,n,100
7725,I7725,1200,1000,975,577.8,45,1,n,100
1317,I1317,1600,1200,1350,303.92,45,4,n,100
8262,I8262,1200,1000,975,156.15,45,1,n,100
6011,I6011,1400,1225,1160,317.0,0,2,n,100
7771,I7771,1400,1225,1160,317.0,0,2,n,100
7833,I7833,1200,1000,975,259.6,45,1,n,100
86,I0086,1600,1200,1350,303.92,45,4,n,100
3328,I3328,1400,1225,1160,317.0,0,2,n,100
3194,I3194,1200,1000,975,577.8,45,1,n,100
4141,I4141,1200,1000,975,156.15,45,1,n,100
3576,I3576,1200,1000,975,304.12,45,1,n,100
4611,I4611,1600,1200,1350,303.92,45,4,n,100
7846,I7846,1600,1200,975,1471.6,45,4,n,100
7643,I7643,1600,1200,975,180.2,45,4,n,100
6282,I6282,1400,1225,1160,278.5,0,2,n,100
5843,I5843,1400,1200,1450,179.4,45,3,n,100
5502,I5502,1200,1000,975,225.6,45,1,n,100
6154,I6154,1200,1000,750,351.756,45,1,n,100
3468,I3468,1200,1000,975,293.32,45,1,n,100
2010,I2010,1600,1200,1350,207.72,45,4,n,100
123,I0123,1600,1200,1350,303.92,45,4,n,100
3217,I3217,1400,1200,1450,179.4,45,3,n,100
6309,I6309,780,570,478,82.32,47,0,w,4
4508,I4508,1600,1200,930,438.4,45,4,n,100
2336,I2336,1600,1200,930,454.873,45,4,n,100
1692,I1692,1400,1200,1450,179.4,45,3,n,100
7659,I7659,1600,1200,975,180.2,45,4,n,100
5035,I5035,780,570,478,82.32,47,0,w,4
49,I0049,1400,1200,1450,179.4,45,3,n,100
8187,I8187,1600,1200,1350,207.72,45,4,n,100
5823,I5823,1600,1200,1350,205.16,45,4,n,100
1027,I1027,1200,1000,750,227.528,45,1,n,100
6467,I6467,1600,1200,930,547.3,45,4,n,100
7982,I7982,1200,1000,975,156.15,45,1,n,100
8032,I8032,1200,1000,975,156.15,45,1,n,100
7946,I7946,1200,1000,975,293.32,45,1,n,100
863,I0863,1200,1000,750,227.528,45,1,n,100
5855,I5855,1400,1200,1450,179.4,45,3,n,100
4458,I4458,1200,1000,975,336.7,45,1,n,100
2720,I2720,1400,1225,1160,317.0,0,2,n,100
999,I0999,1200,1000,975,156.15,45,1,n,100
5628,I5628,1600,1200,1350,207.72,45,4,n,100
5833,I5833,1200,1000,750,229.88,45,1,n,100
6069,I6069,780,570,478,170.28,47,0,w,4
5026,I5026,1400,1225,1160,317.0,0,2,n,100
4734,I4734,1400,1200,1450,179.4,45,3,n,100
5238,I5238,1400,1200,1450,179.4,45,3,n,100
223,I0223,1400,1200,1450,179.4,45,3,n,100
7605,I7605,1200,1000,750,305.32,45,1,n,100
6186,I6186,780,570,478,82.32,47,0,w,4
5494,I5494,1900,1200,750,713.62,45,5,n,100
6358,I6358,1400,1225,1160,278.5,0,2,n,100
7919,I7919,1200,1000,975,293.32,45,1,n,100
6459,I6459,1600,1200,1350,207.72,45,4,n,100
788,I0788,1200,1000,975,293.32,45,1,n,100
6474,I6474,1200,1000,975,336.7,45,1,n,100
4365,I4365,1200,1000,975,165.375,45,1,n,100
2240,I2240,1400,1200,1450,179.4,45,3,n,100
1325,I1325,1200,1000,545,729.5,45,1,n,100
3749,I3749,1600,1200,1350,303.92,45,4,n,100
5724,I5724,1200,1000,545,690.5,45,1,n,100
3517,I3517,1600,1200,1350,310.16,45,4,n,100
7405,I7405,1600,1200,930,547.3,45,4,n,100
1969,I1969,780,570,478,100.96,47,0,w,4
6150,I6150,1200,1000,975,337.45,45,1,n,100
7835,I7835,1600,1200,1350,312.72,45,4,n,100
5681,I5681,1400,1200,1450,179.4,45,3,n,100
4801,I4801,780,570,478,81.72,47,0,w,4
712,I0712,1600,1200,1350,303.92,45,4,n,100
7284,I7284,1400,1225,1160,278.5,0,2,n,100
1001,I1001,1200,1000,975,156.15,45,1,n,100
2291,I2291,780,570,478,82.32,47,0,w,4
5039,I5039,1600,1200,1350,303.92,45,4,n,100
6476,I6476,1200,1000,975,336.7,45,1,n,100
6972,I6972,1400,1200,1450,179.4,45,3,n,100
2819,I2819,1200,1000,975,527.4,45,1,n,100
2659,I2659,780,570,478,100.96,47,0,w,4
2723,I2723,1400,1225,1160,317.0,0,2,n,100
6686,I6686,1400,1200,1450,179.4,45,3,n,100
5485,I5485,1600,1200,1350,303.92,45,4,n,100
7487,I7487,1400,1200,1450,179.4,45,3,n,100
2854,I2854,1400,1200,1450,179.4,45,3,n,100
485,I0485,1600,1200,1350,303.92,45,4,n,100
5266,I5266,1200,1000,975,246.0,45,1,n,100
2825,I2825,780,570,478,81.72,47,0,w,4
5778,I5778,1600,1200,1350,207.72,45,4,n,100
5620,I5620,780,570,478,170.28,47,0,w,4
6344,I6344,1600,1200,975,180.2,45,4,n,100
7596,I7596,1400,1225,1160,317.0,0,2,n,100
6945,I6945,1400,1225,1160,278.5,0,2,n,100
7549,I7549,1600,1200,930,310.76,45,4,n,100
2025,I2025,1600,1200,1350,207.72,45,4,n,100
4202,I4202,1200,1000,750,229.88,45,1,n,100
5464,I5464,1400,1225,1160,317.0,0,2,n,100
2536,I2536,1400,1200,1450,179.4,45,3,n,100
6177,I6177,1600,1200,1350,303.92,45,4,n,100
4955,I4955,1600,1200,1350,207.72,45,4,n,100
839,I0839,1400,1200,1450,179.4,45,3,n,100
5909,I5909,1900,1200,750,713.62,45,5,n,100
3187,I3187,1600,1200,930,277.828,45,4,n,100
4894,I4894,1200,1000,975,246.0,45,1,n,100
4838,I4838,1600,1200,1350,303.92,45,4,n,100
4523,I4523,1400,1200,1450,179.4,45,3,n,100
1268,I1268,1200,1000,975,169.0,45,1,n,100
4180,I4180,1200,1000,750,351.756,45,1,n,100
451,I0451,1200,1000,975,384.74,45,1,n,100
5314,I5314,1600,1200,1350,207.72,45,4,n,100
388,I0388,1400,1225,1160,317.0,0,2,n,100
5538,I5538,1600,1200,1350,205.16,45,4,n,100
5006,I5006,1400,1200,1450,179.4,45,3,n,100
7529,I7529,1600,1200,1350,303.92,45,4,n,100
3564,I3564,1400,1225,1160,278.5,0,2,n,100
3725,I3725,1400,1200,1450,179.4,45,3,n,100
4748,I4748,1200,1000,975,304.12,45,1,n,100
2363,I2363,1200,1000,975,652.0,45,1,n,100
4151,I4151,780,570,478,170.28,47,0,w,4
5951,I5951,1400,1225,1160,317.0,0,2,n,100
4275,I4275,1600,1200,1350,303.92,45,4,n,100
3525,I3525,1200,1000,975,577.8,45,1,n,100
471,I0471,1200,1000,750,229.88,45,1,n,100
2151,I2151,1200,1000,975,156.15,45,1,n,100
5531,I5531,1600,1200,1350,205.16,45,4,n,100
8065,I8065,1600,1200,1350,303.92,45,4,n,100
4938,I4938,780,570,478,104.768,47,0,w,4
8373,I8373,1400,1225,1160,278.5,0,2,n,100
5348,I5348,1200,1000,975,225.6,45,1,n,100
3154,I3154,1400,1225,1160,278.5,0,2,n,100
6536,I6536,1600,1200,1350,207.72,45,4,n,100
157,I0157,1600,1200,1350,207.72,45,4,n,100
5889,I5889,1400,1225,1160,278.5,0,2,n,100
7851,I7851,1400,1225,1160,278.5,0,2,n,100
7623,I7623,1400,1200,1450,179.4,45,3,n,100
7346,I7346,1400,1200,1450,179.4,45,3,n,100
4679,I4679,1600,1200,1350,207.72,45,4,n,100
5387,I5387,780,570,478,100.96,47,0,w,4
1531,I1531,1600,1200,1350,303.92,45,4,n,100
74,I0074,1400,1225,1160,317.0,0,2,n,100
5670,I5670,1600,1200,1350,205.16,45,4,n,100
5151,I5151,780,570,478,100.96,47,0,w,4
3464,I3464,1200,1000,975,293.32,45,1,n,100
4330,I4330,1200,1000,750,229.88,45,1,n,100
3492,I3492,1400,1225,1160,317.0,0,2,n,100
8361,I8361,1200,1000,975,225.6,45,1,n,100
3077,I3077,1200,1000,975,293.32,45,1,n,100
3197,I3197,1600,1200,1350,207.72,45,4,n,100
360,I0360,1600,1200,975,611.224,45,4,n,100
7211,I7211,780,570,478,81.72,47,0,w,4
5927,I5927,1400,1200,1450,179.4,45,3,n,100
5460,I5460,1400,1225,1160,317.0,0,2,n,100
6551,I6551,780,570,478,100.96,47,0,w,4
4063,I4063,1200,1000,975,169.0,45,1,n,100
7373,I7373,1200,1000,750,229.88,45,1,n,100
3169,I3169,1400,1225,1160,278.5,0,2,n,100
5629,I5629,1600,1200,1350,207.72,45,4,n,100
6407,I6407,1200,1000,1155,366.75,0,6,n,100
6299,I6299,1400,1200,1450,179.4,45,3,n,100
3431,I3431,1600,1200,930,547.3,45,4,n,100
3081,I3081,780,570,478,269.32,47,0,w,4
7470,I7470,1400,1225,1160,317.0,0,2,n,100
3017,I3017,1900,1200,750,713.62,45,5,n,100
7204,I7204,1200,1000,750,351.944,45,1,n,100
295,I0295,1200,1000,930,324.1,45,1,n,100
2764,I2764,780,570,478,81.72,47,0,w,4
7257,I7257,1400,1200,1450,179.4,45,3,n,100
3710,I3710,1400,1200,1450,179.4,45,3,n,100
5551,I5551,780,570,478,160.56,47,0,w,4
8008,I8008,1200,1000,359,72.704,0,6,n,100
1888,I1888,1600,1200,1350,303.92,45,4,n,100
1011,I1011,1200,1000,975,156.15,45,1,n,100
2447,I2447,1400,1200,1450,179.4,45,3,n,100
1341,I1341,1400,1225,1160,278.5,0,2,n,100
3945,I3945,1400,1200,1450,179.4,45,3,n,100
6332,I6332,1600,1200,975,180.2,45,4,n,100
7862,I7862,1600,1200,930,277.828,45,4,n,100
2930,I2930,1400,1225,1160,278.5,0,2,n,100
884,I0884,1400,1200,1450,179.4,45,3,n,100
721,I0721,1600,1200,1350,205.16,45,4,n,100
7459,I7459,1400,1225,1160,278.5,0,2,n,100
7680,I7680,1600,1200,1350,207.72,45,4,n,100
2991,I2991,1600,1200,1350,207.72,45,4,n,100
6670,I6670,1400,1225,1160,278.5,0,2,n,100
6842,I6842,1400,1200,1450,179.4,45,3,n,100
5607,I5607,1200,1000,750,229.88,45,1,n,100
2502,I2502,1600,1200,1350,303.92,45,4,n,100
2355,I2355,1200,1000,545,690.5,45,1,n,100
6331,I6331,1600,1200,975,180.2,45,4,n,100
928,I0928,1400,1200,1450,179.4,45,3,n,100
1339,I1339,1400,1225,1160,278.5,0,2,n,100
6748,I6748,1600,1200,930,547.3,45,4,n,100
2457,I2457,1600,1200,930,438.4,45,4,n,100
4073,I4073,1400,1200,1450,179.4,45,3,n,100
1876,I1876,1600,1200,1350,207.72,45,4,n,100
7929,I7929,1200,1000,975,293.32,45,1,n,100
1213,I1213,1600,1200,975,180.2,45,4,n,100
5427,I5427,1200,1000,750,351.756,45,1,n,100
1627,I1627,1600,1200,1350,303.92,45,4,n,100
2359,I2359,1200,1000,750,229.88,45,1,n,100
3829,I3829,1600,1200,1350,303.92,45,4,n,100
4625,I4625,1400,1200,1450,179.4,45,3,n,100
6645,I6645,1400,1200,1450,179.4,45,3,n,100
1310,I1310,1600,1200,1350,303.92,45,4,n,100
3126,I3126,1200,1000,750,405.72,45,1,n,100
7789,I7789,1400,1200,1450,179.4,45,3,n,100
1643,I1643,1400,1200,1450,179.4,45,3,n,100
1928,I1928,780,570,478,96.256,47,0,w,4
1316,I1316,1600,1200,1350,303.92,45,4,n,100
5186,I5186,1200,1000,975,248.88,45,1,n,100
3182,I3182,1200,1000,359,70.016,0,6,n,100
897,I0897,1400,1200,1450,179.4,45,3,n,100
689,I0689,1600,1200,1350,303.92,45,4,n,100
4128,I4128,1600,1200,1350,205.16,45,4,n,100
5603,I5603,1900,1200,750,845.38,45,5,n,100
545,I0545,1400,1200,1450,179.4,45,3,n,100
5741,I5741,780,570,478,170.28,47,0,w,4
3923,I3923,780,570,478,81.72,47,0,w,4
210,I0210,1600,1200,930,438.4,45,4,n,100
146,I0146,1400,1200,1450,179.4,45,3,n,100
5641,I5641,1600,1200,1350,207.72,45,4,n,100
7303,I7303,780,570,478,170.28,47,0,w,4
728,I0728,1600,1200,1350,205.16,45,4,n,100
914,I0914,1200,1000,975,527.4,45,1,n,100
3503,I3503,1400,1225,1160,317.0,0,2,n,100
2549,I2549,1400,1200,1450,179.4,45,3,n,100
2984,I2984,780,570,478,270.08,47,0,w,4
5634,I5634,1600,1200,1350,207.72,45,4,n,100
4258,I4258,1400,1225,1160,278.5,0,2,n,100
1508,I1508,1200,1000,975,156.15,45,1,n,100
6689,I6689,1600,1200,1350,303.92,45,4,n,100
5903,I5903,1400,1225,1160,317.0,0,2,n,100
3991,I3991,1400,1200,1450,179.4,45,3,n,100
1576,I1576,1600,1200,975,180.2,45,4,n,100
7325,I7325,1200,1000,750,229.88,45,1,n,100
987,I0987,1200,1000,1155,375.0,0,6,n,100
3652,I3652,1600,1200,1350,303.92,45,4,n,100
984,I0984,780,570,478,170.28,47,0,w,4
506,I0506,780,570,478,100.96,47,0,w,4
446,I0446,1400,1200,1450,179.4,45,3,n,100
6796,I6796,1600,1200,930,438.4,45,4,n,100
2239,I2239,1400,1200,1450,179.4,45,3,n,100
5661,I5661,1600,1200,930,454.873,45,4,n,100
6609,I6609,1400,1200,1450,179.4,45,3,n,100
7012,I7012,1600,1200,1350,207.72,45,4,n,100
7903,I7903,1400,1200,1450,179.4,45,3,n,100
5173,I5173,1600,1200,1350,205.16,45,4,n,100
3999,I3999,1400,1200,1450,179.4,45,3,n,100
1569,I1569,1600,1200,975,180.2,45,4,n,100
1153,I1153,1600,1200,1350,303.92,45,4,n,100
5078,I5078,1600,1200,930,438.4,45,4,n,100
4616,I4616,1400,1200,1450,179.4,45,3,n,100
6720,I6720,1400,1200,1450,179.4,45,3,n,100
3530,I3530,1600,1200,930,438.4,45,4,n,100
6292,I6292,1600,1200,1350,207.72,45,4,n,100
1539,I1539,1900,1200,750,713.62,45,5,n,100
6585,I6585,1200,1000,975,246.0,45,1,n,100
4279,I4279,1200,1000,545,729.5,45,1,n,100
7560,I7560,1200,1000,750,229.88,45,1,n,100
1591,I1591,1600,1200,1350,303.92,45,4,n,100
1262,I1262,1200,1000,975,169.0,45,1,n,100
5553,I5553,1600,1200,1350,207.72,45,4,n,100
4608,I4608,1600,1200,1350,303.92,45,4,n,100
7030,I7030,1600,1200,1350,207.72,45,4,n,100
256,I0256,1600,1200,1350,303.92,45,4,n,100
3927,I3927,780,570,478,160.56,47,0,w,4
7335,I7335,1400,1200,1450,179.4,45,3,n,100
7705,I7705,1400,1225,1160,317.0,0,2,n,100
2362,I2362,1600,1200,975,1471.6,45,4,n,100
4685,I4685,1600,1200,930,438.4,45,4,n,100
6012,I6012,1400,1225,1160,317.0,0,2,n,100
4094,I4094,1400,1200,1450,179.4,45,3,n,100
4749,I4749,1200,1000,975,304.12,45,1,n,100
1029,I1029,1900,1200,750,713.62,45,5,n,100
892,I0892,1400,1200,1450,179.4,45,3,n,100
4522,I4522,1400,1200,1450,179.4,45,3,n,100
102,I0102,1200,1000,750,229.88,45,1,n,100
6732,I6732,1200,1000,975,527.4,45,1,n,100
3827,I3827,1600,1200,1350,303.92,45,4,n,100
4556,I4556,1400,1225,1160,278.5,0,2,n,100
6769,I6769,1600,1200,1350,205.16,45,4,n,100
1673,I1673,1200,1000,750,229.88,45,1,n,100
3427,I3427,780,570,478,269.32,47,0,w,4
7201,I7201,780,570,478,104.768,47,0,w,4
6869,I6869,780,570,478,170.28,47,0,w,4
2875,I2875,1400,1200,1450,179.4,45,3,n,100
7273,I7273,780,570,478,100.96,47,0,w,4
780,I0780,1200,1000,975,293.32,45,1,n,100
7640,I7640,1600,1200,975,180.2,45,4,n,100
3136,I3136,1200,1000,750,229.88,45,1,n,100
1616,I1616,1600,1200,930,438.4,45,4,n,100
521,I0521,1400,1200,1450,179.4,45,3,n,100
1853,I1853,1600,1200,1350,303.92,45,4,n,100
1726,I1726,1400,1225,1160,317.0,0,2,n,100
2063,I2063,1400,1200,1450,179.4,45,3,n,100
2852,I2852,1400,1200,1450,179.4,45,3,n,100
3302,I3302,1200,1000,975,293.32,45,1,n,100
1200,I1200,1600,1200,975,180.2,45,4,n,100
1494,I1494,1200,1000,975,225.6,45,1,n,100
3046,I3046,1200,1000,975,293.32,45,1,n,100
751,I0751,1400,1200,1450,179.4,45,3,n,100
7787,I7787,1400,1200,1450,179.4,45,3,n,100
5120,I5120,1600,1200,1350,303.92,45,4,n,100
4348,I4348,1600,1200,1350,207.72,45,4,n,100
2921,I2921,1400,1225,1160,278.5,0,2,n,100
7506,I7506,780,570,478,82.32,47,0,w,4
5125,I5125,1600,1200,930,514.24,45,4,n,100
3215,I3215,1400,1200,1450,179.4,45,3,n,100
5014,I5014,1200,1000,545,690.5,45,1,n,100
3711,I3711,1400,1200,1450,179.4,45,3,n,100
4657,I4657,1200,1000,750,305.32,45,1,n,100
1139,I1139,1600,1200,1350,207.72,45,4,n,100
6113,I6113,780,570,478,160.56,47,0,w,4
2592,I2592,1600,1200,1350,207.72,45,4,n,100
336,I0336,1600,1200,1350,207.72,45,4,n,100
7639,I7639,1600,1200,975,180.2,45,4,n,100
2644,I2644,1200,1000,750,229.88,45,1,n,100
5931,I5931,1400,1200,1450,179.4,45,3,n,100
3738,I3738,1600,1200,1350,303.92,45,4,n,100
4364,I4364,1200,1000,975,165.375,45,1,n,100
6598,I6598,1600,1200,1350,205.16,45,4,n,100
1350,I1350,780,570,478,104.768,47,0,w,4
3263,I3263,1600,1200,930,438.4,45,4,n,100
325,I0325,1400,1200,1450,179.4,45,3,n,100
6395,I6395,1600,1200,1350,207.72,45,4,n,100
3960,I3960,1400,1200,1450,179.4,45,3,n,100
7165,I7165,1200,1000,975,527.4,45,1,n,100
2997,I2997,1600,1200,1350,207.72,45,4,n,100
6737,I6737,1200,1000,975,527.4,45,1,n,100
6022,I6022,1400,1225,1160,317.0,0,2,n,100
2215,I2215,1600,1200,1350,207.72,45,4,n,100
84,I0084,1600,1200,930,547.3,45,4,n,100
2877,I2877,1400,1200,1450,179.4,45,3,n,100
2237,I2237,1400,1200,1450,179.4,45,3,n,100
646,I0646,1400,1225,1160,278.5,0,2,n,100
5962,I5962,1600,1200,1350,207.72,45,4,n,100
536,I0536,1400,1200,1450,179.4,45,3,n,100
5353,I5353,1200,1000,975,225.6,45,1,n,100
5138,I5138,1400,1200,1450,179.4,45,3,n,100
4030,I4030,780,570,478,100.96,47,0,w,4
3069,I3069,1200,1000,975,293.32,45,1,n,100
4671,I4671,780,570,478,82.32,47,0,w,4
2588,I2588,1600,1200,1350,207.72,45,4,n,100
1452,I1452,1200,1000,975,293.32,45,1,n,100
5367,I5367,1400,1200,1450,179.4,45,3,n,100
3034,I3034,1200,1000,1057,164.04,0,6,n,100
1070,I1070,1200,1000,975,248.88,45,1,n,100
6141,I6141,1400,1200,1450,179.4,45,3,n,100
7872,I7872,1200,1000,975,527.4,45,1,n,100
3031,I3031,1200,1000,750,227.528,45,1,n,100
1302,I1302,1400,1200,1450,179.4,45,3,n,100
6618,I6618,1200,1000,975,336.7,45,1,n,100
2141,I2141,1200,1000,750,229.88,45,1,n,100
7283,I7283,1400,1225,1160,278.5,0,2,n,100
2898,I2898,1600,1200,930,438.4,45,4,n,100
7880,I7880,1600,1200,1350,207.72,45,4,n,100
3351,I3351,1600,1200,930,438.4,45,4,n,100
4759,I4759,780,570,478,104.768,47,0,w,4
2847,I2847,1400,1200,1450,179.4,45,3,n,100
4373,I4373,1600,1200,1350,207.72,45,4,n,100
5838,I5838,780,570,478,270.08,47,0,w,4
681,I0681,1400,1200,1450,179.4,45,3,n,100
6174,I6174,1600,1200,1350,303.92,45,4,n,100
6356,I6356,1400,1225,1160,278.5,0,2,n,100
2255,I2255,1400,1200,1450,179.4,45,3,n,100
42,I0042,1400,1200,1450,179.4,45,3,n,100
662,I0662,1400,1200,1450,179.4,45,3,n,100
5667,I5667,1600,1200,1350,205.16,45,4,n,100
5027,I5027,1400,1225,1160,317.0,0,2,n,100
7103,I7103,1600,1200,930,547.3,45,4,n,100
1846,I1846,1600,1200,1350,303.92,45,4,n,100
161,I0161,1600,1200,1350,207.72,45,4,n,100
5124,I5124,1200,1000,1057,164.04,0,6,n,100
4280,I4280,1200,1000,545,729.5,45,1,n,100
5809,I5809,1200,1000,975,156.15,45,1,n,100
7689,I7689,1200,1000,975,577.8,45,1,n,100
1399,I1399,1400,1200,1450,179.4,45,3,n,100
4101,I4101,1400,1200,1450,179.4,45,3,n,100
4795,I4795,1600,1200,1350,207.72,45,4,n,100
687,I0687,1600,1200,930,454.873,45,4,n,100
6825,I6825,1400,1200,1450,179.4,45,3,n,100
4800,I4800,780,570,478,81.72,47,0,w,4
2681,I2681,1400,1200,1450,179.4,45,3,n,100
6333,I6333,1600,1200,975,180.2,45,4,n,100
3283,I3283,1200,1000,975,293.32,45,1,n,100
4055,I4055,1200,1000,975,169.0,45,1,n,100
6453,I6453,1600,1200,1350,207.72,45,4,n,100
5672,I5672,1600,1200,1350,205.16,45,4,n,100
2781,I2781,1600,1200,1350,207.72,45,4,n,100
7778,I7778,1400,1200,1450,179.4,45,3,n,100
2439,I2439,1400,1200,1450,179.4,45,3,n,100
4110,I4110,1400,1225,1160,317.0,0,2,n,100
5256,I5256,1600,1200,1350,310.16,45,4,n,100
1432,I1432,1600,1200,1350,303.92,45,4,n,100
7678,I7678,1600,1200,1350,207.72,45,4,n,100
46,I0046,1400,1200,1450,179.4,45,3,n,100
5381,I5381,1200,1000,750,229.88,45,1,n,100
5424,I5424,1200,1000,750,500.86,45,1,n,100
4614,I4614,1600,1200,1350,303.92,45,4,n,100
5468,I5468,1400,1225,1160,317.0,0,2,n,100
6631,I6631,1400,1200,1450,179.4,45,3,n,100
2925,I2925,1400,1225,1160,278.5,0,2,n,100
3199,I3199,1600,1200,1350,207.72,45,4,n,100
4459,I4459,1200,1000,975,336.7,45,1,n,100
4169,I4169,1400,1225,1160,278.5,0,2,n,100
6096,I6096,1400,1200,1450,179.4,45,3,n,100
432,I0432,1400,1200,1450,179.4,45,3,n,100
1651,I1651,1600,1200,930,310.76,45,4,n,100
4146,I4146,780,570,478,170.28,47,0,w,4
1239,I1239,1400,1200,1450,179.4,45,3,n,100
1544,I1544,780,570,478,100.96,47,0,w,4
7138,I7138,1200,1000,359,77.352,0,6,n,100
7854,I7854,1400,1225,1160,278.5,0,2,n,100
4898,I4898,1400,1200,1450,179.4,45,3,n,100
1255,I1255,1200,1000,975,169.0,45,1,n,100
773,I0773,1200,1000,975,293.32,45,1,n,100
4178,I4178,1200,1000,750,351.756,45,1,n,100
2017,I2017,1600,1200,1350,207.72,45,4,n,100
40,I0040,1400,1200,1450,179.4,45,3,n,100
7658,I7658,1600,1200,975,180.2,45,4,n,100
2210,I2210,1200,1000,750,351.756,45,1,n,100
7540,I7540,1600,1200,1350,205.16,45,4,n,100
3815,I3815,1600,1200,1350,207.72,45,4,n,100
5699,I5699,1400,1225,1160,317.0,0,2,n,100
6621,I6621,1200,1000,975,336.7,45,1,n,100
965,I0965,1200,1000,750,351.944,45,1,n,100
3098,I3098,1600,1200,975,180.2,45,4,n,100
7519,I7519,1200,1000,975,183.84,45,1,n,100
4958,I4958,1600,1200,1350,207.72,45,4,n,100
7694,I7694,1200,1000,975,577.8,45,1,n,100
6120,I6120,1400,1200,1450,179.4,45,3,n,100
1581,I1581,1600,1200,975,180.2,45,4,n,100
4996,I4996,1400,1200,1450,179.4,45,3,n,100
6694,I6694,1200,1000,359,77.352,0,6,n,100
6247,I6247,1400,1200,1450,179.4,45,3,n,100
6058,I6058,1600,1200,975,180.2,45,4,n,100
4050,I4050,1200,1000,975,169.0,45,1,n,100
1731,I1731,1400,1225,1160,317.0,0,2,n,100
4075,I4075,1400,1200,1450,179.4,45,3,n,100
5974,I5974,1200,1000,975,246.0,45,1,n,100
5615,I5615,1600,1200,1350,205.16,45,4,n,100
992,I0992,1600,1200,930,438.4,45,4,n,100
1542,I1542,780,570,478,100.96,47,0,w,4
3674,I3674,1600,1200,975,180.2,45,4,n,100
3356,I3356,1600,1200,930,438.4,45,4,n,100
7233,I7233,1400,1200,1450,179.4,45,3,n,100
514,I0514,1200,1000,750,351.756,45,1,n,100
2850,I2850,1400,1200,1450,179.4,45,3,n,100
7330,I7330,1400,1200,1450,179.4,45,3,n,100
4008,I4008,1400,1225,1160,317.0,0,2,n,100
6973,I6973,1400,1200,1450,179.4,45,3,n,100
7499,I7499,1600,1200,975,611.224,45,4,n,100
6024,I6024,1400,1225,1160,317.0,0,2,n,100
1641,I1641,1400,1200,1450,179.4,45,3,n,100
6201,I6201,1400,1225,1160,317.0,0,2,n,100
2418,I2418,1400,1200,1450,179.4,45,3,n,100
7483,I7483,1400,1200,1450,179.4,45,3,n,100
7893,I7893,1400,1200,1450,179.4,45,3,n,100
6664,I6664,1200,1000,1057,164.04,0,6,n,100
1577,I1577,1600,1200,975,180.2,45,4,n,100
6047,I6047,1600,1200,975,180.2,45,4,n,100
3246,I3246,1400,1200,1450,179.4,45,3,n,100
5255,I5255,1600,1200,1350,310.16,45,4,n,100
7229,I7229,1200,1000,558,136.704,0,6,n,100
3967,I3967,1400,1200,1450,179.4,45,3,n,100
3019,I3019,1200,1000,975,183.84,45,1,n,100
5734,I5734,1200,1000,975,527.4,45,1,n,100
3858,I3858,1200,1000,975,293.32,45,1,n,100
4960,I4960,1600,1200,1350,205.16,45,4,n,100
5430,I5430,1400,1200,1450,179.4,45,3,n,100
438,I0438,1400,1200,1450,179.4,45,3,n,100
2678,I2678,1400,1200,1450,179.4,45,3,n,100
6659,I6659,1200,1000,750,229.88,45,1,n,100
4144,I4144,1200,1000,975,156.15,45,1,n,100
2205,I2205,1200,1000,975,577.8,45,1,n,100
3288,I3288,1200,1000,975,293.32,45,1,n,100
6126,I6126,1400,1200,1450,179.4,45,3,n,100
8336,I8336,1400,1225,1160,317.0,0,2,n,100
5217,I5217,1600,1200,1350,207.72,45,4,n,100
5866,I5866,780,570,478,100.96,47,0,w,4
4833,I4833,1200,1000,975,336.7,45,1,n,100
3028,I3028,1200,1000,975,248.88,45,1,n,100
7128,I7128,1400,1200,1450,179.4,45,3,n,100
5719,I5719,1600,1200,1350,303.92,45,4,n,100
7135,I7135,1400,1200,1450,179.4,45,3,n,100
6284,I6284,1400,1225,1160,278.5,0,2,n,100
1033,I1033,1200,1000,750,405.72,45,1,n,100
5952,I5952,1400,1225,1160,317.0,0,2,n,100
7263,I7263,1400,1200,1450,179.4,45,3,n,100
8118,I8118,1200,1000,750,351.944,45,1,n,100
955,I0955,1600,1200,1350,207.72,45,4,n,100
3861,I3861,1200,1000,975,293.32,45,1,n,100
7912,I7912,1400,1200,1450,179.4,45,3,n,100
553,I0553,780,570,478,100.96,47,0,w,4
4722,I4722,1400,1200,1450,179.4,45,3,n,100
1672,I1672,1200,1000,750,229.88,45,1,n,100
4336,I4336,1600,1200,1350,207.72,45,4,n,100
1944,I1944,780,570,478,100.96,47,0,w,4
5341,I5341,1600,1200,1350,207.72,45,4,n,100
993,I0993,1600,1200,930,438.4,45,4,n,100
3325,I3325,1400,1225,1160,317.0,0,2,n,100
7120,I7120,1400,1200,1450,179.4,45,3,n,100
2629,I2629,1200,1000,975,527.4,45,1,n,100
3469,I3469,1200,1000,975,293.32,45,1,n,100
5897,I5897,1400,1225,1160,317.0,0,2,n,100
5574,I5574,1600,1200,1350,207.72,45,4,n,100
7315,I7315,1400,1225,1160,278.5,0,2,n,100
3239,I3239,1400,1200,1450,179.4,45,3,n,100
3078,I3078,1200,1000,975,293.32,45,1,n,100
2667,I2667,780,570,478,160.56,47,0,w,4
6856,I6856,1400,1200,1450,179.4,45,3,n,100
2578,I2578,1200,1000,750,235.4,45,1,n,100
2777,I2777,1600,1200,1350,303.92,45,4,n,100
5396,I5396,1600,1200,1350,303.92,45,4,n,100
5135,I5135,1400,1200,1450,179.4,45,3,n,100
860,I0860,1200,1000,750,305.32,45,1,n,100
1895,I1895,1200,1000,975,156.15,45,1,n,100
8394,I8394,780,570,478,160.56,47,0,w,4
2688,I2688,1400,1200,1450,179.4,45,3,n,100
1805,I1805,1200,1000,558,122.032,0,6,n,100
6941,I6941,1400,1225,1160,278.5,0,2,n,100
6850,I6850,1400,1200,1450,179.4,45,3,n,100
1502,I1502,1600,1200,930,438.4,45,4,n,100
6788,I6788,1600,1200,930,438.4,45,4,n,100
2350,I2350,1600,1200,1350,303.92,45,4,n,100
7756,I7756,1400,1225,1160,278.5,0,2,n,100
753,I0753,1400,1200,1450,179.4,45,3,n,100
3231,I3231,1400,1200,1450,179.4,45,3,n,100
2913,I2913,1200,1000,975,577.8,45,1,n,100
6784,I6784,1600,1200,1350,303.92,45,4,n,100
2523,I2523,1400,1200,1450,179.4,45,3,n,100
7339,I7339,1400,1200,1450,179.4,45,3,n,100
5400,I5400,1600,1200,1350,303.92,45,4,n,100
4079,I4079,1400,1200,1450,179.4,45,3,n,100
1446,I1446,780,570,478,160.56,47,0,w,4
578,I0578,780,570,478,100.96,47,0,w,4
3423,I3423,1600,1200,1350,303.92,45,4,n,100
4494,I4494,1400,1225,1160,317.0,0,2,n,100
4966,I4966,1200,1000,975,577.8,45,1,n,100
6393,I6393,1600,1200,1350,207.72,45,4,n,100
939,I0939,1400,1200,1450,179.4,45,3,n,100
3746,I3746,1600,1200,1350,303.92,45,4,n,100
5401,I5401,1600,1200,1350,303.92,45,4,n,100
1024,I1024,1200,1000,975,156.15,45,1,n,100
7205,I7205,1200,1000,750,351.944,45,1,n,100
4493,I4493,1400,1225,1160,317.0,0,2,n,100
1696,I1696,1600,1200,1350,207.72,45,4,n,100
4598,I4598,1200,1000,975,527.4,45,1,n,100
7479,I7479,1600,1200,1350,303.92,45,4,n,100
3606,I3606,1200,1000,975,183.84,45,1,n,100
2055,I2055,1400,1200,1450,179.4,45,3,n,100
5156,I5156,1400,1225,1160,317.0,0,2,n,100
5964,I5964,1600,1200,930,438.4,45,4,n,100
2054,I2054,1400,1200,1450,179.4,45,3,n,100
8066,I8066,1600,1200,1350,303.92,45,4,n,100
2329,I2329,1600,1200,1350,303.92,45,4,n,100
2399,I2399,1400,1225,1160,278.5,0,2,n,100
1301,I1301,1400,1200,1450,179.4,45,3,n,100
2528,I2528,1400,1200,1450,179.4,45,3,n,100
4424,I4424,1200,1000,750,500.86,45,1,n,100
2853,I2853,1400,1200,1450,179.4,45,3,n,100
2438,I2438,1400,1200,1450,179.4,45,3,n,100
5101,I5101,1600,1200,1350,207.72,45,4,n,100
1631,I1631,1400,1200,1450,179.4,45,3,n,100
882,I0882,1400,1200,1450,179.4,45,3,n,100
5874,I5874,1600,1200,1350,303.92,45,4,n,100
1760,I1760,780,570,478,100.96,47,0,w,4
4850,I4850,1400,1200,1450,179.4,45,3,n,100
1337,I1337,1400,1225,1160,278.5,0,2,n,100
3378,I3378,1400,1200,1450,179.4,45,3,n,100
466,I0466,1600,1200,1350,207.72,45,4,n,100
8167,I8167,1400,1200,1450,179.4,45,3,n,100
7441,I7441,1400,1225,1160,317.0,0,2,n,100
5184,I5184,1200,1000,975,248.88,45,1,n,100
1307,I1307,1600,1200,1350,207.72,45,4,n,100
6342,I6342,1600,1200,975,180.2,45,4,n,100
4407,I4407,1200,1000,975,169.0,45,1,n,100
682,I0682,1400,1200,1450,179.4,45,3,n,100
5636,I5636,1600,1200,1350,207.72,45,4,n,100
5237,I5237,1400,1200,1450,179.4,45,3,n,100
3604,I3604,1200,1000,975,577.8,45,1,n,100
5955,I5955,1400,1225,1160,317.0,0,2,n,100
4462,I4462,1200,1000,975,336.7,45,1,n,100
4158,I4158,1200,1000,975,336.7,45,1,n,100
7589,I7589,1400,1225,1160,278.5,0,2,n,100
29,I0029,1400,1200,1450,179.4,45,3,n,100
910,I0910,1200,1000,975,527.4,45,1,n,100
6052,I6052,1600,1200,975,180.2,45,4,n,100
1989,I1989,1200,1000,975,336.7,45,1,n,100
5804,I5804,780,570,478,160.56,47,0,w,4
3998,I3998,1400,1200,1450,179.4,45,3,n,100
6328,I6328,1600,1200,975,180.2,45,4,n,100
6924,I6924,1400,1225,1160,278.5,0,2,n,100
6758,I6758,1200,1000,750,229.88,45,1,n,100
7363,I7363,1600,1200,1350,303.92,45,4,n,100
6674,I6674,1400,1200,1450,179.4,45,3,n,100
618,I0618,1400,1200,1450,179.4,45,3,n,100
5061,I5061,1900,1200,750,713.62,45,5,n,100
4792,I4792,1200,1000,930,343.9,45,1,n,100
3928,I3928,1200,1000,545,729.5,45,1,n,100
5259,I5259,1600,1200,1350,310.16,45,4,n,100
1459,I1459,1200,1000,975,293.32,45,1,n,100
6360,I6360,1400,1225,1160,278.5,0,2,n,100
2559,I2559,1400,1200,1450,179.4,45,3,n,100
6911,I6911,1400,1225,1160,317.0,0,2,n,100
64,I0064,1600,1200,1350,303.92,45,4,n,100
3024,I3024,1200,1000,750,305.32,45,1,n,100
8279,I8279,780,570,478,100.96,47,0,w,4
2168,I2168,1600,1200,1350,207.72,45,4,n,100
6592,I6592,1600,1200,1350,205.16,45,4,n,100
7602,I7602,1400,1225,1160,317.0,0,2,n,100
3079,I3079,1200,1000,975,293.32,45,1,n,100
4418,I4418,1200,1000,975,169.0,45,1,n,100
5773,I5773,1400,1200,1450,179.4,45,3,n,100
923,I0923,1400,1200,1450,179.4,45,3,n,100
5207,I5207,1600,1200,1350,207.72,45,4,n,100
1042,I1042,1200,1000,975,336.7,45,1,n,100
2497,I2497,1400,1200,1450,179.4,45,3,n,100
5183,I5183,1200,1000,750,405.72,45,1,n,100
975,I0975,780,570,478,81.72,47,0,w,4
2767,I2767,1200,1000,750,351.944,45,1,n,100
4573,I4573,1400,1225,1160,278.5,0,2,n,100
3146,I3146,1600,1200,1350,205.16,45,4,n,100
898,I0898,1400,1200,1450,179.4,45,3,n,100
8327,I8327,1200,1000,975,293.32,45,1,n,100
422,I0422,1600,1200,1350,207.72,45,4,n,100
1769,I1769,1200,1000,750,229.88,45,1,n,100
4208,I4208,780,570,478,82.32,47,0,w,4
6379,I6379,1600,1200,1350,205.16,45,4,n,100
4788,I4788,1200,1000,975,156.15,45,1,n,100
5924,I5924,1400,1200,1450,179.4,45,3,n,100
1288,I1288,1200,1000,975,577.8,45,1,n,100
6061,I6061,1600,1200,975,180.2,45,4,n,100
4181,I4181,1600,1200,1350,303.92,45,4,n,100
5587,I5587,1200,1000,750,227.528,45,1,n,100
544,I0544,1400,1200,1450,179.4,45,3,n,100
3954,I3954,1400,1200,1450,179.4,45,3,n,100
7318,I7318,1400,1225,1160,278.5,0,2,n,100
1368,I1368,1400,1200,1450,179.4,45,3,n,100
2271,I2271,1400,1200,1450,179.4,45,3,n,100
377,I0377,1600,1200,1350,303.92,45,4,n,100
6482,I6482,1600,1200,930,438.4,45,4,n,100
1290,I1290,1600,1200,1350,205.16,45,4,n,100
1652,I1652,1200,1000,750,229.88,45,1,n,100
2265,I2265,1400,1200,1450,179.4,45,3,n,100
8232,I8232,1600,1200,1350,205.16,45,4,n,100
450,I0450,1200,1000,975,337.9,45,1,n,100
7496,I7496,1400,1200,1450,179.4,45,3,n,100
7141,I7141,1400,1225,1160,317.0,0,2,n,100
3990,I3990,1400,1200,1450,179.4,45,3,n,100
4533,I4533,1400,1200,1450,179.4,45,3,n,100
1913,I1913,1200,1000,1057,179.85,0,6,n,100
6193,I6193,1400,1225,1160,317.0,0,2,n,100
6772,I6772,1600,1200,1350,205.16,45,4,n,100
2529,I2529,1400,1200,1450,179.4,45,3,n,100
347,I0347,1600,1200,930,547.3,45,4,n,100
8254,I8254,780,570,478,100.96,47,0,w,4
7585,I7585,1400,1225,1160,278.5,0,2,n,100
6697,I6697,1400,1200,1450,179.4,45,3,n,100
2136,I2136,780,570,478,82.32,47,0,w,4
403,I0403,780,570,478,82.32,47,0,w,4
2922,I2922,1400,1225,1160,278.5,0,2,n,100
1804,I1804,1200,1000,975,337.9,45,1,n,100
5819,I5819,1200,1000,750,229.88,45,1,n,100
1995,I1995,1200,1000,750,305.32,45,1,n,100
665,I0665,1400,1200,1450,179.4,45,3,n,100
3507,I3507,1400,1225,1160,317.0,0,2,n,100
3341,I3341,1200,1000,975,225.6,45,1,n,100
4217,I4217,1200,1000,975,156.15,45,1,n,100
5288,I5288,1600,1200,975,180.2,45,4,n,100
257,I0257,1600,1200,1350,303.92,45,4,n,100
6832,I6832,1400,1200,1450,179.4,45,3,n,100
4857,I4857,1400,1200,1450,179.4,45,3,n,100
3280,I3280,1200,1000,975,293.32,45,1,n,100
756,I0756,1400,1200,1450,179.4,45,3,n,100
75,I0075,1400,1225,1160,317.0,0,2,n,100
794,I0794,1200,1000,975,293.32,45,1,n,100
4106,I4106,780,570,478,104.768,47,0,w,4
4460,I4460,1200,1000,975,336.7,45,1,n,100
2314,I2314,1400,1200,1450,179.4,45,3,n,100
1886,I1886,1600,1200,1350,303.92,45,4,n,100
6498,I6498,1200,1000,975,577.8,45,1,n,100
2526,I2526,1400,1200,1450,179.4,45,3,n,100
8116,I8116,1400,1200,1450,179.4,45,3,n,100
394,I0394,1400,1225,1160,317.0,0,2,n,100
4690,I4690,780,570,478,96.256,47,0,w,4
5337,I5337,1600,1200,1350,207.72,45,4,n,100
7148,I7148,1400,1225,1160,317.0,0,2,n,100
2895,I2895,1600,1200,930,438.4,45,4,n,100
6776,I6776,780,570,478,81.72,47,0,w,4
2478,I2478,1400,1225,1160,278.5,0,2,n,100
3669,I3669,1600,1200,1350,207.72,45,4,n,100
304,I0304,1400,1200,1450,179.4,45,3,n,100
2076,I2076,1200,1000,975,652.0,45,1,n,100
5702,I5702,1400,1225,1160,317.0,0,2,n,100
6056,I6056,1600,1200,975,180.2,45,4,n,100
2609,I2609,1400,1225,1160,317.0,0,2,n,100
5342,I5342,1600,1200,1350,207.72,45,4,n,100
2553,I2553,1600,1200,930,277.828,45,4,n,100
8004,I8004,1600,1200,1350,205.16,45,4,n,100
5557,I5557,1600,1200,1350,207.72,45,4,n,100
7420,I7420,780,570,478,82.32,47,0,w,4
8218,I8218,1600,1200,1350,205.16,45,4,n,100
4210,I4210,780,570,478,82.32,47,0,w,4
3485,I3485,1200,1000,975,293.32,45,1,n,100
5198,I5198,1600,1200,1350,303.92,45,4,n,100
3779,I3779,780,570,478,100.96,47,0,w,4
3984,I3984,1400,1200,1450,179.4,45,3,n,100
6444,I6444,1600,1200,1350,207.72,45,4,n,100
5431,I5431,1400,1200,1450,179.4,45,3,n,100
3352,I3352,1600,1200,930,438.4,45,4,n,100
2103,I2103,1200,1000,1155,375.0,0,6,n,100
5382,I5382,1200,1000,750,229.88,45,1,n,100
5942,I5942,1200,1000,975,183.84,45,1,n,100
5822,I5822,1600,1200,1350,205.16,45,4,n,100
1274,I1274,1200,1000,975,169.0,45,1,n,100
4339,I4339,1600,1200,1350,207.72,45,4,n,100
1493,I1493,1200,1000,975,225.6,45,1,n,100
4435,I4435,1600,1200,1350,207.72,45,4,n,100
1834,I1834,1600,1200,1350,303.92,45,4,n,100
7985,I7985,1200,1000,975,183.84,45,1,n,100
7016,I7016,1600,1200,1350,207.72,45,4,n,100
6511,I6511,1400,1200,1450,179.4,45,3,n,100
2603,I2603,1600,1200,930,547.3,45,4,n,100
4868,I4868,1400,1200,1450,179.4,45,3,n,100
803,I0803,1200,1000,975,337.45,45,1,n,100
4809,I4809,1600,1200,1350,303.92,45,4,n,100
5292,I5292,1600,1200,975,180.2,45,4,n,100
6065,I6065,780,570,478,170.28,47,0,w,4
7352,I7352,1400,1200,1450,179.4,45,3,n,100
7884,I7884,1400,1200,1450,179.4,45,3,n,100
3551,I3551,1600,1200,930,438.4,45,4,n,100
6420,I6420,1400,1225,1160,317.0,0,2,n,100
4060,I4060,1200,1000,975,169.0,45,1,n,100
7958,I7958,1600,1200,1350,205.16,45,4,n,100
5848,I5848,1400,1200,1450,179.4,45,3,n,100
8204,I8204,780,570,478,100.96,47,0,w,4
7937,I7937,1200,1000,975,293.32,45,1,n,100
3372,I3372,1400,1200,1450,179.4,45,3,n,100
4259,I4259,1400,1225,1160,278.5,0,2,n,100
2721,I2721,1400,1225,1160,317.0,0,2,n,100
6278,I6278,1200,1000,750,351.756,45,1,n,100
4372,I4372,1600,1200,930,277.828,45,4,n,100
604,I0604,1400,1225,1160,278.5,0,2,n,100
2968,I2968,1600,1200,1350,207.72,45,4,n,100
5646,I5646,1600,1200,930,547.3,45,4,n,100
3957,I3957,1400,1200,1450,179.4,45,3,n,100
2232,I2232,1400,1200,1450,179.4,45,3,n,100
6163,I6163,1400,1225,1160,317.0,0,2,n,100
3062,I3062,1200,1000,975,293.32,45,1,n,100
2304,I2304,1600,1200,1350,303.92,45,4,n,100
1194,I1194,1600,1200,975,180.2,45,4,n,100
7285,I7285,1400,1225,1160,278.5,0,2,n,100
4328,I4328,1200,1000,750,229.88,45,1,n,100
8355,I8355,1200,1000,975,225.6,45,1,n,100
4506,I4506,1600,1200,930,438.4,45,4,n,100
7194,I7194,1200,1000,975,225.6,45,1,n,100
6975,I6975,1400,1200,1450,179.4,45,3,n,100
83,I0083,1600,1200,930,547.3,45,4,n,100
6995,I6995,1400,1200,1450,179.4,45,3,n,100
332,I0332,1200,1000,750,176.5,45,1,n,100
3609,I3609,1200,1000,975,183.84,45,1,n,100
4329,I4329,1200,1000,750,229.88,45,1,n,100
7153,I7153,1400,1225,1160,317.0,0,2,n,100
6863,I6863,1400,1200,1450,179.4,45,3,n,100
6454,I6454,1600,1200,1350,207.72,45,4,n,100
5290,I5290,1600,1200,975,180.2,45,4,n,100
3965,I3965,1400,1200,1450,179.4,45,3,n,100
5239,I5239,1400,1200,1450,179.4,45,3,n,100
7006,I7006,1400,1200,1450,179.4,45,3,n,100
6868,I6868,780,570,478,170.28,47,0,w,4
532,I0532,1400,1200,1450,179.4,45,3,n,100
4886,I4886,1200,1000,975,336.7,45,1,n,100
6479,I6479,1200,1000,975,336.7,45,1,n,100
2504,I2504,1400,1200,1450,179.4,45,3,n,100
1998,I1998,1600,1200,930,547.3,45,4,n,100
4827,I4827,1900,1200,750,713.62,45,5,n,100
233,I0233,1400,1200,1450,179.4,45,3,n,100
3202,I3202,1600,1200,1350,207.72,45,4,n,100
2485,I2485,1200,1000,750,351.756,45,1,n,100
1345,I1345,1400,1225,1160,278.5,0,2,n,100
5327,I5327,1200,1000,545,729.5,45,1,n,100
7382,I7382,1600,1200,1350,207.72,45,4,n,100
4359,I4359,780,570,478,104.768,47,0,w,4
520,I0520,1400,1200,1450,179.4,45,3,n,100
8214,I8214,1600,1200,1350,303.92,45,4,n,100
2577,I2577,1200,1000,750,235.4,45,1,n,100
7527,I7527,1600,1200,1350,303.92,45,4,n,100
6734,I6734,1200,1000,975,527.4,45,1,n,100
7595,I7595,1400,1225,1160,317.0,0,2,n,100
4093,I4093,1400,1200,1450,179.4,45,3,n,100
3942,I3942,1400,1200,1450,179.4,45,3,n,100
6291,I6291,1600,1200,1350,207.72,45,4,n,100
5117,I5117,1200,1000,1057,164.04,0,6,n,100
2433,I2433,1400,1200,1450,179.4,45,3,n,100
4979,I4979,1400,1225,1160,278.5,0,2,n,100
3113,I3113,1600,1200,975,180.2,45,4,n,100
4503,I4503,1600,1200,930,438.4,45,4,n,100
3183,I3183,1200,1000,1057,179.85,0,6,n,100
2757,I2757,1600,1200,1350,303.92,45,4,n,100
1314,I1314,1600,1200,1350,303.92,45,4,n,100
627,I0627,1400,1200,1450,179.4,45,3,n,100
6345,I6345,1600,1200,975,611.224,45,4,n,100
7134,I7134,1400,1200,1450,179.4,45,3,n,100
3992,I3992,1400,1200,1450,179.4,45,3,n,100
1962,I1962,780,570,478,100.96,47,0,w,4
6895,I6895,1200,1000,975,577.8,45,1,n,100
5453,I5453,1200,1000,750,229.88,45,1,n,100
2870,I2870,1400,1200,1450,179.4,45,3,n,100
3874,I3874,1200,1000,975,293.32,45,1,n,100
3193,I3193,1200,1000,975,577.8,45,1,n,100
1663,I1663,1600,1200,1350,207.72,45,4,n,100
4661,I4661,1600,1200,1350,303.92,45,4,n,100
1081,I1081,1600,1200,1350,207.72,45,4,n,100
3444,I3444,1200,1000,1155,366.75,0,6,n,100
6808,I6808,1400,1225,1160,317.0,0,2,n,100
1463,I1463,1200,1000,975,293.32,45,1,n,100
6640,I6640,1400,1200,1450,179.4,45,3,n,100
2740,I2740,1200,1000,750,227.528,45,1,n,100
7648,I7648,1600,1200,975,180.2,45,4,n,100
3245,I3245,1400,1200,1450,179.4,45,3,n,100
4943,I4943,1600,1200,1350,207.72,45,4,n,100
2790,I2790,1600,1200,1350,207.72,45,4,n,100
2296,I2296,1200,1000,750,227.528,45,1,n,100
3025,I3025,780,570,478,160.56,47,0,w,4
2160,I2160,1600,1200,1350,207.72,45,4,n,100
563,I0563,1200,1000,750,351.756,45,1,n,100
6030,I6030,1600,1200,1350,303.92,45,4,n,100
6963,I6963,1600,1200,1350,303.92,45,4,n,100
268,I0268,1600,1200,1350,207.72,45,4,n,100
8295,I8295,780,570,478,104.768,47,0,w,4
7739,I7739,1600,1200,930,454.873,45,4,n,100
5945,I5945,1200,1000,975,337.45,45,1,n,100
2695,I2695,1400,1200,1450,179.4,45,3,n,100
2279,I2279,1200,1000,750,229.88,45,1,n,100
5137,I5137,1400,1200,1450,179.4,45,3,n,100
3963,I3963,1400,1200,1450,179.4,45,3,n,100
3274,I3274,1600,1200,1350,303.92,45,4,n,100
7200,I7200,780,570,478,104.768,47,0,w,4
7224,I7224,1200,1000,750,229.88,45,1,n,100
6162,I6162,1400,1225,1160,317.0,0,2,n,100
8366,I8366,1200,1000,545,690.5,45,1,n,100
2430,I2430,1400,1200,1450,179.4,45,3,n,100
6203,I6203,1400,1225,1160,317.0,0,2,n,100
600,I0600,1400,1225,1160,278.5,0,2,n,100
4402,I4402,1200,1000,975,169.0,45,1,n,100
2349,I2349,1600,1200,1350,303.92,45,4,n,100
6948,I6948,780,570,478,100.96,47,0,w,4
5679,I5679,1400,1200,1450,179.4,45,3,n,100
1322,I1322,1200,1000,558,127.408,0,6,n,100
5663,I5663,1600,1200,930,454.873,45,4,n,100
4497,I4497,1400,1225,1160,317.0,0,2,n,100
7698,I7698,1400,1225,1160,317.0,0,2,n,100
3875,I3875,1200,1000,975,293.32,45,1,n,100
463,I0463,1200,1000,975,577.8,45,1,n,100
5806,I5806,1200,1000,359,70.016,0,6,n,100
8314,I8314,1200,1000,975,293.32,45,1,n,100
3344,I3344,1200,1000,975,225.6,45,1,n,100
3110,I3110,1600,1200,975,180.2,45,4,n,100
6406,I6406,1200,1000,750,217.45,45,1,n,100
5119,I5119,1600,1200,1350,303.92,45,4,n,100
4056,I4056,1200,1000,975,169.0,45,1,n,100
3933,I3933,780,570,478,104.768,47,0,w,4
1956,I1956,1200,1000,975,183.84,45,1,n,100
4791,I4791,780,570,478,101.52,47,0,w,4
5093,I5093,1600,1200,1350,207.72,45,4,n,100
7368,I7368,780,570,478,81.72,47,0,w,4
7096,I7096,780,570,478,96.256,47,0,w,4
7137,I7137,1400,1200,1450,179.4,45,3,n,100
6224,I6224,1600,1200,1350,207.72,45,4,n,100
1794,I1794,780,570,478,82.32,47,0,w,4
8122,I8122,1600,1200,1350,303.92,45,4,n,100
4619,I4619,1400,1200,1450,179.4,45,3,n,100
5914,I5914,1400,1200,1450,179.4,45,3,n,100
4750,I4750,1200,1000,975,304.12,45,1,n,100
1570,I1570,1600,1200,975,180.2,45,4,n,100
4972,I4972,1400,1225,1160,278.5,0,2,n,100
6885,I6885,1600,1200,1350,205.16,45,4,n,100
1927,I1927,1600,1200,1350,303.92,45,4,n,100
1638,I1638,1400,1200,1450,179.4,45,3,n,100
6931,I6931,1400,1225,1160,278.5,0,2,n,100
8352,I8352,1200,1000,975,225.6,45,1,n,100
2285,I2285,1600,1200,1350,207.72,45,4,n,100
1460,I1460,1200,1000,975,293.32,45,1,n,100
6136,I6136,1400,1200,1450,179.4,45,3,n,100
6313,I6313,1600,1200,930,514.24,45,4,n,100
2191,I2191,1600,1200,1350,207.72,45,4,n,100
2496,I2496,1400,1200,1450,179.4,45,3,n,100
3882,I3882,1400,1225,1160,278.5,0,2,n,100
7992,I7992,1600,1200,1350,207.72,45,4,n,100
132,I0132,1400,1200,1450,179.4,45,3,n,100
2194,I2194,1600,1200,1350,207.72,45,4,n,100
4927,I4927,1400,1200,1450,179.4,45,3,n,100
6548,I6548,780,570,478,100.96,47,0,w,4
8113,I8113,1400,1200,1450,179.4,45,3,n,100
7117,I7117,1400,1200,1450,179.4,45,3,n,100
2254,I2254,1400,1200,1450,179.4,45,3,n,100
6899,I6899,1200,1000,975,577.8,45,1,n,100
6736,I6736,1200,1000,975,527.4,45,1,n,100
5053,I5053,780,570,478,100.96,47,0,w,4
7460,I7460,1400,1225,1160,278.5,0,2,n,100
4831,I4831,1200,1000,975,336.7,45,1,n,100
5948,I5948,780,570,478,104.768,47,0,w,4
6311,I6311,780,570,478,82.32,47,0,w,4
6667,I6667,1200,1000,975,246.0,45,1,n,100
556,I0556,780,570,478,100.96,47,0,w,4
2742,I2742,1200,1000,750,351.944,45,1,n,100
973,I0973,1200,1000,750,405.72,45,1,n,100
2131,I2131,780,570,478,82.32,47,0,w,4
6915,I6915,1600,1200,930,277.828,45,4,n,100
3896,I3896,1400,1225,1160,317.0,0,2,n,100
4363,I4363,1200,1000,750,267.8,45,1,n,100
4681,I4681,1600,1200,1350,207.72,45,4,n,100
4820,I4820,1200,1000,975,527.4,45,1,n,100
588,I0588,1200,1000,975,336.7,45,1,n,100
1675,I1675,1400,1200,1450,179.4,45,3,n,100
7327,I7327,1200,1000,750,405.72,45,1,n,100
5900,I5900,1400,1225,1160,317.0,0,2,n,100
8389,I8389,1600,1200,930,454.873,45,4,n,100
1238,I1238,1400,1200,1450,179.4,45,3,n,100
3132,I3132,780,570,478,170.28,47,0,w,4
983,I0983,780,570,478,170.28,47,0,w,4
3532,I3532,1600,1200,930,547.3,45,4,n,100
6438,I6438,1400,1225,1160,278.5,0,2,n,100
5069,I5069,1200,1000,975,527.4,45,1,n,100
640,I0640,1400,1200,1450,179.4,45,3,n,100
3816,I3816,1600,1200,1350,207.72,45,4,n,100
6367,I6367,1400,1225,1160,278.5,0,2,n,100
2288,I2288,1600,1200,1350,207.72,45,4,n,100
3384,I3384,1400,1200,1450,179.4,45,3,n,100
6710,I6710,1400,1200,1450,179.4,45,3,n,100
1135,I1135,1200,1000,975,652.0,45,1,n,100
7063,I7063,1600,1200,1350,207.72,45,4,n,100
7115,I7115,1400,1200,1450,179.4,45,3,n,100
7414,I7414,780,570,478,160.56,47,0,w,4
491,I0491,1600,1200,1350,303.92,45,4,n,100
3099,I3099,1600,1200,975,180.2,45,4,n,100
1451,I1451,1200,1000,975,293.32,45,1,n,100
7237,I7237,1400,1200,1450,179.4,45,3,n,100
3462,I3462,1200,1000,975,293.32,45,1,n,100
7341,I7341,1400,1200,1450,179.4,45,3,n,100
771,I0771,1200,1000,975,293.32,45,1,n,100
504,I0504,780,570,478,100.96,47,0,w,4
3737,I3737,1600,1200,1350,303.92,45,4,n,100
5906,I5906,1400,1225,1160,317.0,0,2,n,100
5892,I5892,1400,1225,1160,278.5,0,2,n,100
6976,I6976,1400,1200,1450,179.4,45,3,n,100
6122,I6122,1400,1200,1450,179.4,45,3,n,100
2417,I2417,1400,1200,1450,179.4,45,3,n,100
5512,I5512,1600,1200,1350,303.92,45,4,n,100
1335,I1335,1400,1225,1160,278.5,0,2,n,100
2576,I2576,1400,1200,1450,179.4,45,3,n,100
1573,I1573,1600,1200,975,180.2,45,4,n,100
3573,I3573,1600,1200,1350,303.92,45,4,n,100
7692,I7692,1200,1000,975,577.8,45,1,n,100
1448,I1448,1200,1000,975,293.32,45,1,n,100
4345,I4345,1600,1200,1350,207.72,45,4,n,100
8259,I8259,1200,1000,975,384.74,45,1,n,100
706,I0706,1600,1200,1350,303.92,45,4,n,100
5421,I5421,1600,1200,1350,303.92,45,4,n,100
5997,I5997,1200,1000,975,248.88,45,1,n,100
6791,I6791,1600,1200,930,438.4,45,4,n,100
6549,I6549,780,570,478,100.96,47,0,w,4
6655,I6655,1200,1000,750,229.88,45,1,n,100
2208,I2208,1600,1200,1350,303.92,45,4,n,100
4826,I4826,1200,1000,1155,375.0,0,6,n,100
5885,I5885,1400,1225,1160,278.5,0,2,n,100
1367,I1367,1400,1200,1450,179.4,45,3,n,100
3935,I3935,1400,1200,1450,179.4,45,3,n,100
7478,I7478,1600,1200,1350,303.92,45,4,n,100
8104,I8104,1400,1200,1450,179.4,45,3,n,100
4587,I4587,1400,1225,1160,278.5,0,2,n,100
4236,I4236,1600,1200,1350,312.72,45,4,n,100
5999,I5999,1600,1200,930,514.24,45,4,n,100
2568,I2568,1400,1200,1450,179.4,45,3,n,100
699,I0699,1600,1200,1350,207.72,45,4,n,100
3594,I3594,1400,1225,1160,278.5,0,2,n,100
7387,I7387,1600,1200,1350,207.72,45,4,n,100
6768,I6768,1600,1200,1350,205.16,45,4,n,100
2830,I2830,780,570,478,81.72,47,0,w,4
1776,I1776,1200,1000,750,229.88,45,1,n,100
858,I0858,1400,1225,1160,278.5,0,2,n,100
6756,I6756,1200,1000,750,229.88,45,1,n,100
4410,I4410,1200,1000,975,169.0,45,1,n,100
3306,I3306,1200,1000,975,293.32,45,1,n,100
2820,I2820,1200,1000,975,527.4,45,1,n,100
5797,I5797,1600,1200,1350,303.92,45,4,n,100
7034,I7034,1600,1200,1350,207.72,45,4,n,100
1929,I1929,780,570,478,96.256,47,0,w,4
6005,I6005,1200,1000,975,156.15,45,1,n,100
2645,I2645,1200,1000,750,229.88,45,1,n,100
4881,I4881,1200,1000,545,729.5,45,1,n,100
7197,I7197,1200,1000,545,729.5,45,1,n,100
5490,I5490,1200,1000,975,183.84,45,1,n,100
3531,I3531,1600,1200,930,438.4,45,4,n,100
7133,I7133,1400,1200,1450,179.4,45,3,n,100
1280,I1280,1200,1000,975,169.0,45,1,n,100
3358,I3358,1400,1200,1450,179.4,45,3,n,100
5210,I5210,1600,1200,1350,207.72,45,4,n,100
1908,I1908,1200,1000,975,169.0,45,1,n,100
4693,I4693,1400,1200,1450,179.4,45,3,n,100
3867,I3867,1200,1000,975,293.32,45,1,n,100
2631,I2631,1200,1000,975,527.4,45,1,n,100
2212,I2212,1600,1200,1350,207.72,45,4,n,100
6303,I6303,1400,1200,1450,179.4,45,3,n,100
6411,I6411,1200,1000,975,294.46,45,1,n,100
4356,I4356,1200,1000,750,305.32,45,1,n,100
5764,I5764,1400,1200,1450,179.4,45,3,n,100
6569,I6569,1600,1200,930,277.828,45,4,n,100
7943,I7943,1200,1000,975,293.32,45,1,n,100
6950,I6950,780,570,478,100.96,47,0,w,4
6815,I6815,1400,1225,1160,317.0,0,2,n,100
3089,I3089,1900,1200,750,845.38,45,5,n,100
7515,I7515,1200,1000,975,183.84,45,1,n,100
8088,I8088,1600,1200,1350,207.72,45,4,n,100
3448,I3448,1200,1000,975,293.32,45,1,n,100
219,I0219,1400,1200,1450,179.4,45,3,n,100
1356,I1356,1600,1200,930,438.4,45,4,n,100
3691,I3691,1600,1200,975,180.2,45,4,n,100
8058,I8058,780,570,478,100.96,47,0,w,4
7890,I7890,1400,1200,1450,179.4,45,3,n,100
4234,I4234,1600,1200,1350,303.92,45,4,n,100
885,I0885,1400,1200,1450,179.4,45,3,n,100
5433,I5433,1400,1200,1450,179.4,45,3,n,100
3076,I3076,1200,1000,975,293.32,45,1,n,100
6684,I6684,1400,1200,1450,179.4,45,3,n,100
3578,I3578,1600,1200,1350,205.16,45,4,n,100
7122,I7122,1400,1200,1450,179.4,45,3,n,100
4678,I4678,1600,1200,1350,207.72,45,4,n,100
3163,I3163,1400,1225,1160,278.5,0,2,n,100
24,I0024,780,570,478,100.96,47,0,w,4
2328,I2328,1600,1200,1350,303.92,45,4,n,100
6035,I6035,1600,1200,975,180.2,45,4,n,100
4961,I4961,1600,1200,1350,205.16,45,4,n,100
2595,I2595,1600,1200,1350,207.72,45,4,n,100
7811,I7811,1600,1200,1350,303.92,45,4,n,100
6111,I6111,1400,1200,1450,179.4,45,3,n,100
2333,I2333,1600,1200,1350,303.92,45,4,n,100
7240,I7240,1400,1200,1450,179.4,45,3,n,100
8395,I8395,1200,1000,545,729.5,45,1,n,100
6582,I6582,1200,1000,975,165.375,45,1,n,100
5185,I5185,1200,1000,975,248.88,45,1,n,100
6984,I6984,1600,1200,1350,207.72,45,4,n,100
2507,I2507,1400,1200,1450,179.4,45,3,n,100
3797,I3797,1600,1200,930,547.3,45,4,n,100
4737,I4737,1400,1200,1450,179.4,45,3,n,100
6475,I6475,1200,1000,975,336.7,45,1,n,100
6239,I6239,1600,1200,930,438.4,45,4,n,100
8271,I8271,1400,1200,1450,179.4,45,3,n,100
6840,I6840,780,570,478,48.896,47,0,w,4
1677,I1677,1400,1200,1450,179.4,45,3,n,100
8163,I8163,1400,1200,1450,179.4,45,3,n,100
1792,I1792,1200,1000,975,248.88,45,1,n,100
1096,I1096,1200,1000,975,293.32,45,1,n,100
2269,I2269,1400,1200,1450,179.4,45,3,n,100
4697,I4697,1400,1200,1450,179.4,45,3,n,100
6492,I6492,1600,1200,930,438.4,45,4,n,100
6147,I6147,1400,1200,1450,179.4,45,3,n,100
2974,I2974,1600,1200,1350,207.72,45,4,n,100
5475,I5475,1600,1200,1350,303.92,45,4,n,100
960,I0960,1900,1200,750,845.38,45,5,n,100
5449,I5449,1200,1000,750,229.88,45,1,n,100
1422,I1422,1200,1000,750,229.88,45,1,n,100
4160,I4160,1200,1000,975,336.7,45,1,n,100
7936,I7936,1200,1000,975,293.32,45,1,n,100
73,I0073,1400,1225,1160,317.0,0,2,n,100
199,I0199,1400,1200,1450,179.4,45,3,n,100
4311,I4311,1600,1200,1350,207.72,45,4,n,100
8009,I8009,780,570,478,160.56,47,0,w,4
6775,I6775,1200,1000,975,337.45,45,1,n,100
6677,I6677,1400,1200,1450,179.4,45,3,n,100
7349,I7349,1400,1200,1450,179.4,45,3,n,100
6335,I6335,1600,1200,975,180.2,45,4,n,100
2604,I2604,1600,1200,930,547.3,45,4,n,100
7083,I7083,780,570,478,100.96,47,0,w,4
7504,I7504,780,570,478,82.32,47,0,w,4
2184,I2184,1600,1200,1350,207.72,45,4,n,100
266,I0266,1200,1000,975,165.375,45,1,n,100
2780,I2780,1600,1200,1350,207.72,45,4,n,100
7275,I7275,1600,1200,930,547.3,45,4,n,100
6221,I6221,1600,1200,930,454.873,45,4,n,100
3290,I3290,1200,1000,975,293.32,45,1,n,100
5051,I5051,1600,1200,930,454.873,45,4,n,100
7232,I7232,1400,1200,1450,179.4,45,3,n,100
5647,I5647,1600,1200,930,547.3,45,4,n,100
4876,I4876,1600,1200,1350,207.72,45,4,n,100
1849,I1849,1200,1000,545,729.5,45,1,n,100
2464,I2464,1600,1200,1350,207.72,45,4,n,100
215,I0215,1600,1200,930,438.4,45,4,n,100
4568,I4568,1400,1225,1160,278.5,0,2,n,100
6544,I6544,780,570,478,100.96,47,0,w,4
3397,I3397,1600,1200,1350,303.92,45,4,n,100
6317,I6317,1600,1200,1350,303.92,45,4,n,100
1871,I1871,1600,1200,1350,207.72,45,4,n,100
3285,I3285,1200,1000,975,293.32,45,1,n,100
2108,I2108,1400,1225,1160,278.5,0,2,n,100
8102,I8102,1400,1200,1450,179.4,45,3,n,100
154,I0154,1400,1200,1450,179.4,45,3,n,100
2410,I2410,1400,1225,1160,278.5,0,2,n,100
7611,I7611,1200,1000,750,351.756,45,1,n,100
4810,I4810,1600,1200,1350,303.92,45,4,n,100
1338,I1338,1400,1225,1160,278.5,0,2,n,100
7445,I7445,1400,1225,1160,317.0,0,2,n,100
916,I0916,1200,1000,975,527.4,45,1,n,100
5229,I5229,1600,1200,1350,207.72,45,4,n,100
6388,I6388,1400,1225,1160,278.5,0,2,n,100
5045,I5045,1200,1000,975,165.375,45,1,n,100
4507,I4507,1600,1200,930,438.4,45,4,n,100
2313,I2313,1400,1200,1450,179.4,45,3,n,100
6802,I6802,1200,1000,975,165.375,45,1,n,100
2385,I2385,1400,1225,1160,278.5,0,2,n,100
4778,I4778,1200,1000,750,229.88,45,1,n,100
5910,I5910,1200,1000,545,690.5,45,1,n,100
1514,I1514,1200,1000,975,156.15,45,1,n,100
2342,I2342,1200,1000,930,343.9,45,1,n,100
7177,I7177,1400,1225,1160,278.5,0,2,n,100
4758,I4758,780,570,478,104.768,47,0,w,4
5325,I5325,1600,1200,1350,207.72,45,4,n,100
4816,I4816,1200,1000,975,165.375,45,1,n,100
7625,I7625,1400,1200,1450,179.4,45,3,n,100
7484,I7484,1400,1200,1450,179.4,45,3,n,100
98,I0098,1200,1000,545,729.5,45,1,n,100
1174,I1174,1600,1200,975,180.2,45,4,n,100
7408,I7408,1600,1200,1350,303.92,45,4,n,100
7126,I7126,1400,1200,1450,179.4,45,3,n,100
6460,I6460,1600,1200,1350,207.72,45,4,n,100
4540,I4540,1400,1200,1450,179.4,45,3,n,100
7601,I7601,1400,1225,1160,317.0,0,2,n,100
7966,I7966,1600,1200,1350,205.16,45,4,n,100
1936,I1936,780,570,478,100.96,47,0,w,4
1736,I1736,780,570,478,170.28,47,0,w,4
861,I0861,1200,1000,975,293.08,45,1,n,100
1556,I1556,1600,1200,975,180.2,45,4,n,100
4195,I4195,1200,1000,975,165.375,45,1,n,100
4069,I4069,1200,1000,975,169.0,45,1,n,100
138,I0138,1400,1200,1450,179.4,45,3,n,100
2500,I2500,1600,1200,1350,303.92,45,4,n,100
5262,I5262,1200,1000,975,183.84,45,1,n,100
2810,I2810,1200,1000,975,527.4,45,1,n,100
8284,I8284,780,570,478,100.96,47,0,w,4
8067,I8067,1600,1200,1350,303.92,45,4,n,100
4553,I4553,1400,1200,1450,179.4,45,3,n,100
1049,I1049,1600,1200,1350,303.92,45,4,n,100
599,I0599,1400,1225,1160,278.5,0,2,n,100
8240,I8240,1600,1200,1350,303.92,45,4,n,100
3363,I3363,1400,1200,1450,179.4,45,3,n,100
4565,I4565,1400,1225,1160,278.5,0,2,n,100
5902,I5902,1400,1225,1160,317.0,0,2,n,100
4883,I4883,1200,1000,930,343.9,45,1,n,100
5696,I5696,1400,1225,1160,317.0,0,2,n,100
5236,I5236,1200,1000,750,227.528,45,1,n,100
5690,I5690,1900,1200,750,713.62,45,5,n,100
3347,I3347,1200,1000,975,225.6,45,1,n,100
4798,I4798,1600,1200,1350,207.72,45,4,n,100
6461,I6461,1200,1000,750,267.8,45,1,n,100
8078,I8078,1600,1200,1350,207.72,45,4,n,100
5583,I5583,1600,1200,1350,303.92,45,4,n,100
3762,I3762,780,570,478,81.72,47,0,w,4
2166,I2166,1600,1200,1350,207.72,45,4,n,100
5096,I5096,1600,1200,1350,207.72,45,4,n,100
4472,I4472,1200,1000,975,577.8,45,1,n,100
5019,I5019,1400,1225,1160,317.0,0,2,n,100
7270,I7270,780,570,478,100.96,47,0,w,4
4440,I4440,1600,1200,1350,303.92,45,4,n,100
3545,I3545,1600,1200,1350,207.72,45,4,n,100
2022,I2022,1600,1200,1350,207.72,45,4,n,100
3150,I3150,1200,1000,359,72.704,0,6,n,100
2156,I2156,1200,1000,750,305.32,45,1,n,100
1737,I1737,780,570,478,170.28,47,0,w,4
6068,I6068,780,570,478,170.28,47,0,w,4
460,I0460,1200,1000,975,577.8,45,1,n,100
2244,I2244,1400,1200,1450,179.4,45,3,n,100
3825,I3825,1200,1000,1057,179.85,0,6,n,100
3203,I3203,1600,1200,930,277.828,45,4,n,100
3435,I3435,1900,1200,750,845.38,45,5,n,100
5434,I5434,1400,1200,1450,179.4,45,3,n,100
5521,I5521,1600,1200,930,547.3,45,4,n,100
1807,I1807,1200,1000,975,527.4,45,1,n,100
2087,I2087,1600,1200,930,438.4,45,4,n,100
4244,I4244,1400,1225,1160,278.5,0,2,n,100
1283,I1283,1200,1000,975,577.8,45,1,n,100
1644,I1644,1400,1200,1450,179.4,45,3,n,100
2510,I2510,1400,1200,1450,179.4,45,3,n,100
2102,I2102,1600,1200,930,277.828,45,4,n,100
3282,I3282,1200,1000,975,293.32,45,1,n,100
7402,I7402,1600,1200,930,547.3,45,4,n,100
2707,I2707,1600,1200,1350,207.72,45,4,n,100
3729,I3729,1400,1200,1450,179.4,45,3,n,100
8153,I8153,1400,1200,1450,179.4,45,3,n,100
5867,I5867,1600,1200,1350,303.92,45,4,n,100
6854,I6854,1400,1200,1450,179.4,45,3,n,100
5814,I5814,1200,1000,975,156.15,45,1,n,100
797,I0797,1200,1000,750,500.86,45,1,n,100
2450,I2450,1200,1000,1155,375.0,0,6,n,100
5059,I5059,780,570,478,160.56,47,0,w,4
6506,I6506,1200,1000,975,165.375,45,1,n,100
4773,I4773,1200,1000,975,527.4,45,1,n,100
5157,I5157,1400,1225,1160,317.0,0,2,n,100
4252,I4252,1400,1225,1160,278.5,0,2,n,100
7119,I7119,1400,1200,1450,179.4,45,3,n,100
6016,I6016,1400,1225,1160,317.0,0,2,n,100
6953,I6953,780,570,478,104.768,47,0,w,4
7028,I7028,1600,1200,1350,207.72,45,4,n,100
4775,I4775,1200,1000,750,229.88,45,1,n,100
1343,I1343,1400,1225,1160,278.5,0,2,n,100
559,I0559,780,570,478,100.96,47,0,w,4
2689,I2689,1400,1200,1450,179.4,45,3,n,100
4447,I4447,1200,1000,750,227.528,45,1,n,100
3237,I3237,1400,1200,1450,179.4,45,3,n,100
5043,I5043,1200,1000,975,165.375,45,1,n,100
7539,I7539,1600,1200,1350,205.16,45,4,n,100
2381,I2381,1400,1225,1160,317.0,0,2,n,100
7163,I7163,1200,1000,975,527.4,45,1,n,100
1376,I1376,1400,1200,1450,179.4,45,3,n,100
2139,I2139,1200,1000,750,229.88,45,1,n,100
4406,I4406,1200,1000,975,169.0,45,1,n,100
6785,I6785,1600,1200,1350,303.92,45,4,n,100
3085,I3085,1200,1000,750,500.86,45,1,n,100
4934,I4934,1200,1000,975,246.0,45,1,n,100
2029,I2029,1200,1000,975,259.6,45,1,n,100
4855,I4855,1400,1200,1450,179.4,45,3,n,100
3577,I3577,1600,1200,1350,205.16,45,4,n,100
379,I0379,1600,1200,1350,303.92,45,4,n,100
3899,I3899,1400,1225,1160,317.0,0,2,n,100
3259,I3259,1600,1200,1350,303.92,45,4,n,100
4980,I4980,1200,1000,975,225.6,45,1,n,100
705,I0705,1600,1200,1350,303.92,45,4,n,100
1946,I1946,1200,1000,750,229.88,45,1,n,100
4048,I4048,1200,1000,975,169.0,45,1,n,100
7417,I7417,780,570,478,82.32,47,0,w,4
5876,I5876,1600,1200,1350,303.92,45,4,n,100
3434,I3434,1600,1200,930,547.3,45,4,n,100
3269,I3269,1600,1200,930,438.4,45,4,n,100
7856,I7856,1400,1225,1160,278.5,0,2,n,100
2979,I2979,1200,1000,1155,366.75,0,6,n,100
7646,I7646,1600,1200,975,180.2,45,4,n,100
2959,I2959,1600,1200,1350,303.92,45,4,n,100
7380,I7380,1600,1200,1350,207.72,45,4,n,100
4532,I4532,1400,1200,1450,179.4,45,3,n,100
838,I0838,1400,1200,1450,179.4,45,3,n,100
1650,I1650,1400,1200,1450,179.4,45,3,n,100
4281,I4281,1200,1000,750,176.5,45,1,n,100
3868,I3868,1200,1000,975,293.32,45,1,n,100
2887,I2887,1600,1200,1350,303.92,45,4,n,100
6180,I6180,1600,1200,1350,303.92,45,4,n,100
3883,I3883,1400,1225,1160,278.5,0,2,n,100
6717,I6717,1400,1200,1450,179.4,45,3,n,100
2932,I2932,1400,1225,1160,317.0,0,2,n,100
4653,I4653,1200,1000,1057,164.04,0,6,n,100
209,I0209,1600,1200,930,438.4,45,4,n,100
548,I0548,780,570,478,100.96,47,0,w,4
1920,I1920,1400,1225,1160,278.5,0,2,n,100
1741,I1741,1400,1225,1160,317.0,0,2,n,100
5979,I5979,1400,1200,1450,179.4,45,3,n,100
185,I0185,1400,1200,1450,179.4,45,3,n,100
5214,I5214,1600,1200,1350,207.72,45,4,n,100
2058,I2058,1400,1200,1450,179.4,45,3,n,100
688,I0688,1200,1000,975,308.76,45,1,n,100
5992,I5992,1600,1200,1350,207.72,45,4,n,100
2084,I2084,1600,1200,930,438.4,45,4,n,100
8194,I8194,1600,1200,1350,312.72,45,4,n,100
4438,I4438,1600,1200,1350,207.72,45,4,n,100
6958,I6958,1200,1000,545,690.5,45,1,n,100
2998,I2998,1600,1200,1350,207.72,45,4,n,100
3634,I3634,1600,1200,1350,205.16,45,4,n,100
8076,I8076,1600,1200,1350,207.72,45,4,n,100
2129,I2129,1600,1200,930,547.3,45,4,n,100
4732,I4732,1400,1200,1450,179.4,45,3,n,100
2885,I2885,1200,1000,750,227.528,45,1,n,100
7550,I7550,1200,1000,750,227.528,45,1,n,100
7046,I7046,1200,1000,975,183.84,45,1,n,100
3438,I3438,1200,1000,545,690.5,45,1,n,100
7662,I7662,1600,1200,975,180.2,45,4,n,100
660,I0660,1400,1200,1450,179.4,45,3,n,100
5668,I5668,1600,1200,1350,205.16,45,4,n,100
1835,I1835,1600,1200,1350,303.92,45,4,n,100
2982,I2982,780,570,478,96.256,47,0,w,4
3790,I3790,1600,1200,1350,207.72,45,4,n,100
4660,I4660,1600,1200,1350,303.92,45,4,n,100
3178,I3178,1900,1200,750,713.62,45,5,n,100
1427,I1427,1200,1000,750,229.88,45,1,n,100
8372,I8372,1400,1225,1160,278.5,0,2,n,100
8239,I8239,1600,1200,1350,303.92,45,4,n,100
1386,I1386,1400,1200,1450,179.4,45,3,n,100
3481,I3481,1200,1000,975,293.32,45,1,n,100
186,I0186,1400,1200,1450,179.4,45,3,n,100
89,I0089,1600,1200,1350,303.92,45,4,n,100
1511,I1511,1200,1000,975,156.15,45,1,n,100
791,I0791,1200,1000,975,293.32,45,1,n,100
6484,I6484,1600,1200,930,438.4,45,4,n,100
3683,I3683,1600,1200,975,180.2,45,4,n,100
6654,I6654,1200,1000,750,229.88,45,1,n,100
737,I0737,1600,1200,1350,207.72,45,4,n,100
7042,I7042,1600,1200,1350,303.92,45,4,n,100
3415,I3415,1400,1225,1160,278.5,0,2,n,100
2650,I2650,1200,1000,545,690.5,45,1,n,100
2211,I2211,1600,1200,1350,207.72,45,4,n,100
335,I0335,1600,1200,1350,207.72,45,4,n,100
3033,I3033,1200,1000,750,351.944,45,1,n,100
2034,I2034,1600,1200,1350,207.72,45,4,n,100
2940,I2940,1400,1225,1160,317.0,0,2,n,100
677,I0677,1400,1200,1450,179.4,45,3,n,100
781,I0781,1200,1000,975,293.32,45,1,n,100
913,I0913,1200,1000,975,527.4,45,1,n,100
6888,I6888,1200,1000,930,324.1,45,1,n,100
7962,I7962,1600,1200,1350,205.16,45,4,n,100
2894,I2894,1600,1200,930,277.828,45,4,n,100
3566,I3566,1600,1200,930,454.873,45,4,n,100
3258,I3258,1600,1200,1350,303.92,45,4,n,100
6074,I6074,780,570,478,82.32,47,0,w,4
3533,I3533,1600,1200,930,547.3,45,4,n,100
3537,I3537,1200,1000,359,77.352,0,6,n,100
4247,I4247,1400,1225,1160,278.5,0,2,n,100
5875,I5875,1600,1200,1350,303.92,45,4,n,100
6997,I6997,1400,1200,1450,179.4,45,3,n,100
5710,I5710,1400,1225,1160,317.0,0,2,n,100
3914,I3914,1400,1225,1160,278.5,0,2,n,100
7312,I7312,780,570,478,160.56,47,0,w,4
7965,I7965,1600,1200,1350,205.16,45,4,n,100
4002,I4002,1400,1225,1160,317.0,0,2,n,100
227,I0227,1400,1200,1450,179.4,45,3,n,100
7099,I7099,1600,1200,1350,303.92,45,4,n,100
3247,I3247,1400,1200,1450,179.4,45,3,n,100
7254,I7254,1400,1200,1450,179.4,45,3,n,100
3368,I3368,1400,1200,1450,179.4,45,3,n,100
420,I0420,780,570,478,269.32,47,0,w,4
6064,I6064,780,570,478,170.28,47,0,w,4
6259,I6259,1400,1200,1450,179.4,45,3,n,100
