,id_item,length,width,height,weight,nesting_height,stackability_code,forced_orientation,max_stackability
2759,I22145,1600,1200,930,784.6,45,0,n,100
6036,I48528,1800,1400,1020,303.45,45,11,n,100
5780,I46284,1600,1200,1350,303.92,45,0,n,100
3384,I27488,1800,1200,1350,820.48,45,9,n,100
973,I07478,1600,1200,930,356.56,45,0,n,100
4486,I36612,2000,1200,545,408.88,45,5,n,100
1788,I14017,1900,1200,750,713.62,45,6,n,100
3820,I31001,1800,1400,1020,303.45,45,11,n,100
502,I03763,1600,1200,930,663.22,45,0,n,100
2852,I22933,1800,1400,1020,303.45,45,11,n,100
1919,I15066,1600,1200,930,387.3,45,0,n,100
1632,I12817,1600,1200,930,356.2,45,0,n,100
4220,I34607,1910,1200,1295,613.59,45,19,n,100
3837,I31101,1600,1200,930,663.22,45,0,n,100
2238,I17962,1600,1200,1350,303.92,45,0,n,100
5396,I43384,1600,1200,930,784.6,45,0,n,100
4302,I35120,1800,1400,1020,303.45,45,11,n,100
478,I03655,1600,1200,930,438.4,45,0,n,100
2063,I16394,1600,1200,930,607.6,45,0,n,100
932,I07102,2000,1200,545,408.88,45,5,n,100
1664,I13182,1800,1400,1020,303.45,45,11,n,100
2120,I16901,1900,1200,750,713.62,45,6,n,100
5828,I46677,1600,1200,930,784.6,45,0,n,100
5772,I46269,1600,1200,930,358.48,45,0,n,100
543,I04110,1600,1200,1350,303.92,45,0,n,100
4649,I37507,1600,1200,930,356.2,45,0,n,100
2895,I23222,1600,1200,1350,303.92,45,0,n,100
703,I05320,1600,1200,930,551.56,45,0,n,100
5595,I45015,1800,1400,1020,303.45,45,11,n,100
3252,I26559,1200,1000,975,384.74,45,2,n,100
2760,I22146,1800,1200,1350,820.48,45,9,n,100
2972,I23794,1600,1200,930,358.48,45,0,n,100
963,I07466,1600,1200,930,607.6,45,0,n,100
2278,I18198,1910,1200,1295,613.59,45,19,n,100
3187,I25938,1600,1200,930,356.56,45,0,n,100
2716,I21981,1600,1200,930,607.6,45,0,n,100
1858,I14669,1600,1200,750,582.6,45,0,n,100
4380,I35762,1910,1200,1295,613.59,45,19,n,100
67,I00658,1200,1000,975,337.45,45,2,n,100
2016,I16090,1200,1000,975,329.77,45,2,n,100
3111,I25254,1600,1200,930,396.2,45,0,n,100
848,I06552,1600,1200,930,358.48,45,0,n,100
627,I04730,1600,1200,930,663.22,45,0,n,100
2418,I19537,1200,1000,1155,375.0,0,1,n,100
2705,I21879,1200,1000,975,329.77,45,2,n,100
5830,I46797,1200,1000,750,351.756,45,2,n,100
2045,I16262,1600,1200,930,547.3,45,0,n,100
3481,I28454,1910,1200,1295,613.59,45,19,n,100
194,I01698,1200,1000,975,329.77,45,2,n,100
3231,I26413,1200,1000,975,308.76,45,2,n,100
5195,I41764,1600,1200,930,358.48,45,0,n,100
1070,I08376,1200,1000,750,305.32,45,2,n,100
1395,I11273,1600,1200,930,313.0,45,0,n,100
5930,I47799,1910,1200,1295,613.59,45,19,n,100
2563,I20908,1600,1200,930,663.22,45,0,n,100
4412,I35970,1600,1200,930,551.56,45,0,n,100
5153,I41276,1600,1200,750,323.7,45,0,n,100
776,I06074,1800,1400,1020,303.45,45,11,n,100
1399,I11282,1600,1200,930,663.22,45,0,n,100
1130,I09028,1600,1200,930,396.2,45,0,n,100
319,I02334,1200,1000,930,345.29,45,2,n,100
2344,I18808,1600,1200,1350,303.92,45,0,n,100
4048,I33163,1900,1200,750,845.38,45,6,n,100
1753,I13663,1800,1400,1020,303.45,45,11,n,100
5373,I43147,1600,1200,930,356.2,45,0,n,100
2533,I20633,1600,1200,930,551.56,45,0,n,100
840,I06447,1600,1200,1350,303.92,45,0,n,100
1266,I10199,1800,1400,1020,303.45,45,11,n,100
212,I01757,1600,1200,930,438.4,45,0,n,100
5035,I40343,1600,1200,930,438.4,45,0,n,100
1757,I13667,1800,1400,1020,303.45,45,11,n,100
2830,I22809,1200,1000,975,329.77,45,2,n,100
5275,I42475,1600,1200,930,607.6,45,0,n,100
5066,I40499,1200,1000,930,345.29,45,2,n,100
5867,I47230,1200,1000,545,729.5,45,2,n,100
2075,I16504,1200,1000,545,729.5,45,2,n,100
2832,I22811,1200,1000,975,329.77,45,2,n,100
5241,I42109,1200,1000,930,347.0,45,2,n,100
1459,I11792,1200,1000,975,329.77,45,2,n,100
5488,I44247,1600,1200,930,307.13,45,0,n,100
2123,I16939,2000,1200,545,408.88,45,5,n,100
6272,I50611,2000,1200,545,408.88,45,5,n,100
3846,I31162,1800,1200,1350,820.48,45,9,n,100
4759,I38317,1600,1200,930,551.56,45,0,n,100
4746,I38271,1600,1200,1350,303.92,45,0,n,100
3865,I31374,1600,1200,930,663.22,45,0,n,100
2046,I16263,1600,1200,930,547.3,45,0,n,100
569,I04402,1600,1200,930,307.13,45,0,n,100
2085,I16560,1800,1400,1020,303.45,45,11,n,100
868,I06767,1800,1400,1020,303.45,45,11,n,100
1072,I08396,1600,1200,930,396.2,45,0,n,100
4262,I34762,1600,1200,930,370.78,45,0,n,100
30,I00341,1600,1200,930,356.56,45,0,n,100
775,I06073,1800,1400,1020,303.45,45,11,n,100
2337,I18637,1600,1200,930,309.5,45,0,n,100
4101,I33600,1600,1200,930,313.0,45,0,n,100
3753,I30287,1600,1200,930,454.873,45,0,n,100
5909,I47679,1200,1000,545,526.75,45,2,n,100
4256,I34695,1200,1000,975,329.77,45,2,n,100
505,I03767,1600,1200,930,438.4,45,0,n,100
3035,I24434,1600,1200,930,607.6,45,0,n,100
6219,I50048,1200,1000,930,413.58,45,2,n,100
2295,I18238,1600,1200,930,551.56,45,0,n,100
4505,I36685,1600,1200,930,663.22,45,0,n,100
2655,I21502,1910,1200,1295,613.59,45,19,n,100
4096,I33570,1600,1200,1350,303.92,45,0,n,100
4597,I37271,1600,1200,930,396.2,45,0,n,100
5902,I47621,1200,1000,975,337.45,45,2,n,100
336,I02442,1600,1200,930,356.2,45,0,n,100
5789,I46396,1600,1200,930,364.84,45,0,n,100
4443,I36271,1200,1000,750,318.7,45,2,n,100
3045,I24589,1600,1200,930,546.3,45,0,n,100
3879,I31525,1800,1400,1020,303.45,45,11,n,100
762,I05921,1200,1000,975,301.69,45,2,n,100
2538,I20665,1200,1000,545,526.75,45,2,n,100
1581,I12559,1600,1200,1350,303.92,45,0,n,100
106,I01003,1600,1200,930,607.6,45,0,n,100
5854,I46956,1600,1200,750,323.7,45,0,n,100
268,I02002,1910,1200,1295,613.59,45,19,n,100
1850,I14581,1200,1000,930,340.1,45,2,n,100
6202,I49864,1600,1200,930,387.3,45,0,n,100
3743,I30162,1200,1000,930,413.58,45,2,n,100
19,I00244,1600,1200,930,607.6,45,0,n,100
1125,I08982,2000,1200,2350,367.608,45,22,n,100
5642,I45426,2000,1200,2350,367.608,45,22,n,100
3929,I32041,1600,1200,930,356.2,45,0,n,100
2890,I23211,1200,1000,930,614.16,45,2,n,100
3530,I28570,2000,1200,2350,367.608,45,22,n,100
3321,I26984,1600,1200,930,358.48,45,0,n,100
3755,I30318,1200,1000,975,401.2,45,2,n,100
4001,I32764,1600,1200,930,784.6,45,0,n,100
3935,I32140,1200,1000,930,414.14,45,2,n,100
2339,I18643,1200,1000,930,319.1,45,2,n,100
1835,I14441,1600,1200,930,438.4,45,0,n,100
2000,I15833,1200,1000,975,329.77,45,2,n,100
2567,I20922,1200,1000,975,329.77,45,2,n,100
2157,I17217,1800,1400,1020,303.45,45,11,n,100
1349,I10879,1200,1000,975,329.77,45,2,n,100
21,I00277,1200,1000,975,465.1,45,2,n,100
4571,I37202,1200,1000,750,431.704,45,2,n,100
3041,I24528,1200,1000,1155,366.75,0,1,n,100
4768,I38343,1200,1000,975,329.77,45,2,n,100
4665,I37753,1200,1000,930,340.1,45,2,n,100
5551,I44724,1600,1200,930,438.4,45,0,n,100
3896,I31690,1600,1200,930,358.48,45,0,n,100
929,I07084,1600,1200,930,551.56,45,0,n,100
5252,I42191,1800,1400,1020,303.45,45,11,n,100
5379,I43185,1600,1200,1350,303.92,45,0,n,100
171,I01434,1600,1200,1350,303.92,45,0,n,100
726,I05386,1600,1200,975,460.0,45,0,n,100
5734,I45974,1200,1000,750,351.944,45,2,n,100
4038,I33052,1600,1200,545,338.16,45,0,n,100
3245,I26538,1600,1200,930,356.2,45,0,n,100
2108,I16729,1800,1400,1020,303.45,45,11,n,100
2146,I17188,1800,1400,1020,303.45,45,11,n,100
293,I02145,1600,1200,930,663.22,45,0,n,100
4330,I35438,1600,1200,930,356.2,45,0,n,100
3811,I30835,1600,1200,930,307.13,45,0,n,100
77,I00759,1200,1000,750,431.704,45,2,n,100
736,I05604,1600,1200,750,323.7,45,0,n,100
3148,I25453,1600,1200,930,551.56,45,0,n,100
2466,I19982,1800,1400,1020,303.45,45,11,n,100
1892,I14861,1800,1400,1020,303.45,45,11,n,100
1824,I14367,1200,1000,930,340.1,45,2,n,100
4682,I37825,1600,1200,930,663.22,45,0,n,100
2527,I20605,1600,1200,930,358.48,45,0,n,100
2994,I24038,1600,1200,930,551.56,45,0,n,100
557,I04256,1200,1000,750,318.7,45,2,n,100
3494,I28467,1910,1200,1295,613.59,45,19,n,100
5790,I46397,1600,1200,930,364.84,45,0,n,100
4503,I36683,1600,1200,930,547.3,45,0,n,100
4519,I36760,1600,1200,930,364.84,45,0,n,100
1042,I08147,1600,1200,545,338.16,45,0,n,100
2583,I21016,1600,1200,930,781.25,45,0,n,100
2408,I19314,1600,1200,930,396.2,45,0,n,100
158,I01355,1200,1000,545,729.5,45,2,n,100
1189,I09560,1600,1200,930,307.13,45,0,n,100
484,I03661,1600,1200,930,307.13,45,0,n,100
5851,I46945,1600,1200,930,663.22,45,0,n,100
354,I02602,1200,1000,930,345.29,45,2,n,100
4894,I39267,1600,1200,930,307.13,45,0,n,100
4784,I38469,1600,1200,930,364.84,45,0,n,100
5527,I44555,1600,1200,930,663.22,45,0,n,100
2086,I16561,1800,1400,1020,303.45,45,11,n,100
3983,I32581,1600,1200,930,551.56,45,0,n,100
1673,I13220,1600,1200,930,663.22,45,0,n,100
3000,I24068,1600,1200,930,307.13,45,0,n,100
6221,I50091,1600,1200,930,387.3,45,0,n,100
530,I04004,1200,1000,975,329.77,45,2,n,100
976,I07506,1600,1200,750,323.7,45,0,n,100
581,I04465,1600,1200,930,356.2,45,0,n,100
852,I06640,1600,1200,930,356.2,45,0,n,100
6153,I49582,1600,1200,930,607.6,45,0,n,100
6163,I49701,1910,1200,1295,613.59,45,19,n,100
1373,I11088,1600,1200,930,454.873,45,0,n,100
2354,I18822,1600,1200,930,307.13,45,0,n,100
1727,I13593,1910,1200,1295,613.59,45,19,n,100
3985,I32604,1600,1200,930,454.873,45,0,n,100
407,I03031,1600,1200,930,307.13,45,0,n,100
3982,I32579,1600,1200,930,784.6,45,0,n,100
3575,I29034,1600,1200,930,309.5,45,0,n,100
2712,I21936,1600,1200,930,551.56,45,0,n,100
2140,I17139,1200,1000,930,340.1,45,2,n,100
2825,I22778,1200,1000,750,405.72,45,2,n,100
589,I04519,1600,1200,930,356.2,45,0,n,100
4742,I38221,1600,1200,930,784.6,45,0,n,100
2853,I22934,1600,1200,930,663.22,45,0,n,100
4995,I40027,1200,1000,545,526.75,45,2,n,100
3961,I32480,1600,1200,930,356.56,45,0,n,100
922,I07060,1600,1200,750,323.7,45,0,n,100
4,I00034,1600,1200,930,663.22,45,0,n,100
870,I06773,1200,1000,930,340.0,45,2,n,100
2874,I23028,1600,1200,930,356.2,45,0,n,100
2812,I22705,1600,1200,1350,303.92,45,0,n,100
1793,I14029,1200,1000,930,347.0,45,2,n,100
3403,I27737,1600,1200,930,547.3,45,0,n,100
3365,I27358,1200,1000,930,414.14,45,2,n,100
2032,I16172,1200,1000,930,345.29,45,2,n,100
5282,I42598,1600,1200,930,387.3,45,0,n,100
1770,I13851,1600,1200,930,663.22,45,0,n,100
3945,I32182,1200,1000,930,413.58,45,2,n,100
3543,I28690,1600,1200,930,396.2,45,0,n,100
185,I01587,2000,1200,545,408.88,45,5,n,100
4911,I39516,1800,1400,1020,303.45,45,11,n,100
3392,I27614,1200,1000,930,704.12,45,2,n,100
694,I05229,1200,1000,975,329.77,45,2,n,100
3922,I31899,1600,1200,930,607.6,45,0,n,100
2214,I17788,1600,1200,975,808.3,45,0,n,100
4374,I35756,1910,1200,1295,613.59,45,19,n,100
3884,I31530,1800,1400,1020,303.45,45,11,n,100
5075,I40563,1600,1200,930,356.2,45,0,n,100
4321,I35354,1600,1200,930,370.78,45,0,n,100
2254,I18133,1600,1200,930,356.2,45,0,n,100
5579,I44958,1600,1200,930,438.4,45,0,n,100
6114,I49005,1600,1200,930,307.13,45,0,n,100
1536,I12333,1800,1400,1020,303.45,45,11,n,100
4310,I35156,1200,1000,545,690.5,45,2,n,100
5905,I47632,1600,1200,750,323.7,45,0,n,100
3544,I28702,1600,1200,930,454.873,45,0,n,100
5111,I41023,1600,1200,930,307.13,45,0,n,100
2637,I21484,1910,1200,1295,613.59,45,19,n,100
4378,I35760,1910,1200,1295,613.59,45,19,n,100
2190,I17441,1600,1200,930,307.13,45,0,n,100
1964,I15473,1600,1200,930,784.6,45,0,n,100
6125,I49120,1200,1000,975,329.77,45,2,n,100
2769,I22223,1600,1200,930,364.84,45,0,n,100
897,I06822,1910,1200,1295,613.59,45,19,n,100
2740,I22019,1600,1200,930,356.2,45,0,n,100
3710,I29801,1600,1200,930,663.22,45,0,n,100
1533,I12330,1800,1400,1020,303.45,45,11,n,100
3081,I24868,1600,1200,930,356.2,45,0,n,100
5300,I42772,1600,1200,930,547.3,45,0,n,100
3668,I29606,1800,1200,1350,820.48,45,9,n,100
1889,I14858,1800,1400,1020,303.45,45,11,n,100
5386,I43220,1600,1200,545,338.16,45,0,n,100
2873,I23026,1200,1000,975,329.77,45,2,n,100
3013,I24145,1200,1000,545,690.5,45,2,n,100
4421,I36045,1200,1000,545,729.5,45,2,n,100
5018,I40271,2000,1200,2350,367.608,45,22,n,100
6270,I50565,1600,1200,930,356.56,45,0,n,100
5826,I46659,1600,1200,1350,303.92,45,0,n,100
910,I06952,1600,1200,1350,303.92,45,0,n,100
1804,I14162,1600,1200,930,396.2,45,0,n,100
402,I02985,1200,1000,930,347.0,45,2,n,100
2722,I21995,1600,1200,930,830.32,45,0,n,100
4725,I38143,1200,1000,975,329.77,45,2,n,100
3686,I29690,1800,1400,1020,303.45,45,11,n,100
5548,I44721,1600,1200,930,438.4,45,0,n,100
2783,I22312,1600,1200,930,663.22,45,0,n,100
1416,I11393,1800,1200,1350,820.48,45,9,n,100
6162,I49700,1910,1200,1295,613.59,45,19,n,100
5663,I45545,1200,1000,975,329.77,45,2,n,100
2698,I21834,1800,1200,1350,820.48,45,9,n,100
5254,I42235,1600,1200,975,460.0,45,0,n,100
1543,I12346,1600,1200,750,582.6,45,0,n,100
6266,I50522,1600,1200,1350,303.92,45,0,n,100
535,I04036,1600,1200,930,364.84,45,0,n,100
884,I06809,1910,1200,1295,613.59,45,19,n,100
4942,I39710,1600,1200,1350,303.92,45,0,n,100
4242,I34629,1910,1200,1295,613.59,45,19,n,100
4651,I37514,1600,1200,930,364.84,45,0,n,100
4697,I37920,1600,1200,975,611.224,45,0,n,100
2328,I18551,1200,1000,975,401.2,45,2,n,100
4848,I38932,2000,1200,2350,367.608,45,22,n,100
4177,I34231,1200,1000,975,329.77,45,2,n,100
563,I04285,1600,1200,930,356.2,45,0,n,100
3153,I25608,1200,1000,750,405.72,45,2,n,100
391,I02875,1600,1200,1350,303.92,45,0,n,100
999,I07747,1600,1200,930,830.32,45,0,n,100
4203,I34464,1600,1200,930,663.22,45,0,n,100
5229,I42074,1600,1200,750,323.7,45,0,n,100
2954,I23702,1600,1200,930,551.56,45,0,n,100
5883,I47410,1600,1200,930,396.2,45,0,n,100
4641,I37485,2000,1200,545,408.88,45,5,n,100
6008,I48330,1900,1200,750,713.62,45,6,n,100
1629,I12814,1600,1200,930,663.22,45,0,n,100
715,I05355,1600,1200,750,323.7,45,0,n,100
3297,I26843,1600,1200,930,551.56,45,0,n,100
5248,I42187,1800,1400,1020,303.45,45,11,n,100
3618,I29287,1600,1200,975,611.224,45,0,n,100
2552,I20727,1200,1000,975,401.2,45,2,n,100
662,I04851,2000,1200,545,408.88,45,5,n,100
1346,I10800,1600,1200,930,356.56,45,0,n,100
6269,I50564,1600,1200,930,396.2,45,0,n,100
4537,I36911,1200,1000,975,329.77,45,2,n,100
1208,I09713,1600,1200,930,364.84,45,0,n,100
3780,I30614,1200,1000,930,347.0,45,2,n,100
1627,I12812,1600,1200,930,396.2,45,0,n,100
1150,I09172,1600,1200,930,607.6,45,0,n,100
5835,I46826,1800,1200,1350,820.48,45,9,n,100
5247,I42186,1800,1400,1020,303.45,45,11,n,100
4754,I38279,1800,1400,1020,303.45,45,11,n,100
1696,I13365,1600,1200,930,307.13,45,0,n,100
1838,I14477,1600,1200,930,356.2,45,0,n,100
1237,I10073,2000,1200,2350,367.608,45,22,n,100
4540,I36914,1200,1000,975,329.77,45,2,n,100
5313,I42830,1600,1200,930,387.3,45,0,n,100
4368,I35730,1200,1000,1155,366.75,0,1,n,100
2283,I18203,1910,1200,1295,613.59,45,19,n,100
4807,I38716,2000,1200,2350,367.608,45,22,n,100
6274,I50613,1200,1000,975,329.77,45,2,n,100
2440,I19781,1600,1200,930,356.56,45,0,n,100
3373,I27403,1600,1200,750,323.7,45,0,n,100
1154,I09179,1600,1200,750,323.7,45,0,n,100
4964,I39824,1600,1200,930,356.56,45,0,n,100
279,I02014,1600,1200,975,611.224,45,0,n,100
3591,I29096,1600,1200,930,307.13,45,0,n,100
6204,I49868,1200,1000,930,340.1,45,2,n,100
3151,I25598,1600,1200,750,582.6,45,0,n,100
5644,I45428,2000,1200,2350,367.608,45,22,n,100
2448,I19841,1600,1200,930,307.13,45,0,n,100
646,I04784,1600,1200,930,356.56,45,0,n,100
1744,I13617,1600,1200,1350,303.92,45,0,n,100
1076,I08479,1600,1200,930,370.78,45,0,n,100
464,I03566,1900,1200,750,713.62,45,6,n,100
4336,I35485,1600,1200,930,663.22,45,0,n,100
1738,I13604,1910,1200,1295,613.59,45,19,n,100
116,I01038,1900,1200,750,845.38,45,6,n,100
4433,I36230,1600,1200,1350,303.92,45,0,n,100
3705,I29766,1200,1000,930,704.36,45,2,n,100
5400,I43461,1600,1200,750,323.7,45,0,n,100
1332,I10575,1600,1200,1350,303.92,45,0,n,100
2301,I18256,1600,1200,930,663.22,45,0,n,100
410,I03076,1200,1000,975,337.9,45,2,n,100
2656,I21503,1910,1200,1295,613.59,45,19,n,100
1758,I13668,1800,1400,1020,303.45,45,11,n,100
1522,I12165,1600,1200,1350,303.92,45,0,n,100
1235,I10071,2000,1200,2350,367.608,45,22,n,100
3441,I28024,1200,1000,975,652.0,45,2,n,100
3845,I31161,1800,1200,1350,820.48,45,9,n,100
2995,I24039,1600,1200,930,551.56,45,0,n,100
2526,I20565,1800,1200,1350,820.48,45,9,n,100
2601,I21214,1600,1200,930,358.48,45,0,n,100
1663,I13181,1800,1400,1020,303.45,45,11,n,100
3792,I30779,1600,1200,930,364.84,45,0,n,100
5955,I47891,1200,1000,975,336.7,45,2,n,100
1157,I09223,1600,1200,545,338.52,45,0,n,100
1789,I14018,1900,1200,750,713.62,45,6,n,100
6120,I49068,1600,1200,930,356.56,45,0,n,100
3484,I28457,1910,1200,1295,613.59,45,19,n,100
1933,I15253,1600,1200,1350,303.92,45,0,n,100
235,I01950,1600,1200,975,460.0,45,0,n,100
2114,I16757,1200,1000,750,431.704,45,2,n,100
3529,I28569,2000,1200,2350,367.608,45,22,n,100
308,I02218,1600,1200,930,663.22,45,0,n,100
4542,I36948,1200,1000,930,413.58,45,2,n,100
2215,I17798,1600,1200,930,781.25,45,0,n,100
5007,I40141,1200,1000,545,729.5,45,2,n,100
316,I02282,1900,1200,750,845.38,45,6,n,100
2808,I22587,1600,1200,930,663.22,45,0,n,100
4212,I34555,1200,1000,975,329.77,45,2,n,100
2610,I21311,2000,1200,2350,367.608,45,22,n,100
4818,I38754,1600,1200,930,784.6,45,0,n,100
4897,I39292,1600,1200,930,663.22,45,0,n,100
282,I02051,1600,1200,930,356.56,45,0,n,100
664,I04870,1200,1000,930,319.1,45,2,n,100
3963,I32489,1600,1200,1350,303.92,45,0,n,100
3738,I30137,1200,1000,545,690.5,45,2,n,100
3143,I25375,1600,1200,930,607.6,45,0,n,100
3163,I25789,1800,1400,1020,303.45,45,11,n,100
2154,I17196,1200,1000,930,340.0,45,2,n,100
1660,I13178,1800,1400,1020,303.45,45,11,n,100
4582,I37255,1910,1200,1295,613.59,45,19,n,100
2208,I17694,1600,1200,545,338.52,45,0,n,100
5959,I47906,1600,1200,930,356.2,45,0,n,100
1773,I13892,1200,1000,545,526.75,45,2,n,100
5997,I48194,1600,1200,930,307.13,45,0,n,100
1425,I11440,1200,1000,750,351.944,45,2,n,100
6235,I50193,1600,1200,930,356.2,45,0,n,100
3049,I24624,1200,1000,930,413.58,45,2,n,100
3588,I29058,2000,1200,2350,367.608,45,22,n,100
4447,I36301,1600,1200,930,784.6,45,0,n,100
2004,I15914,1200,1000,545,729.5,45,2,n,100
2648,I21495,1910,1200,1295,613.59,45,19,n,100
5431,I43679,2000,1200,2350,367.608,45,22,n,100
679,I04954,1200,1000,545,690.5,45,2,n,100
3166,I25792,1800,1400,1020,303.45,45,11,n,100
265,I01999,1910,1200,1295,613.59,45,19,n,100
5439,I43774,1600,1200,930,358.48,45,0,n,100
3387,I27548,1600,1200,930,307.13,45,0,n,100
4618,I37350,1600,1200,930,309.5,45,0,n,100
822,I06363,1200,1000,930,319.1,45,2,n,100
4924,I39614,1200,1000,975,329.77,45,2,n,100
1849,I14578,1600,1200,1350,303.92,45,0,n,100
5998,I48195,1600,1200,930,307.13,45,0,n,100
5465,I44119,1600,1200,930,551.56,45,0,n,100
1737,I13603,1910,1200,1295,613.59,45,19,n,100
1366,I10951,1600,1200,750,323.7,45,0,n,100
213,I01758,1600,1200,930,438.4,45,0,n,100
2492,I20211,1200,1000,1155,375.0,0,1,n,100
6158,I49696,1910,1200,1295,613.59,45,19,n,100
805,I06256,2000,1200,2350,367.608,45,22,n,100
499,I03722,1600,1200,930,358.48,45,0,n,100
1096,I08772,1600,1200,930,358.48,45,0,n,100
1402,I11297,1600,1200,930,358.48,45,0,n,100
4255,I34694,1200,1000,975,329.77,45,2,n,100
4312,I35160,1200,1000,750,318.7,45,2,n,100
681,I04956,1800,1400,1020,303.45,45,11,n,100
2776,I22241,1200,1000,975,329.77,45,2,n,100
3709,I29800,1600,1200,930,663.22,45,0,n,100
4752,I38277,1800,1400,1020,303.45,45,11,n,100
1110,I08868,1800,1400,1020,303.45,45,11,n,100
4010,I32819,1600,1200,930,607.6,45,0,n,100
3495,I28468,1910,1200,1295,613.59,45,19,n,100
358,I02636,1600,1200,930,547.3,45,0,n,100
4425,I36190,1200,1000,545,690.5,45,2,n,100
3211,I26145,1600,1200,930,356.56,45,0,n,100
1182,I09436,2000,1200,2350,367.608,45,22,n,100
2172,I17338,1600,1200,1350,303.92,45,0,n,100
1561,I12468,1900,1200,750,713.62,45,6,n,100
4530,I36816,1600,1200,930,663.22,45,0,n,100
2791,I22385,1600,1200,930,364.84,45,0,n,100
2291,I18222,1600,1200,930,307.13,45,0,n,100
5577,I44956,1600,1200,930,438.4,45,0,n,100
2893,I23220,1600,1200,1350,303.92,45,0,n,100
1637,I12863,1600,1200,750,323.7,45,0,n,100
1534,I12331,1800,1400,1020,303.45,45,11,n,100
3816,I30901,1600,1200,930,396.2,45,0,n,100
2343,I18715,1600,1200,930,370.78,45,0,n,100
2227,I17873,1600,1200,930,356.56,45,0,n,100
3152,I25600,1600,1200,750,323.7,45,0,n,100
5710,I45875,1600,1200,930,438.4,45,0,n,100
3602,I29163,1600,1200,930,551.56,45,0,n,100
1456,I11710,1600,1200,930,358.48,45,0,n,100
332,I02430,1800,1400,1020,303.45,45,11,n,100
780,I06078,1800,1400,1020,303.45,45,11,n,100
5619,I45294,1600,1200,930,387.3,45,0,n,100
291,I02078,1600,1200,930,356.56,45,0,n,100
4329,I35387,1600,1200,930,370.78,45,0,n,100
125,I01047,1800,1400,1020,303.45,45,11,n,100
1001,I07749,1600,1200,930,607.6,45,0,n,100
1859,I14670,1200,1000,750,351.944,45,2,n,100
2937,I23576,1800,1400,1020,303.45,45,11,n,100
5898,I47588,1600,1200,930,307.13,45,0,n,100
231,I01915,1600,1200,930,551.56,45,0,n,100
4568,I37175,1800,1400,1020,303.45,45,11,n,100
2239,I17963,1600,1200,1350,303.92,45,0,n,100
6250,I50416,1600,1200,930,387.3,45,0,n,100
4187,I34297,1600,1200,930,358.48,45,0,n,100
654,I04815,1600,1200,930,547.3,45,0,n,100
2671,I21620,1600,1200,750,582.6,45,0,n,100
5916,I47752,1600,1200,930,358.48,45,0,n,100
3643,I29494,1600,1200,930,387.3,45,0,n,100
2790,I22382,1800,1200,1350,820.48,45,9,n,100
3283,I26683,1600,1200,930,356.2,45,0,n,100
3512,I28485,1910,1200,1295,613.59,45,19,n,100
4165,I34158,1600,1200,975,391.432,45,0,n,100
5733,I45973,1200,1000,750,351.944,45,2,n,100
2342,I18694,1600,1200,930,607.6,45,0,n,100
1823,I14354,1200,1000,1155,375.0,0,1,n,100
413,I03188,1600,1200,930,307.13,45,0,n,100
2807,I22570,1800,1400,1020,303.45,45,11,n,100
5257,I42260,1600,1200,930,663.22,45,0,n,100
3762,I30363,1600,1200,930,663.22,45,0,n,100
5812,I46614,2000,1200,2350,367.608,45,22,n,100
5486,I44243,1600,1200,930,551.56,45,0,n,100
4538,I36912,1200,1000,975,329.77,45,2,n,100
5771,I46249,1200,1000,930,413.58,45,2,n,100
5601,I45055,1200,1000,975,329.77,45,2,n,100
3396,I27685,1600,1200,930,358.48,45,0,n,100
5207,I41904,1200,1000,975,337.9,45,2,n,100
4886,I39255,1200,1000,975,329.77,45,2,n,100
599,I04600,1600,1200,930,551.56,45,0,n,100
1894,I14863,1600,1200,930,358.48,45,0,n,100
2431,I19630,1200,1000,545,526.75,45,2,n,100
4624,I37383,1600,1200,930,438.4,45,0,n,100
5877,I47367,1200,1000,930,704.36,45,2,n,100
803,I06254,2000,1200,2350,367.608,45,22,n,100
5164,I41402,2400,1200,1490,340.5,45,24,n,5
3804,I30817,1600,1200,750,323.7,45,0,n,100
3146,I25425,1600,1200,930,387.3,45,0,n,100
148,I01253,1600,1200,930,307.13,45,0,n,100
1113,I08912,1200,1000,545,526.75,45,2,n,100
222,I01787,1600,1200,930,607.6,45,0,n,100
6089,I48898,1910,1200,1295,613.59,45,19,n,100
2609,I21310,2000,1200,2350,367.608,45,22,n,100
5992,I48147,1200,1000,930,347.0,45,2,n,100
1129,I09004,1600,1200,750,323.7,45,0,n,100
5908,I47674,1200,1000,750,305.32,45,2,n,100
865,I06763,1600,1200,545,338.16,45,0,n,100
1986,I15770,1200,1000,545,690.5,45,2,n,100
5939,I47808,1910,1200,1295,613.59,45,19,n,100
1067,I08372,1200,1000,975,329.77,45,2,n,100
2964,I23761,1800,1400,1020,303.45,45,11,n,100
1780,I13967,1600,1200,930,358.48,45,0,n,100
4401,I35876,1800,1200,1350,820.48,45,9,n,100
2795,I22399,1600,1200,930,358.48,45,0,n,100
6108,I48917,1600,1200,930,307.13,45,0,n,100
5592,I45012,1800,1400,1020,303.45,45,11,n,100
6116,I49029,1200,1000,930,347.0,45,2,n,100
1636,I12854,1600,1200,930,364.84,45,0,n,100
4683,I37826,1600,1200,930,663.22,45,0,n,100
4110,I33666,1600,1200,930,364.84,45,0,n,100
741,I05622,2000,1200,545,408.88,45,5,n,100
5421,I43581,1600,1200,930,307.13,45,0,n,100
2184,I17402,1800,1400,1020,303.45,45,11,n,100
4507,I36721,1600,1200,1350,303.92,45,0,n,100
5508,I44387,1600,1200,930,307.13,45,0,n,100
4323,I35356,1600,1200,1350,303.92,45,0,n,100
3489,I28462,1910,1200,1295,613.59,45,19,n,100
2150,I17192,1800,1400,1020,303.45,45,11,n,100
3131,I25320,1200,1000,975,329.77,45,2,n,100
1608,I12659,1600,1200,930,387.3,45,0,n,100
2255,I18159,1200,1000,545,526.75,45,2,n,100
6222,I50126,1600,1200,930,358.48,45,0,n,100
575,I04444,1600,1200,930,364.84,45,0,n,100
5800,I46562,1800,1400,1020,303.45,45,11,n,100
5635,I45419,2000,1200,2350,367.608,45,22,n,100
3221,I26339,1800,1400,1020,303.45,45,11,n,100
2745,I22055,1200,1000,975,336.7,45,2,n,100
1959,I15464,1600,1200,930,830.32,45,0,n,100
3984,I32603,1600,1200,930,454.873,45,0,n,100
273,I02007,1910,1200,1295,613.59,45,19,n,100
3142,I25374,1600,1200,930,607.6,45,0,n,100
5387,I43243,1200,1000,750,431.704,45,2,n,100
1948,I15381,1600,1200,930,356.2,45,0,n,100
1521,I12164,1600,1200,930,358.48,45,0,n,100
2732,I22011,1800,1400,1020,303.45,45,11,n,100
3916,I31876,1600,1200,930,370.78,45,0,n,100
3534,I28670,1800,1400,1020,303.45,45,11,n,100
3807,I30821,1800,1200,1350,820.48,45,9,n,100
5222,I42058,1600,1200,930,387.3,45,0,n,100
4147,I34089,1200,1000,545,729.5,45,2,n,100
951,I07395,1600,1200,930,307.13,45,0,n,100
2590,I21092,1600,1200,930,663.22,45,0,n,100
2277,I18197,1910,1200,1295,613.59,45,19,n,100
838,I06445,1600,1200,1350,303.92,45,0,n,100
3875,I31521,1800,1400,1020,303.45,45,11,n,100
3290,I26786,1200,1000,975,329.77,45,2,n,100
1398,I11278,1200,1000,750,351.944,45,2,n,100
6117,I49046,1600,1200,930,356.2,45,0,n,100
2842,I22888,1600,1200,930,663.22,45,0,n,100
1820,I14311,1200,1000,930,414.14,45,2,n,100
4057,I33271,1600,1200,930,663.22,45,0,n,100
4929,I39655,1600,1200,930,551.56,45,0,n,100
2718,I21983,1200,1000,975,329.77,45,2,n,100
2430,I19628,1600,1200,930,663.22,45,0,n,100
2644,I21491,1910,1200,1295,613.59,45,19,n,100
5309,I42818,1600,1200,930,438.4,45,0,n,100
862,I06696,1600,1200,930,546.3,45,0,n,100
3617,I29286,1600,1200,930,358.48,45,0,n,100
2453,I19887,1600,1200,1350,303.92,45,0,n,100
5620,I45295,1800,1200,1350,820.48,45,9,n,100
2796,I22416,1600,1200,975,460.0,45,0,n,100
480,I03657,1600,1200,930,438.4,45,0,n,100
6259,I50495,1600,1200,930,551.56,45,0,n,100
3068,I24767,1200,1000,975,329.77,45,2,n,100
1236,I10072,2000,1200,2350,367.608,45,22,n,100
1733,I13599,1910,1200,1295,613.59,45,19,n,100
3815,I30877,1200,1000,545,526.75,45,2,n,100
3289,I26785,1200,1000,975,329.77,45,2,n,100
4241,I34628,1910,1200,1295,613.59,45,19,n,100
4083,I33434,1600,1200,930,438.4,45,0,n,100
3669,I29608,1600,1200,1350,303.92,45,0,n,100
3826,I31031,1200,1000,975,329.77,45,2,n,100
740,I05609,1600,1200,930,663.22,45,0,n,100
1535,I12332,1800,1400,1020,303.45,45,11,n,100
4243,I34630,1910,1200,1295,613.59,45,19,n,100
4502,I36682,1600,1200,930,547.3,45,0,n,100
4079,I33430,1900,1200,750,845.38,45,6,n,100
1510,I12141,1800,1400,1020,303.45,45,11,n,100
1957,I15452,1600,1200,750,582.6,45,0,n,100
2054,I16347,1800,1200,1350,820.48,45,9,n,100
3171,I25815,1200,1000,930,414.14,45,2,n,100
4377,I35759,1910,1200,1295,613.59,45,19,n,100
5530,I44564,1200,1000,750,305.32,45,2,n,100
5525,I44510,1600,1200,930,356.2,45,0,n,100
4584,I37257,1910,1200,1295,613.59,45,19,n,100
5304,I42812,1600,1200,930,607.6,45,0,n,100
5458,I44091,1600,1200,930,358.48,45,0,n,100
1194,I09570,1600,1200,930,307.13,45,0,n,100
4707,I38064,1600,1200,930,454.873,45,0,n,100
3971,I32522,2000,1200,2350,367.608,45,22,n,100
124,I01046,1800,1400,1020,303.45,45,11,n,100
5454,I43867,1600,1200,1350,303.92,45,0,n,100
1163,I09263,1800,1200,1350,820.48,45,9,n,100
4947,I39743,1800,1200,1350,820.48,45,9,n,100
401,I02916,1600,1200,975,460.0,45,0,n,100
260,I01994,1910,1200,1295,613.59,45,19,n,100
3198,I26059,1200,1000,975,384.74,45,2,n,100
4081,I33432,1600,1200,930,438.4,45,0,n,100
5472,I44152,1600,1200,930,356.56,45,0,n,100
2645,I21492,1910,1200,1295,613.59,45,19,n,100
5748,I46063,2000,1200,545,408.88,45,5,n,100
5162,I41400,1200,1000,930,347.0,45,2,n,100
5638,I45422,2000,1200,2350,367.608,45,22,n,100
1206,I09678,1600,1200,930,396.2,45,0,n,100
5968,I47973,1800,1400,1020,303.45,45,11,n,100
1532,I12324,2000,1200,545,408.88,45,5,n,100
3351,I27273,1600,1200,930,607.6,45,0,n,100
143,I01242,1200,1000,975,329.77,45,2,n,100
5615,I45265,1200,1000,750,351.756,45,2,n,100
5602,I45056,1200,1000,975,329.77,45,2,n,100
3274,I26665,1910,1200,1295,613.59,45,19,n,100
517,I03883,1600,1200,930,663.22,45,0,n,100
50,I00455,1600,1200,930,307.13,45,0,n,100
5701,I45854,1600,1200,930,551.56,45,0,n,100
4157,I34104,1600,1200,930,663.22,45,0,n,100
232,I01916,1600,1200,930,551.56,45,0,n,100
1972,I15486,1200,1000,930,345.29,45,2,n,100
1772,I13887,1600,1200,930,663.22,45,0,n,100
3492,I28465,1910,1200,1295,613.59,45,19,n,100
247,I01977,1200,1000,930,413.58,45,2,n,100
4189,I34299,1600,1200,930,358.48,45,0,n,100
3477,I28450,1910,1200,1295,613.59,45,19,n,100
648,I04793,1600,1200,1350,303.92,45,0,n,100
2270,I18190,1910,1200,1295,613.59,45,19,n,100
4915,I39526,1600,1200,930,356.56,45,0,n,100
4062,I33353,1800,1400,1020,303.45,45,11,n,100
4455,I36425,1800,1400,1020,303.45,45,11,n,100
4103,I33603,1200,1000,975,329.77,45,2,n,100
259,I01993,1910,1200,1295,613.59,45,19,n,100
368,I02671,1200,1000,930,345.29,45,2,n,100
1118,I08934,1600,1200,545,338.16,45,0,n,100
1441,I11540,1200,1000,975,329.77,45,2,n,100
3434,I27996,1800,1400,1020,303.45,45,11,n,100
1679,I13258,1200,1000,750,318.7,45,2,n,100
4491,I36671,1600,1200,930,547.3,45,0,n,100
2196,I17480,1600,1200,930,313.0,45,0,n,100
2313,I18437,1600,1200,930,396.2,45,0,n,100
3997,I32730,1600,1200,930,607.6,45,0,n,100
4470,I36440,1600,1200,930,356.2,45,0,n,100
3856,I31278,1600,1200,1350,303.92,45,0,n,100
4991,I39932,1600,1200,930,454.873,45,0,n,100
707,I05327,1600,1200,930,438.4,45,0,n,100
4591,I37264,1910,1200,1295,613.59,45,19,n,100
1573,I12524,1200,1000,975,329.77,45,2,n,100
2973,I23816,1600,1200,930,663.22,45,0,n,100
1146,I09105,1600,1200,930,607.6,45,0,n,100
1686,I13284,1600,1200,930,607.6,45,0,n,100
1127,I08984,2000,1200,2350,367.608,45,22,n,100
700,I05298,1600,1200,930,307.13,45,0,n,100
6252,I50454,1600,1200,975,460.0,45,0,n,100
2913,I23380,1200,1000,975,329.77,45,2,n,100
6128,I49212,1600,1200,750,323.7,45,0,n,100
1713,I13423,1600,1200,930,370.78,45,0,n,100
39,I00398,1600,1200,1350,303.92,45,0,n,100
1550,I12419,1600,1200,930,547.3,45,0,n,100
4726,I38144,1600,1200,1350,303.92,45,0,n,100
5137,I41191,1800,1400,1020,303.45,45,11,n,100
5054,I40455,1600,1200,930,370.78,45,0,n,100
1819,I14266,1600,1200,930,364.84,45,0,n,100
5507,I44385,1200,1000,975,329.77,45,2,n,100
6,I00073,1200,1000,750,405.72,45,2,n,100
3083,I24897,1200,1000,545,526.75,45,2,n,100
837,I06444,1600,1200,1350,303.92,45,0,n,100
3398,I27732,1200,1000,750,351.756,45,2,n,100
1678,I13243,1600,1200,930,356.56,45,0,n,100
1913,I14975,1600,1200,930,358.48,45,0,n,100
1825,I14383,1600,1200,930,546.3,45,0,n,100
3067,I24766,1200,1000,975,329.77,45,2,n,100
6055,I48596,1600,1200,930,547.3,45,0,n,100
5354,I43091,1910,1200,1295,613.59,45,19,n,100
697,I05289,1600,1200,930,784.6,45,0,n,100
3797,I30786,1600,1200,930,438.4,45,0,n,100
6113,I49004,1600,1200,930,307.13,45,0,n,100
4108,I33609,1200,1000,975,329.77,45,2,n,100
4790,I38544,1600,1200,1350,303.92,45,0,n,100
4910,I39515,1800,1400,1020,303.45,45,11,n,100
3298,I26844,1600,1200,930,551.56,45,0,n,100
3670,I29609,1600,1200,1350,303.92,45,0,n,100
1300,I10448,1800,1400,1020,303.45,45,11,n,100
5843,I46841,1600,1200,930,356.56,45,0,n,100
2218,I17823,1600,1200,1350,303.92,45,0,n,100
820,I06347,1600,1200,930,547.3,45,0,n,100
82,I00800,1200,1000,750,305.32,45,2,n,100
2130,I17004,1600,1200,930,551.56,45,0,n,100
5859,I47001,1600,1200,930,396.2,45,0,n,100
150,I01271,1600,1200,930,663.22,45,0,n,100
4482,I36606,1600,1200,930,387.3,45,0,n,100
5526,I44531,1600,1200,930,607.6,45,0,n,100
5928,I47797,1910,1200,1295,613.59,45,19,n,100
5758,I46088,1800,1400,1020,303.45,45,11,n,100
2482,I20127,1600,1200,930,356.2,45,0,n,100
3250,I26544,1200,1000,975,329.77,45,2,n,100
3965,I32491,1600,1200,1350,303.92,45,0,n,100
1205,I09677,1200,1000,1155,366.75,0,1,n,100
4200,I34429,1600,1200,930,387.3,45,0,n,100
1792,I14028,1200,1000,930,704.12,45,2,n,100
705,I05325,1600,1200,930,438.4,45,0,n,100
2197,I17559,1200,1000,930,414.14,45,2,n,100
2410,I19340,1600,1200,930,387.3,45,0,n,100
5052,I40386,1600,1200,930,438.4,45,0,n,100
5344,I43004,1200,1000,975,401.2,45,2,n,100
4196,I34358,1600,1200,930,364.84,45,0,n,100
1386,I11110,1200,1000,975,329.77,45,2,n,100
1612,I12677,1600,1200,930,307.13,45,0,n,100
2986,I23984,1200,1000,975,329.77,45,2,n,100
1565,I12503,1600,1200,930,607.6,45,0,n,100
678,I04953,1200,1000,545,690.5,45,2,n,100
4387,I35769,1910,1200,1295,613.59,45,19,n,100
45,I00404,1600,1200,930,547.3,45,0,n,100
3055,I24698,1600,1200,930,307.13,45,0,n,100
2658,I21522,1900,1200,750,713.62,45,6,n,100
3881,I31527,1800,1400,1020,303.45,45,11,n,100
4560,I37149,1600,1200,930,387.3,45,0,n,100
3702,I29746,1600,1200,975,808.3,45,0,n,100
1347,I10801,1600,1200,930,356.56,45,0,n,100
1790,I14026,1600,1200,930,313.0,45,0,n,100
468,I03572,1600,1200,930,358.48,45,0,n,100
4044,I33060,1600,1200,930,547.3,45,0,n,100
6028,I48491,1600,1200,930,307.13,45,0,n,100
3782,I30633,1600,1200,930,370.78,45,0,n,100
1808,I14176,1600,1200,930,356.2,45,0,n,100
4247,I34634,1910,1200,1295,613.59,45,19,n,100
2634,I21481,1910,1200,1295,613.59,45,19,n,100
1290,I10372,1600,1200,545,338.16,45,0,n,100
3222,I26340,1800,1400,1020,303.45,45,11,n,100
486,I03664,1600,1200,930,551.56,45,0,n,100
3113,I25257,1600,1200,930,313.0,45,0,n,100
2757,I22134,1600,1200,1350,303.92,45,0,n,100
3593,I29106,1200,1000,975,329.77,45,2,n,100
466,I03570,1200,1000,930,414.14,45,2,n,100
5982,I48035,1600,1200,1350,303.92,45,0,n,100
5564,I44803,1600,1200,930,784.6,45,0,n,100
5355,I43092,1910,1200,1295,613.59,45,19,n,100
5413,I43530,1600,1200,1350,303.92,45,0,n,100
3147,I25426,1600,1200,930,387.3,45,0,n,100
5588,I45008,1800,1400,1020,303.45,45,11,n,100
779,I06077,1800,1400,1020,303.45,45,11,n,100
2341,I18693,1600,1200,930,607.6,45,0,n,100
5370,I43111,1800,1200,1350,820.48,45,9,n,100
3247,I26540,1600,1200,930,356.2,45,0,n,100
1504,I12076,1200,1000,930,414.14,45,2,n,100
2899,I23252,1800,1400,1020,303.45,45,11,n,100
4680,I37822,1200,1000,975,384.74,45,2,n,100
4708,I38065,1600,1200,930,454.873,45,0,n,100
4338,I35487,1600,1200,930,356.2,45,0,n,100
644,I04782,1600,1200,930,356.56,45,0,n,100
4290,I35057,1600,1200,930,358.48,45,0,n,100
5350,I43087,1910,1200,1295,613.59,45,19,n,100
1566,I12504,1600,1200,930,607.6,45,0,n,100
3490,I28463,1910,1200,1295,613.59,45,19,n,100
2498,I20286,1200,1000,975,329.77,45,2,n,100
5288,I42658,2000,1200,545,408.88,45,5,n,100
2454,I19901,1200,1000,750,431.704,45,2,n,100
5227,I42069,1200,1000,930,413.58,45,2,n,100
2336,I18636,1600,1200,930,551.56,45,0,n,100
2421,I19549,1600,1200,930,307.13,45,0,n,100
2857,I22946,1600,1200,930,547.3,45,0,n,100
5721,I45893,1600,1200,930,307.13,45,0,n,100
2779,I22258,1200,1000,930,414.14,45,2,n,100
1215,I09832,1600,1200,930,356.56,45,0,n,100
3319,I26981,1200,1000,750,431.704,45,2,n,100
1989,I15816,1900,1200,750,845.38,45,6,n,100
4031,I33020,1600,1200,930,364.84,45,0,n,100
617,I04660,1600,1200,930,370.78,45,0,n,100
3877,I31523,1800,1400,1020,303.45,45,11,n,100
4298,I35116,1800,1400,1020,303.45,45,11,n,100
2119,I16900,1900,1200,750,713.62,45,6,n,100
1171,I09324,1600,1200,930,356.2,45,0,n,100
5190,I41696,1600,1200,930,356.56,45,0,n,100
2314,I18457,1600,1200,750,582.6,45,0,n,100
2616,I21318,1600,1200,930,356.2,45,0,n,100
5665,I45560,1600,1200,930,607.6,45,0,n,100
3493,I28466,1910,1200,1295,613.59,45,19,n,100
3525,I28565,2000,1200,2350,367.608,45,22,n,100
5691,I45789,1600,1200,975,611.224,45,0,n,100
1409,I11325,1200,1000,930,347.0,45,2,n,100
1647,I12990,1200,1000,930,345.29,45,2,n,100
6123,I49072,1600,1200,750,323.7,45,0,n,100
2027,I16157,1600,1200,1350,303.92,45,0,n,100
2179,I17397,1800,1400,1020,303.45,45,11,n,100
1020,I07931,1200,1000,975,329.77,45,2,n,100
2131,I17019,1600,1200,750,582.6,45,0,n,100
306,I02188,1600,1200,930,356.2,45,0,n,100
5084,I40764,1200,1000,930,340.0,45,2,n,100
3158,I25738,1200,1000,750,351.756,45,2,n,100
4223,I34610,1910,1200,1295,613.59,45,19,n,100
1998,I15829,1600,1200,930,356.2,45,0,n,100
939,I07120,1600,1200,1350,303.92,45,0,n,100
460,I03532,1200,1000,975,401.2,45,2,n,100
2111,I16732,1800,1400,1020,303.45,45,11,n,100
1955,I15448,1200,1000,930,347.0,45,2,n,100
2667,I21589,1200,1000,975,401.2,45,2,n,100
1078,I08482,1600,1200,750,323.7,45,0,n,100
1341,I10779,1600,1200,1350,303.92,45,0,n,100
6212,I50007,1600,1200,930,454.873,45,0,n,100
1192,I09565,1200,1000,975,401.2,45,2,n,100
1357,I10913,1800,1400,1020,303.45,45,11,n,100
2112,I16733,1800,1400,1020,303.45,45,11,n,100
1984,I15764,1600,1200,930,356.2,45,0,n,100
4706,I38055,1600,1200,545,338.52,45,0,n,100
6214,I50023,1600,1200,930,551.56,45,0,n,100
5988,I48072,1200,1000,975,337.9,45,2,n,100
2711,I21935,1600,1200,930,551.56,45,0,n,100
4751,I38276,1800,1400,1020,303.45,45,11,n,100
3986,I32605,1600,1200,930,454.873,45,0,n,100
5714,I45884,1600,1200,1350,303.92,45,0,n,100
6178,I49716,1910,1200,1295,613.59,45,19,n,100
210,I01755,1600,1200,930,438.4,45,0,n,100
2524,I20561,1600,1200,930,514.24,45,0,n,100
2265,I18185,1910,1200,1295,613.59,45,19,n,100
4036,I33045,1200,1000,750,351.944,45,2,n,100
754,I05795,1600,1200,750,323.7,45,0,n,100
998,I07720,2000,1200,2350,367.608,45,22,n,100
1905,I14941,1200,1000,975,401.2,45,2,n,100
4748,I38273,1800,1400,1020,303.45,45,11,n,100
5999,I48196,1600,1200,1350,303.92,45,0,n,100
710,I05347,1800,1400,1020,303.45,45,11,n,100
5857,I46998,1600,1200,930,781.25,45,0,n,100
2170,I17336,1600,1200,1350,303.92,45,0,n,100
6155,I49609,1200,1000,930,414.14,45,2,n,100
2399,I19214,1600,1200,930,396.2,45,0,n,100
3862,I31304,1600,1200,1350,303.92,45,0,n,100
397,I02912,1800,1400,1020,303.45,45,11,n,100
3460,I28331,1600,1200,1350,303.92,45,0,n,100
5987,I48058,1600,1200,545,338.16,45,0,n,100
2911,I23378,1200,1000,975,329.77,45,2,n,100
980,I07572,1600,1200,930,387.3,45,0,n,100
3052,I24662,1600,1200,930,663.22,45,0,n,100
5170,I41436,1600,1200,930,356.56,45,0,n,100
2280,I18200,1910,1200,1295,613.59,45,19,n,100
923,I07061,1600,1200,750,323.7,45,0,n,100
5716,I45886,1600,1200,1350,303.92,45,0,n,100
4672,I37763,1600,1200,975,460.0,45,0,n,100
3969,I32520,1600,1200,930,454.873,45,0,n,100
1799,I14051,1600,1200,930,784.6,45,0,n,100
1801,I14085,1200,1000,930,704.12,45,2,n,100
5363,I43100,1910,1200,1295,613.59,45,19,n,100
2928,I23557,1600,1200,930,551.56,45,0,n,100
2013,I16085,1800,1200,1350,820.48,45,9,n,100
5943,I47812,1910,1200,1295,613.59,45,19,n,100
2513,I20323,1600,1200,1350,303.92,45,0,n,100
5697,I45798,1600,1200,930,356.2,45,0,n,100
2934,I23573,1800,1400,1020,303.45,45,11,n,100
787,I06121,1910,1200,1295,613.59,45,19,n,100
2439,I19761,1600,1200,930,356.56,45,0,n,100
2683,I21726,1600,1200,930,781.25,45,0,n,100
802,I06234,1600,1200,545,338.52,45,0,n,100
5667,I45562,1600,1200,930,607.6,45,0,n,100
1174,I09352,1600,1200,930,387.3,45,0,n,100
938,I07119,1600,1200,1350,303.92,45,0,n,100
5172,I41490,1600,1200,930,387.3,45,0,n,100
3557,I28811,1600,1200,930,784.6,45,0,n,100
5438,I43773,1600,1200,930,784.6,45,0,n,100
399,I02914,1800,1400,1020,303.45,45,11,n,100
1288,I10353,1200,1000,975,329.77,45,2,n,100
2625,I21462,1800,1200,1350,820.48,45,9,n,100
1990,I15818,1800,1200,1350,820.48,45,9,n,100
2892,I23219,1600,1200,1350,303.92,45,0,n,100
580,I04464,1600,1200,930,356.2,45,0,n,100
1322,I10548,1800,1400,1020,303.45,45,11,n,100
3178,I25896,1600,1200,930,356.2,45,0,n,100
6021,I48473,1600,1200,930,547.3,45,0,n,100
5015,I40268,2000,1200,2350,367.608,45,22,n,100
3516,I28497,1600,1200,930,387.3,45,0,n,100
4100,I33596,1600,1200,930,396.2,45,0,n,100
3764,I30393,1600,1200,750,582.6,45,0,n,100
1219,I09890,1200,1000,975,465.1,45,2,n,100
2591,I21093,1600,1200,930,663.22,45,0,n,100
3444,I28118,1200,1000,930,704.36,45,2,n,100
4744,I38269,1600,1200,1350,303.92,45,0,n,100
4294,I35088,1200,1000,975,329.77,45,2,n,100
508,I03783,1600,1200,930,547.3,45,0,n,100
3547,I28718,1200,1000,930,345.29,45,2,n,100
183,I01561,1600,1200,545,338.52,45,0,n,100
320,I02335,1200,1000,930,345.29,45,2,n,100
1710,I13413,1200,1000,545,729.5,45,2,n,100
1128,I08985,2000,1200,2350,367.608,45,22,n,100
3660,I29572,1600,1200,930,438.4,45,0,n,100
3376,I27448,1200,1000,975,329.77,45,2,n,100
3037,I24470,1600,1200,930,358.48,45,0,n,100
3325,I27049,1600,1200,1350,310.16,45,0,n,100
4543,I36949,1200,1000,930,413.58,45,2,n,100
4022,I32942,1600,1200,930,396.2,45,0,n,100
911,I06953,1600,1200,1350,303.92,45,0,n,100
1247,I10115,1600,1200,1350,303.92,45,0,n,100
2799,I22462,1600,1200,930,356.2,45,0,n,100
192,I01672,1600,1200,930,663.22,45,0,n,100
2545,I20693,1600,1200,930,607.6,45,0,n,100
2244,I18041,1200,1000,975,337.45,45,2,n,100
906,I06831,1600,1200,1350,303.92,45,0,n,100
5068,I40521,1600,1200,930,356.2,45,0,n,100
1988,I15808,1200,1000,975,465.1,45,2,n,100
3480,I28453,1910,1200,1295,613.59,45,19,n,100
3136,I25356,1600,1200,930,784.6,45,0,n,100
2223,I17852,1200,1000,930,414.14,45,2,n,100
2792,I22396,1600,1200,930,607.6,45,0,n,100
5311,I42825,1200,1000,930,704.36,45,2,n,100
2458,I19917,1600,1200,930,370.78,45,0,n,100
6044,I48557,1200,1000,930,345.29,45,2,n,100
57,I00515,1200,1000,975,329.77,45,2,n,100
5074,I40562,1600,1200,930,356.2,45,0,n,100
5085,I40778,1200,1000,930,414.14,45,2,n,100
4898,I39310,1200,1000,975,329.77,45,2,n,100
4877,I39156,1600,1200,930,364.84,45,0,n,100
4632,I37428,2000,1200,2350,367.608,45,22,n,100
4515,I36730,1600,1200,1350,303.92,45,0,n,100
1485,I11880,1600,1200,930,358.48,45,0,n,100
608,I04637,1600,1200,930,438.4,45,0,n,100
2356,I18824,1600,1200,930,307.13,45,0,n,100
2651,I21498,1910,1200,1295,613.59,45,19,n,100
5276,I42486,1600,1200,930,663.22,45,0,n,100
5781,I46285,1600,1200,1350,303.92,45,0,n,100
3227,I26386,1600,1200,930,663.22,45,0,n,100
4099,I33595,1600,1200,930,396.2,45,0,n,100
3526,I28566,2000,1200,2350,367.608,45,22,n,100
3653,I29565,1600,1200,930,438.4,45,0,n,100
2793,I22397,1600,1200,930,607.6,45,0,n,100
242,I01971,1800,1400,1020,303.45,45,11,n,100
706,I05326,1600,1200,930,438.4,45,0,n,100
5351,I43088,1910,1200,1295,613.59,45,19,n,100
5369,I43106,1600,1200,930,607.6,45,0,n,100
3917,I31877,1600,1200,930,370.78,45,0,n,100
3600,I29117,2000,1200,2350,367.608,45,22,n,100
6253,I50464,1600,1200,930,307.13,45,0,n,100
4442,I36270,1200,1000,750,318.7,45,2,n,100
3014,I24148,1200,1000,930,347.0,45,2,n,100
2834,I22819,1600,1200,930,358.48,45,0,n,100
477,I03654,1600,1200,930,438.4,45,0,n,100
5617,I45267,1600,1200,930,387.3,45,0,n,100
3540,I28683,1600,1200,930,307.13,45,0,n,100
2657,I21521,1900,1200,750,713.62,45,6,n,100
4622,I37381,1600,1200,930,438.4,45,0,n,100
404,I03028,1600,1200,930,387.3,45,0,n,100
2927,I23516,1600,1200,930,356.2,45,0,n,100
379,I02813,1800,1400,1020,303.45,45,11,n,100
554,I04211,1200,1000,975,401.2,45,2,n,100
5785,I46381,1200,1000,930,704.36,45,2,n,100
3524,I28564,2000,1200,2350,367.608,45,22,n,100
5825,I46658,1600,1200,1350,303.92,45,0,n,100
2169,I17335,1600,1200,930,387.3,45,0,n,100
5958,I47905,1600,1200,930,356.2,45,0,n,100
1213,I09798,1200,1000,975,401.2,45,2,n,100
271,I02005,1910,1200,1295,613.59,45,19,n,100
2614,I21315,2000,1200,2350,367.608,45,22,n,100
2800,I22463,1600,1200,930,356.2,45,0,n,100
2733,I22012,1800,1400,1020,303.45,45,11,n,100
4445,I36275,1600,1200,1350,303.92,45,0,n,100
31,I00342,1600,1200,930,356.56,45,0,n,100
4462,I36432,1800,1400,1020,303.45,45,11,n,100
181,I01559,1600,1200,930,356.2,45,0,n,100
3993,I32704,1600,1200,930,396.2,45,0,n,100
1993,I15821,1600,1200,1350,303.92,45,0,n,100
3457,I28253,1200,1000,930,413.58,45,2,n,100
4362,I35712,1600,1200,975,611.224,45,0,n,100
3236,I26476,1600,1200,930,307.13,45,0,n,100
2511,I20321,1600,1200,1350,303.92,45,0,n,100
4901,I39402,1800,1200,1350,820.48,45,9,n,100
1480,I11875,1600,1200,930,438.4,45,0,n,100
2863,I23010,1600,1200,930,438.4,45,0,n,100
572,I04405,1600,1200,930,307.13,45,0,n,100
4392,I35841,1200,1000,930,345.29,45,2,n,100
4175,I34217,1600,1200,930,663.22,45,0,n,100
2673,I21632,1600,1200,750,582.6,45,0,n,100
2106,I16727,1200,1000,975,329.77,45,2,n,100
5703,I45856,1600,1200,930,551.56,45,0,n,100
1147,I09124,1600,1200,930,784.6,45,0,n,100
297,I02157,1600,1200,930,356.56,45,0,n,100
4728,I38146,1600,1200,1350,303.92,45,0,n,100
702,I05308,1600,1200,750,582.6,45,0,n,100
3968,I32519,1600,1200,930,454.873,45,0,n,100
5757,I46087,1800,1400,1020,303.45,45,11,n,100
1784,I13976,1600,1200,1350,303.92,45,0,n,100
2198,I17561,1600,1200,930,370.78,45,0,n,100
5133,I41187,1800,1400,1020,303.45,45,11,n,100
420,I03218,1600,1200,930,356.56,45,0,n,100
4765,I38338,1200,1000,975,329.77,45,2,n,100
6081,I48890,1910,1200,1295,613.59,45,19,n,100
1703,I13376,1600,1200,930,663.22,45,0,n,100
76,I00758,1200,1000,545,526.75,45,2,n,100
2617,I21319,1600,1200,930,313.0,45,0,n,100
4851,I38935,2000,1200,2350,367.608,45,22,n,100
5660,I45542,1600,1200,930,364.84,45,0,n,100
5445,I43780,1600,1200,930,356.2,45,0,n,100
2219,I17824,1600,1200,930,546.3,45,0,n,100
2216,I17820,1600,1200,545,338.52,45,0,n,100
3036,I24438,1200,1000,750,431.704,45,2,n,100
652,I04797,1600,1200,1350,303.92,45,0,n,100
4535,I36898,1600,1200,930,830.32,45,0,n,100
1474,I11855,1600,1200,930,830.32,45,0,n,100
3454,I28210,1600,1200,930,356.2,45,0,n,100
2951,I23689,1800,1400,1020,303.45,45,11,n,100
1151,I09173,1600,1200,930,607.6,45,0,n,100
2488,I20156,1600,1200,930,364.84,45,0,n,100
3590,I29095,1600,1200,930,307.13,45,0,n,100
482,I03659,1600,1200,930,307.13,45,0,n,100
3408,I27809,1200,1000,930,704.36,45,2,n,100
3415,I27884,1200,1000,750,318.7,45,2,n,100
2738,I22017,1600,1200,545,338.52,45,0,n,100
1156,I09222,1200,1000,930,413.58,45,2,n,100
2178,I17396,1800,1400,1020,303.45,45,11,n,100
5532,I44643,1600,1200,930,364.84,45,0,n,100
2632,I21479,1910,1200,1295,613.59,45,19,n,100
4417,I36026,1600,1200,930,387.3,45,0,n,100
826,I06375,1800,1400,1020,303.45,45,11,n,100
4283,I34960,1200,1000,975,329.77,45,2,n,100
982,I07608,1200,1000,975,329.77,45,2,n,100
5197,I41766,1600,1200,930,663.22,45,0,n,100
4073,I33383,2000,1200,545,408.88,45,5,n,100
2999,I24067,1600,1200,930,307.13,45,0,n,100
842,I06457,1600,1200,930,313.0,45,0,n,100
1278,I10243,1600,1200,1350,303.92,45,0,n,100
1172,I09325,1600,1200,930,356.2,45,0,n,100
4454,I36373,1600,1200,930,551.56,45,0,n,100
2726,I22002,1200,1000,750,318.7,45,2,n,100
2136,I17026,1200,1000,545,729.5,45,2,n,100
3471,I28424,1800,1400,1020,303.45,45,11,n,100
5870,I47319,1200,1000,975,329.77,45,2,n,100
4600,I37276,1600,1200,1350,303.92,45,0,n,100
1227,I10002,1600,1200,930,356.2,45,0,n,100
3509,I28482,1910,1200,1295,613.59,45,19,n,100
2475,I20046,1600,1200,930,358.48,45,0,n,100
4813,I38722,2000,1200,2350,367.608,45,22,n,100
6184,I49722,1910,1200,1295,613.59,45,19,n,100
3385,I27489,1800,1200,1350,820.48,45,9,n,100
4441,I36265,1600,1200,930,438.4,45,0,n,100
5574,I44928,1600,1200,930,356.2,45,0,n,100
5678,I45634,1800,1400,1020,303.45,45,11,n,100
1229,I10012,1600,1200,750,323.7,45,0,n,100
5210,I41948,2000,1200,545,408.88,45,5,n,100
2161,I17283,1600,1200,1350,303.92,45,0,n,100
5255,I42236,1600,1200,975,460.0,45,0,n,100
5900,I47617,1200,1000,975,401.2,45,2,n,100
937,I07118,1600,1200,1350,303.92,45,0,n,100
3394,I27683,1600,1200,930,356.56,45,0,n,100
2423,I19551,1600,1200,930,307.13,45,0,n,100
2519,I20473,1800,1200,1350,820.48,45,9,n,100
4760,I38318,1600,1200,930,551.56,45,0,n,100
893,I06818,1910,1200,1295,613.59,45,19,n,100
511,I03861,1200,1000,930,413.58,45,2,n,100
390,I02874,1600,1200,1350,303.92,45,0,n,100
5543,I44712,1200,1000,975,329.77,45,2,n,100
2147,I17189,1800,1400,1020,303.45,45,11,n,100
3280,I26671,1910,1200,1295,613.59,45,19,n,100
4364,I35723,1200,1000,975,329.77,45,2,n,100
2055,I16358,1600,1200,930,356.2,45,0,n,100
2652,I21499,1910,1200,1295,613.59,45,19,n,100
5792,I46422,1600,1200,930,663.22,45,0,n,100
418,I03212,1600,1200,750,582.6,45,0,n,100
4209,I34536,1600,1200,930,356.56,45,0,n,100
4514,I36728,1600,1200,1350,303.92,45,0,n,100
1299,I10447,1800,1400,1020,303.45,45,11,n,100
5822,I46649,1200,1000,930,319.1,45,2,n,100
4812,I38721,2000,1200,2350,367.608,45,22,n,100
1884,I14844,1600,1200,930,607.6,45,0,n,100
99,I00894,1600,1200,930,370.78,45,0,n,100
3337,I27112,1600,1200,930,784.6,45,0,n,100
4111,I33669,1600,1200,930,307.13,45,0,n,100
1556,I12425,1600,1200,930,547.3,45,0,n,100
1065,I08364,1600,1200,930,551.56,45,0,n,100
2442,I19791,1200,1000,930,414.14,45,2,n,100
1888,I14857,1800,1400,1020,303.45,45,11,n,100
2235,I17945,1600,1200,750,323.7,45,0,n,100
5677,I45633,1800,1400,1020,303.45,45,11,n,100
593,I04570,1600,1200,930,387.3,45,0,n,100
4457,I36427,1800,1400,1020,303.45,45,11,n,100
2788,I22357,1600,1200,930,551.56,45,0,n,100
2012,I16049,1600,1200,930,356.2,45,0,n,100
4899,I39319,1800,1200,1350,820.48,45,9,n,100
2043,I16260,1600,1200,930,547.3,45,0,n,100
1545,I12371,1600,1200,930,607.6,45,0,n,100
2585,I21047,1200,1000,545,690.5,45,2,n,100
3284,I26684,1600,1200,750,582.6,45,0,n,100
4864,I38956,1200,1000,930,1105.44,45,2,n,100
405,I03029,1600,1200,930,387.3,45,0,n,100
5122,I41068,1600,1200,930,370.78,45,0,n,100
414,I03189,1600,1200,930,307.13,45,0,n,100
2429,I19627,1600,1200,930,663.22,45,0,n,100
5838,I46835,1200,1000,930,1105.44,45,2,n,100
1309,I10464,2000,1200,2350,367.608,45,22,n,100
2434,I19753,1600,1200,930,551.56,45,0,n,100
5741,I46033,1600,1200,750,323.7,45,0,n,100
5753,I46070,1600,1200,930,547.3,45,0,n,100
5377,I43176,1600,1200,930,309.5,45,0,n,100
3909,I31853,1600,1200,930,454.873,45,0,n,100
5670,I45625,1200,1000,930,414.14,45,2,n,100
488,I03672,1600,1200,930,358.48,45,0,n,100
2092,I16595,1200,1000,930,704.12,45,2,n,100
78,I00763,1200,1000,930,704.12,45,2,n,100
2047,I16283,1200,1000,930,345.29,45,2,n,100
387,I02823,1600,1200,930,781.25,45,0,n,100
5704,I45857,1600,1200,930,551.56,45,0,n,100
56,I00514,1200,1000,975,329.77,45,2,n,100
5032,I40320,1600,1200,930,356.56,45,0,n,100
6042,I48534,1800,1400,1020,303.45,45,11,n,100
1690,I13356,1200,1000,750,431.704,45,2,n,100
5272,I42472,1200,1000,545,526.75,45,2,n,100
1248,I10116,1600,1200,1350,303.92,45,0,n,100
2444,I19830,1600,1200,1350,303.92,45,0,n,100
3276,I26667,1910,1200,1295,613.59,45,19,n,100
3634,I29368,1600,1200,930,438.4,45,0,n,100
1112,I08911,1600,1200,930,387.3,45,0,n,100
4273,I34860,1600,1200,930,551.56,45,0,n,100
5260,I42325,1600,1200,930,356.2,45,0,n,100
5779,I46283,1600,1200,1350,303.92,45,0,n,100
424,I03224,1600,1200,1350,303.92,45,0,n,100
4998,I40104,1600,1200,1350,303.92,45,0,n,100
1743,I13616,1600,1200,1350,303.92,45,0,n,100
5573,I44927,1600,1200,930,356.2,45,0,n,100
1169,I09322,1600,1200,930,356.2,45,0,n,100
4259,I34757,1600,1200,930,356.2,45,0,n,100
5130,I41169,1600,1200,975,808.3,45,0,n,100
4621,I37380,1600,1200,930,438.4,45,0,n,100
4638,I37482,1600,1200,750,323.7,45,0,n,100
3486,I28459,1910,1200,1295,613.59,45,19,n,100
4633,I37441,2400,1200,1490,340.5,45,24,n,5
4989,I39911,1600,1200,930,396.2,45,0,n,100
4786,I38472,1200,1000,930,340.1,45,2,n,100
670,I04936,1600,1200,930,547.3,45,0,n,100
4397,I35848,1600,1200,1350,303.92,45,0,n,100
3108,I25246,1600,1200,930,356.2,45,0,n,100
1950,I15383,1600,1200,930,307.13,45,0,n,100
2104,I16725,1600,1200,930,784.6,45,0,n,100
184,I01562,1200,1000,975,401.2,45,2,n,100
3541,I28684,1600,1200,930,307.13,45,0,n,100
643,I04781,1200,1000,930,704.36,45,2,n,100
6197,I49785,1600,1200,1350,303.92,45,0,n,100
1537,I12334,1800,1400,1020,303.45,45,11,n,100
2269,I18189,1910,1200,1295,613.59,45,19,n,100
4439,I36263,1600,1200,930,438.4,45,0,n,100
3046,I24620,1600,1200,930,358.48,45,0,n,100
4623,I37382,1600,1200,930,438.4,45,0,n,100
3208,I26126,1600,1200,930,307.13,45,0,n,100
2335,I18635,1600,1200,930,551.56,45,0,n,100
6039,I48531,1800,1400,1020,303.45,45,11,n,100
969,I07473,1600,1200,975,460.0,45,0,n,100
2044,I16261,1600,1200,930,547.3,45,0,n,100
6191,I49776,1200,1000,975,329.77,45,2,n,100
3203,I26111,1600,1200,930,356.2,45,0,n,100
3304,I26853,1600,1200,930,438.4,45,0,n,100
3498,I28471,1910,1200,1295,613.59,45,19,n,100
1601,I12614,1200,1000,930,345.29,45,2,n,100
3854,I31265,1600,1200,750,323.7,45,0,n,100
1963,I15472,1600,1200,930,663.22,45,0,n,100
6179,I49717,1910,1200,1295,613.59,45,19,n,100
4701,I37926,1600,1200,930,551.56,45,0,n,100
5106,I41015,1600,1200,930,551.56,45,0,n,100
6231,I50189,1200,1000,930,413.58,45,2,n,100
1056,I08352,1600,1200,930,607.6,45,0,n,100
408,I03032,1600,1200,930,307.13,45,0,n,100
3414,I27867,2000,1200,2350,367.608,45,22,n,100
3295,I26809,1200,1000,930,347.0,45,2,n,100
2663,I21553,1600,1200,930,370.78,45,0,n,100
2639,I21486,1910,1200,1295,613.59,45,19,n,100
833,I06382,1800,1400,1020,303.45,45,11,n,100
3698,I29725,1600,1200,930,356.2,45,0,n,100
4637,I37445,1600,1200,930,358.48,45,0,n,100
3238,I26495,1600,1200,930,370.78,45,0,n,100
5088,I40815,1200,1000,975,401.2,45,2,n,100
3855,I31277,1600,1200,1350,303.92,45,0,n,100
3648,I29534,1600,1200,930,356.56,45,0,n,100
4436,I36260,1600,1200,930,438.4,45,0,n,100
4431,I36226,1200,1000,750,431.704,45,2,n,100
1333,I10656,1600,1200,930,396.2,45,0,n,100
1394,I11245,1600,1200,930,309.5,45,0,n,100
3701,I29745,1600,1200,750,582.6,45,0,n,100
2688,I21755,1600,1200,930,358.48,45,0,n,100
2118,I16888,1600,1200,930,551.56,45,0,n,100
5614,I45264,1200,1000,750,351.756,45,2,n,100
4495,I36675,1600,1200,930,547.3,45,0,n,100
5523,I44504,1600,1200,930,663.22,45,0,n,100
290,I02069,1600,1200,930,356.2,45,0,n,100
1345,I10791,1600,1200,930,356.2,45,0,n,100
1145,I09098,1600,1200,1350,303.92,45,0,n,100
1405,I11301,1600,1200,930,370.78,45,0,n,100
5184,I41627,1200,1000,975,329.77,45,2,n,100
5145,I41243,1200,1000,930,340.1,45,2,n,100
3425,I27959,1900,1200,750,845.38,45,6,n,100
2818,I22744,1600,1200,930,607.6,45,0,n,100
5325,I42914,1600,1200,930,307.13,45,0,n,100
924,I07068,1600,1200,1350,303.92,45,0,n,100
534,I04035,1600,1200,930,364.84,45,0,n,100
272,I02006,1910,1200,1295,613.59,45,19,n,100
1940,I15355,1600,1200,930,663.22,45,0,n,100
978,I07543,1200,1000,975,401.2,45,2,n,100
3861,I31303,1200,1000,1155,373.25,0,1,n,100
723,I05378,1200,1000,750,318.7,45,2,n,100
1016,I07911,1800,1400,1020,303.45,45,11,n,100
139,I01156,1200,1000,545,526.75,45,2,n,100
2220,I17849,1600,1200,930,356.2,45,0,n,100
4853,I38937,2000,1200,2350,367.608,45,22,n,100
4977,I39865,1910,1200,1295,613.59,45,19,n,100
1668,I13186,1800,1400,1020,303.45,45,11,n,100
660,I04833,1600,1200,930,830.32,45,0,n,100
4941,I39698,1600,1200,930,310.76,45,0,n,100
6262,I50512,1600,1200,930,356.2,45,0,n,100
4188,I34298,1600,1200,930,358.48,45,0,n,100
4264,I34764,1600,1200,930,356.2,45,0,n,100
1631,I12816,1600,1200,930,356.2,45,0,n,100
3333,I27105,1600,1200,930,307.13,45,0,n,100
2975,I23818,1600,1200,930,547.3,45,0,n,100
2078,I16532,1200,1000,975,401.2,45,2,n,100
2048,I16300,1200,1000,975,401.2,45,2,n,100
2402,I19242,1600,1200,930,307.13,45,0,n,100
4639,I37483,1600,1200,750,323.7,45,0,n,100
4652,I37550,1600,1200,930,551.56,45,0,n,100
1049,I08192,1200,1000,975,329.77,45,2,n,100
2985,I23922,1600,1200,930,370.78,45,0,n,100
3472,I28425,1800,1400,1020,303.45,45,11,n,100
4342,I35515,1600,1200,930,784.6,45,0,n,100
742,I05655,1600,1200,930,663.22,45,0,n,100
4529,I36815,1600,1200,930,663.22,45,0,n,100
6134,I49223,1600,1200,930,784.6,45,0,n,100
3033,I24366,1800,1200,1350,820.48,45,9,n,100
5245,I42128,1600,1200,930,307.13,45,0,n,100
2816,I22718,1200,1000,975,329.77,45,2,n,100
1979,I15703,1600,1200,930,356.56,45,0,n,100
4907,I39426,1600,1200,930,356.2,45,0,n,100
3836,I31067,1600,1200,930,607.6,45,0,n,100
4483,I36607,1600,1200,930,387.3,45,0,n,100
5390,I43261,1900,1200,750,713.62,45,6,n,100
3726,I29978,1600,1200,1350,303.92,45,0,n,100
4485,I36611,1600,1200,930,387.3,45,0,n,100
4320,I35353,1600,1200,930,370.78,45,0,n,100
3016,I24174,1800,1400,1020,303.45,45,11,n,100
1564,I12497,1200,1000,930,413.58,45,2,n,100
1108,I08866,1800,1400,1020,303.45,45,11,n,100
3887,I31558,1200,1000,975,329.77,45,2,n,100
1606,I12647,1200,1000,930,413.58,45,2,n,100
289,I02068,1600,1200,930,356.2,45,0,n,100
3382,I27466,1600,1200,545,338.16,45,0,n,100
6023,I48475,1600,1200,930,547.3,45,0,n,100
3938,I32155,1600,1200,930,370.78,45,0,n,100
814,I06320,1600,1200,975,460.0,45,0,n,100
1939,I15339,1200,1000,930,414.14,45,2,n,100
1021,I07932,1200,1000,975,329.77,45,2,n,100
3966,I32492,1600,1200,1350,303.92,45,0,n,100
1272,I10213,1600,1200,930,307.13,45,0,n,100
4450,I36369,1200,1000,1155,366.75,0,1,n,100
1301,I10449,1800,1400,1020,303.45,45,11,n,100
5463,I44116,1600,1200,930,396.2,45,0,n,100
564,I04286,1600,1200,930,356.2,45,0,n,100
1620,I12770,1600,1200,930,784.6,45,0,n,100
857,I06660,1800,1400,1020,303.45,45,11,n,100
5623,I45320,1600,1200,750,323.7,45,0,n,100
6030,I48493,1600,1200,930,307.13,45,0,n,100
2036,I16185,1600,1200,930,313.0,45,0,n,100
614,I04649,1200,1000,975,337.45,45,2,n,100
2724,I21997,1200,1000,975,329.77,45,2,n,100
1615,I12680,1600,1200,930,307.13,45,0,n,100
835,I06433,1600,1200,930,356.2,45,0,n,100
3857,I31279,1600,1200,1350,303.92,45,0,n,100
5590,I45010,1800,1400,1020,303.45,45,11,n,100
5441,I43776,1600,1200,930,358.48,45,0,n,100
6234,I50192,1600,1200,930,356.2,45,0,n,100
2961,I23758,1800,1400,1020,303.45,45,11,n,100
1195,I09608,1200,1000,975,329.77,45,2,n,100
3904,I31768,1800,1200,1350,820.48,45,9,n,100
5166,I41420,1600,1200,930,387.3,45,0,n,100
3258,I26595,1600,1200,930,547.3,45,0,n,100
4275,I34864,1600,1200,1350,303.92,45,0,n,100
5936,I47805,1910,1200,1295,613.59,45,19,n,100
4923,I39606,1600,1200,750,323.7,45,0,n,100
4586,I37259,1910,1200,1295,613.59,45,19,n,100
2507,I20317,1600,1200,1350,303.92,45,0,n,100
1866,I14693,1600,1200,930,547.3,45,0,n,100
2862,I23009,1600,1200,930,438.4,45,0,n,100
734,I05529,1200,1000,750,318.7,45,2,n,100
2742,I22052,1200,1000,975,336.7,45,2,n,100
4020,I32897,1600,1200,930,358.48,45,0,n,100
5989,I48111,1200,1000,930,347.0,45,2,n,100
1717,I13531,1600,1200,930,454.873,45,0,n,100
440,I03326,1200,1000,930,319.1,45,2,n,100
4761,I38329,1600,1200,750,582.6,45,0,n,100
202,I01722,1800,1200,1350,820.48,45,9,n,100
1800,I14083,1600,1200,545,338.52,45,0,n,100
2417,I19513,1600,1200,930,307.13,45,0,n,100
1529,I12225,1600,1200,750,582.6,45,0,n,100
4171,I34192,1200,1000,750,305.32,45,2,n,100
4343,I35523,1200,1000,930,414.14,45,2,n,100
2350,I18814,1600,1200,930,547.3,45,0,n,100
4186,I34296,1600,1200,930,358.48,45,0,n,100
4367,I35727,2000,1200,545,408.88,45,5,n,100
4007,I32813,1600,1200,930,356.2,45,0,n,100
4737,I38203,1600,1200,930,438.4,45,0,n,100
175,I01447,1200,1000,930,340.1,45,2,n,100
5451,I43813,1600,1200,975,460.0,45,0,n,100
3699,I29726,1600,1200,930,356.2,45,0,n,100
2554,I20752,1600,1200,750,323.7,45,0,n,100
5237,I42104,1600,1200,930,364.84,45,0,n,100
2242,I17995,1600,1200,930,309.5,45,0,n,100
5652,I45437,1600,1200,545,338.52,45,0,n,100
5049,I40383,1600,1200,930,438.4,45,0,n,100
3599,I29116,2000,1200,2350,367.608,45,22,n,100
2752,I22123,1200,1000,930,704.12,45,2,n,100
1352,I10908,1200,1000,975,401.2,45,2,n,100
1864,I14684,1200,1000,1155,373.25,0,1,n,100
4722,I38090,2000,1200,2350,367.608,45,22,n,100
6130,I49214,1800,1400,1020,303.45,45,11,n,100
4704,I37972,1200,1000,545,690.5,45,2,n,100
1644,I12981,1600,1200,930,370.78,45,0,n,100
5904,I47631,1600,1200,750,323.7,45,0,n,100
2730,I22009,1800,1400,1020,303.45,45,11,n,100
6267,I50534,1600,1200,930,309.5,45,0,n,100
2814,I22716,1200,1000,975,329.77,45,2,n,100
4359,I35678,1200,1000,545,690.5,45,2,n,100
3026,I24226,1600,1200,930,364.84,45,0,n,100
3895,I31674,1600,1200,930,370.78,45,0,n,100
3787,I30693,1200,1000,750,351.944,45,2,n,100
5599,I45053,1200,1000,975,329.77,45,2,n,100
4282,I34958,1600,1200,930,356.56,45,0,n,100
4793,I38553,1200,1000,750,305.32,45,2,n,100
4658,I37652,1600,1200,1350,303.92,45,0,n,100
3768,I30457,1600,1200,930,663.22,45,0,n,100
3781,I30632,1600,1200,930,370.78,45,0,n,100
1497,I12007,1600,1200,930,356.2,45,0,n,100
1797,I14044,1200,1000,975,329.77,45,2,n,100
4696,I37919,1600,1200,975,611.224,45,0,n,100
1855,I14643,1200,1000,975,337.45,45,2,n,100
918,I07010,1600,1200,930,387.3,45,0,n,100
3007,I24123,1600,1200,1350,303.92,45,0,n,100
4817,I38733,1200,1000,930,345.29,45,2,n,100
1569,I12508,1200,1000,750,351.944,45,2,n,100
5571,I44847,1600,1200,930,607.6,45,0,n,100
343,I02512,1200,1000,975,329.77,45,2,n,100
757,I05800,1600,1200,930,356.56,45,0,n,100
1119,I08957,1200,1000,975,401.2,45,2,n,100
698,I05290,1600,1200,930,784.6,45,0,n,100
1911,I14972,1600,1200,930,370.78,45,0,n,100
5099,I40920,2000,1200,2350,367.608,45,22,n,100
4308,I35146,1600,1200,930,607.6,45,0,n,100
2821,I22772,1600,1200,930,784.6,45,0,n,100
3962,I32486,1200,1000,750,405.72,45,2,n,100
4056,I33270,1200,1000,545,729.5,45,2,n,100
616,I04659,1600,1200,930,370.78,45,0,n,100
6200,I49862,1600,1200,930,364.84,45,0,n,100
1852,I14620,1600,1200,930,356.56,45,0,n,100
6059,I48754,1200,1000,930,319.1,45,2,n,100
1055,I08281,1200,1000,930,414.14,45,2,n,100
1223,I09927,1600,1200,930,607.6,45,0,n,100
3271,I26657,1200,1000,750,318.7,45,2,n,100
1630,I12815,1600,1200,930,663.22,45,0,n,100
4348,I35592,1200,1000,930,414.14,45,2,n,100
1505,I12102,1200,1000,545,729.5,45,2,n,100
2231,I17908,1600,1200,930,663.22,45,0,n,100
2521,I20508,1200,1000,975,329.77,45,2,n,100
619,I04669,1800,1400,1020,303.45,45,11,n,100
20,I00276,1200,1000,930,617.24,45,2,n,100
2230,I17900,1200,1000,975,401.2,45,2,n,100
4905,I39424,1600,1200,930,356.2,45,0,n,100
985,I07611,1600,1200,750,582.6,45,0,n,100
3905,I31783,1600,1200,545,338.16,45,0,n,100
1715,I13481,1600,1200,930,356.56,45,0,n,100
4603,I37279,1600,1200,930,607.6,45,0,n,100
1433,I11476,1600,1200,930,356.2,45,0,n,100
880,I06805,1910,1200,1295,613.59,45,19,n,100
3168,I25794,1800,1400,1020,303.45,45,11,n,100
5090,I40818,1600,1200,930,364.84,45,0,n,100
3023,I24200,1200,1000,545,526.75,45,2,n,100
5160,I41332,1200,1000,750,431.704,45,2,n,100
5027,I40290,1600,1200,930,387.3,45,0,n,100
383,I02817,1800,1400,1020,303.45,45,11,n,100
4846,I38896,1600,1200,930,396.2,45,0,n,100
4604,I37280,1600,1200,930,607.6,45,0,n,100
4849,I38933,2000,1200,2350,367.608,45,22,n,100
4677,I37807,1600,1200,930,607.6,45,0,n,100
5240,I42107,1200,1000,930,414.14,45,2,n,100
5630,I45374,1200,1000,930,413.58,45,2,n,100
3758,I30323,2000,1200,545,408.88,45,5,n,100
793,I06127,1910,1200,1295,613.59,45,19,n,100
1199,I09618,1600,1200,930,356.2,45,0,n,100
6180,I49718,1910,1200,1295,613.59,45,19,n,100
774,I06069,1600,1200,930,356.2,45,0,n,100
971,I07476,1600,1200,930,356.56,45,0,n,100
280,I02049,1200,1000,930,413.58,45,2,n,100
4634,I37442,1600,1200,930,607.6,45,0,n,100
680,I04955,1800,1400,1020,303.45,45,11,n,100
712,I05349,1800,1400,1020,303.45,45,11,n,100
131,I01107,1600,1200,930,784.6,45,0,n,100
6244,I50341,1600,1200,750,582.6,45,0,n,100
3188,I25939,1600,1200,930,356.56,45,0,n,100
5297,I42761,1600,1200,930,356.2,45,0,n,100
2630,I21477,1910,1200,1295,613.59,45,19,n,100
4446,I36279,1200,1000,975,401.2,45,2,n,100
570,I04403,1600,1200,930,307.13,45,0,n,100
4710,I38067,2000,1200,545,408.88,45,5,n,100
3907,I31803,1600,1200,930,784.6,45,0,n,100
5489,I44249,1600,1200,975,460.0,45,0,n,100
2593,I21145,1900,1200,750,713.62,45,6,n,100
860,I06663,1800,1400,1020,303.45,45,11,n,100
5144,I41239,1200,1000,750,318.7,45,2,n,100
5408,I43511,1600,1200,930,551.56,45,0,n,100
3775,I30576,1600,1200,930,663.22,45,0,n,100
5650,I45435,2000,1200,545,408.88,45,5,n,100
873,I06777,1600,1200,930,830.32,45,0,n,100
2158,I17218,1800,1400,1020,303.45,45,11,n,100
5422,I43594,1600,1200,930,356.2,45,0,n,100
325,I02423,1800,1400,1020,303.45,45,11,n,100
6068,I48812,1600,1200,930,396.2,45,0,n,100
3657,I29569,1600,1200,930,438.4,45,0,n,100
3179,I25902,1600,1200,930,551.56,45,0,n,100
1549,I12417,1900,1200,750,713.62,45,6,n,100
3843,I31129,1600,1200,1350,303.92,45,0,n,100
2459,I19918,1600,1200,930,370.78,45,0,n,100
5535,I44661,1600,1200,1350,303.92,45,0,n,100
6007,I48329,1900,1200,750,713.62,45,6,n,100
4459,I36429,1800,1400,1020,303.45,45,11,n,100
3911,I31855,1600,1200,930,454.873,45,0,n,100
6069,I48848,1600,1200,1350,303.92,45,0,n,100
1869,I14696,1600,1200,930,663.22,45,0,n,100
3927,I32034,1600,1200,930,356.56,45,0,n,100
6261,I50511,1600,1200,930,356.2,45,0,n,100
1656,I13107,1600,1200,545,338.16,45,0,n,100
107,I01004,1600,1200,930,607.6,45,0,n,100
4866,I38961,1600,1200,930,663.22,45,0,n,100
3910,I31854,1600,1200,930,454.873,45,0,n,100
2886,I23152,1600,1200,930,364.84,45,0,n,100
2522,I20555,1600,1200,975,611.224,45,0,n,100
4669,I37758,1600,1200,930,396.2,45,0,n,100
5258,I42270,1600,1200,750,323.7,45,0,n,100
1071,I08381,1600,1200,930,607.6,45,0,n,100
1131,I09029,1600,1200,930,396.2,45,0,n,100
346,I02531,1600,1200,930,356.2,45,0,n,100
2383,I19126,1600,1200,930,356.56,45,0,n,100
5913,I47720,1600,1200,930,396.2,45,0,n,100
4432,I36229,1600,1200,1350,303.92,45,0,n,100
5053,I40399,1200,1000,930,340.1,45,2,n,100
4741,I38213,1200,1000,930,704.36,45,2,n,100
4876,I39128,1800,1200,1350,820.48,45,9,n,100
4191,I34329,1200,1000,750,305.32,45,2,n,100
5104,I40997,1200,1000,975,384.74,45,2,n,100
538,I04059,1600,1200,930,663.22,45,0,n,100
3631,I29365,1600,1200,930,438.4,45,0,n,100
935,I07114,1600,1200,930,370.78,45,0,n,100
5932,I47801,1910,1200,1295,613.59,45,19,n,100
285,I02063,1600,1200,930,307.13,45,0,n,100
691,I05114,1200,1000,975,337.45,45,2,n,100
1943,I15367,1600,1200,930,607.6,45,0,n,100
5414,I43565,1200,1000,930,414.14,45,2,n,100
450,I03441,1600,1200,1350,303.92,45,0,n,100
6131,I49215,1800,1400,1020,303.45,45,11,n,100
2838,I22872,1600,1200,930,607.6,45,0,n,100
5561,I44754,1200,1000,975,401.2,45,2,n,100
2167,I17333,1600,1200,930,551.56,45,0,n,100
5818,I46621,1200,1000,750,431.704,45,2,n,100
61,I00539,1600,1200,930,356.56,45,0,n,100
5484,I44241,1600,1200,930,551.56,45,0,n,100
4037,I33049,1200,1000,975,329.77,45,2,n,100
2993,I24032,1200,1000,930,414.14,45,2,n,100
3357,I27286,1200,1000,975,329.77,45,2,n,100
4424,I36148,1200,1000,930,347.0,45,2,n,100
4994,I39964,1600,1200,930,830.32,45,0,n,100
1813,I14224,1600,1200,930,607.6,45,0,n,100
1060,I08359,1600,1200,930,356.56,45,0,n,100
3371,I27401,1600,1200,930,358.48,45,0,n,100
863,I06761,1600,1200,930,356.2,45,0,n,100
6215,I50038,1600,1200,930,607.6,45,0,n,100
550,I04141,1600,1200,930,356.2,45,0,n,100
5320,I42864,1600,1200,975,611.224,45,0,n,100
1525,I12172,1600,1200,545,338.52,45,0,n,100
483,I03660,1600,1200,930,307.13,45,0,n,100
2290,I18221,1600,1200,930,307.13,45,0,n,100
4541,I36917,1600,1200,930,356.2,45,0,n,100
3742,I30141,1200,1000,930,413.58,45,2,n,100
4222,I34609,1910,1200,1295,613.59,45,19,n,100
955,I07451,1600,1200,930,547.3,45,0,n,100
249,I01983,1910,1200,1295,613.59,45,19,n,100
6124,I49097,1600,1200,930,356.2,45,0,n,100
2303,I18265,1200,1000,930,413.58,45,2,n,100
1294,I10442,1800,1400,1020,303.45,45,11,n,100
3556,I28791,1600,1200,930,663.22,45,0,n,100
3417,I27887,1200,1000,975,329.77,45,2,n,100
2889,I23164,1600,1200,750,323.7,45,0,n,100
6209,I50004,1600,1200,545,338.52,45,0,n,100
5216,I41968,1200,1000,750,431.704,45,2,n,100
2030,I16165,1600,1200,930,396.2,45,0,n,100
4891,I39264,1600,1200,930,551.56,45,0,n,100
5647,I45431,2000,1200,2350,367.608,45,22,n,100
3346,I27205,1600,1200,930,309.5,45,0,n,100
6112,I49003,1600,1200,930,307.13,45,0,n,100
1815,I14245,1200,1000,930,347.0,45,2,n,100
1975,I15610,1200,1000,930,704.36,45,2,n,100
3349,I27254,1600,1200,930,781.25,45,0,n,100
5183,I41617,1200,1000,545,526.75,45,2,n,100
5742,I46034,1600,1200,930,370.78,45,0,n,100
4452,I36371,1600,1200,930,551.56,45,0,n,100
2875,I23029,1600,1200,930,356.2,45,0,n,100
3595,I29112,2000,1200,2350,367.608,45,22,n,100
6185,I49723,1910,1200,1295,613.59,45,19,n,100
3220,I26338,1800,1400,1020,303.45,45,11,n,100
4988,I39910,1200,1000,975,465.1,45,2,n,100
3218,I26336,1800,1400,1020,303.45,45,11,n,100
1006,I07779,1600,1200,1350,303.92,45,0,n,100
1552,I12421,1600,1200,930,547.3,45,0,n,100
4176,I34230,1200,1000,975,329.77,45,2,n,100
3019,I24177,1800,1400,1020,303.45,45,11,n,100
6121,I49069,1600,1200,930,356.56,45,0,n,100
429,I03240,1900,1200,750,845.38,45,6,n,100
3314,I26938,1600,1200,930,356.2,45,0,n,100
36,I00371,1600,1200,930,387.3,45,0,n,100
2619,I21345,1600,1200,930,396.2,45,0,n,100
3167,I25793,1800,1400,1020,303.45,45,11,n,100
1539,I12336,1800,1400,1020,303.45,45,11,n,100
3447,I28123,1600,1200,930,607.6,45,0,n,100
4788,I38512,1200,1000,750,405.72,45,2,n,100
2829,I22802,1200,1000,930,340.0,45,2,n,100
68,I00661,1600,1200,930,387.3,45,0,n,100
4477,I36571,1800,1200,1350,820.48,45,9,n,100
481,I03658,1600,1200,930,307.13,45,0,n,100
4185,I34295,1200,1000,930,338.9,45,2,n,100
5114,I41035,1600,1200,930,547.3,45,0,n,100
3942,I32174,1600,1200,930,370.78,45,0,n,100
3809,I30833,1600,1200,930,307.13,45,0,n,100
5935,I47804,1910,1200,1295,613.59,45,19,n,100
5292,I42756,1200,1000,975,336.7,45,2,n,100
5942,I47811,1910,1200,1295,613.59,45,19,n,100
3880,I31526,1800,1400,1020,303.45,45,11,n,100
1,I00020,1600,1200,930,781.25,45,0,n,100
5817,I46619,2000,1200,2350,367.608,45,22,n,100
4385,I35767,1910,1200,1295,613.59,45,19,n,100
395,I02910,1800,1400,1020,303.45,45,11,n,100
176,I01462,1200,1000,750,351.944,45,2,n,100
995,I07717,2000,1200,2350,367.608,45,22,n,100
1061,I08360,1600,1200,930,356.56,45,0,n,100
1559,I12444,1200,1000,750,351.756,45,2,n,100
2766,I22204,1600,1200,930,356.2,45,0,n,100
3667,I29605,1800,1200,1350,820.48,45,9,n,100
849,I06553,1600,1200,930,358.48,45,0,n,100
4360,I35704,1600,1200,975,460.0,45,0,n,100
2393,I19191,1600,1200,930,307.13,45,0,n,100
415,I03190,1600,1200,930,307.13,45,0,n,100
1414,I11330,1600,1200,1350,303.92,45,0,n,100
523,I03950,1600,1200,930,396.2,45,0,n,100
447,I03397,2000,1200,545,408.88,45,5,n,100
5957,I47904,1600,1200,930,356.2,45,0,n,100
4032,I33021,1600,1200,930,784.6,45,0,n,100
5155,I41291,1600,1200,975,460.0,45,0,n,100
2710,I21934,1600,1200,930,551.56,45,0,n,100
4951,I39782,1600,1200,930,358.48,45,0,n,100
1910,I14971,1800,1200,1350,820.48,45,9,n,100
145,I01244,1600,1200,930,356.2,45,0,n,100
4838,I38832,1200,1000,545,526.75,45,2,n,100
38,I00373,1200,1000,930,345.29,45,2,n,100
3006,I24095,1200,1000,930,345.29,45,2,n,100
552,I04193,1600,1200,930,364.84,45,0,n,100
1097,I08789,1600,1200,930,307.13,45,0,n,100
4002,I32769,1600,1200,975,611.224,45,0,n,100
2441,I19782,1600,1200,930,356.56,45,0,n,100
3641,I29421,1200,1000,930,347.0,45,2,n,100
5912,I47695,1600,1200,930,307.13,45,0,n,100
4438,I36262,1600,1200,930,438.4,45,0,n,100
5625,I45329,1600,1200,930,358.48,45,0,n,100
6239,I50274,1200,1000,975,329.77,45,2,n,100
3224,I26350,1200,1000,930,345.29,45,2,n,100
4493,I36673,1600,1200,930,547.3,45,0,n,100
5366,I43103,1910,1200,1295,613.59,45,19,n,100
1381,I11105,1200,1000,975,329.77,45,2,n,100
2980,I23852,1600,1200,1350,312.72,45,0,n,100
3778,I30595,1600,1200,930,356.2,45,0,n,100
3684,I29674,1600,1200,1350,303.92,45,0,n,100
1604,I12635,1600,1200,930,784.6,45,0,n,100
686,I05009,1600,1200,930,546.3,45,0,n,100
5378,I43184,1600,1200,1350,303.92,45,0,n,100
2427,I19623,1600,1200,930,663.22,45,0,n,100
5058,I40464,1600,1200,930,438.4,45,0,n,100
5003,I40109,1600,1200,930,356.2,45,0,n,100
1925,I15187,1600,1200,930,307.13,45,0,n,100
1960,I15465,1600,1200,750,323.7,45,0,n,100
5256,I42259,1600,1200,930,663.22,45,0,n,100
2070,I16491,1600,1200,930,784.6,45,0,n,100
4779,I38435,1600,1200,1350,303.92,45,0,n,100
5901,I47618,1200,1000,975,401.2,45,2,n,100
4152,I34094,1800,1400,1020,303.45,45,11,n,100
4232,I34619,1910,1200,1295,613.59,45,19,n,100
5225,I42067,1200,1000,930,413.58,45,2,n,100
3066,I24765,1200,1000,975,329.77,45,2,n,100
4267,I34807,1200,1000,545,526.75,45,2,n,100
2661,I21550,1200,1000,750,351.756,45,2,n,100
3399,I27733,1600,1200,930,547.3,45,0,n,100
755,I05798,1600,1200,930,356.56,45,0,n,100
3873,I31510,1600,1200,930,663.22,45,0,n,100
27,I00338,1600,1200,930,364.84,45,0,n,100
350,I02571,1600,1200,930,358.48,45,0,n,100
3004,I24085,1200,1000,975,401.2,45,2,n,100
830,I06379,1800,1400,1020,303.45,45,11,n,100
3186,I25937,1600,1200,930,356.56,45,0,n,100
4154,I34096,1800,1400,1020,303.45,45,11,n,100
4673,I37764,1600,1200,975,460.0,45,0,n,100
1430,I11468,1600,1200,930,307.13,45,0,n,100
5806,I46569,1600,1200,930,307.13,45,0,n,100
5196,I41765,1600,1200,930,358.48,45,0,n,100
1234,I10070,2000,1200,2350,367.608,45,22,n,100
4134,I33905,1200,1000,750,351.944,45,2,n,100
5841,I46839,1600,1200,930,356.2,45,0,n,100
3427,I27962,1200,1000,975,401.2,45,2,n,100
3975,I32526,2000,1200,2350,367.608,45,22,n,100
473,I03619,1600,1200,930,607.6,45,0,n,100
2420,I19548,1600,1200,930,307.13,45,0,n,100
1482,I11877,1600,1200,930,438.4,45,0,n,100
6170,I49708,1910,1200,1295,613.59,45,19,n,100
748,I05775,1200,1000,930,414.14,45,2,n,100
5298,I42767,1200,1000,930,345.29,45,2,n,100
3395,I27684,1600,1200,930,358.48,45,0,n,100
4419,I36038,1600,1200,930,454.873,45,0,n,100
3532,I28580,1600,1200,930,370.78,45,0,n,100
389,I02873,1600,1200,930,387.3,45,0,n,100
1873,I14725,2400,1200,1490,340.5,45,24,n,5
1043,I08148,1600,1200,975,460.0,45,0,n,100
684,I04971,1600,1200,545,338.16,45,0,n,100
2787,I22346,1800,1200,1350,820.48,45,9,n,100
768,I06009,1600,1200,750,323.7,45,0,n,100
604,I04627,1200,1000,975,401.2,45,2,n,100
746,I05768,1600,1200,930,356.56,45,0,n,100
6208,I49978,1200,1000,930,704.12,45,2,n,100
5235,I42102,1600,1200,930,356.56,45,0,n,100
3225,I26351,1200,1000,545,526.75,45,2,n,100
4749,I38274,1800,1400,1020,303.45,45,11,n,100
2353,I18817,1600,1200,930,547.3,45,0,n,100
4999,I40105,1600,1200,1350,303.92,45,0,n,100
1949,I15382,1600,1200,930,307.13,45,0,n,100
1987,I15799,1600,1200,930,607.6,45,0,n,100
4254,I34693,1200,1000,975,329.77,45,2,n,100
3184,I25911,1600,1200,1350,303.92,45,0,n,100
4160,I34107,1200,1000,975,329.77,45,2,n,100
4681,I37824,1200,1000,930,345.29,45,2,n,100
4976,I39864,1910,1200,1295,613.59,45,19,n,100
6075,I48855,1200,1000,930,340.0,45,2,n,100
6154,I49583,1600,1200,930,607.6,45,0,n,100
3514,I28495,1600,1200,930,387.3,45,0,n,100
88,I00822,1800,1400,1020,303.45,45,11,n,100
5879,I47369,1800,1200,1350,820.48,45,9,n,100
1102,I08796,1600,1200,930,551.56,45,0,n,100
3051,I24657,1600,1200,1350,303.92,45,0,n,100
5448,I43793,1200,1000,930,414.14,45,2,n,100
2708,I21920,1600,1200,930,356.2,45,0,n,100
4968,I39856,1910,1200,1295,613.59,45,19,n,100
3270,I26656,1200,1000,750,318.7,45,2,n,100
487,I03671,1600,1200,930,358.48,45,0,n,100
1155,I09180,1600,1200,750,323.7,45,0,n,100
5927,I47796,1910,1200,1295,613.59,45,19,n,100
1927,I15191,1900,1200,750,713.62,45,6,n,100
5876,I47352,1800,1200,1350,820.48,45,9,n,100
1968,I15477,1200,1000,975,336.7,45,2,n,100
5565,I44804,1600,1200,930,784.6,45,0,n,100
1120,I08959,1600,1200,930,607.6,45,0,n,100
609,I04638,1600,1200,930,438.4,45,0,n,100
5093,I40914,2000,1200,2350,367.608,45,22,n,100
661,I04834,1600,1200,930,313.0,45,0,n,100
2484,I20136,1600,1200,1350,303.92,45,0,n,100
6147,I49350,1600,1200,1350,303.92,45,0,n,100
4034,I33043,1600,1200,930,784.6,45,0,n,100
2846,I22927,1800,1400,1020,303.45,45,11,n,100
4973,I39861,1910,1200,1295,613.59,45,19,n,100
5944,I47863,1600,1200,930,663.22,45,0,n,100
950,I07388,1600,1200,750,582.6,45,0,n,100
1140,I09091,1800,1400,1020,303.45,45,11,n,100
5661,I45543,2000,1200,545,408.88,45,5,n,100
673,I04939,1600,1200,930,547.3,45,0,n,100
5069,I40550,1200,1000,975,329.77,45,2,n,100
5333,I42922,1600,1200,930,663.22,45,0,n,100
1736,I13602,1910,1200,1295,613.59,45,19,n,100
809,I06260,2000,1200,2350,367.608,45,22,n,100
3838,I31102,1600,1200,930,310.76,45,0,n,100
2315,I18458,1200,1000,975,401.2,45,2,n,100
4324,I35357,1600,1200,1350,303.92,45,0,n,100
4881,I39181,1600,1200,930,307.13,45,0,n,100
513,I03879,1600,1200,930,551.56,45,0,n,100
359,I02637,1600,1200,930,547.3,45,0,n,100
2966,I23763,1800,1400,1020,303.45,45,11,n,100
5537,I44663,1600,1200,1350,303.92,45,0,n,100
2569,I20925,1600,1200,545,338.16,45,0,n,100
6216,I50039,1600,1200,930,607.6,45,0,n,100
1285,I10321,1600,1200,545,338.52,45,0,n,100
2531,I20631,1600,1200,930,551.56,45,0,n,100
224,I01833,1800,1400,1020,303.45,45,11,n,100
5978,I48031,1600,1200,1350,303.92,45,0,n,100
1584,I12562,1600,1200,1350,303.92,45,0,n,100
4119,I33822,1200,1000,750,405.72,45,2,n,100
3285,I26718,1200,1000,975,329.77,45,2,n,100
4072,I33382,2000,1200,545,408.88,45,5,n,100
1516,I12147,1800,1400,1020,303.45,45,11,n,100
2262,I18182,1910,1200,1295,613.59,45,19,n,100
695,I05248,1200,1000,930,704.12,45,2,n,100
4895,I39268,1600,1200,930,307.13,45,0,n,100
5993,I48155,1600,1200,930,358.48,45,0,n,100
4434,I36245,1600,1200,930,370.78,45,0,n,100
2620,I21348,1600,1200,1350,303.92,45,0,n,100
533,I04007,1200,1000,975,329.77,45,2,n,100
901,I06826,1910,1200,1295,613.59,45,19,n,100
4386,I35768,1910,1200,1295,613.59,45,19,n,100
1066,I08371,1200,1000,975,329.77,45,2,n,100
764,I05933,1200,1000,930,340.1,45,2,n,100
5673,I45629,1800,1400,1020,303.45,45,11,n,100
674,I04946,1200,1000,975,329.77,45,2,n,100
1765,I13760,1200,1000,930,345.29,45,2,n,100
5101,I40974,1200,1000,930,347.0,45,2,n,100
2969,I23766,1800,1400,1020,303.45,45,11,n,100
2222,I17851,1600,1200,930,356.2,45,0,n,100
4043,I33059,1600,1200,930,547.3,45,0,n,100
5906,I47671,1600,1200,930,663.22,45,0,n,100
6223,I50128,1200,1000,975,337.45,45,2,n,100
5659,I45504,1200,1000,975,329.77,45,2,n,100
2234,I17944,1600,1200,750,323.7,45,0,n,100
5141,I41205,1600,1200,930,358.48,45,0,n,100
2026,I16156,1600,1200,1350,303.92,45,0,n,100
1233,I10040,1800,1200,1350,820.48,45,9,n,100
2369,I19060,1600,1200,1350,303.92,45,0,n,100
3801,I30801,1600,1200,930,356.2,45,0,n,100
4510,I36724,1600,1200,1350,303.92,45,0,n,100
1282,I10253,1600,1200,930,454.873,45,0,n,100
4094,I33568,1600,1200,1350,303.92,45,0,n,100
2647,I21494,1910,1200,1295,613.59,45,19,n,100
2312,I18436,1600,1200,930,396.2,45,0,n,100
518,I03890,2000,1200,545,408.88,45,5,n,100
3379,I27456,1600,1200,750,582.6,45,0,n,100
3372,I27402,1600,1200,750,323.7,45,0,n,100
4549,I36979,1800,1400,1020,303.45,45,11,n,100
1336,I10675,1600,1200,930,387.3,45,0,n,100
6009,I48348,1200,1000,545,526.75,45,2,n,100
433,I03271,1800,1400,1020,303.45,45,11,n,100
5043,I40377,1800,1400,1020,303.45,45,11,n,100
1930,I15194,1200,1000,975,329.77,45,2,n,100
3207,I26125,1600,1200,930,307.13,45,0,n,100
3567,I29018,1200,1000,750,351.944,45,2,n,100
1298,I10446,1800,1400,1020,303.45,45,11,n,100
4202,I34463,1600,1200,930,663.22,45,0,n,100
5732,I45964,1200,1000,975,329.77,45,2,n,100
3798,I30787,1200,1000,545,526.75,45,2,n,100
2906,I23259,1800,1400,1020,303.45,45,11,n,100
2549,I20720,1600,1200,930,356.2,45,0,n,100
2855,I22944,1600,1200,930,547.3,45,0,n,100
1921,I15098,1600,1200,930,309.5,45,0,n,100
5082,I40754,1600,1200,750,323.7,45,0,n,100
3254,I26585,1600,1200,930,364.84,45,0,n,100
2811,I22704,1600,1200,930,356.2,45,0,n,100
4104,I33604,1200,1000,975,329.77,45,2,n,100
720,I05373,1800,1200,1350,820.48,45,9,n,100
3451,I28130,1200,1000,975,329.77,45,2,n,100
4795,I38638,1600,1200,545,338.16,45,0,n,100
3305,I26854,1600,1200,930,438.4,45,0,n,100
1412,I11328,1600,1200,1350,303.92,45,0,n,100
2057,I16361,1200,1000,545,526.75,45,2,n,100
733,I05528,1200,1000,750,318.7,45,2,n,100
3569,I29020,1600,1200,1350,303.92,45,0,n,100
5612,I45250,1600,1200,750,323.7,45,0,n,100
406,I03030,1600,1200,930,387.3,45,0,n,100
4574,I37209,1600,1200,930,358.48,45,0,n,100
5798,I46560,1600,1200,930,396.2,45,0,n,100
2217,I17822,1600,1200,1350,303.92,45,0,n,100
5372,I43146,1600,1200,930,356.2,45,0,n,100
4954,I39786,1600,1200,930,307.13,45,0,n,100
3533,I28668,1600,1200,930,358.48,45,0,n,100
2898,I23251,1800,1400,1020,303.45,45,11,n,100
3129,I25318,1200,1000,975,329.77,45,2,n,100
5117,I41038,1600,1200,750,582.6,45,0,n,100
1728,I13594,1910,1200,1295,613.59,45,19,n,100
3744,I30170,1200,1000,975,401.2,45,2,n,100
2929,I23558,1600,1200,930,551.56,45,0,n,100
1856,I14647,1600,1200,545,338.16,45,0,n,100
2747,I22098,1200,1000,975,337.45,45,2,n,100
2809,I22608,2000,1200,545,408.88,45,5,n,100
3134,I25326,1600,1200,930,364.84,45,0,n,100
3589,I29094,1600,1200,930,307.13,45,0,n,100
4781,I38465,1200,1000,750,318.7,45,2,n,100
5516,I44475,1600,1200,750,582.6,45,0,n,100
2246,I18087,1200,1000,930,704.36,45,2,n,100
3390,I27559,1200,1000,545,526.75,45,2,n,100
4244,I34631,1910,1200,1295,613.59,45,19,n,100
3029,I24301,1600,1200,750,323.7,45,0,n,100
1750,I13660,1600,1200,930,358.48,45,0,n,100
4598,I37272,1600,1200,930,396.2,45,0,n,100
5510,I44389,1600,1200,930,307.13,45,0,n,100
2480,I20119,1600,1200,750,323.7,45,0,n,100
2084,I16559,1800,1400,1020,303.45,45,11,n,100
3885,I31531,1200,1000,1155,366.75,0,1,n,100
5193,I41708,1600,1200,930,607.6,45,0,n,100
62,I00571,1600,1200,975,460.0,45,0,n,100
5740,I46028,1800,1400,1020,303.45,45,11,n,100
3261,I26598,1600,1200,930,547.3,45,0,n,100
2894,I23221,1600,1200,1350,303.92,45,0,n,100
5005,I40116,1200,1000,750,318.7,45,2,n,100
5477,I44215,1600,1200,930,380.6,45,0,n,100
704,I05321,1600,1200,930,551.56,45,0,n,100
1437,I11510,1600,1200,975,460.0,45,0,n,100
3190,I25961,1600,1200,930,309.5,45,0,n,100
4253,I34692,1200,1000,975,329.77,45,2,n,100
6264,I50520,1600,1200,1350,303.92,45,0,n,100
5793,I46433,1600,1200,930,356.56,45,0,n,100
1791,I14027,1600,1200,930,309.5,45,0,n,100
1415,I11349,1600,1200,1350,303.92,45,0,n,100
5539,I44674,1600,1200,930,607.6,45,0,n,100
3085,I24923,1600,1200,930,830.32,45,0,n,100
4581,I37253,1600,1200,750,582.6,45,0,n,100
2504,I20301,1600,1200,930,307.13,45,0,n,100
542,I04085,1600,1200,930,358.48,45,0,n,100
2469,I19985,1800,1400,1020,303.45,45,11,n,100
1814,I14225,1600,1200,930,607.6,45,0,n,100
639,I04776,1800,1400,1020,303.45,45,11,n,100
4715,I38077,1800,1200,1350,820.48,45,9,n,100
1384,I11108,1200,1000,975,329.77,45,2,n,100
796,I06161,2000,1200,545,408.88,45,5,n,100
4809,I38718,2000,1200,2350,367.608,45,22,n,100
983,I07609,1200,1000,975,329.77,45,2,n,100
5446,I43781,1600,1200,930,356.2,45,0,n,100
195,I01703,1900,1200,750,845.38,45,6,n,100
770,I06060,2000,1200,545,408.88,45,5,n,100
5664,I45546,1200,1000,975,329.77,45,2,n,100
3262,I26599,1600,1200,930,547.3,45,0,n,100
4712,I38072,1200,1000,930,340.0,45,2,n,100
3405,I27769,1200,1000,1155,366.75,0,1,n,100
6065,I48779,1600,1200,750,323.7,45,0,n,100
5128,I41162,1600,1200,930,663.22,45,0,n,100
3401,I27735,1600,1200,930,547.3,45,0,n,100
2438,I19760,1600,1200,930,356.56,45,0,n,100
2020,I16144,1600,1200,930,387.3,45,0,n,100
3620,I29305,1600,1200,930,356.56,45,0,n,100
0,I00003,1200,1000,930,413.58,45,2,n,100
4148,I34090,1800,1400,1020,303.45,45,11,n,100
256,I01990,1910,1200,1295,613.59,45,19,n,100
5098,I40919,2000,1200,2350,367.608,45,22,n,100
2306,I18377,2000,1200,545,408.88,45,5,n,100
2915,I23401,1200,1000,645,330.5,0,1,n,100
4777,I38433,1200,1000,975,329.77,45,2,n,100
4285,I34988,1200,1000,930,414.14,45,2,n,100
461,I03533,1200,1000,975,401.2,45,2,n,100
6040,I48532,1800,1400,1020,303.45,45,11,n,100
2532,I20632,1600,1200,930,551.56,45,0,n,100
5403,I43476,1600,1200,930,307.13,45,0,n,100
722,I05375,1800,1200,1350,820.48,45,9,n,100
3808,I30822,1800,1200,1350,820.48,45,9,n,100
5756,I46073,1600,1200,930,547.3,45,0,n,100
801,I06232,1600,1200,1350,303.92,45,0,n,100
5022,I40275,2000,1200,2350,367.608,45,22,n,100
3751,I30285,1600,1200,930,454.873,45,0,n,100
5037,I40347,1600,1200,1350,303.92,45,0,n,100
2031,I16166,1600,1200,930,396.2,45,0,n,100
299,I02159,1600,1200,930,396.2,45,0,n,100
2866,I23013,1600,1200,930,438.4,45,0,n,100
3144,I25419,1600,1200,930,784.6,45,0,n,100
4867,I38962,1600,1200,930,830.32,45,0,n,100
1253,I10155,1200,1000,975,652.0,45,2,n,100
1490,I11971,1200,1000,545,729.5,45,2,n,100
1576,I12553,1800,1400,1020,303.45,45,11,n,100
2282,I18202,1910,1200,1295,613.59,45,19,n,100
2977,I23820,1600,1200,930,547.3,45,0,n,100
5622,I45297,1800,1200,1350,820.48,45,9,n,100
4238,I34625,1910,1200,1295,613.59,45,19,n,100
6079,I48888,1910,1200,1295,613.59,45,19,n,100
4889,I39262,1600,1200,930,551.56,45,0,n,100
2493,I20234,1200,1000,930,704.36,45,2,n,100
711,I05348,1800,1400,1020,303.45,45,11,n,100
5411,I43528,1600,1200,1350,303.92,45,0,n,100
3586,I29056,2000,1200,2350,367.608,45,22,n,100
5794,I46437,2000,1200,545,408.88,45,5,n,100
3063,I24761,1600,1200,1350,303.92,45,0,n,100
6084,I48893,1910,1200,1295,613.59,45,19,n,100
4049,I33170,1600,1200,1350,303.92,45,0,n,100
6174,I49712,1910,1200,1295,613.59,45,19,n,100
5994,I48190,1600,1200,930,663.22,45,0,n,100
2833,I22818,1600,1200,930,356.2,45,0,n,100
1100,I08792,1600,1200,930,307.13,45,0,n,100
394,I02904,1200,1000,930,413.58,45,2,n,100
5983,I48037,1200,1000,930,347.0,45,2,n,100
3981,I32578,1600,1200,930,358.48,45,0,n,100
5679,I45635,1800,1400,1020,303.45,45,11,n,100
4084,I33435,1600,1200,930,438.4,45,0,n,100
2505,I20302,1600,1200,930,307.13,45,0,n,100
2869,I23016,1600,1200,930,438.4,45,0,n,100
3510,I28483,1910,1200,1295,613.59,45,19,n,100
6229,I50173,1200,1000,930,345.29,45,2,n,100
3739,I30138,1200,1000,545,690.5,45,2,n,100
1848,I14531,1600,1200,930,663.22,45,0,n,100
4602,I37278,1600,1200,1350,303.92,45,0,n,100
334,I02440,1600,1200,750,323.7,45,0,n,100
3091,I25035,1600,1200,930,551.56,45,0,n,100
1616,I12700,1200,1000,750,305.32,45,2,n,100
5769,I46234,1600,1200,750,323.7,45,0,n,100
4983,I39871,1910,1200,1295,613.59,45,19,n,100
1217,I09834,1600,1200,930,356.56,45,0,n,100
2133,I17023,1600,1200,930,396.2,45,0,n,100
631,I04741,2000,1200,545,408.88,45,5,n,100
4224,I34611,1910,1200,1295,613.59,45,19,n,100
4444,I36274,1600,1200,1350,303.92,45,0,n,100
1477,I11872,1200,1000,930,345.29,45,2,n,100
2245,I18079,1600,1200,930,551.56,45,0,n,100
6062,I48758,1600,1200,930,307.13,45,0,n,100
3553,I28783,1600,1200,975,460.0,45,0,n,100
305,I02187,1600,1200,930,356.2,45,0,n,100
3908,I31804,1600,1200,975,460.0,45,0,n,100
4372,I35751,1200,1000,930,345.29,45,2,n,100
4808,I38717,2000,1200,2350,367.608,45,22,n,100
5945,I47881,1600,1200,1350,303.92,45,0,n,100
926,I07070,1200,1000,545,526.75,45,2,n,100
2299,I18254,1600,1200,930,454.873,45,0,n,100
47,I00436,1200,1000,930,704.12,45,2,n,100
6211,I50006,1600,1200,930,454.873,45,0,n,100
4067,I33358,1800,1400,1020,303.45,45,11,n,100
1501,I12060,1600,1200,930,356.56,45,0,n,100
1718,I13548,1200,1000,930,347.0,45,2,n,100
3757,I30320,1200,1000,545,690.5,45,2,n,100
5051,I40385,1600,1200,930,438.4,45,0,n,100
3060,I24740,1600,1200,975,460.0,45,0,n,100
4619,I37378,1600,1200,930,784.6,45,0,n,100
2629,I21476,1910,1200,1295,613.59,45,19,n,100
2485,I20137,1600,1200,1350,303.92,45,0,n,100
303,I02171,1600,1200,930,663.22,45,0,n,100
4842,I38892,1600,1200,1350,303.92,45,0,n,100
5856,I46977,1600,1200,930,514.24,45,0,n,100
2868,I23015,1600,1200,930,438.4,45,0,n,100
5062,I40468,1600,1200,930,438.4,45,0,n,100
46,I00405,1600,1200,930,547.3,45,0,n,100
4767,I38342,1200,1000,975,329.77,45,2,n,100
769,I06059,1200,1000,975,401.2,45,2,n,100
6006,I48314,1200,1000,750,405.72,45,2,n,100
2142,I17165,1200,1000,975,329.77,45,2,n,100
6218,I50041,1600,1200,930,607.6,45,0,n,100
3690,I29694,1800,1400,1020,303.45,45,11,n,100
5281,I42597,1200,1000,750,431.704,45,2,n,100
1730,I13596,1910,1200,1295,613.59,45,19,n,100
4548,I36978,1800,1400,1020,303.45,45,11,n,100
6144,I49347,1600,1200,545,338.52,45,0,n,100
5173,I41494,1600,1200,975,346.52,45,0,n,100
3988,I32632,1600,1200,545,338.52,45,0,n,100
4239,I34626,1910,1200,1295,613.59,45,19,n,100
4013,I32837,1600,1200,930,307.13,45,0,n,100
4055,I33269,1600,1200,1350,303.92,45,0,n,100
3008,I24124,1600,1200,1350,303.92,45,0,n,100
71,I00685,1600,1200,975,808.3,45,0,n,100
4512,I36726,1600,1200,1350,303.92,45,0,n,100
2014,I16086,1800,1200,1350,820.48,45,9,n,100
6050,I48591,1600,1200,930,547.3,45,0,n,100
4834,I38805,1600,1200,1350,303.92,45,0,n,100
2202,I17589,1600,1200,930,356.56,45,0,n,100
5091,I40910,1200,1000,750,405.72,45,2,n,100
167,I01413,1200,1000,545,526.75,45,2,n,100
2691,I21796,1600,1200,930,307.13,45,0,n,100
2473,I20018,1600,1200,930,358.48,45,0,n,100
2802,I22565,1800,1400,1020,303.45,45,11,n,100
5437,I43729,1200,1000,930,347.0,45,2,n,100
5330,I42919,1200,1000,975,329.77,45,2,n,100
623,I04673,1200,1000,930,340.0,45,2,n,100
5389,I43258,1600,1200,930,358.48,45,0,n,100
64,I00596,1200,1000,750,305.32,45,2,n,100
1326,I10552,1800,1400,1020,303.45,45,11,n,100
2050,I16336,1200,1000,545,690.5,45,2,n,100
6242,I50296,1600,1200,930,309.5,45,0,n,100
6110,I48926,1200,1000,930,704.12,45,2,n,100
3582,I29052,2000,1200,2350,367.608,45,22,n,100
5654,I45460,1600,1200,930,356.2,45,0,n,100
4221,I34608,1910,1200,1295,613.59,45,19,n,100
738,I05606,1200,1000,975,329.77,45,2,n,100
4456,I36426,1800,1400,1020,303.45,45,11,n,100
760,I05901,1600,1200,930,307.13,45,0,n,100
1487,I11951,1200,1000,930,345.29,45,2,n,100
1495,I12005,1600,1200,930,356.2,45,0,n,100
380,I02814,1800,1400,1020,303.45,45,11,n,100
1468,I11841,1600,1200,1350,303.92,45,0,n,100
4314,I35176,1600,1200,750,582.6,45,0,n,100
1811,I14221,1600,1200,1350,303.92,45,0,n,100
2247,I18125,1800,1200,1350,820.48,45,9,n,100
3464,I28389,1600,1200,1350,303.92,45,0,n,100
2611,I21312,2000,1200,2350,367.608,45,22,n,100
3090,I25034,1200,1000,975,401.2,45,2,n,100
1356,I10912,1800,1400,1020,303.45,45,11,n,100
1698,I13367,1200,1000,975,329.77,45,2,n,100
2088,I16563,1800,1400,1020,303.45,45,11,n,100
370,I02696,1600,1200,930,356.2,45,0,n,100
2979,I23822,1600,1200,930,547.3,45,0,n,100
28,I00339,1600,1200,930,364.84,45,0,n,100
4896,I39269,1600,1200,930,307.13,45,0,n,100
122,I01044,1800,1400,1020,303.45,45,11,n,100
4041,I33057,1600,1200,930,547.3,45,0,n,100
5662,I45544,1200,1000,975,329.77,45,2,n,100
2249,I18127,1600,1200,930,307.13,45,0,n,100
1057,I08353,1600,1200,930,607.6,45,0,n,100
1915,I15047,1600,1200,930,551.56,45,0,n,100
1795,I14042,1200,1000,975,329.77,45,2,n,100
2467,I19983,1800,1400,1020,303.45,45,11,n,100
4382,I35764,1910,1200,1295,613.59,45,19,n,100
5833,I46800,1800,1200,1350,820.48,45,9,n,100
2767,I22205,1200,1000,750,405.72,45,2,n,100
5388,I43254,1600,1200,750,323.7,45,0,n,100
4358,I35655,1600,1200,930,356.2,45,0,n,100
3086,I24944,1200,1000,545,690.5,45,2,n,100
4981,I39869,1910,1200,1295,613.59,45,19,n,100
5505,I44383,1200,1000,975,329.77,45,2,n,100
4169,I34190,1600,1200,930,307.13,45,0,n,100
6167,I49705,1910,1200,1295,613.59,45,19,n,100
4814,I38723,2000,1200,2350,367.608,45,22,n,100
2019,I16143,1600,1200,930,387.3,45,0,n,100
5167,I41424,1600,1200,1350,303.92,45,0,n,100
2870,I23022,1600,1200,930,356.2,45,0,n,100
3430,I27992,1800,1400,1020,303.45,45,11,n,100
739,I05607,1200,1000,750,351.756,45,2,n,100
1868,I14695,1600,1200,930,547.3,45,0,n,100
4799,I38653,1800,1400,1020,303.45,45,11,n,100
459,I03519,1200,1000,930,338.9,45,2,n,100
3370,I27374,1200,1000,975,652.0,45,2,n,100
5095,I40916,2000,1200,2350,367.608,45,22,n,100
3794,I30783,1600,1200,930,438.4,45,0,n,100
317,I02283,1900,1200,750,845.38,45,6,n,100
4284,I34961,1200,1000,975,329.77,45,2,n,100
4593,I37266,1910,1200,1295,613.59,45,19,n,100
3100,I25164,2000,1200,545,408.88,45,5,n,100
2281,I18201,1910,1200,1295,613.59,45,19,n,100
5383,I43196,1200,1000,545,526.75,45,2,n,100
6109,I48918,1600,1200,930,307.13,45,0,n,100
4588,I37261,1910,1200,1295,613.59,45,19,n,100
4773,I38415,1200,1000,975,329.77,45,2,n,100
3601,I29146,1600,1200,930,830.32,45,0,n,100
2864,I23011,1600,1200,930,438.4,45,0,n,100
961,I07457,1600,1200,930,547.3,45,0,n,100
2640,I21487,1910,1200,1295,613.59,45,19,n,100
889,I06814,1910,1200,1295,613.59,45,19,n,100
1321,I10547,1800,1400,1020,303.45,45,11,n,100
1705,I13391,1200,1000,545,526.75,45,2,n,100
5334,I42930,1600,1200,930,356.2,45,0,n,100
4802,I38656,1800,1400,1020,303.45,45,11,n,100
5268,I42423,1600,1200,930,356.2,45,0,n,100
1694,I13363,1600,1200,930,307.13,45,0,n,100
2321,I18530,1600,1200,930,358.48,45,0,n,100
378,I02812,1800,1400,1020,303.45,45,11,n,100
2381,I19114,1200,1000,930,347.0,45,2,n,100
3999,I32732,1600,1200,930,607.6,45,0,n,100
4555,I36985,1800,1400,1020,303.45,45,11,n,100
257,I01991,1910,1200,1295,613.59,45,19,n,100
2638,I21485,1910,1200,1295,613.59,45,19,n,100
4075,I33426,1600,1200,930,396.2,45,0,n,100
5076,I40595,1600,1200,930,356.2,45,0,n,100
4475,I36567,1200,1000,975,337.9,45,2,n,100
1034,I08089,1600,1200,930,307.13,45,0,n,100
2225,I17859,1600,1200,750,323.7,45,0,n,100
2548,I20707,1800,1200,1350,820.48,45,9,n,100
4351,I35598,1600,1200,930,364.84,45,0,n,100
246,I01975,1800,1400,1020,303.45,45,11,n,100
3367,I27371,1600,1200,930,551.56,45,0,n,100
2891,I23218,1600,1200,1350,303.92,45,0,n,100
1403,I11298,1600,1200,930,358.48,45,0,n,100
4716,I38078,1200,1000,975,329.77,45,2,n,100
1170,I09323,1600,1200,930,356.2,45,0,n,100
2737,I22016,1800,1400,1020,303.45,45,11,n,100
3706,I29768,1600,1200,930,358.48,45,0,n,100
5946,I47882,1600,1200,1350,303.92,45,0,n,100
4556,I37043,1600,1200,930,364.84,45,0,n,100
1567,I12505,1600,1200,930,607.6,45,0,n,100
3057,I24700,1600,1200,930,307.13,45,0,n,100
5514,I44441,1900,1200,750,713.62,45,6,n,100
328,I02426,1800,1400,1020,303.45,45,11,n,100
4132,I33863,1600,1200,1350,303.92,45,0,n,100
4026,I32946,1600,1200,930,307.13,45,0,n,100
2090,I16589,1200,1000,975,329.77,45,2,n,100
5219,I41994,1200,1000,545,526.75,45,2,n,100
4916,I39527,1200,1000,930,704.12,45,2,n,100
1538,I12335,1800,1400,1020,303.45,45,11,n,100
1707,I13398,1600,1200,930,396.2,45,0,n,100
3923,I31969,1200,1000,975,401.2,45,2,n,100
5234,I42088,1600,1200,930,356.2,45,0,n,100
2930,I23560,1600,1200,930,356.56,45,0,n,100
4965,I39825,1600,1200,930,356.56,45,0,n,100
3424,I27958,1900,1200,750,845.38,45,6,n,100
1064,I08363,1600,1200,930,551.56,45,0,n,100
5199,I41777,1600,1200,975,460.0,45,0,n,100
4011,I32835,1600,1200,930,307.13,45,0,n,100
5194,I41709,1600,1200,930,607.6,45,0,n,100
2553,I20730,2400,1200,1490,340.5,45,24,n,5
3431,I27993,1800,1400,1020,303.45,45,11,n,100
5616,I45266,1600,1200,930,387.3,45,0,n,100
2447,I19840,1600,1200,930,307.13,45,0,n,100
1063,I08362,1600,1200,930,551.56,45,0,n,100
364,I02642,1600,1200,930,547.3,45,0,n,100
2472,I20017,1600,1200,930,358.48,45,0,n,100
858,I06661,1800,1400,1020,303.45,45,11,n,100
2704,I21878,1200,1000,975,329.77,45,2,n,100
220,I01766,1600,1200,930,784.6,45,0,n,100
1670,I13197,1600,1200,930,313.0,45,0,n,100
4912,I39517,1600,1200,975,808.3,45,0,n,100
6045,I48568,1600,1200,750,582.6,45,0,n,100
3317,I26941,1600,1200,930,356.2,45,0,n,100
4953,I39785,1600,1200,930,307.13,45,0,n,100
2164,I17298,1200,1000,930,704.36,45,2,n,100
2189,I17410,1600,1200,930,356.2,45,0,n,100
1286,I10338,1200,800,880,461.52,45,23,n,100
1731,I13597,1910,1200,1295,613.59,45,19,n,100
4666,I37754,1600,1200,930,356.2,45,0,n,100
4879,I39179,1600,1200,930,307.13,45,0,n,100
3435,I27997,1800,1400,1020,303.45,45,11,n,100
1734,I13600,1910,1200,1295,613.59,45,19,n,100
3226,I26355,1200,1000,975,329.77,45,2,n,100
1517,I12148,1800,1400,1020,303.45,45,11,n,100
2261,I18181,1910,1200,1295,613.59,45,19,n,100
5834,I46824,1200,1000,750,431.704,45,2,n,100
936,I07117,1600,1200,545,338.52,45,0,n,100
2715,I21939,1600,1200,975,460.0,45,0,n,100
5746,I46053,1600,1200,930,607.6,45,0,n,100
5702,I45855,1600,1200,930,551.56,45,0,n,100
1496,I12006,1600,1200,930,356.2,45,0,n,100
5376,I43153,1600,1200,930,370.78,45,0,n,100
5882,I47403,1600,1200,930,370.78,45,0,n,100
353,I02593,1200,1000,975,329.77,45,2,n,100
685,I04973,1600,1200,930,663.22,45,0,n,100
544,I04111,1600,1200,1350,303.92,45,0,n,100
2949,I23687,1800,1400,1020,303.45,45,11,n,100
676,I04949,1200,1000,975,401.2,45,2,n,100
1623,I12799,1600,1200,930,356.2,45,0,n,100
1624,I12806,1200,1000,545,526.75,45,2,n,100
3770,I30505,1600,1200,930,356.2,45,0,n,100
5249,I42188,1800,1400,1020,303.45,45,11,n,100
6014,I48427,1600,1200,975,808.3,45,0,n,100
4058,I33272,1600,1200,930,663.22,45,0,n,100
2806,I22569,1800,1400,1020,303.45,45,11,n,100
5848,I46914,2000,1200,2350,367.608,45,22,n,100
907,I06832,1600,1200,1350,303.92,45,0,n,100
2211,I17763,1600,1200,930,356.2,45,0,n,100
1121,I08960,1600,1200,930,607.6,45,0,n,100
785,I06119,1910,1200,1295,613.59,45,19,n,100
899,I06824,1910,1200,1295,613.59,45,19,n,100
3805,I30819,1600,1200,930,387.3,45,0,n,100
4862,I38952,2000,1200,2350,367.608,45,22,n,100
4572,I37203,1200,1000,750,351.756,45,2,n,100
2677,I21695,1600,1200,930,663.22,45,0,n,100
138,I01149,1900,1200,750,845.38,45,6,n,100
2817,I22719,1200,1000,975,329.77,45,2,n,100
3127,I25311,1600,1200,930,356.2,45,0,n,100
3733,I30068,1800,1200,1350,820.48,45,9,n,100
3015,I24173,1800,1400,1020,303.45,45,11,n,100
186,I01588,2000,1200,545,408.88,45,5,n,100
48,I00437,1600,1200,975,460.0,45,0,n,100
3176,I25866,1200,1000,750,305.32,45,2,n,100
4750,I38275,1800,1400,1020,303.45,45,11,n,100
2294,I18237,1600,1200,930,551.56,45,0,n,100
1880,I14761,1600,1200,930,358.48,45,0,n,100
2564,I20910,1200,1000,750,318.7,45,2,n,100
5215,I41954,1600,1200,930,356.56,45,0,n,100
18,I00242,1800,1200,1350,820.48,45,9,n,100
5415,I43569,1600,1200,930,307.13,45,0,n,100
2366,I19011,1200,1000,750,351.944,45,2,n,100
2856,I22945,1600,1200,930,547.3,45,0,n,100
5631,I45375,1200,1000,975,401.2,45,2,n,100
4304,I35122,1800,1400,1020,303.45,45,11,n,100
3204,I26113,2000,1200,545,408.88,45,5,n,100
3257,I26594,1600,1200,930,547.3,45,0,n,100
1101,I08795,1600,1200,930,551.56,45,0,n,100
128,I01059,1600,1200,930,551.56,45,0,n,100
3722,I29918,1600,1200,930,356.2,45,0,n,100
3210,I26144,1600,1200,930,356.56,45,0,n,100
1700,I13370,1600,1200,1350,303.92,45,0,n,100
1449,I11608,1900,1200,750,845.38,45,6,n,100
2880,I23035,1600,1200,930,551.56,45,0,n,100
4990,I39912,1800,1200,1350,820.48,45,9,n,100
2349,I18813,1200,1000,975,308.76,45,2,n,100
5613,I45251,1600,1200,750,323.7,45,0,n,100
5092,I40913,2000,1200,2350,367.608,45,22,n,100
4757,I38312,1200,1000,930,414.14,45,2,n,100
6103,I48912,1910,1200,1295,613.59,45,19,n,100
5858,I47000,1600,1200,930,396.2,45,0,n,100
2565,I20911,1200,1000,750,318.7,45,2,n,100
3765,I30396,1200,1000,975,329.77,45,2,n,100
989,I07653,1600,1200,930,663.22,45,0,n,100
5127,I41161,1600,1200,930,663.22,45,0,n,100
4278,I34883,1600,1200,930,551.56,45,0,n,100
1222,I09926,1600,1200,930,607.6,45,0,n,100
3892,I31637,1600,1200,930,663.22,45,0,n,100
1134,I09085,1800,1400,1020,303.45,45,11,n,100
199,I01713,1600,1200,930,663.22,45,0,n,100
5112,I41033,1600,1200,930,547.3,45,0,n,100
2141,I17164,1600,1200,930,784.6,45,0,n,100
3957,I32423,1200,1000,930,340.0,45,2,n,100
2221,I17850,1600,1200,930,356.2,45,0,n,100
2772,I22237,1200,1000,750,305.32,45,2,n,100
5597,I45017,1800,1400,1020,303.45,45,11,n,100
3671,I29618,1600,1200,930,356.56,45,0,n,100
3338,I27113,1600,1200,930,784.6,45,0,n,100
4118,I33804,1200,1000,930,345.29,45,2,n,100
5158,I41303,1200,1000,930,413.58,45,2,n,100
5002,I40108,1600,1200,930,356.2,45,0,n,100
1376,I11091,1200,1000,975,329.77,45,2,n,100
3608,I29192,1600,1200,930,356.56,45,0,n,100
162,I01375,1600,1200,975,460.0,45,0,n,100
1377,I11092,1200,1000,975,329.77,45,2,n,100
2274,I18194,1910,1200,1295,613.59,45,19,n,100
6139,I49329,1600,1200,930,364.84,45,0,n,100
2709,I21931,1600,1200,975,460.0,45,0,n,100
2867,I23014,1600,1200,930,438.4,45,0,n,100
1602,I12615,1200,1000,930,345.29,45,2,n,100
2034,I16176,1900,1200,750,713.62,45,6,n,100
3803,I30816,1600,1200,750,323.7,45,0,n,100
6245,I50367,1200,1000,930,319.1,45,2,n,100
5583,I44971,1600,1200,930,663.22,45,0,n,100
2955,I23703,1600,1200,930,551.56,45,0,n,100
5567,I44816,1600,1200,930,356.2,45,0,n,100
2001,I15834,1200,1000,975,329.77,45,2,n,100
677,I04952,1200,1000,975,652.0,45,2,n,100
3810,I30834,1600,1200,930,307.13,45,0,n,100
927,I07082,1200,1000,975,337.45,45,2,n,100
4657,I37578,1200,1000,930,614.16,45,2,n,100
2920,I23433,1600,1200,1350,303.92,45,0,n,100
4724,I38104,1600,1200,930,387.3,45,0,n,100
1328,I10554,1800,1400,1020,303.45,45,11,n,100
3561,I28904,1600,1200,930,356.2,45,0,n,100
3615,I29264,1200,1000,750,431.704,45,2,n,100
2600,I21174,1600,1200,930,396.2,45,0,n,100
3605,I29183,1200,1000,930,345.29,45,2,n,100
4822,I38772,1600,1200,930,364.84,45,0,n,100
270,I02004,1910,1200,1295,613.59,45,19,n,100
1507,I12138,1800,1400,1020,303.45,45,11,n,100
3350,I27270,1200,1000,975,337.9,45,2,n,100
2171,I17337,1600,1200,1350,303.92,45,0,n,100
2984,I23861,1200,1000,545,729.5,45,2,n,100
4350,I35597,1600,1200,930,364.84,45,0,n,100
2450,I19873,1600,1200,930,551.56,45,0,n,100
2588,I21079,1600,1200,930,358.48,45,0,n,100
1860,I14671,1200,1000,750,351.944,45,2,n,100
2162,I17295,1600,1200,930,663.22,45,0,n,100
5553,I44726,1600,1200,930,438.4,45,0,n,100
117,I01039,1800,1400,1020,303.45,45,11,n,100
864,I06762,1600,1200,930,370.78,45,0,n,100
4723,I38091,2000,1200,2350,367.608,45,22,n,100
3729,I29994,1600,1200,545,338.52,45,0,n,100
4978,I39866,1910,1200,1295,613.59,45,19,n,100
1331,I10574,1600,1200,1350,303.92,45,0,n,100
5966,I47971,1800,1400,1020,303.45,45,11,n,100
2539,I20680,1800,1200,1350,820.48,45,9,n,100
2307,I18386,1200,1000,930,345.29,45,2,n,100
5996,I48193,1600,1200,930,307.13,45,0,n,100
3711,I29827,1600,1200,930,607.6,45,0,n,100
3833,I31061,1600,1200,1350,303.92,45,0,n,100
375,I02777,1600,1200,930,784.6,45,0,n,100
3070,I24777,1200,1000,930,345.29,45,2,n,100
1187,I09558,1600,1200,930,307.13,45,0,n,100
624,I04719,1600,1200,930,784.6,45,0,n,100
292,I02079,1600,1200,930,356.56,45,0,n,100
2883,I23053,1200,1000,1155,366.75,0,1,n,100
4409,I35913,1800,1200,1350,820.48,45,9,n,100
5041,I40375,1800,1400,1020,303.45,45,11,n,100
1442,I11562,1200,1000,750,431.704,45,2,n,100
1486,I11935,1600,1200,930,663.22,45,0,n,100
2462,I19931,1200,1000,750,431.704,45,2,n,100
1918,I15065,1600,1200,930,387.3,45,0,n,100
6095,I48904,1910,1200,1295,613.59,45,19,n,100
4309,I35147,1600,1200,930,607.6,45,0,n,100
3332,I27104,1600,1200,930,307.13,45,0,n,100
1599,I12607,1600,1200,975,611.224,45,0,n,100
3565,I28989,1600,1200,930,309.5,45,0,n,100
1053,I08267,1200,1000,975,465.1,45,2,n,100
3456,I28238,1600,1200,930,364.84,45,0,n,100
172,I01435,1200,1000,750,351.756,45,2,n,100
5135,I41189,1800,1400,1020,303.45,45,11,n,100
4927,I39637,1200,1000,930,413.58,45,2,n,100
1578,I12555,1800,1400,1020,303.45,45,11,n,100
1017,I07912,1800,1400,1020,303.45,45,11,n,100
4420,I36039,1600,1200,930,454.873,45,0,n,100
4635,I37443,1600,1200,930,358.48,45,0,n,100
1029,I08080,1200,1000,930,347.0,45,2,n,100
5676,I45632,1800,1400,1020,303.45,45,11,n,100
6033,I48522,1600,1200,930,607.6,45,0,n,100
3466,I28419,1800,1400,1020,303.45,45,11,n,100
5842,I46840,1600,1200,930,356.56,45,0,n,100
2696,I21814,1600,1200,930,364.84,45,0,n,100
5918,I47760,1600,1200,930,663.22,45,0,n,100
1551,I12420,1600,1200,930,547.3,45,0,n,100
1413,I11329,1600,1200,1350,303.92,45,0,n,100
3919,I31896,1600,1200,930,607.6,45,0,n,100
5433,I43681,2000,1200,2350,367.608,45,22,n,100
3825,I31030,1200,1000,975,329.77,45,2,n,100
5889,I47501,1600,1200,975,808.3,45,0,n,100
4088,I33492,1600,1200,750,323.7,45,0,n,100
216,I01761,1600,1200,930,438.4,45,0,n,100
4874,I39069,1600,1200,930,663.22,45,0,n,100
506,I03781,1600,1200,930,547.3,45,0,n,100
917,I07008,2000,1200,545,408.88,45,5,n,100
3741,I30140,1600,1200,930,607.6,45,0,n,100
4731,I38150,2000,1200,2350,367.608,45,22,n,100
403,I02986,1200,1000,750,351.944,45,2,n,100
2581,I20966,1600,1200,1350,303.92,45,0,n,100
104,I01000,1600,1200,930,663.22,45,0,n,100
1895,I14864,1600,1200,930,358.48,45,0,n,100
730,I05463,1600,1200,930,364.84,45,0,n,100
72,I00696,1200,1000,975,336.7,45,2,n,100
5081,I40737,1800,1200,1350,820.48,45,9,n,100
532,I04006,1200,1000,975,329.77,45,2,n,100
529,I04003,1200,1000,930,347.0,45,2,n,100
3788,I30712,1200,1000,750,431.704,45,2,n,100
4646,I37500,1600,1200,930,547.3,45,0,n,100
1361,I10927,1600,1200,930,784.6,45,0,n,100
3991,I32635,1200,1000,750,318.7,45,2,n,100
4902,I39403,1800,1200,1350,820.48,45,9,n,100
112,I01023,1600,1200,930,356.2,45,0,n,100
562,I04282,1200,1000,750,351.756,45,2,n,100
6205,I49869,1200,1000,930,704.12,45,2,n,100
3748,I30262,1600,1200,930,364.84,45,0,n,100
5832,I46799,1800,1200,1350,820.48,45,9,n,100
1917,I15049,1600,1200,930,356.56,45,0,n,100
3870,I31458,1600,1200,930,784.6,45,0,n,100
11,I00170,1600,1200,930,551.56,45,0,n,100
5306,I42815,1600,1200,930,438.4,45,0,n,100
828,I06377,1800,1400,1020,303.45,45,11,n,100
4327,I35361,1200,1000,975,329.77,45,2,n,100
2910,I23355,1600,1200,930,356.2,45,0,n,100
3858,I31280,1600,1200,1350,303.92,45,0,n,100
1748,I13645,1900,1200,750,713.62,45,6,n,100
811,I06295,1600,1200,975,460.0,45,0,n,100
3094,I25052,1800,1200,1350,820.48,45,9,n,100
5328,I42917,1200,1000,975,329.77,45,2,n,100
1283,I10254,1600,1200,930,454.873,45,0,n,100
4276,I34865,1600,1200,1350,303.92,45,0,n,100
4172,I34193,1200,1000,750,305.32,45,2,n,100
3438,I28004,1600,1200,930,356.2,45,0,n,100
3419,I27933,1600,1200,930,364.84,45,0,n,100
3555,I28790,1600,1200,930,663.22,45,0,n,100
891,I06816,1910,1200,1295,613.59,45,19,n,100
1714,I13455,1200,1000,975,329.77,45,2,n,100
2347,I18811,1200,1000,930,413.58,45,2,n,100
4644,I37498,1600,1200,930,547.3,45,0,n,100
4292,I35061,1600,1200,750,582.6,45,0,n,100
214,I01759,1600,1200,930,438.4,45,0,n,100
3389,I27550,1600,1200,930,307.13,45,0,n,100
5163,I41401,2400,1200,1490,340.5,45,24,n,5
4824,I38785,2000,1200,545,408.88,45,5,n,100
2579,I20949,1600,1200,930,356.56,45,0,n,100
3202,I26110,1600,1200,930,356.2,45,0,n,100
227,I01837,1200,1000,930,614.16,45,2,n,100
5739,I46027,1800,1400,1020,303.45,45,11,n,100
3423,I27956,1600,1200,930,364.84,45,0,n,100
2040,I16257,1600,1200,930,663.22,45,0,n,100
2945,I23601,1600,1200,930,663.22,45,0,n,100
1225,I09929,1200,1000,930,413.58,45,2,n,100
5546,I44719,1600,1200,930,663.22,45,0,n,100
5566,I44815,1600,1200,930,784.6,45,0,n,100
371,I02697,1600,1200,930,356.2,45,0,n,100
3413,I27866,2000,1200,2350,367.608,45,22,n,100
309,I02219,1600,1200,930,663.22,45,0,n,100
4167,I34188,1600,1200,930,307.13,45,0,n,100
2537,I20659,1200,1000,750,405.72,45,2,n,100
3622,I29317,1600,1200,750,323.7,45,0,n,100
1843,I14511,1800,1200,1350,820.48,45,9,n,100
988,I07630,1600,1200,930,396.2,45,0,n,100
2380,I19112,1600,1200,930,607.6,45,0,n,100
2268,I18188,1910,1200,1295,613.59,45,19,n,100
1906,I14960,1600,1200,930,370.78,45,0,n,100
2200,I17573,1200,1000,750,351.944,45,2,n,100
2782,I22298,1600,1200,930,551.56,45,0,n,100
1284,I10256,1200,1000,645,330.5,0,1,n,100
573,I04406,1600,1200,930,307.13,45,0,n,100
2534,I20635,1200,1000,930,617.24,45,2,n,100
1781,I13968,1600,1200,930,358.48,45,0,n,100
4735,I38201,1600,1200,930,438.4,45,0,n,100
6177,I49715,1910,1200,1295,613.59,45,19,n,100
1563,I12476,1600,1200,975,460.0,45,0,n,100
3110,I25248,1600,1200,930,356.2,45,0,n,100
1625,I12808,1200,1000,750,318.7,45,2,n,100
1209,I09714,1600,1200,930,358.48,45,0,n,100
919,I07042,1600,1200,930,370.78,45,0,n,100
3352,I27274,1600,1200,930,607.6,45,0,n,100
6249,I50415,1200,1000,975,329.77,45,2,n,100
4558,I37121,1600,1200,930,356.56,45,0,n,100
5840,I46838,1200,1000,930,413.58,45,2,n,100
2983,I23855,1200,1000,975,329.77,45,2,n,100
3568,I29019,1200,1000,750,351.944,45,2,n,100
2865,I23012,1600,1200,930,438.4,45,0,n,100
3848,I31181,1200,1000,975,401.2,45,2,n,100
3112,I25256,1600,1200,930,310.76,45,0,n,100
191,I01647,1200,1000,975,329.77,45,2,n,100
2586,I21048,1600,1200,750,582.6,45,0,n,100
930,I07085,1600,1200,930,551.56,45,0,n,100
3562,I28948,1200,1000,750,405.72,45,2,n,100
1523,I12166,1600,1200,1350,303.92,45,0,n,100
2693,I21798,1600,1200,545,338.52,45,0,n,100
1315,I10517,2400,1200,1490,340.5,45,24,n,100
3027,I24227,1200,1000,1155,366.75,0,1,n,100
5979,I48032,1600,1200,1350,303.92,45,0,n,100
236,I01959,1600,1200,930,309.5,45,0,n,100
4631,I37427,2000,1200,2350,367.608,45,22,n,100
5471,I44151,1600,1200,930,356.56,45,0,n,100
3518,I28500,1600,1200,1350,303.92,45,0,n,100
4985,I39873,1910,1200,1295,613.59,45,19,n,100
2287,I18214,1600,1200,930,370.78,45,0,n,100
640,I04777,1800,1400,1020,303.45,45,11,n,100
3955,I32364,1600,1200,930,784.6,45,0,n,100
5157,I41293,1200,1000,545,526.75,45,2,n,100
252,I01986,1910,1200,1295,613.59,45,19,n,100
1036,I08091,1600,1200,930,307.13,45,0,n,100
4355,I35607,1600,1200,930,307.13,45,0,n,100
3903,I31767,1800,1200,1350,820.48,45,9,n,100
3286,I26758,1600,1200,975,808.3,45,0,n,100
2390,I19188,1600,1200,930,307.13,45,0,n,100
4625,I37384,1600,1200,930,438.4,45,0,n,100
6024,I48487,1800,1400,1020,303.45,45,11,n,100
4076,I33427,1200,1000,750,431.704,45,2,n,100
5461,I44113,1600,1200,930,364.84,45,0,n,100
3428,I27990,1800,1400,1020,303.45,45,11,n,100
5136,I41190,1800,1400,1020,303.45,45,11,n,100
6173,I49711,1910,1200,1295,613.59,45,19,n,100
4857,I38947,2000,1200,2350,367.608,45,22,n,100
2414,I19510,1600,1200,930,307.13,45,0,n,100
3682,I29672,1600,1200,930,307.13,45,0,n,100
1803,I14123,1600,1200,930,356.56,45,0,n,100
3771,I30506,1600,1200,930,356.2,45,0,n,100
4225,I34612,1910,1200,1295,613.59,45,19,n,100
3527,I28567,2000,1200,2350,367.608,45,22,n,100
1893,I14862,1800,1400,1020,303.45,45,11,n,100
1870,I14702,1600,1200,1350,312.72,45,0,n,100
7,I00143,1600,1200,930,313.0,45,0,n,100
4647,I37501,1600,1200,930,547.3,45,0,n,100
636,I04773,1800,1400,1020,303.45,45,11,n,100
239,I01968,1800,1400,1020,303.45,45,11,n,100
3878,I31524,1800,1400,1020,303.45,45,11,n,100
6132,I49216,1800,1400,1020,303.45,45,11,n,100
1251,I10119,1600,1200,1350,303.92,45,0,n,100
792,I06126,1910,1200,1295,613.59,45,19,n,100
4068,I33359,1800,1400,1020,303.45,45,11,n,100
5479,I44218,1600,1200,930,307.13,45,0,n,100
4732,I38151,2000,1200,2350,367.608,45,22,n,100
2525,I20563,1600,1200,930,387.3,45,0,n,100
4859,I38949,2000,1200,2350,367.608,45,22,n,100
2391,I19189,1600,1200,930,307.13,45,0,n,100
1937,I15273,1200,1000,930,414.14,45,2,n,100
4489,I36645,1600,1200,930,784.6,45,0,n,100
5671,I45627,1800,1400,1020,303.45,45,11,n,100
784,I06082,1800,1400,1020,303.45,45,11,n,100
4564,I37171,1800,1400,1020,303.45,45,11,n,100
2786,I22326,1200,1000,545,729.5,45,2,n,100
4984,I39872,1910,1200,1295,613.59,45,19,n,100
539,I04060,1600,1200,930,663.22,45,0,n,100
582,I04471,1600,1200,930,784.6,45,0,n,100
1854,I14622,1600,1200,545,338.52,45,0,n,100
6260,I50510,1600,1200,930,356.2,45,0,n,100
737,I05605,1600,1200,750,323.7,45,0,n,100
4798,I38652,1800,1400,1020,303.45,45,11,n,100
5628,I45343,1600,1200,750,582.6,45,0,n,100
3018,I24176,1800,1400,1020,303.45,45,11,n,100
5786,I46384,1600,1200,930,310.76,45,0,n,100
5861,I47109,1600,1200,750,323.7,45,0,n,100
3440,I28019,2000,1200,545,408.88,45,5,n,100
5975,I48028,1600,1200,750,323.7,45,0,n,100
2477,I20107,1200,1000,975,329.77,45,2,n,100
5726,I45927,1600,1200,930,551.56,45,0,n,100
3977,I32528,2000,1200,2350,367.608,45,22,n,100
1680,I13277,1600,1200,930,663.22,45,0,n,100
6003,I48300,1200,1000,975,401.2,45,2,n,100
14,I00224,1200,1000,975,329.77,45,2,n,100
1651,I13043,1200,1000,975,329.77,45,2,n,100
4496,I36676,1600,1200,930,547.3,45,0,n,100
244,I01973,1800,1400,1020,303.45,45,11,n,100
1851,I14609,1200,1000,975,308.76,45,2,n,100
3377,I27449,1200,1000,975,329.77,45,2,n,100
218,I01763,1200,1000,645,330.5,0,1,n,100
4035,I33044,1200,1000,750,351.944,45,2,n,100
5605,I45164,1600,1200,930,356.2,45,0,n,100
5346,I43025,1200,1000,750,305.32,45,2,n,100
5568,I44817,1600,1200,975,808.3,45,0,n,100
5952,I47888,1200,1000,975,336.7,45,2,n,100
4410,I35934,1600,1200,930,358.48,45,0,n,100
4655,I37574,1600,1200,930,358.48,45,0,n,100
1508,I12139,1800,1400,1020,303.45,45,11,n,100
5131,I41185,1800,1400,1020,303.45,45,11,n,100
4980,I39868,1910,1200,1295,613.59,45,19,n,100
5178,I41565,1200,1000,975,401.2,45,2,n,100
5672,I45628,1800,1400,1020,303.45,45,11,n,100
6255,I50466,1600,1200,930,307.13,45,0,n,100
904,I06829,1800,1200,1350,820.48,45,9,n,100
2981,I23853,1200,1000,975,329.77,45,2,n,100
4159,I34106,1200,1000,975,329.77,45,2,n,100
578,I04459,1600,1200,930,551.56,45,0,n,100
2304,I18375,2000,1200,545,408.88,45,5,n,100
1374,I11089,1600,1200,930,454.873,45,0,n,100
3308,I26857,1600,1200,930,438.4,45,0,n,100
4772,I38414,1200,1000,975,329.77,45,2,n,100
4511,I36725,1600,1200,1350,303.92,45,0,n,100
1295,I10443,1800,1400,1020,303.45,45,11,n,100
1596,I12579,1600,1200,930,438.4,45,0,n,100
2213,I17765,1600,1200,930,356.2,45,0,n,100
3096,I25064,1600,1200,930,830.32,45,0,n,100
6104,I48913,1910,1200,1295,613.59,45,19,n,100
3185,I25912,1600,1200,1350,303.92,45,0,n,100
5321,I42910,1600,1200,930,663.22,45,0,n,100
1019,I07917,1200,1000,545,526.75,45,2,n,100
474,I03635,1600,1200,930,356.2,45,0,n,100
2073,I16502,1200,1000,975,329.77,45,2,n,100
5087,I40787,1600,1200,975,460.0,45,0,n,100
953,I07414,1200,1000,750,431.704,45,2,n,100
612,I04641,1200,1000,545,729.5,45,2,n,100
2971,I23793,1200,1000,930,340.0,45,2,n,100
4014,I32838,1600,1200,930,307.13,45,0,n,100
3306,I26855,1600,1200,930,438.4,45,0,n,100
986,I07627,1200,1000,930,704.36,45,2,n,100
1126,I08983,2000,1200,2350,367.608,45,22,n,100
3267,I26651,1200,1000,975,329.77,45,2,n,100
5040,I40350,1200,1000,975,329.77,45,2,n,100
1392,I11179,1600,1200,975,808.3,45,0,n,100
2734,I22013,1800,1400,1020,303.45,45,11,n,100
373,I02699,1600,1200,930,356.2,45,0,n,100
3059,I24739,1600,1200,975,460.0,45,0,n,100
1109,I08867,1800,1400,1020,303.45,45,11,n,100
287,I02065,1600,1200,930,307.13,45,0,n,100
4249,I34659,1200,1000,930,414.14,45,2,n,100
4865,I38960,1600,1200,930,663.22,45,0,n,100
1491,I11972,1600,1200,930,607.6,45,0,n,100
1273,I10214,1600,1200,930,307.13,45,0,n,100
5212,I41950,1600,1200,750,582.6,45,0,n,100
5429,I43677,2000,1200,2350,367.608,45,22,n,100
2943,I23582,1200,1000,930,414.14,45,2,n,100
4961,I39821,1600,1200,930,663.22,45,0,n,100
3386,I27493,1600,1200,930,784.6,45,0,n,100
1467,I11840,1600,1200,1350,303.92,45,0,n,100
2845,I22926,1800,1400,1020,303.45,45,11,n,100
5497,I44299,1600,1200,930,358.48,45,0,n,100
4476,I36569,1200,1000,930,414.14,45,2,n,100
5896,I47586,1600,1200,930,307.13,45,0,n,100
2736,I22015,1800,1400,1020,303.45,45,11,n,100
3362,I27318,1200,1000,975,384.74,45,2,n,100
727,I05387,1600,1200,975,460.0,45,0,n,100
253,I01987,1910,1200,1295,613.59,45,19,n,100
3546,I28704,1600,1200,930,454.873,45,0,n,100
2037,I16186,1200,1000,750,351.944,45,2,n,100
1153,I09178,1600,1200,750,323.7,45,0,n,100
2292,I18223,1600,1200,930,307.13,45,0,n,100
642,I04780,1600,1200,750,582.6,45,0,n,100
3169,I25796,1600,1200,930,309.5,45,0,n,100
2746,I22056,1200,1000,975,336.7,45,2,n,100
890,I06815,1910,1200,1295,613.59,45,19,n,100
1628,I12813,1600,1200,930,396.2,45,0,n,100
3933,I32058,1600,1200,930,551.56,45,0,n,100
4423,I36147,1200,1000,930,347.0,45,2,n,100
2175,I17346,1900,1200,750,713.62,45,6,n,100
560,I04270,1200,1000,975,329.77,45,2,n,100
5176,I41563,1200,1000,975,401.2,45,2,n,100
1885,I14845,1600,1200,930,607.6,45,0,n,100
4544,I36955,1200,1000,975,329.77,45,2,n,100
5046,I40380,1800,1400,1020,303.45,45,11,n,100
3172,I25816,1600,1200,750,323.7,45,0,n,100
2298,I18253,1600,1200,930,454.873,45,0,n,100
3876,I31522,1800,1400,1020,303.45,45,11,n,100
157,I01321,1600,1200,930,551.56,45,0,n,100
190,I01646,1200,1000,975,329.77,45,2,n,100
6161,I49699,1910,1200,1295,613.59,45,19,n,100
33,I00347,1600,1200,545,338.52,45,0,n,100
4606,I37282,1600,1200,930,607.6,45,0,n,100
4251,I34688,1200,1000,930,340.0,45,2,n,100
8,I00161,1200,1000,1155,366.75,0,1,n,100
3715,I29864,1200,1000,975,329.77,45,2,n,100
4234,I34621,1910,1200,1295,613.59,45,19,n,100
3651,I29537,1600,1200,930,356.56,45,0,n,100
1133,I09084,1800,1400,1020,303.45,45,11,n,100
111,I01022,1600,1200,930,356.2,45,0,n,100
5969,I47974,1800,1400,1020,303.45,45,11,n,100
2670,I21618,1600,1200,930,313.0,45,0,n,100
3931,I32052,1600,1200,930,356.2,45,0,n,100
669,I04877,1200,1000,930,347.0,45,2,n,100
4430,I36225,1600,1200,545,338.16,45,0,n,100
817,I06344,1600,1200,930,547.3,45,0,n,100
4562,I37169,1800,1400,1020,303.45,45,11,n,100
1681,I13278,1600,1200,930,663.22,45,0,n,100
1443,I11570,1200,1000,930,340.0,45,2,n,100
4959,I39802,1200,1000,975,329.77,45,2,n,100
5933,I47802,1910,1200,1295,613.59,45,19,n,100
4601,I37277,1600,1200,1350,303.92,45,0,n,100
178,I01524,1600,1200,975,611.224,45,0,n,100
808,I06259,2000,1200,2350,367.608,45,22,n,100
5922,I47767,1600,1200,750,323.7,45,0,n,100
4166,I34187,1600,1200,930,307.13,45,0,n,100
4585,I37258,1910,1200,1295,613.59,45,19,n,100
850,I06628,1200,1000,975,401.2,45,2,n,100
1161,I09239,1200,1000,930,345.29,45,2,n,100
610,I04639,1600,1200,930,364.84,45,0,n,100
6051,I48592,1600,1200,930,547.3,45,0,n,100
566,I04349,1200,1000,975,329.77,45,2,n,100
2490,I20159,1600,1200,750,323.7,45,0,n,100
3255,I26592,1200,1000,930,413.58,45,2,n,100
3519,I28501,1600,1200,1350,303.92,45,0,n,100
2848,I22929,1800,1400,1020,303.45,45,11,n,100
3508,I28481,1910,1200,1295,613.59,45,19,n,100
5302,I42774,1600,1200,930,784.6,45,0,n,100
6195,I49783,1600,1200,1350,303.92,45,0,n,100
1184,I09519,2000,1200,545,408.88,45,5,n,100
2571,I20933,1600,1200,750,582.6,45,0,n,100
5524,I44509,1600,1200,930,356.2,45,0,n,100
851,I06629,1200,1000,975,401.2,45,2,n,100
5186,I41673,1600,1200,975,460.0,45,0,n,100
1018,I07913,1800,1400,1020,303.45,45,11,n,100
4388,I35770,1910,1200,1295,613.59,45,19,n,100
5057,I40463,1600,1200,930,438.4,45,0,n,100
4207,I34468,1200,1000,750,318.7,45,2,n,100
5641,I45425,2000,1200,2350,367.608,45,22,n,100
1202,I09621,1200,1000,975,329.77,45,2,n,100
4089,I33493,1600,1200,750,323.7,45,0,n,100
416,I03191,1600,1200,930,307.13,45,0,n,100
2258,I18178,1910,1200,1295,613.59,45,19,n,100
5844,I46887,2000,1200,545,408.88,45,5,n,100
2192,I17443,1600,1200,930,307.13,45,0,n,100
665,I04873,1600,1200,930,356.2,45,0,n,100
1368,I10989,1600,1200,930,784.6,45,0,n,100
3443,I28110,1600,1200,930,313.0,45,0,n,100
3850,I31184,1200,1000,975,329.77,45,2,n,100
2541,I20682,1800,1200,1350,820.48,45,9,n,100
3683,I29673,1600,1200,1350,303.92,45,0,n,100
1367,I10952,1600,1200,750,323.7,45,0,n,100
4265,I34766,1900,1200,750,713.62,45,6,n,100
5589,I45009,1800,1400,1020,303.45,45,11,n,100
3559,I28894,1200,1000,750,351.756,45,2,n,100
765,I05993,1600,1200,930,309.5,45,0,n,100
4885,I39254,1200,1000,975,329.77,45,2,n,100
275,I02009,1910,1200,1295,613.59,45,19,n,100
541,I04084,1600,1200,930,358.48,45,0,n,100
2389,I19167,1600,1200,1350,303.92,45,0,n,100
6071,I48851,1600,1200,975,460.0,45,0,n,100
3105,I25203,1800,1200,1350,820.48,45,9,n,100
5072,I40553,1200,1000,975,329.77,45,2,n,100
5783,I46332,1600,1200,930,396.2,45,0,n,100
3952,I32292,1200,1000,930,704.36,45,2,n,100
1857,I14656,1600,1200,930,356.56,45,0,n,100
2675,I21641,1200,1000,975,329.77,45,2,n,100
456,I03483,1200,1000,545,526.75,45,2,n,100
1672,I13218,1200,1000,975,401.2,45,2,n,100
237,I01966,1800,1400,1020,303.45,45,11,n,100
2685,I21735,1600,1200,1350,303.92,45,0,n,100
4819,I38755,1600,1200,930,663.22,45,0,n,100
1308,I10463,2000,1200,2350,367.608,45,22,n,100
1159,I09237,2000,1200,545,408.88,45,5,n,100
6127,I49180,1600,1200,930,370.78,45,0,n,100
795,I06160,2000,1200,545,408.88,45,5,n,100
5974,I48027,1600,1200,750,323.7,45,0,n,100
5695,I45796,1600,1200,930,356.2,45,0,n,100
1570,I12518,1600,1200,930,358.48,45,0,n,100
5274,I42474,1600,1200,930,607.6,45,0,n,100
2729,I22008,1800,1400,1020,303.45,45,11,n,100
3302,I26851,1600,1200,930,438.4,45,0,n,100
1212,I09733,1200,1000,930,614.16,45,2,n,100
4835,I38806,1600,1200,1350,303.92,45,0,n,100
5948,I47884,1200,1000,545,690.5,45,2,n,100
2411,I19388,1200,1000,975,401.2,45,2,n,100
2229,I17875,1600,1200,930,356.56,45,0,n,100
537,I04058,1200,1000,930,345.29,45,2,n,100
5044,I40378,1800,1400,1020,303.45,45,11,n,100
2377,I19084,1200,1000,930,347.0,45,2,n,100
2025,I16155,1600,1200,1350,303.92,45,0,n,100
5725,I45898,1600,1200,930,663.22,45,0,n,100
1267,I10200,1800,1400,1020,303.45,45,11,n,100
5349,I43065,1200,1000,975,337.9,45,2,n,100
2939,I23578,1800,1400,1020,303.45,45,11,n,100
4216,I34573,1600,1200,930,551.56,45,0,n,100
2741,I22020,1600,1200,930,356.2,45,0,n,100
6047,I48582,1200,1000,545,729.5,45,2,n,100
1782,I13969,1600,1200,930,358.48,45,0,n,100
5977,I48030,1600,1200,1350,303.92,45,0,n,100
516,I03882,1600,1200,750,323.7,45,0,n,100
3776,I30590,1200,1000,930,347.0,45,2,n,100
3900,I31756,1600,1200,750,582.6,45,0,n,100
620,I04670,1800,1400,1020,303.45,45,11,n,100
4614,I37336,1200,1000,750,431.704,45,2,n,100
430,I03257,1200,1000,975,401.2,45,2,n,100
4501,I36681,1600,1200,930,547.3,45,0,n,100
3796,I30785,1600,1200,930,438.4,45,0,n,100
3644,I29495,1600,1200,930,387.3,45,0,n,100
5398,I43413,1600,1200,930,364.84,45,0,n,100
2707,I21881,1200,1000,750,351.944,45,2,n,100
4178,I34232,1200,1000,930,340.0,45,2,n,100
5001,I40107,1600,1200,930,356.2,45,0,n,100
5250,I42189,1800,1400,1020,303.45,45,11,n,100
5201,I41788,1600,1200,930,370.78,45,0,n,100
1396,I11274,1600,1200,930,784.6,45,0,n,100
3849,I31182,1200,1000,975,401.2,45,2,n,100
798,I06177,1200,1000,930,340.1,45,2,n,100
1633,I12818,1600,1200,930,356.2,45,0,n,100
876,I06801,1910,1200,1295,613.59,45,19,n,100
2093,I16637,1200,1000,975,652.0,45,2,n,100
4149,I34091,1800,1400,1020,303.45,45,11,n,100
2033,I16175,1900,1200,750,713.62,45,6,n,100
1761,I13720,1600,1200,930,784.6,45,0,n,100
3366,I27367,1600,1200,930,356.2,45,0,n,100
2121,I16933,1600,1200,750,323.7,45,0,n,100
3944,I32181,1200,1000,930,413.58,45,2,n,100
3759,I30324,2000,1200,545,408.88,45,5,n,100
2618,I21322,1600,1200,930,551.56,45,0,n,100
4934,I39690,1200,1000,930,347.0,45,2,n,100
4422,I36140,1900,1200,750,845.38,45,6,n,100
2580,I20950,1600,1200,930,356.56,45,0,n,100
4705,I37973,1600,1200,930,358.48,45,0,n,100
728,I05413,1600,1200,545,338.16,45,0,n,100
127,I01058,1600,1200,930,551.56,45,0,n,100
3646,I29531,1600,1200,930,396.2,45,0,n,100
1585,I12563,1600,1200,1350,303.92,45,0,n,100
2382,I19115,1200,1000,930,347.0,45,2,n,100
949,I07298,1800,1200,1350,820.48,45,9,n,100
2351,I18815,1600,1200,930,547.3,45,0,n,100
1540,I12337,1800,1400,1020,303.45,45,11,n,100
3291,I26800,1600,1200,930,358.48,45,0,n,100
5239,I42106,1200,1000,930,414.14,45,2,n,100
114,I01030,1600,1200,545,338.16,45,0,n,100
4266,I34767,1900,1200,750,713.62,45,6,n,100
2446,I19839,1600,1200,930,307.13,45,0,n,100
2727,I22003,1200,1000,750,318.7,45,2,n,100
4596,I37269,1910,1200,1295,613.59,45,19,n,100
2587,I21049,1200,1000,930,704.12,45,2,n,100
2763,I22189,1600,1200,930,663.22,45,0,n,100
1304,I10452,1600,1200,930,364.84,45,0,n,100
4023,I32943,1600,1200,930,307.13,45,0,n,100
3212,I26166,1200,1000,930,704.12,45,2,n,100
2309,I18412,1600,1200,930,663.22,45,0,n,100
3732,I30066,1200,1000,1155,373.25,0,1,n,100
3323,I27047,1200,1000,930,347.0,45,2,n,100
4353,I35605,1600,1200,930,307.13,45,0,n,100
3194,I26021,1600,1200,750,582.6,45,0,n,100
298,I02158,1600,1200,930,396.2,45,0,n,100
3523,I28563,2000,1200,2350,367.608,45,22,n,100
1263,I10196,1800,1400,1020,303.45,45,11,n,100
6019,I48471,1600,1200,930,547.3,45,0,n,100
310,I02222,1200,1000,930,345.29,45,2,n,100
671,I04937,1600,1200,930,547.3,45,0,n,100
2781,I22285,1200,1000,930,345.29,45,2,n,100
3864,I31339,1200,1000,930,340.0,45,2,n,100
151,I01299,1200,1000,930,617.24,45,2,n,100
1771,I13886,1600,1200,930,663.22,45,0,n,100
4992,I39933,1600,1200,930,454.873,45,0,n,100
96,I00830,1800,1400,1020,303.45,45,11,n,100
1735,I13601,1910,1200,1295,613.59,45,19,n,100
3566,I28991,1600,1200,975,460.0,45,0,n,100
312,I02224,1200,1000,975,329.77,45,2,n,100
6046,I48579,1800,1200,1350,820.48,45,9,n,100
5000,I40106,1600,1200,1350,303.92,45,0,n,100
5262,I42334,1600,1200,975,611.224,45,0,n,100
743,I05732,1600,1200,750,323.7,45,0,n,100
374,I02748,1600,1200,930,607.6,45,0,n,100
1557,I12426,1600,1200,930,547.3,45,0,n,100
5152,I41275,1200,1000,750,305.32,45,2,n,100
2008,I15946,1600,1200,930,663.22,45,0,n,100
5897,I47587,1600,1200,930,307.13,45,0,n,100
3324,I27048,1200,1000,930,347.0,45,2,n,100
1093,I08769,1600,1200,930,358.48,45,0,n,100
5278,I42572,1600,1200,930,356.56,45,0,n,100
5123,I41147,1600,1200,930,307.13,45,0,n,100
29,I00340,1600,1200,930,356.56,45,0,n,100
4553,I36983,1800,1400,1020,303.45,45,11,n,100
4381,I35763,1910,1200,1295,613.59,45,19,n,100
3888,I31585,1600,1200,930,356.2,45,0,n,100
1659,I13149,1200,1000,975,401.2,45,2,n,100
1183,I09437,2000,1200,2350,367.608,45,22,n,100
425,I03225,1600,1200,1350,303.92,45,0,n,100
1562,I12469,1900,1200,750,713.62,45,6,n,100
595,I04572,1600,1200,930,358.48,45,0,n,100
607,I04636,1600,1200,930,438.4,45,0,n,100
3195,I26039,1600,1200,930,396.2,45,0,n,100
1739,I13605,1910,1200,1295,613.59,45,19,n,100
859,I06662,1800,1400,1020,303.45,45,11,n,100
6183,I49721,1910,1200,1295,613.59,45,19,n,100
3650,I29536,1600,1200,930,356.56,45,0,n,100
15,I00225,1200,1000,975,329.77,45,2,n,100
1106,I08864,1800,1400,1020,303.45,45,11,n,100
2177,I17395,1800,1400,1020,303.45,45,11,n,100
6248,I50414,1200,1000,975,329.77,45,2,n,100
1842,I14508,1200,1000,750,318.7,45,2,n,100
4671,I37760,1600,1200,930,356.2,45,0,n,100
4640,I37484,2000,1200,545,408.88,45,5,n,100
3117,I25298,1600,1200,930,547.3,45,0,n,100
361,I02639,1600,1200,930,547.3,45,0,n,100
2499,I20287,1200,1000,975,329.77,45,2,n,100
5453,I43866,1600,1200,1350,303.92,45,0,n,100
1440,I11528,1600,1200,750,323.7,45,0,n,100
1429,I11467,1600,1200,930,307.13,45,0,n,100
5890,I47503,1200,1000,1155,373.25,0,1,n,100
4272,I34859,1600,1200,930,551.56,45,0,n,100
5055,I40456,1600,1200,930,370.78,45,0,n,100
1351,I10895,1200,1000,930,413.58,45,2,n,100
1928,I15192,1200,1000,975,329.77,45,2,n,100
4531,I36841,1600,1200,930,663.22,45,0,n,100
2098,I16678,1200,1000,975,329.77,45,2,n,100
49,I00438,1600,1200,975,460.0,45,0,n,100
3793,I30782,1600,1200,930,438.4,45,0,n,100
3918,I31879,2000,1200,545,408.88,45,5,n,100
637,I04774,1800,1400,1020,303.45,45,11,n,100
3507,I28480,1910,1200,1295,613.59,45,19,n,100
2836,I22857,1600,1200,545,338.16,45,0,n,100
1082,I08540,1600,1200,930,364.84,45,0,n,100
5342,I43000,1600,1200,1350,303.92,45,0,n,100
3047,I24621,1600,1200,930,358.48,45,0,n,100
1579,I12556,1800,1400,1020,303.45,45,11,n,100
5094,I40915,2000,1200,2350,367.608,45,22,n,100
3847,I31163,1600,1200,930,551.56,45,0,n,100
3800,I30799,1600,1200,930,356.2,45,0,n,100
2982,I23854,1200,1000,975,329.77,45,2,n,100
6236,I50210,1600,1200,975,808.3,45,0,n,100
5140,I41195,1200,1000,975,337.9,45,2,n,100
2228,I17874,1600,1200,930,356.56,45,0,n,100
4453,I36372,1600,1200,930,551.56,45,0,n,100
2595,I21150,1600,1200,930,454.873,45,0,n,100
2182,I17400,1800,1400,1020,303.45,45,11,n,100
5731,I45963,1200,1000,975,329.77,45,2,n,100
3159,I25785,1800,1400,1020,303.45,45,11,n,100
4163,I34120,1900,1200,750,713.62,45,6,n,100
1574,I12544,1200,1000,975,401.2,45,2,n,100
3894,I31673,1200,1000,545,526.75,45,2,n,100
4363,I35721,1200,1000,930,413.58,45,2,n,100
2207,I17687,1200,1000,750,405.72,45,2,n,100
5475,I44164,1200,1000,930,347.0,45,2,n,100
626,I04729,1600,1200,930,663.22,45,0,n,100
4194,I34344,1600,1200,930,514.24,45,0,n,100
4836,I38807,1600,1200,1350,303.92,45,0,n,100
4019,I32890,1600,1200,930,663.22,45,0,n,100
3082,I24896,1200,1000,545,729.5,45,2,n,100
4847,I38931,2000,1200,2350,367.608,45,22,n,100
5405,I43485,1600,1200,930,663.22,45,0,n,100
5071,I40552,1200,1000,975,329.77,45,2,n,100
1530,I12280,2000,1200,545,408.88,45,5,n,100
4141,I33981,1200,1000,930,340.0,45,2,n,100
66,I00635,1600,1200,930,358.48,45,0,n,100
4105,I33606,1600,1200,930,356.56,45,0,n,100
4841,I38891,1200,1000,750,405.72,45,2,n,100
3473,I28426,1800,1400,1020,303.45,45,11,n,100
4966,I39847,1600,1200,930,396.2,45,0,n,100
701,I05299,1600,1200,930,307.13,45,0,n,100
3078,I24826,1900,1200,750,845.38,45,6,n,100
3992,I32652,1200,1000,975,384.74,45,2,n,100
81,I00794,1600,1200,930,358.48,45,0,n,100
1745,I13620,1600,1200,930,309.5,45,0,n,100
3020,I24197,1200,1000,975,329.77,45,2,n,100
2904,I23257,1800,1400,1020,303.45,45,11,n,100
5490,I44279,1600,1200,930,438.4,45,0,n,100
5406,I43486,1600,1200,930,663.22,45,0,n,100
829,I06378,1800,1400,1020,303.45,45,11,n,100
1481,I11876,1600,1200,930,438.4,45,0,n,100
1674,I13221,1600,1200,930,663.22,45,0,n,100
229,I01894,1600,1200,930,387.3,45,0,n,100
4404,I35886,1200,1000,975,652.0,45,2,n,100
3789,I30714,1200,1000,545,729.5,45,2,n,100
3574,I29025,1600,1200,1350,303.92,45,0,n,100
3177,I25868,1600,1200,545,338.52,45,0,n,100
2080,I16555,1800,1400,1020,303.45,45,11,n,100
206,I01736,1200,1000,975,401.2,45,2,n,100
1178,I09397,2000,1200,545,408.88,45,5,n,100
1401,I11284,1600,1200,930,663.22,45,0,n,100
3835,I31066,1600,1200,930,607.6,45,0,n,100
1385,I11109,1900,1200,750,713.62,45,6,n,100
4695,I37918,1600,1200,930,313.0,45,0,n,100
1513,I12144,1800,1400,1020,303.45,45,11,n,100
1977,I15635,1600,1200,930,663.22,45,0,n,100
2608,I21295,2000,1600,1370,339.6,45,26,n,100
1317,I10519,1600,1200,1350,303.92,45,0,n,100
3521,I28542,1600,1200,930,607.6,45,0,n,100
914,I07003,1600,1200,930,607.6,45,0,n,100
5142,I41234,1600,1200,930,364.84,45,0,n,100
3841,I31127,1600,1200,1350,303.92,45,0,n,100
6035,I48527,1800,1400,1020,303.45,45,11,n,100
3708,I29795,1200,1000,930,414.14,45,2,n,100
2785,I22314,1900,1200,750,713.62,45,6,n,100
4739,I38205,1600,1200,930,438.4,45,0,n,100
6001,I48279,1200,1000,545,690.5,45,2,n,100
188,I01601,1200,1000,930,704.12,45,2,n,100
3499,I28472,1910,1200,1295,613.59,45,19,n,100
136,I01144,1600,1200,930,396.2,45,0,n,100
567,I04350,1200,1000,975,329.77,45,2,n,100
4161,I34108,1200,1000,545,526.75,45,2,n,100
6140,I49330,1600,1200,930,364.84,45,0,n,100
3842,I31128,1600,1200,1350,303.92,45,0,n,100
5699,I45834,1600,1200,750,582.6,45,0,n,100
2728,I22007,1800,1400,1020,303.45,45,11,n,100
5143,I41238,1200,1000,750,318.7,45,2,n,100
908,I06834,1200,1000,545,526.75,45,2,n,100
1046,I08188,1600,1200,930,356.2,45,0,n,100
3421,I27949,1600,1200,930,663.22,45,0,n,100
2426,I19622,1600,1200,930,663.22,45,0,n,100
853,I06641,1600,1200,930,356.2,45,0,n,100
3005,I24094,1600,1200,930,396.2,45,0,n,100
839,I06446,1600,1200,1350,303.92,45,0,n,100
411,I03156,1600,1200,930,364.84,45,0,n,100
58,I00516,1200,1000,975,329.77,45,2,n,100
960,I07456,1600,1200,930,547.3,45,0,n,100
4719,I38087,2000,1200,2350,367.608,45,22,n,100
5038,I40348,1600,1200,1350,303.92,45,0,n,100
3468,I28421,1800,1400,1020,303.45,45,11,n,100
3201,I26109,1600,1200,930,356.2,45,0,n,100
2416,I19512,1600,1200,930,307.13,45,0,n,100
4643,I37497,1600,1200,930,547.3,45,0,n,100
2621,I21349,1600,1200,1350,303.92,45,0,n,100
2562,I20894,1900,1200,750,845.38,45,6,n,100
4228,I34615,1910,1200,1295,613.59,45,19,n,100
1635,I12850,1600,1200,930,387.3,45,0,n,100
4288,I35016,1600,1200,930,356.2,45,0,n,100
1887,I14851,2400,1200,1490,340.5,45,24,n,5
4675,I37805,1200,1000,975,329.77,45,2,n,100
4046,I33130,1200,1000,930,347.0,45,2,n,100
1822,I14324,1200,1000,930,345.29,45,2,n,100
3181,I25908,1600,1200,1350,303.92,45,0,n,100
2415,I19511,1600,1200,930,307.13,45,0,n,100
5430,I43678,2000,1200,2350,367.608,45,22,n,100
1090,I08605,1200,1000,930,347.0,45,2,n,100
2582,I20997,1600,1200,930,830.32,45,0,n,100
113,I01024,1600,1200,930,356.2,45,0,n,100
6027,I48490,1800,1400,1020,303.45,45,11,n,100
4322,I35355,1600,1200,1350,303.92,45,0,n,100
3676,I29650,1600,1200,930,607.6,45,0,n,100
4884,I39206,1200,1000,975,329.77,45,2,n,100
1259,I10176,1800,1400,1020,303.45,45,11,n,100
5563,I44778,1200,1000,545,690.5,45,2,n,100
100,I00895,1600,1200,930,370.78,45,0,n,100
6032,I48495,1600,1200,930,307.13,45,0,n,100
6196,I49784,1600,1200,1350,303.92,45,0,n,100
5224,I42064,1600,1200,930,370.78,45,0,n,100
1028,I08028,1200,1000,930,414.14,45,2,n,100
6150,I49442,1200,1000,975,329.77,45,2,n,100
1427,I11459,1600,1200,930,546.3,45,0,n,100
4830,I38798,1600,1200,930,387.3,45,0,n,100
5744,I46049,1800,1200,1350,820.48,45,9,n,100
555,I04222,1600,1200,1350,303.92,45,0,n,100
3749,I30263,1600,1200,930,364.84,45,0,n,100
3737,I30096,1200,1000,930,413.58,45,2,n,100
3560,I28895,1200,1000,750,351.756,45,2,n,100
4481,I36598,1600,1200,750,323.7,45,0,n,100
1132,I09083,1600,1200,545,338.16,45,0,n,100
6172,I49710,1910,1200,1295,613.59,45,19,n,100
2041,I16258,1600,1200,930,547.3,45,0,n,100
4776,I38432,1200,1000,975,329.77,45,2,n,100
5915,I47751,1600,1200,930,358.48,45,0,n,100
5907,I47672,1600,1200,930,663.22,45,0,n,100
496,I03719,1800,1400,1020,303.45,45,11,n,100
1706,I13397,1600,1200,930,396.2,45,0,n,100
5911,I47694,1600,1200,930,307.13,45,0,n,100
1231,I10033,1600,1200,930,551.56,45,0,n,100
843,I06543,1200,1000,930,704.12,45,2,n,100
1809,I14177,1200,1000,975,329.77,45,2,n,100
118,I01040,1800,1400,1020,303.45,45,11,n,100
1571,I12519,1600,1200,930,358.48,45,0,n,100
653,I04814,1600,1200,930,547.3,45,0,n,100
5914,I47740,1200,1000,930,347.0,45,2,n,100
1081,I08515,1600,1200,930,370.78,45,0,n,100
381,I02815,1800,1400,1020,303.45,45,11,n,100
497,I03720,1800,1400,1020,303.45,45,11,n,100
223,I01832,1800,1400,1020,303.45,45,11,n,100
4347,I35571,1600,1200,930,356.56,45,0,n,100
6232,I50190,1200,1000,930,413.58,45,2,n,100
4686,I37848,1600,1200,930,387.3,45,0,n,100
2285,I18210,1600,1200,975,391.432,45,0,n,100
5192,I41698,1200,1000,750,351.944,45,2,n,100
3550,I28731,1200,1000,975,401.2,45,2,n,100
1005,I07778,1600,1200,1350,303.92,45,0,n,100
2516,I20457,1600,1200,750,323.7,45,0,n,100
445,I03366,1600,1200,930,307.13,45,0,n,100
4950,I39781,1600,1200,930,358.48,45,0,n,100
1723,I13581,1600,1200,750,582.6,45,0,n,100
3174,I25842,1200,1000,930,345.29,45,2,n,100
4578,I37213,1200,1000,975,329.77,45,2,n,100
6146,I49349,1600,1200,1350,303.92,45,0,n,100
977,I07542,1200,1000,975,401.2,45,2,n,100
4861,I38951,2000,1200,2350,367.608,45,22,n,100
2058,I16362,1600,1200,930,356.2,45,0,n,100
2199,I17562,1600,1200,930,370.78,45,0,n,100
5293,I42757,1200,1000,975,336.7,45,2,n,100
5972,I47977,1800,1400,1020,303.45,45,11,n,100
4365,I35725,1600,1200,1350,312.72,45,0,n,100
337,I02456,1200,1000,930,704.36,45,2,n,100
1390,I11117,1200,1000,975,337.9,45,2,n,100
1877,I14744,1200,1000,975,329.77,45,2,n,100
1472,I11847,1800,1200,1350,820.48,45,9,n,100
4778,I38434,1600,1200,1350,303.92,45,0,n,100
4260,I34759,1600,1200,930,551.56,45,0,n,100
4090,I33495,1200,1000,930,704.36,45,2,n,100
3157,I25737,1200,1000,750,351.756,45,2,n,100
173,I01436,1200,1000,750,351.756,45,2,n,100
967,I07471,1600,1200,930,358.48,45,0,n,100
2568,I20923,1200,1000,975,329.77,45,2,n,100
994,I07716,2000,1200,2350,367.608,45,22,n,100
2271,I18191,1910,1200,1295,613.59,45,19,n,100
1798,I14045,1200,1000,975,329.77,45,2,n,100
4840,I38842,1600,1200,930,364.84,45,0,n,100
3685,I29689,1800,1400,1020,303.45,45,11,n,100
262,I01996,1910,1200,1295,613.59,45,19,n,100
1685,I13283,1200,1000,975,329.77,45,2,n,100
5338,I42994,1600,1200,930,307.13,45,0,n,100
2992,I24031,1200,1000,930,414.14,45,2,n,100
1354,I10910,1600,1200,1350,303.92,45,0,n,100
4691,I37878,1600,1200,930,313.0,45,0,n,100
3791,I30746,1600,1200,1350,310.16,45,0,n,100
4936,I39692,1200,1000,930,347.0,45,2,n,100
3990,I32634,1200,1000,750,318.7,45,2,n,100
1827,I14415,1900,1200,750,845.38,45,6,n,100
5684,I45674,1800,1200,1350,820.48,45,9,n,100
5296,I42760,1200,1000,975,336.7,45,2,n,100
5491,I44280,1600,1200,930,438.4,45,0,n,100
4335,I35484,1600,1200,930,307.13,45,0,n,100
3635,I29372,1600,1200,545,338.52,45,0,n,100
6000,I48228,1200,1000,975,329.77,45,2,n,100
163,I01397,1200,1000,975,329.77,45,2,n,100
5353,I43090,1910,1200,1295,613.59,45,19,n,100
5767,I46219,1600,1200,930,551.56,45,0,n,100
5017,I40270,2000,1200,2350,367.608,45,22,n,100
659,I04820,1600,1200,930,547.3,45,0,n,100
4536,I36899,1600,1200,930,781.25,45,0,n,100
3296,I26821,1600,1200,930,309.5,45,0,n,100
434,I03272,1800,1400,1020,303.45,45,11,n,100
5286,I42621,1600,1200,930,364.84,45,0,n,100
1618,I12721,1200,1000,930,413.58,45,2,n,100
1494,I11981,1600,1200,930,370.78,45,0,n,100
5773,I46270,1600,1200,930,358.48,45,0,n,100
2132,I17022,1200,1000,930,340.1,45,2,n,100
724,I05379,1200,1000,750,318.7,45,2,n,100
1752,I13662,1800,1400,1020,303.45,45,11,n,100
1201,I09620,1200,1000,975,329.77,45,2,n,100
4653,I37570,1600,1200,930,551.56,45,0,n,100
1976,I15634,1600,1200,930,663.22,45,0,n,100
2483,I20128,1600,1200,930,356.2,45,0,n,100
