,id_item,length,width,height,weight,nesting_height,stackability_code,forced_orientation,max_stackability
434,I0434,800,500,615,278.0,100,1,n,3
4044,I4044,800,460,615,191.0,100,0,n,3
1819,I1819,800,460,615,159.0,100,0,n,3
5004,I5004,1200,800,615,355.0,100,4,n,4
4570,I4570,800,460,615,459.0,100,0,n,3
4416,I4416,1000,800,615,313.0,100,3,n,4
257,I0257,1200,1000,615,444.0,100,6,n,4
2808,I2808,1200,800,615,0.0,100,4,n,4
976,I0976,800,500,615,232.0,100,1,n,3
5756,I5756,1500,800,615,0.0,100,5,n,4
756,I0756,1500,800,615,413.0,100,5,n,4
1939,I1939,800,460,615,0.0,100,0,n,3
4594,I4594,800,500,615,247.0,100,1,l,3
2297,I2297,800,600,615,325.0,100,2,n,3
4996,I4996,1500,1000,615,260.0,100,7,n,4
2759,I2759,800,460,615,205.0,100,0,n,3
5595,I5595,800,600,615,187.0,100,2,l,3
5190,I5190,800,500,615,268.0,100,1,n,3
6448,I6448,1000,800,615,442.0,100,3,w,4
5416,I5416,1200,1000,615,390.0,100,6,n,4
329,I0329,1000,800,615,0.0,100,3,n,4
1909,I1909,1200,800,615,305.0,100,4,n,4
52,I0052,1200,800,615,275.0,100,4,n,4
3818,I3818,1500,800,615,140.0,100,5,l,4
3816,I3816,1500,800,615,0.0,100,5,n,4
4120,I4120,1500,1000,615,0.0,100,7,w,4
5381,I5381,1000,800,615,167.0,100,3,n,4
276,I0276,1000,800,615,136.0,100,3,n,4
3781,I3781,1000,800,615,307.0,100,3,n,4
983,I0983,800,500,615,177.0,100,1,n,3
2809,I2809,800,600,615,341.0,100,2,n,3
3580,I3580,800,600,615,442.0,100,2,n,3
3807,I3807,800,600,615,0.0,100,2,n,3
6081,I6081,1000,800,615,330.0,100,3,w,4
2642,I2642,800,500,615,237.0,100,1,n,3
2465,I2465,1000,800,615,392.0,100,3,n,4
3905,I3905,800,500,615,331.0,100,1,w,3
4292,I4292,800,460,615,136.0,100,0,n,3
2537,I2537,1200,800,615,289.0,100,4,n,4
5154,I5154,1500,1000,615,321.0,100,7,n,4
1210,I1210,1200,1000,615,300.0,100,6,n,4
2504,I2504,1200,1000,615,396.0,100,6,n,4
2427,I2427,1000,800,615,207.0,100,3,n,4
5614,I5614,800,600,615,259.0,100,2,l,3
3421,I3421,800,500,615,149.0,100,1,n,3
5138,I5138,800,500,615,354.0,100,1,n,3
3444,I3444,800,500,615,225.0,100,1,n,3
4423,I4423,800,600,615,369.0,100,2,n,3
5719,I5719,1200,1000,615,0.0,100,6,n,4
4725,I4725,1500,800,615,191.0,100,5,n,4
5450,I5450,1500,1000,615,232.0,100,7,n,4
772,I0772,1200,800,615,172.0,100,4,n,4
6313,I6313,1500,1000,615,0.0,100,7,n,4
3294,I3294,1500,1000,615,263.0,100,7,n,4
2538,I2538,1000,800,615,374.0,100,3,l,4
1538,I1538,800,500,615,263.0,100,1,n,3
230,I0230,1000,800,615,432.0,100,3,n,4
4683,I4683,800,460,615,251.0,100,0,n,3
1621,I1621,800,460,615,134.0,100,0,n,3
5855,I5855,1500,1000,615,275.0,100,7,n,4
5254,I5254,1000,800,615,280.0,100,3,n,4
836,I0836,1500,800,615,189.0,100,5,n,4
2410,I2410,800,460,615,162.0,100,0,n,3
74,I0074,1200,1000,615,286.0,100,6,n,4
2729,I2729,1500,800,615,238.0,100,5,n,4
6327,I6327,800,600,615,354.0,100,2,n,3
5576,I5576,800,460,615,342.0,100,0,n,3
4024,I4024,1200,1000,615,154.0,100,6,n,4
446,I0446,1200,800,615,240.0,100,4,n,4
4659,I4659,800,600,615,284.0,100,2,n,3
2003,I2003,1200,800,615,188.0,100,4,n,4
3116,I3116,1200,800,615,279.0,100,4,n,4
4679,I4679,800,600,615,229.0,100,2,l,3
3325,I3325,800,460,615,278.0,100,0,n,3
2159,I2159,1500,1000,615,200.0,100,7,n,4
1022,I1022,800,500,615,199.0,100,1,n,3
3089,I3089,1200,1000,615,288.0,100,6,l,4
1848,I1848,800,600,615,269.0,100,2,n,3
3185,I3185,1500,1000,615,251.0,100,7,n,4
484,I0484,800,460,615,344.0,100,0,n,3
2296,I2296,1200,800,615,0.0,100,4,n,4
5195,I5195,800,600,615,148.0,100,2,n,3
6039,I6039,800,500,615,148.0,100,1,n,3
2561,I2561,1500,1000,615,314.0,100,7,n,4
4700,I4700,1500,1000,615,348.0,100,7,n,4
5350,I5350,800,460,615,0.0,100,0,n,3
5391,I5391,800,600,615,426.0,100,2,l,3
5611,I5611,1200,800,615,311.0,100,4,n,4
6189,I6189,800,460,615,264.0,100,0,n,3
6052,I6052,800,460,615,360.0,100,0,w,3
118,I0118,1200,1000,615,0.0,100,6,n,4
4644,I4644,1000,800,615,396.0,100,3,l,4
3069,I3069,800,600,615,306.0,100,2,l,3
4077,I4077,800,500,615,142.0,100,1,n,3
5794,I5794,1500,800,615,202.0,100,5,n,4
3398,I3398,1200,1000,615,372.0,100,6,n,4
2926,I2926,1200,1000,615,124.0,100,6,n,4
3633,I3633,800,460,615,369.0,100,0,n,3
4897,I4897,1000,800,615,369.0,100,3,n,4
2165,I2165,1500,1000,615,272.0,100,7,n,4
5647,I5647,800,500,615,433.0,100,1,n,3
189,I0189,800,600,615,0.0,100,2,l,3
306,I0306,1200,800,615,333.0,100,4,n,4
2286,I2286,800,460,615,183.0,100,0,n,3
2714,I2714,800,500,615,318.0,100,1,n,3
50,I0050,800,500,615,241.0,100,1,w,3
5444,I5444,1000,800,615,410.0,100,3,n,4
4558,I4558,800,600,615,423.0,100,2,n,3
2972,I2972,1200,800,615,348.0,100,4,n,4
5137,I5137,800,500,615,365.0,100,1,l,3
3107,I3107,800,460,615,242.0,100,0,n,3
5811,I5811,800,600,615,327.0,100,2,n,3
5441,I5441,1500,800,615,266.0,100,5,n,4
3663,I3663,1500,1000,615,201.0,100,7,n,4
3047,I3047,800,460,615,333.0,100,0,n,3
4512,I4512,800,460,615,335.0,100,0,n,3
6243,I6243,800,600,615,248.0,100,2,n,3
2344,I2344,1000,800,615,172.0,100,3,l,4
5644,I5644,800,500,615,434.0,100,1,n,3
4260,I4260,800,500,615,0.0,100,1,n,3
3836,I3836,1200,800,615,346.0,100,4,n,4
61,I0061,1200,800,615,216.0,100,4,n,4
2680,I2680,1200,800,615,208.0,100,4,n,4
1484,I1484,800,500,615,328.0,100,1,n,3
6305,I6305,1500,800,615,314.0,100,5,l,4
4572,I4572,1000,800,615,0.0,100,3,n,4
114,I0114,1200,1000,615,274.0,100,6,n,4
5603,I5603,1500,1000,615,406.0,100,7,n,4
1584,I1584,1500,800,615,220.0,100,5,n,4
834,I0834,1500,800,615,296.0,100,5,n,4
1666,I1666,800,600,615,320.0,100,2,n,3
2307,I2307,1500,800,615,164.0,100,5,n,4
5084,I5084,800,460,615,368.0,100,0,n,3
3281,I3281,1200,800,615,307.0,100,4,n,4
5029,I5029,1200,800,615,414.0,100,4,n,4
3106,I3106,1000,800,615,285.0,100,3,n,4
5523,I5523,1000,800,615,0.0,100,3,n,4
3469,I3469,800,500,615,234.0,100,1,n,3
5194,I5194,800,460,615,258.0,100,0,n,3
2350,I2350,1500,1000,615,323.0,100,7,n,4
6164,I6164,1200,800,615,293.0,100,4,n,4
5248,I5248,800,460,615,0.0,100,0,w,3
5566,I5566,1000,800,615,434.0,100,3,n,4
1116,I1116,1500,800,615,274.0,100,5,n,4
5937,I5937,800,500,615,262.0,100,1,n,3
4589,I4589,800,460,615,262.0,100,0,n,3
2,I0002,800,460,615,153.0,100,0,n,3
3814,I3814,1200,800,615,273.0,100,4,n,4
2884,I2884,1500,800,615,0.0,100,5,n,4
1274,I1274,800,460,615,186.0,100,0,n,3
3872,I3872,1200,800,615,148.0,100,4,n,4
5814,I5814,1000,800,615,291.0,100,3,n,4
1514,I1514,1200,1000,615,348.0,100,6,n,4
3246,I3246,1200,1000,615,199.0,100,6,n,4
6071,I6071,800,600,615,310.0,100,2,l,3
2942,I2942,800,600,615,351.0,100,2,l,3
5988,I5988,800,600,615,165.0,100,2,n,3
4549,I4549,1500,800,615,409.0,100,5,w,4
4127,I4127,1500,800,615,221.0,100,5,n,4
233,I0233,1200,800,615,362.0,100,4,n,4
1140,I1140,1500,1000,615,478.0,100,7,l,4
3689,I3689,800,460,615,398.0,100,0,n,3
6109,I6109,1000,800,615,325.0,100,3,n,4
4555,I4555,1200,1000,615,0.0,100,6,n,4
6025,I6025,1500,1000,615,151.0,100,7,n,4
1410,I1410,800,600,615,0.0,100,2,w,3
4685,I4685,800,460,615,0.0,100,0,n,3
2595,I2595,1200,800,615,318.0,100,4,n,4
5108,I5108,1000,800,615,221.0,100,3,n,4
6108,I6108,1000,800,615,250.0,100,3,n,4
4005,I4005,1200,800,615,332.0,100,4,l,4
4031,I4031,1200,800,615,156.0,100,4,n,4
3215,I3215,1500,1000,615,192.0,100,7,n,4
3447,I3447,800,500,615,409.0,100,1,n,3
2793,I2793,1500,800,615,202.0,100,5,w,4
3249,I3249,1500,1000,615,253.0,100,7,n,4
5531,I5531,1200,1000,615,261.0,100,6,l,4
5825,I5825,1200,800,615,259.0,100,4,n,4
5879,I5879,1500,800,615,378.0,100,5,n,4
330,I0330,1500,1000,615,180.0,100,7,w,4
6077,I6077,1200,800,615,307.0,100,4,n,4
6437,I6437,800,500,615,107.0,100,1,n,3
2880,I2880,1000,800,615,148.0,100,3,w,4
6390,I6390,800,600,615,148.0,100,2,n,3
823,I0823,1000,800,615,436.0,100,3,l,4
3535,I3535,1000,800,615,0.0,100,3,n,4
679,I0679,800,460,615,158.0,100,0,n,3
3173,I3173,1200,800,615,0.0,100,4,n,4
4184,I4184,800,460,615,336.0,100,0,n,3
4895,I4895,1500,1000,615,363.0,100,7,n,4
353,I0353,800,460,615,341.0,100,0,n,3
1769,I1769,1200,800,615,403.0,100,4,n,4
5853,I5853,800,500,615,0.0,100,1,w,3
3972,I3972,1500,1000,615,288.0,100,7,n,4
3092,I3092,800,600,615,182.0,100,2,w,3
4321,I4321,1500,800,615,410.0,100,5,n,4
4408,I4408,1200,1000,615,235.0,100,6,n,4
3901,I3901,800,460,615,279.0,100,0,l,3
4434,I4434,1200,800,615,270.0,100,4,n,4
2085,I2085,800,500,615,230.0,100,1,w,3
2434,I2434,1200,800,615,0.0,100,4,w,4
2413,I2413,1200,1000,615,295.0,100,6,n,4
5790,I5790,1200,800,615,372.0,100,4,n,4
3055,I3055,1200,1000,615,157.0,100,6,n,4
5908,I5908,1500,1000,615,153.0,100,7,n,4
3346,I3346,1200,1000,615,150.0,100,6,n,4
2887,I2887,1500,1000,615,197.0,100,7,n,4
6169,I6169,800,460,615,357.0,100,0,n,3
2741,I2741,800,600,615,200.0,100,2,l,3
845,I0845,800,600,615,189.0,100,2,n,3
4468,I4468,1200,800,615,151.0,100,4,l,4
1983,I1983,800,460,615,351.0,100,0,n,3
2418,I2418,1500,1000,615,292.0,100,7,w,4
4316,I4316,800,500,615,191.0,100,1,l,3
2456,I2456,1500,800,615,164.0,100,5,n,4
3993,I3993,1200,1000,615,292.0,100,6,w,4
3572,I3572,800,500,615,331.0,100,1,n,3
4116,I4116,800,600,615,205.0,100,2,n,3
1580,I1580,800,600,615,0.0,100,2,n,3
3717,I3717,1000,800,615,189.0,100,3,n,4
4443,I4443,1200,800,615,313.0,100,4,n,4
6210,I6210,800,460,615,399.0,100,0,n,3
1249,I1249,800,600,615,169.0,100,2,n,3
748,I0748,800,460,615,165.0,100,0,n,3
3274,I3274,800,460,615,337.0,100,0,n,3
1619,I1619,1200,1000,615,366.0,100,6,n,4
5045,I5045,1500,800,615,404.0,100,5,n,4
2681,I2681,1500,800,615,105.0,100,5,l,4
355,I0355,1500,1000,615,241.0,100,7,n,4
4258,I4258,1500,1000,615,403.0,100,7,n,4
2734,I2734,1500,1000,615,291.0,100,7,n,4
5929,I5929,1500,1000,615,0.0,100,7,n,4
84,I0084,1000,800,615,269.0,100,3,w,4
2956,I2956,1500,1000,615,368.0,100,7,n,4
5019,I5019,1500,1000,615,236.0,100,7,n,4
4527,I4527,1500,800,615,213.0,100,5,n,4
4907,I4907,800,500,615,361.0,100,1,n,3
1027,I1027,1200,800,615,344.0,100,4,n,4
1539,I1539,800,600,615,209.0,100,2,n,3
4984,I4984,800,600,615,378.0,100,2,n,3
4228,I4228,1200,800,615,213.0,100,4,n,4
1759,I1759,1200,800,615,344.0,100,4,n,4
6326,I6326,1500,800,615,188.0,100,5,n,4
1165,I1165,1200,800,615,359.0,100,4,n,4
1643,I1643,1200,1000,615,214.0,100,6,n,4
3871,I3871,1000,800,615,92.0,100,3,n,4
1567,I1567,800,460,615,236.0,100,0,n,3
5695,I5695,800,600,615,327.0,100,2,w,3
4015,I4015,800,460,615,134.0,100,0,n,3
2042,I2042,1500,800,615,379.0,100,5,n,4
3585,I3585,800,600,615,169.0,100,2,n,3
5554,I5554,800,500,615,261.0,100,1,l,3
837,I0837,1200,1000,615,434.0,100,6,n,4
2794,I2794,800,600,615,169.0,100,2,n,3
3618,I3618,1000,800,615,404.0,100,3,n,4
913,I0913,800,600,615,358.0,100,2,n,3
5731,I5731,800,600,615,233.0,100,2,n,3
5145,I5145,1500,1000,615,243.0,100,7,n,4
506,I0506,800,600,615,241.0,100,2,n,3
2691,I2691,1500,1000,615,436.0,100,7,n,4
4329,I4329,1500,1000,615,409.0,100,7,n,4
1010,I1010,1200,1000,615,294.0,100,6,w,4
3093,I3093,1500,800,615,233.0,100,5,w,4
4428,I4428,1200,1000,615,259.0,100,6,w,4
967,I0967,1500,1000,615,246.0,100,7,n,4
996,I0996,1500,800,615,0.0,100,5,n,4
4095,I4095,800,500,615,266.0,100,1,n,3
3546,I3546,1200,800,615,88.0,100,4,n,4
2135,I2135,1200,1000,615,189.0,100,6,n,4
2660,I2660,1500,800,615,224.0,100,5,w,4
643,I0643,1500,1000,615,141.0,100,7,n,4
2696,I2696,1200,800,615,286.0,100,4,w,4
2964,I2964,800,500,615,234.0,100,1,n,3
2360,I2360,1200,1000,615,263.0,100,6,n,4
5376,I5376,1500,1000,615,248.0,100,7,n,4
1801,I1801,800,500,615,233.0,100,1,n,3
1714,I1714,800,600,615,347.0,100,2,n,3
4511,I4511,1200,1000,615,377.0,100,6,n,4
5671,I5671,800,460,615,412.0,100,0,w,3
1126,I1126,1500,1000,615,152.0,100,7,n,4
2668,I2668,800,460,615,190.0,100,0,n,3
403,I0403,800,600,615,427.0,100,2,n,3
3143,I3143,1000,800,615,211.0,100,3,n,4
1741,I1741,1500,1000,615,255.0,100,7,n,4
2820,I2820,1200,1000,615,429.0,100,6,n,4
1574,I1574,1200,800,615,404.0,100,4,n,4
5784,I5784,800,500,615,306.0,100,1,n,3
5931,I5931,800,500,615,360.0,100,1,n,3
2326,I2326,1500,1000,615,375.0,100,7,n,4
3480,I3480,1200,800,615,168.0,100,4,n,4
5471,I5471,1500,1000,615,0.0,100,7,n,4
6008,I6008,1500,800,615,175.0,100,5,w,4
1724,I1724,800,460,615,388.0,100,0,n,3
2184,I2184,800,500,615,0.0,100,1,n,3
4062,I4062,1200,800,615,337.0,100,4,n,4
5090,I5090,1500,800,615,255.0,100,5,n,4
694,I0694,1000,800,615,0.0,100,3,n,4
5039,I5039,1200,1000,615,366.0,100,6,w,4
4249,I4249,1200,1000,615,252.0,100,6,w,4
4998,I4998,1500,800,615,283.0,100,5,n,4
1001,I1001,800,460,615,180.0,100,0,n,3
4330,I4330,800,500,615,385.0,100,1,n,3
6187,I6187,1200,1000,615,0.0,100,6,w,4
2551,I2551,800,460,615,299.0,100,0,l,3
115,I0115,800,600,615,174.0,100,2,n,3
4562,I4562,800,500,615,130.0,100,1,n,3
6174,I6174,800,460,615,164.0,100,0,n,3
900,I0900,1500,1000,615,285.0,100,7,n,4
5775,I5775,1200,800,615,0.0,100,4,w,4
1037,I1037,1200,800,615,0.0,100,4,n,4
1515,I1515,1500,800,615,184.0,100,5,n,4
3153,I3153,1500,800,615,0.0,100,5,n,4
1318,I1318,800,460,615,442.0,100,0,n,3
103,I0103,1000,800,615,400.0,100,3,l,4
3865,I3865,1500,800,615,227.0,100,5,n,4
4495,I4495,800,600,615,0.0,100,2,n,3
23,I0023,800,500,615,204.0,100,1,n,3
5945,I5945,1000,800,615,294.0,100,3,n,4
2764,I2764,800,600,615,330.0,100,2,n,3
3866,I3866,800,500,615,266.0,100,1,n,3
5871,I5871,1200,1000,615,201.0,100,6,n,4
2614,I2614,1500,800,615,140.0,100,5,n,4
906,I0906,1500,800,615,396.0,100,5,n,4
444,I0444,1500,1000,615,373.0,100,7,n,4
160,I0160,800,500,615,464.0,100,1,n,3
5050,I5050,1500,800,615,244.0,100,5,n,4
3022,I3022,800,500,615,94.0,100,1,n,3
5283,I5283,1000,800,615,436.0,100,3,n,4
3897,I3897,1500,800,615,222.0,100,5,l,4
6022,I6022,800,600,615,158.0,100,2,n,3
1088,I1088,1500,1000,615,353.0,100,7,n,4
1739,I1739,1200,1000,615,178.0,100,6,n,4
1995,I1995,800,600,615,145.0,100,2,n,3
1161,I1161,1200,1000,615,242.0,100,6,n,4
641,I0641,1200,1000,615,85.0,100,6,n,4
1321,I1321,800,600,615,128.0,100,2,l,3
357,I0357,1200,800,615,0.0,100,4,n,4
511,I0511,800,460,615,302.0,100,0,n,3
2425,I2425,1500,800,615,245.0,100,5,n,4
5786,I5786,1000,800,615,233.0,100,3,n,4
4352,I4352,1000,800,615,373.0,100,3,l,4
370,I0370,1200,1000,615,287.0,100,6,n,4
5020,I5020,1200,800,615,374.0,100,4,w,4
4202,I4202,800,500,615,261.0,100,1,w,3
1634,I1634,1000,800,615,0.0,100,3,n,4
829,I0829,1000,800,615,0.0,100,3,n,4
3104,I3104,1500,800,615,264.0,100,5,n,4
4179,I4179,800,460,615,316.0,100,0,n,3
2784,I2784,1500,800,615,0.0,100,5,n,4
4806,I4806,1000,800,615,252.0,100,3,n,4
3610,I3610,800,500,615,351.0,100,1,n,3
2766,I2766,800,600,615,314.0,100,2,n,3
5720,I5720,1000,800,615,387.0,100,3,w,4
5512,I5512,800,600,615,424.0,100,2,n,3
2700,I2700,1500,800,615,255.0,100,5,n,4
1312,I1312,800,460,615,340.0,100,0,n,3
1297,I1297,1000,800,615,174.0,100,3,n,4
4008,I4008,1200,1000,615,182.0,100,6,n,4
4767,I4767,1500,800,615,380.0,100,5,n,4
6214,I6214,1500,1000,615,469.0,100,7,l,4
1388,I1388,1200,800,615,0.0,100,4,n,4
5588,I5588,800,460,615,110.0,100,0,n,3
3204,I3204,800,460,615,151.0,100,0,n,3
1795,I1795,800,460,615,419.0,100,0,n,3
1722,I1722,1000,800,615,153.0,100,3,n,4
5559,I5559,1500,1000,615,359.0,100,7,n,4
5917,I5917,1500,1000,615,392.0,100,7,l,4
1283,I1283,800,500,615,344.0,100,1,n,3
1701,I1701,1200,800,615,269.0,100,4,n,4
3074,I3074,1200,1000,615,123.0,100,6,n,4
5605,I5605,800,600,615,428.0,100,2,n,3
6279,I6279,800,460,615,150.0,100,0,n,3
3859,I3859,1200,1000,615,313.0,100,6,n,4
4194,I4194,1500,800,615,346.0,100,5,l,4
1676,I1676,1200,800,615,193.0,100,4,l,4
2516,I2516,1000,800,615,365.0,100,3,n,4
5680,I5680,1200,800,615,350.0,100,4,n,4
5056,I5056,1000,800,615,282.0,100,3,n,4
1692,I1692,800,600,615,410.0,100,2,n,3
3810,I3810,800,500,615,399.0,100,1,n,3
2459,I2459,1200,1000,615,174.0,100,6,n,4
3489,I3489,1200,1000,615,198.0,100,6,n,4
29,I0029,1500,800,615,441.0,100,5,n,4
3763,I3763,1200,1000,615,308.0,100,6,n,4
1630,I1630,1000,800,615,256.0,100,3,n,4
3825,I3825,800,460,615,274.0,100,0,n,3
3440,I3440,800,600,615,361.0,100,2,n,3
4342,I4342,800,460,615,186.0,100,0,n,3
5256,I5256,1200,1000,615,374.0,100,6,n,4
1971,I1971,1200,1000,615,150.0,100,6,n,4
4794,I4794,1500,1000,615,329.0,100,7,l,4
5522,I5522,1000,800,615,216.0,100,3,n,4
627,I0627,800,460,615,389.0,100,0,n,3
2152,I2152,1200,800,615,340.0,100,4,n,4
2802,I2802,1200,800,615,304.0,100,4,n,4
4586,I4586,800,460,615,306.0,100,0,n,3
2020,I2020,800,500,615,396.0,100,1,l,3
5815,I5815,800,460,615,305.0,100,0,n,3
5461,I5461,800,460,615,157.0,100,0,n,3
2420,I2420,800,500,615,286.0,100,1,l,3
1531,I1531,1200,800,615,284.0,100,4,n,4
2481,I2481,1500,800,615,288.0,100,5,n,4
265,I0265,800,460,615,461.0,100,0,n,3
2249,I2249,1500,800,615,309.0,100,5,n,4
1723,I1723,800,500,615,271.0,100,1,l,3
6225,I6225,1000,800,615,471.0,100,3,n,4
5349,I5349,1500,1000,615,256.0,100,7,n,4
1389,I1389,800,460,615,270.0,100,0,n,3
3910,I3910,800,600,615,173.0,100,2,n,3
5565,I5565,800,500,615,270.0,100,1,n,3
5134,I5134,1200,800,615,264.0,100,4,n,4
5296,I5296,1000,800,615,365.0,100,3,n,4
6408,I6408,1500,1000,615,0.0,100,7,n,4
3148,I3148,1200,800,615,0.0,100,4,w,4
3849,I3849,1000,800,615,365.0,100,3,l,4
4632,I4632,1200,1000,615,413.0,100,6,n,4
1523,I1523,1500,1000,615,0.0,100,7,n,4
3667,I3667,1500,800,615,173.0,100,5,n,4
5593,I5593,1500,800,615,271.0,100,5,n,4
1570,I1570,1500,800,615,129.0,100,5,n,4
818,I0818,800,600,615,293.0,100,2,n,3
5943,I5943,800,600,615,317.0,100,2,n,3
5325,I5325,1200,800,615,386.0,100,4,n,4
1975,I1975,1200,800,615,0.0,100,4,n,4
1792,I1792,800,460,615,367.0,100,0,l,3
2779,I2779,1200,1000,615,177.0,100,6,n,4
1703,I1703,1200,1000,615,392.0,100,6,n,4
1882,I1882,1200,1000,615,348.0,100,6,n,4
3575,I3575,1000,800,615,230.0,100,3,n,4
5294,I5294,1500,1000,615,0.0,100,7,n,4
3041,I3041,1200,1000,615,312.0,100,6,l,4
2711,I2711,800,600,615,353.0,100,2,n,3
6148,I6148,1200,800,615,264.0,100,4,n,4
5530,I5530,1200,1000,615,271.0,100,6,n,4
2038,I2038,1200,1000,615,230.0,100,6,w,4
2955,I2955,800,460,615,325.0,100,0,n,3
4392,I4392,1500,800,615,0.0,100,5,n,4
4800,I4800,1000,800,615,233.0,100,3,n,4
2931,I2931,800,600,615,239.0,100,2,n,3
4766,I4766,1500,800,615,207.0,100,5,n,4
2185,I2185,800,460,615,256.0,100,0,n,3
4970,I4970,800,600,615,159.0,100,2,n,3
1307,I1307,1200,800,615,338.0,100,4,n,4
3207,I3207,1200,800,615,0.0,100,4,n,4
4078,I4078,800,600,615,298.0,100,2,n,3
2495,I2495,1500,800,615,190.0,100,5,n,4
374,I0374,1000,800,615,295.0,100,3,n,4
5409,I5409,800,460,615,318.0,100,0,n,3
2277,I2277,1000,800,615,378.0,100,3,n,4
1206,I1206,1500,800,615,0.0,100,5,n,4
4069,I4069,1200,1000,615,330.0,100,6,n,4
1372,I1372,1200,1000,615,247.0,100,6,n,4
5301,I5301,800,500,615,274.0,100,1,n,3
461,I0461,800,460,615,179.0,100,0,n,3
2048,I2048,800,500,615,92.0,100,1,n,3
2758,I2758,1000,800,615,251.0,100,3,n,4
4411,I4411,1200,1000,615,410.0,100,6,n,4
5598,I5598,800,600,615,306.0,100,2,l,3
894,I0894,1500,1000,615,385.0,100,7,n,4
2005,I2005,800,460,615,163.0,100,0,n,3
2044,I2044,800,500,615,223.0,100,1,n,3
2387,I2387,1500,800,615,364.0,100,5,n,4
3817,I3817,1200,800,615,152.0,100,4,w,4
835,I0835,800,500,615,240.0,100,1,n,3
4463,I4463,800,600,615,0.0,100,2,n,3
2338,I2338,800,460,615,156.0,100,0,n,3
5080,I5080,1500,800,615,364.0,100,5,n,4
1387,I1387,1500,1000,615,344.0,100,7,n,4
2702,I2702,800,500,615,252.0,100,1,n,3
1353,I1353,1200,1000,615,270.0,100,6,n,4
2143,I2143,800,500,615,101.0,100,1,n,3
843,I0843,1500,800,615,173.0,100,5,n,4
2161,I2161,800,460,615,117.0,100,0,n,3
48,I0048,1500,1000,615,249.0,100,7,n,4
4574,I4574,800,600,615,0.0,100,2,n,3
5394,I5394,1500,800,615,0.0,100,5,n,4
5700,I5700,800,460,615,293.0,100,0,n,3
2335,I2335,800,600,615,190.0,100,2,n,3
4693,I4693,800,500,615,312.0,100,1,l,3
1705,I1705,800,600,615,194.0,100,2,n,3
1564,I1564,1500,1000,615,180.0,100,7,n,4
1303,I1303,1200,800,615,291.0,100,4,n,4
6413,I6413,1000,800,615,351.0,100,3,w,4
573,I0573,800,600,615,177.0,100,2,n,3
717,I0717,1000,800,615,0.0,100,3,n,4
1405,I1405,800,500,615,320.0,100,1,n,3
1193,I1193,1500,1000,615,200.0,100,7,n,4
3530,I3530,800,600,615,211.0,100,2,n,3
3543,I3543,1500,1000,615,168.0,100,7,n,4
566,I0566,1000,800,615,167.0,100,3,n,4
2662,I2662,1500,800,615,339.0,100,5,n,4
6004,I6004,1500,800,615,461.0,100,5,n,4
3296,I3296,1000,800,615,0.0,100,3,n,4
4452,I4452,800,500,615,118.0,100,1,n,3
899,I0899,1500,1000,615,199.0,100,7,n,4
1213,I1213,1200,800,615,312.0,100,4,n,4
2169,I2169,800,600,615,296.0,100,2,n,3
4810,I4810,1200,800,615,0.0,100,4,n,4
4556,I4556,800,600,615,94.0,100,2,n,3
4824,I4824,800,500,615,116.0,100,1,n,3
4820,I4820,800,460,615,427.0,100,0,l,3
4188,I4188,800,460,615,252.0,100,0,w,3
661,I0661,1500,800,615,293.0,100,5,n,4
6354,I6354,1200,800,615,390.0,100,4,n,4
1056,I1056,800,500,615,366.0,100,1,n,3
135,I0135,1200,1000,615,284.0,100,6,n,4
4430,I4430,1500,1000,615,264.0,100,7,l,4
5642,I5642,800,500,615,326.0,100,1,l,3
2813,I2813,800,600,615,320.0,100,2,n,3
1710,I1710,1200,1000,615,268.0,100,6,n,4
2095,I2095,800,500,615,0.0,100,1,n,3
2683,I2683,800,500,615,237.0,100,1,n,3
3446,I3446,1500,1000,615,387.0,100,7,n,4
2028,I2028,800,460,615,217.0,100,0,n,3
3636,I3636,800,600,615,349.0,100,2,n,3
6068,I6068,800,600,615,157.0,100,2,n,3
2637,I2637,1200,1000,615,154.0,100,6,n,4
1797,I1797,800,460,615,154.0,100,0,n,3
1464,I1464,1000,800,615,431.0,100,3,n,4
39,I0039,800,600,615,281.0,100,2,n,3
4063,I4063,800,460,615,311.0,100,0,n,3
5047,I5047,1000,800,615,393.0,100,3,n,4
1380,I1380,800,600,615,377.0,100,2,n,3
4573,I4573,1500,1000,615,0.0,100,7,w,4
1176,I1176,1500,1000,615,345.0,100,7,w,4
2355,I2355,1500,1000,615,111.0,100,7,n,4
2554,I2554,800,500,615,220.0,100,1,n,3
2175,I2175,1200,1000,615,232.0,100,6,n,4
5830,I5830,1000,800,615,381.0,100,3,n,4
635,I0635,1200,800,615,342.0,100,4,n,4
3059,I3059,1200,1000,615,209.0,100,6,n,4
2727,I2727,1200,1000,615,260.0,100,6,n,4
4240,I4240,800,500,615,261.0,100,1,n,3
2648,I2648,1200,1000,615,211.0,100,6,n,4
5278,I5278,1000,800,615,341.0,100,3,n,4
2035,I2035,1000,800,615,283.0,100,3,n,4
3519,I3519,1500,800,615,370.0,100,5,n,4
5520,I5520,1500,1000,615,183.0,100,7,n,4
5372,I5372,1500,800,615,150.0,100,5,n,4
918,I0918,1000,800,615,0.0,100,3,n,4
4777,I4777,1000,800,615,208.0,100,3,n,4
3168,I3168,1200,1000,615,297.0,100,6,n,4
3095,I3095,1500,1000,615,331.0,100,7,n,4
3360,I3360,1500,1000,615,0.0,100,7,w,4
6128,I6128,800,460,615,139.0,100,0,n,3
5829,I5829,800,600,615,382.0,100,2,n,3
564,I0564,1000,800,615,377.0,100,3,n,4
1145,I1145,1500,800,615,232.0,100,5,n,4
3566,I3566,1200,1000,615,193.0,100,6,n,4
1652,I1652,800,600,615,0.0,100,2,n,3
486,I0486,800,500,615,377.0,100,1,w,3
2865,I2865,800,600,615,203.0,100,2,n,3
1074,I1074,800,500,615,356.0,100,1,n,3
6026,I6026,1500,800,615,127.0,100,5,n,4
585,I0585,1200,800,615,180.0,100,4,n,4
4230,I4230,800,460,615,126.0,100,0,n,3
6098,I6098,1500,1000,615,240.0,100,7,n,4
2540,I2540,800,600,615,239.0,100,2,n,3
2265,I2265,1500,1000,615,447.0,100,7,w,4
6027,I6027,1500,800,615,348.0,100,5,n,4
503,I0503,800,460,615,394.0,100,0,n,3
4837,I4837,800,500,615,202.0,100,1,n,3
1622,I1622,800,500,615,365.0,100,1,n,3
283,I0283,1500,800,615,338.0,100,5,n,4
4196,I4196,800,460,615,334.0,100,0,n,3
1916,I1916,800,460,615,234.0,100,0,n,3
6301,I6301,1200,800,615,368.0,100,4,l,4
1777,I1777,1000,800,615,151.0,100,3,n,4
471,I0471,800,460,615,248.0,100,0,l,3
1263,I1263,1000,800,615,217.0,100,3,l,4
696,I0696,1500,1000,615,265.0,100,7,n,4
3497,I3497,800,500,615,299.0,100,1,n,3
452,I0452,1500,800,615,0.0,100,5,n,4
3940,I3940,1500,800,615,447.0,100,5,w,4
3915,I3915,1500,1000,615,153.0,100,7,n,4
2545,I2545,1200,1000,615,185.0,100,6,n,4
2075,I2075,800,460,615,274.0,100,0,l,3
143,I0143,1200,800,615,161.0,100,4,l,4
2564,I2564,1500,800,615,235.0,100,5,l,4
4565,I4565,1500,800,615,110.0,100,5,n,4
86,I0086,800,600,615,112.0,100,2,n,3
858,I0858,800,600,615,422.0,100,2,n,3
4034,I4034,1200,800,615,444.0,100,4,w,4
1222,I1222,1000,800,615,0.0,100,3,n,4
4856,I4856,1500,1000,615,177.0,100,7,n,4
5662,I5662,1500,800,615,311.0,100,5,n,4
6315,I6315,1200,800,615,219.0,100,4,n,4
4476,I4476,800,500,615,0.0,100,1,l,3
4893,I4893,1200,800,615,359.0,100,4,n,4
1862,I1862,1200,800,615,212.0,100,4,n,4
1093,I1093,1500,800,615,350.0,100,5,n,4
2384,I2384,800,460,615,424.0,100,0,n,3
970,I0970,1500,1000,615,219.0,100,7,n,4
1668,I1668,1000,800,615,268.0,100,3,n,4
6425,I6425,800,600,615,337.0,100,2,n,3
1855,I1855,1500,1000,615,352.0,100,7,n,4
815,I0815,800,600,615,128.0,100,2,n,3
3015,I3015,1000,800,615,231.0,100,3,n,4
495,I0495,1200,800,615,0.0,100,4,n,4
1988,I1988,1500,1000,615,271.0,100,7,n,4
3404,I3404,1500,800,615,207.0,100,5,l,4
1469,I1469,800,460,615,226.0,100,0,n,3
80,I0080,1500,1000,615,243.0,100,7,w,4
5449,I5449,1500,800,615,249.0,100,5,l,4
3703,I3703,1200,1000,615,219.0,100,6,n,4
1412,I1412,1500,800,615,200.0,100,5,n,4
2411,I2411,1500,1000,615,177.0,100,7,n,4
5885,I5885,1500,800,615,184.0,100,5,n,4
2108,I2108,800,500,615,428.0,100,1,n,3
3704,I3704,1500,1000,615,279.0,100,7,n,4
3079,I3079,1000,800,615,194.0,100,3,n,4
752,I0752,800,460,615,0.0,100,0,n,3
5066,I5066,800,500,615,419.0,100,1,n,3
2862,I2862,1200,1000,615,316.0,100,6,n,4
6057,I6057,1500,1000,615,173.0,100,7,n,4
3542,I3542,800,460,615,0.0,100,0,l,3
2924,I2924,800,500,615,254.0,100,1,n,3
2848,I2848,1500,1000,615,278.0,100,7,w,4
6053,I6053,800,500,615,0.0,100,1,n,3
4304,I4304,800,460,615,175.0,100,0,n,3
4446,I4446,1500,1000,615,284.0,100,7,l,4
1839,I1839,1500,1000,615,365.0,100,7,n,4
1800,I1800,800,500,615,402.0,100,1,n,3
4596,I4596,800,460,615,289.0,100,0,n,3
5995,I5995,800,600,615,381.0,100,2,n,3
3071,I3071,1500,1000,615,331.0,100,7,n,4
1861,I1861,800,600,615,413.0,100,2,n,3
1253,I1253,1500,1000,615,174.0,100,7,n,4
4619,I4619,800,500,615,288.0,100,1,n,3
6386,I6386,1500,800,615,340.0,100,5,n,4
3406,I3406,1000,800,615,220.0,100,3,w,4
4993,I4993,1200,800,615,216.0,100,4,n,4
42,I0042,800,500,615,357.0,100,1,n,3
1669,I1669,800,460,615,433.0,100,0,l,3
3975,I3975,800,500,615,146.0,100,1,w,3
1068,I1068,1200,800,615,318.0,100,4,n,4
5797,I5797,1200,800,615,268.0,100,4,l,4
2613,I2613,800,460,615,378.0,100,0,n,3
1373,I1373,1500,1000,615,268.0,100,7,l,4
2209,I2209,800,500,615,409.0,100,1,n,3
5828,I5828,1500,1000,615,386.0,100,7,n,4
187,I0187,1000,800,615,313.0,100,3,n,4
4519,I4519,800,500,615,104.0,100,1,w,3
5881,I5881,800,600,615,237.0,100,2,l,3
684,I0684,1200,1000,615,154.0,100,6,n,4
3333,I3333,1200,800,615,0.0,100,4,n,4
2183,I2183,1000,800,615,310.0,100,3,n,4
5026,I5026,1500,1000,615,360.0,100,7,n,4
2810,I2810,800,600,615,445.0,100,2,n,3
2525,I2525,800,600,615,0.0,100,2,n,3
4247,I4247,800,460,615,297.0,100,0,n,3
4711,I4711,800,600,615,186.0,100,2,n,3
736,I0736,800,500,615,334.0,100,1,n,3
4431,I4431,1500,1000,615,285.0,100,7,n,4
1254,I1254,1500,1000,615,0.0,100,7,n,4
3681,I3681,1000,800,615,254.0,100,3,n,4
318,I0318,800,600,615,287.0,100,2,w,3
5585,I5585,1200,1000,615,191.0,100,6,n,4
4153,I4153,800,600,615,209.0,100,2,n,3
6385,I6385,1500,1000,615,278.0,100,7,n,4
5215,I5215,800,600,615,347.0,100,2,n,3
146,I0146,800,600,615,0.0,100,2,n,3
1799,I1799,1200,800,615,403.0,100,4,w,4
5956,I5956,1000,800,615,307.0,100,3,n,4
3467,I3467,800,600,615,206.0,100,2,l,3
95,I0095,800,500,615,281.0,100,1,n,3
4238,I4238,800,600,615,360.0,100,2,n,3
348,I0348,1200,1000,615,112.0,100,6,n,4
2535,I2535,800,600,615,369.0,100,2,n,3
5911,I5911,1500,800,615,204.0,100,5,n,4
622,I0622,1500,1000,615,156.0,100,7,n,4
4614,I4614,800,460,615,135.0,100,0,n,3
2807,I2807,1200,800,615,190.0,100,4,n,4
2679,I2679,800,500,615,191.0,100,1,n,3
1680,I1680,1200,1000,615,174.0,100,6,n,4
5708,I5708,1200,800,615,0.0,100,4,n,4
2837,I2837,1000,800,615,332.0,100,3,n,4
1502,I1502,1000,800,615,185.0,100,3,l,4
340,I0340,800,600,615,377.0,100,2,n,3
1979,I1979,1500,1000,615,130.0,100,7,w,4
1113,I1113,1200,1000,615,295.0,100,6,n,4
117,I0117,800,500,615,295.0,100,1,n,3
2622,I2622,1200,800,615,340.0,100,4,n,4
6236,I6236,1000,800,615,259.0,100,3,n,4
167,I0167,800,460,615,288.0,100,0,n,3
591,I0591,1000,800,615,329.0,100,3,n,4
2424,I2424,1500,800,615,301.0,100,5,n,4
2121,I2121,800,600,615,318.0,100,2,n,3
3700,I3700,800,600,615,463.0,100,2,n,3
5744,I5744,1000,800,615,163.0,100,3,w,4
675,I0675,1200,800,615,400.0,100,4,n,4
5446,I5446,1200,800,615,0.0,100,4,n,4
887,I0887,1200,1000,615,246.0,100,6,n,4
492,I0492,1500,1000,615,273.0,100,7,l,4
3722,I3722,1200,800,615,207.0,100,4,n,4
3734,I3734,1500,1000,615,361.0,100,7,n,4
3098,I3098,1000,800,615,228.0,100,3,n,4
946,I0946,800,500,615,193.0,100,1,n,3
5327,I5327,1500,1000,615,304.0,100,7,n,4
987,I0987,800,600,615,225.0,100,2,w,3
1435,I1435,800,460,615,262.0,100,0,n,3
3898,I3898,1200,800,615,353.0,100,4,w,4
435,I0435,800,500,615,331.0,100,1,n,3
5508,I5508,1200,1000,615,98.0,100,6,n,4
4904,I4904,1500,1000,615,394.0,100,7,n,4
3648,I3648,1000,800,615,192.0,100,3,n,4
4474,I4474,800,600,615,0.0,100,2,l,3
4545,I4545,800,600,615,314.0,100,2,l,3
4761,I4761,1000,800,615,400.0,100,3,l,4
588,I0588,1200,800,615,380.0,100,4,n,4
4125,I4125,800,600,615,284.0,100,2,w,3
3741,I3741,1200,800,615,441.0,100,4,w,4
3821,I3821,1200,800,615,0.0,100,4,n,4
108,I0108,800,500,615,383.0,100,1,n,3
956,I0956,1500,1000,615,187.0,100,7,n,4
4780,I4780,1200,1000,615,250.0,100,6,w,4
5093,I5093,1500,800,615,387.0,100,5,w,4
3888,I3888,800,460,615,0.0,100,0,l,3
2822,I2822,1200,800,615,276.0,100,4,n,4
5161,I5161,800,600,615,420.0,100,2,l,3
5337,I5337,1500,800,615,418.0,100,5,n,4
2676,I2676,1500,800,615,413.0,100,5,n,4
950,I0950,1500,800,615,384.0,100,5,l,4
3384,I3384,800,600,615,167.0,100,2,n,3
5203,I5203,1500,800,615,362.0,100,5,n,4
1730,I1730,1200,1000,615,271.0,100,6,n,4
5085,I5085,1500,1000,615,343.0,100,7,n,4
3291,I3291,800,500,615,0.0,100,1,n,3
5458,I5458,1200,800,615,243.0,100,4,n,4
94,I0094,1200,1000,615,296.0,100,6,w,4
2747,I2747,1500,1000,615,168.0,100,7,n,4
6224,I6224,1500,800,615,0.0,100,5,n,4
3128,I3128,1000,800,615,295.0,100,3,w,4
4665,I4665,1500,800,615,420.0,100,5,l,4
1092,I1092,800,500,615,102.0,100,1,n,3
2316,I2316,1200,1000,615,253.0,100,6,n,4
4415,I4415,1500,1000,615,315.0,100,7,n,4
3868,I3868,1200,1000,615,354.0,100,6,l,4
1796,I1796,1200,800,615,320.0,100,4,n,4
6296,I6296,1200,800,615,193.0,100,4,n,4
6348,I6348,1200,800,615,201.0,100,4,n,4
1451,I1451,1000,800,615,227.0,100,3,n,4
4613,I4613,1000,800,615,0.0,100,3,n,4
3202,I3202,800,500,615,273.0,100,1,n,3
4710,I4710,800,500,615,256.0,100,1,n,3
797,I0797,1500,800,615,0.0,100,5,n,4
4705,I4705,1500,1000,615,219.0,100,7,n,4
4564,I4564,1500,1000,615,383.0,100,7,n,4
2174,I2174,800,460,615,141.0,100,0,n,3
5418,I5418,1200,1000,615,286.0,100,6,w,4
5872,I5872,1500,1000,615,153.0,100,7,n,4
3385,I3385,1500,1000,615,178.0,100,7,n,4
2401,I2401,1200,1000,615,269.0,100,6,w,4
2008,I2008,1500,800,615,263.0,100,5,l,4
240,I0240,800,500,615,286.0,100,1,n,3
2343,I2343,800,600,615,320.0,100,2,n,3
1471,I1471,1000,800,615,355.0,100,3,l,4
4686,I4686,1500,800,615,391.0,100,5,n,4
3424,I3424,800,500,615,305.0,100,1,l,3
760,I0760,1500,1000,615,325.0,100,7,n,4
4097,I4097,800,500,615,213.0,100,1,n,3
2989,I2989,800,460,615,244.0,100,0,n,3
3257,I3257,1200,1000,615,385.0,100,6,n,4
2194,I2194,800,500,615,185.0,100,1,n,3
3013,I3013,800,460,615,416.0,100,0,n,3
2023,I2023,1500,800,615,180.0,100,5,n,4
3298,I3298,1000,800,615,253.0,100,3,w,4
5798,I5798,800,460,615,428.0,100,0,n,3
4817,I4817,800,460,615,0.0,100,0,l,3
1229,I1229,1000,800,615,346.0,100,3,n,4
1109,I1109,1500,800,615,282.0,100,5,n,4
2218,I2218,800,500,615,0.0,100,1,n,3
1003,I1003,800,500,615,340.0,100,1,w,3
2685,I2685,800,600,615,197.0,100,2,n,3
5272,I5272,1500,1000,615,373.0,100,7,w,4
1649,I1649,800,600,615,405.0,100,2,n,3
6021,I6021,1000,800,615,338.0,100,3,n,4
3595,I3595,800,600,615,328.0,100,2,n,3
3008,I3008,800,500,615,254.0,100,1,n,3
4460,I4460,1200,1000,615,253.0,100,6,n,4
16,I0016,1200,800,615,391.0,100,4,l,4
1578,I1578,800,460,615,431.0,100,0,n,3
2445,I2445,800,460,615,139.0,100,0,n,3
4851,I4851,800,600,615,289.0,100,2,n,3
2336,I2336,1500,800,615,298.0,100,5,n,4
2309,I2309,1000,800,615,352.0,100,3,n,4
6336,I6336,800,500,615,275.0,100,1,n,3
5386,I5386,1200,1000,615,251.0,100,6,l,4
1051,I1051,800,460,615,409.0,100,0,l,3
706,I0706,800,500,615,314.0,100,1,n,3
1240,I1240,1200,1000,615,165.0,100,6,n,4
3347,I3347,800,600,615,338.0,100,2,l,3
3624,I3624,1500,800,615,145.0,100,5,n,4
5770,I5770,1000,800,615,140.0,100,3,n,4
2100,I2100,1000,800,615,401.0,100,3,n,4
1069,I1069,1200,1000,615,195.0,100,6,n,4
590,I0590,800,600,615,0.0,100,2,n,3
5890,I5890,1000,800,615,258.0,100,3,n,4
3790,I3790,1500,800,615,0.0,100,5,w,4
2998,I2998,1200,1000,615,406.0,100,6,n,4
2818,I2818,800,600,615,377.0,100,2,n,3
44,I0044,1200,1000,615,0.0,100,6,n,4
2918,I2918,800,500,615,162.0,100,1,n,3
4734,I4734,1500,1000,615,335.0,100,7,l,4
5952,I5952,800,500,615,167.0,100,1,n,3
4935,I4935,800,500,615,163.0,100,1,n,3
2526,I2526,1200,800,615,164.0,100,4,n,4
2963,I2963,1200,800,615,307.0,100,4,n,4
5150,I5150,1000,800,615,358.0,100,3,l,4
2423,I2423,1500,1000,615,0.0,100,7,n,4
207,I0207,800,600,615,247.0,100,2,w,3
1179,I1179,800,460,615,256.0,100,0,n,3
2078,I2078,800,600,615,137.0,100,2,n,3
6294,I6294,800,500,615,178.0,100,1,n,3
5168,I5168,800,460,615,329.0,100,0,n,3
4324,I4324,1500,800,615,216.0,100,5,n,4
158,I0158,1200,800,615,378.0,100,4,l,4
5821,I5821,1500,1000,615,255.0,100,7,n,4
5734,I5734,800,500,615,168.0,100,1,n,3
4213,I4213,1500,800,615,239.0,100,5,n,4
6035,I6035,800,500,615,173.0,100,1,n,3
5353,I5353,1500,800,615,233.0,100,5,n,4
5053,I5053,1500,1000,615,0.0,100,7,n,4
3705,I3705,800,460,615,312.0,100,0,n,3
1200,I1200,800,600,615,332.0,100,2,n,3
4990,I4990,1200,1000,615,274.0,100,6,n,4
2239,I2239,1200,800,615,0.0,100,4,w,4
64,I0064,800,500,615,404.0,100,1,n,3
1335,I1335,1500,800,615,192.0,100,5,n,4
3917,I3917,1500,800,615,434.0,100,5,n,4
5244,I5244,1200,1000,615,137.0,100,6,n,4
4457,I4457,1500,1000,615,345.0,100,7,n,4
2898,I2898,1200,800,615,279.0,100,4,n,4
501,I0501,800,500,615,283.0,100,1,n,3
2543,I2543,1000,800,615,294.0,100,3,l,4
2374,I2374,1200,1000,615,166.0,100,6,n,4
4680,I4680,1200,800,615,452.0,100,4,n,4
4514,I4514,1000,800,615,345.0,100,3,n,4
4552,I4552,1200,1000,615,303.0,100,6,n,4
2697,I2697,1200,1000,615,287.0,100,6,l,4
2105,I2105,800,600,615,193.0,100,2,l,3
3650,I3650,1000,800,615,0.0,100,3,n,4
5028,I5028,800,600,615,364.0,100,2,n,3
4496,I4496,1200,800,615,0.0,100,4,n,4
5179,I5179,800,500,615,153.0,100,1,n,3
4697,I4697,800,500,615,140.0,100,1,n,3
4506,I4506,1500,1000,615,0.0,100,7,n,4
4523,I4523,1200,800,615,177.0,100,4,n,4
4328,I4328,1500,800,615,183.0,100,5,n,4
5015,I5015,1200,800,615,0.0,100,4,n,4
2619,I2619,1500,1000,615,254.0,100,7,n,4
3590,I3590,800,600,615,112.0,100,2,n,3
6263,I6263,800,500,615,164.0,100,1,n,3
5800,I5800,1500,800,615,367.0,100,5,l,4
3054,I3054,1000,800,615,370.0,100,3,n,4
3024,I3024,800,460,615,237.0,100,0,n,3
750,I0750,1000,800,615,351.0,100,3,n,4
4133,I4133,800,600,615,204.0,100,2,n,3
957,I0957,800,460,615,420.0,100,0,n,3
134,I0134,800,460,615,143.0,100,0,n,3
4863,I4863,1500,800,615,264.0,100,5,n,4
6014,I6014,800,600,615,102.0,100,2,l,3
3156,I3156,1200,1000,615,180.0,100,6,l,4
60,I0060,1500,800,615,212.0,100,5,n,4
5729,I5729,1500,1000,615,220.0,100,7,n,4
1381,I1381,800,600,615,223.0,100,2,n,3
4662,I4662,1000,800,615,215.0,100,3,n,4
1583,I1583,1200,800,615,337.0,100,4,n,4
3721,I3721,1500,1000,615,142.0,100,7,n,4
2647,I2647,1500,800,615,189.0,100,5,n,4
5035,I5035,1500,1000,615,0.0,100,7,n,4
5006,I5006,1500,1000,615,223.0,100,7,n,4
543,I0543,800,500,615,230.0,100,1,w,3
345,I0345,1200,1000,615,298.0,100,6,n,4
1148,I1148,1500,800,615,240.0,100,5,n,4
2928,I2928,800,500,615,182.0,100,1,w,3
373,I0373,800,460,615,340.0,100,0,n,3
5311,I5311,1500,800,615,125.0,100,5,n,4
2302,I2302,1500,800,615,234.0,100,5,n,4
5970,I5970,1000,800,615,164.0,100,3,n,4
2705,I2705,1500,1000,615,331.0,100,7,n,4
932,I0932,1500,800,615,349.0,100,5,n,4
3029,I3029,1500,800,615,252.0,100,5,n,4
1271,I1271,1500,800,615,336.0,100,5,w,4
6247,I6247,1500,1000,615,425.0,100,7,n,4
3330,I3330,800,500,615,205.0,100,1,n,3
5305,I5305,1200,800,615,316.0,100,4,n,4
2479,I2479,800,460,615,0.0,100,0,n,3
5298,I5298,800,500,615,309.0,100,1,n,3
2675,I2675,1000,800,615,380.0,100,3,n,4
1951,I1951,1000,800,615,193.0,100,3,n,4
4834,I4834,1000,800,615,231.0,100,3,l,4
6103,I6103,1500,800,615,233.0,100,5,l,4
6334,I6334,800,500,615,288.0,100,1,n,3
226,I0226,1200,1000,615,345.0,100,6,n,4
3930,I3930,1200,1000,615,0.0,100,6,n,4
432,I0432,1200,1000,615,336.0,100,6,n,4
5251,I5251,1000,800,615,194.0,100,3,n,4
1487,I1487,800,500,615,322.0,100,1,n,3
360,I0360,1200,1000,615,162.0,100,6,w,4
3907,I3907,800,460,615,390.0,100,0,n,3
4906,I4906,1200,800,615,144.0,100,4,n,4
5630,I5630,1000,800,615,386.0,100,3,w,4
333,I0333,1500,1000,615,314.0,100,7,n,4
969,I0969,1500,800,615,410.0,100,5,n,4
1618,I1618,800,600,615,302.0,100,2,n,3
157,I0157,800,500,615,339.0,100,1,l,3
6309,I6309,1200,800,615,422.0,100,4,n,4
2449,I2449,1500,1000,615,298.0,100,7,n,4
3725,I3725,1500,800,615,415.0,100,5,n,4
1455,I1455,800,600,615,254.0,100,2,w,3
2611,I2611,800,600,615,383.0,100,2,n,3
4738,I4738,1000,800,615,427.0,100,3,n,4
5216,I5216,1500,1000,615,89.0,100,7,n,4
4306,I4306,1500,800,615,160.0,100,5,l,4
1202,I1202,800,460,615,390.0,100,0,n,3
676,I0676,800,500,615,382.0,100,1,l,3
3840,I3840,800,500,615,278.0,100,1,n,3
3432,I3432,1200,1000,615,404.0,100,6,l,4
197,I0197,1200,1000,615,450.0,100,6,n,4
1620,I1620,800,600,615,262.0,100,2,n,3
4395,I4395,1200,1000,615,0.0,100,6,n,4
1482,I1482,1200,800,615,208.0,100,4,n,4
1033,I1033,800,500,615,0.0,100,1,l,3
4914,I4914,1000,800,615,295.0,100,3,l,4
498,I0498,1000,800,615,196.0,100,3,n,4
2816,I2816,1500,800,615,0.0,100,5,n,4
5769,I5769,1500,800,615,114.0,100,5,l,4
5240,I5240,800,460,615,0.0,100,0,n,3
220,I0220,1200,1000,615,286.0,100,6,w,4
5042,I5042,1500,1000,615,332.0,100,7,n,4
4727,I4727,800,460,615,250.0,100,0,l,3
523,I0523,1000,800,615,335.0,100,3,w,4
1082,I1082,1200,1000,615,414.0,100,6,n,4
4765,I4765,1200,800,615,391.0,100,4,n,4
77,I0077,800,500,615,0.0,100,1,n,3
1183,I1183,800,460,615,322.0,100,0,n,3
1304,I1304,800,460,615,134.0,100,0,l,3
232,I0232,800,460,615,204.0,100,0,n,3
546,I0546,1500,1000,615,210.0,100,7,n,4
4694,I4694,1500,800,615,254.0,100,5,n,4
1131,I1131,1500,800,615,328.0,100,5,n,4
6201,I6201,1200,1000,615,287.0,100,6,l,4
699,I0699,1500,800,615,369.0,100,5,w,4
5619,I5619,1500,1000,615,268.0,100,7,n,4
1466,I1466,800,500,615,190.0,100,1,n,3
2206,I2206,1500,1000,615,201.0,100,7,l,4
2684,I2684,1500,800,615,263.0,100,5,w,4
2541,I2541,1200,1000,615,413.0,100,6,n,4
880,I0880,1200,800,615,354.0,100,4,n,4
4444,I4444,1500,800,615,296.0,100,5,l,4
125,I0125,1200,800,615,317.0,100,4,n,4
4652,I4652,1500,800,615,144.0,100,5,n,4
968,I0968,1000,800,615,108.0,100,3,n,4
3952,I3952,1000,800,615,199.0,100,3,n,4
4861,I4861,1500,1000,615,299.0,100,7,n,4
528,I0528,1200,1000,615,342.0,100,6,n,4
4226,I4226,1500,800,615,463.0,100,5,n,4
3948,I3948,800,500,615,213.0,100,1,n,3
5008,I5008,1200,1000,615,223.0,100,6,n,4
400,I0400,800,460,615,154.0,100,0,w,3
3621,I3621,800,460,615,212.0,100,0,n,3
2506,I2506,800,500,615,406.0,100,1,n,3
660,I0660,800,600,615,185.0,100,2,n,3
4297,I4297,1000,800,615,370.0,100,3,n,4
3223,I3223,800,600,615,425.0,100,2,n,3
1685,I1685,800,460,615,269.0,100,0,w,3
3338,I3338,1500,800,615,142.0,100,5,n,4
1143,I1143,1200,800,615,246.0,100,4,n,4
3912,I3912,1500,800,615,340.0,100,5,n,4
6446,I6446,1200,1000,615,270.0,100,6,n,4
3310,I3310,1200,800,615,336.0,100,4,n,4
1935,I1935,800,500,615,277.0,100,1,w,3
1664,I1664,800,460,615,336.0,100,0,n,3
3960,I3960,1000,800,615,191.0,100,3,n,4
2303,I2303,1500,1000,615,349.0,100,7,n,4
1694,I1694,1200,1000,615,415.0,100,6,n,4
3136,I3136,800,460,615,286.0,100,0,w,3
1071,I1071,1000,800,615,272.0,100,3,n,4
2236,I2236,1500,800,615,185.0,100,5,n,4
2610,I2610,800,460,615,174.0,100,0,n,3
3389,I3389,1500,1000,615,144.0,100,7,n,4
5198,I5198,1000,800,615,293.0,100,3,n,4
5393,I5393,1500,1000,615,310.0,100,7,n,4
2340,I2340,800,460,615,0.0,100,0,n,3
1036,I1036,1500,800,615,371.0,100,5,n,4
4371,I4371,1000,800,615,201.0,100,3,n,4
387,I0387,1500,1000,615,321.0,100,7,n,4
3513,I3513,1200,800,615,121.0,100,4,n,4
5274,I5274,800,500,615,324.0,100,1,n,3
4252,I4252,1500,800,615,340.0,100,5,n,4
5057,I5057,1500,1000,615,266.0,100,7,w,4
5804,I5804,1200,800,615,166.0,100,4,n,4
3425,I3425,1200,1000,615,258.0,100,6,n,4
6205,I6205,800,600,615,325.0,100,2,n,3
5539,I5539,1000,800,615,178.0,100,3,n,4
1859,I1859,1200,800,615,290.0,100,4,n,4
4919,I4919,1500,1000,615,111.0,100,7,n,4
3605,I3605,1200,1000,615,360.0,100,6,w,4
2088,I2088,1500,800,615,0.0,100,5,n,4
2261,I2261,1000,800,615,394.0,100,3,n,4
2596,I2596,800,500,615,244.0,100,1,n,3
4102,I4102,800,600,615,334.0,100,2,n,3
1463,I1463,1200,800,615,92.0,100,4,n,4
911,I0911,800,600,615,333.0,100,2,n,3
5665,I5665,1500,800,615,338.0,100,5,l,4
1832,I1832,1500,1000,615,351.0,100,7,n,4
5783,I5783,800,460,615,277.0,100,0,n,3
3172,I3172,1000,800,615,184.0,100,3,n,4
1310,I1310,1000,800,615,187.0,100,3,n,4
2087,I2087,1000,800,615,143.0,100,3,n,4
4884,I4884,1200,1000,615,230.0,100,6,n,4
3592,I3592,1000,800,615,288.0,100,3,n,4
703,I0703,800,600,615,285.0,100,2,n,3
4791,I4791,800,600,615,108.0,100,2,n,3
3321,I3321,1200,800,615,263.0,100,4,n,4
292,I0292,1000,800,615,141.0,100,3,w,4
2438,I2438,800,600,615,304.0,100,2,l,3
4091,I4091,800,600,615,306.0,100,2,n,3
1334,I1334,800,500,615,432.0,100,1,n,3
707,I0707,800,500,615,0.0,100,1,n,3
4877,I4877,1500,1000,615,196.0,100,7,l,4
1246,I1246,800,500,615,381.0,100,1,n,3
315,I0315,1500,1000,615,258.0,100,7,n,4
3613,I3613,1500,1000,615,335.0,100,7,n,4
1000,I1000,1500,1000,615,301.0,100,7,n,4
6050,I6050,1500,800,615,356.0,100,5,n,4
72,I0072,1200,1000,615,283.0,100,6,l,4
6438,I6438,800,500,615,369.0,100,1,n,3
1185,I1185,1500,1000,615,0.0,100,7,n,4
3243,I3243,1000,800,615,411.0,100,3,l,4
2111,I2111,800,500,615,334.0,100,1,w,3
856,I0856,800,500,615,179.0,100,1,n,3
589,I0589,1200,800,615,274.0,100,4,n,4
4546,I4546,800,460,615,456.0,100,0,n,3
3509,I3509,800,500,615,222.0,100,1,n,3
49,I0049,800,500,615,295.0,100,1,n,3
4113,I4113,800,600,615,361.0,100,2,n,3
2114,I2114,800,600,615,0.0,100,2,n,3
915,I0915,800,600,615,213.0,100,2,n,3
87,I0087,1500,800,615,315.0,100,5,w,4
4138,I4138,1200,1000,615,174.0,100,6,n,4
4607,I4607,800,460,615,412.0,100,0,w,3
3180,I3180,1000,800,615,359.0,100,3,n,4
1407,I1407,800,600,615,206.0,100,2,n,3
639,I0639,1200,800,615,203.0,100,4,n,4
6178,I6178,1200,1000,615,0.0,100,6,n,4
4061,I4061,1500,800,615,290.0,100,5,n,4
1793,I1793,1500,800,615,190.0,100,5,n,4
3992,I3992,1200,1000,615,0.0,100,6,n,4
3186,I3186,1200,1000,615,314.0,100,6,n,4
4540,I4540,1000,800,615,257.0,100,3,n,4
725,I0725,800,500,615,171.0,100,1,n,3
2122,I2122,800,500,615,269.0,100,1,n,3
3428,I3428,800,500,615,287.0,100,1,n,3
1556,I1556,1000,800,615,408.0,100,3,n,4
3201,I3201,800,500,615,298.0,100,1,n,3
235,I0235,800,500,615,0.0,100,1,n,3
5079,I5079,800,600,615,297.0,100,2,n,3
4706,I4706,1500,1000,615,182.0,100,7,n,4
1702,I1702,1000,800,615,286.0,100,3,n,4
4747,I4747,1000,800,615,214.0,100,3,w,4
842,I0842,800,500,615,177.0,100,1,n,3
1416,I1416,1000,800,615,403.0,100,3,n,4
3227,I3227,1500,1000,615,307.0,100,7,n,4
105,I0105,800,600,615,194.0,100,2,n,3
3221,I3221,1000,800,615,272.0,100,3,n,4
4359,I4359,800,500,615,138.0,100,1,n,3
3170,I3170,1200,800,615,307.0,100,4,n,4
3724,I3724,1500,1000,615,332.0,100,7,n,4
3780,I3780,1000,800,615,319.0,100,3,n,4
6137,I6137,1500,800,615,217.0,100,5,n,4
5128,I5128,1500,1000,615,376.0,100,7,n,4
954,I0954,800,460,615,318.0,100,0,n,3
989,I0989,1000,800,615,337.0,100,3,n,4
1783,I1783,800,500,615,237.0,100,1,l,3
2172,I2172,1500,1000,615,0.0,100,7,w,4
132,I0132,1500,1000,615,264.0,100,7,n,4
805,I0805,800,600,615,437.0,100,2,n,3
2659,I2659,800,500,615,271.0,100,1,w,3
941,I0941,800,500,615,301.0,100,1,n,3
5435,I5435,1500,1000,615,116.0,100,7,n,4
4178,I4178,1200,800,615,0.0,100,4,n,4
5986,I5986,1000,800,615,173.0,100,3,n,4
988,I0988,1500,800,615,246.0,100,5,n,4
796,I0796,800,500,615,272.0,100,1,n,3
5300,I5300,1000,800,615,405.0,100,3,n,4
1066,I1066,1000,800,615,229.0,100,3,n,4
6431,I6431,1500,800,615,0.0,100,5,n,4
2581,I2581,1200,1000,615,0.0,100,6,n,4
6110,I6110,1500,1000,615,119.0,100,7,w,4
2299,I2299,1500,800,615,157.0,100,5,n,4
5840,I5840,1000,800,615,0.0,100,3,n,4
4551,I4551,1500,1000,615,284.0,100,7,n,4
53,I0053,1200,1000,615,249.0,100,6,w,4
4844,I4844,1500,800,615,245.0,100,5,l,4
2867,I2867,1200,1000,615,263.0,100,6,l,4
1218,I1218,1200,800,615,184.0,100,4,n,4
4563,I4563,800,600,615,168.0,100,2,n,3
6299,I6299,1200,1000,615,0.0,100,6,n,4
4655,I4655,1500,800,615,310.0,100,5,n,4
1239,I1239,1500,800,615,198.0,100,5,n,4
4064,I4064,800,460,615,195.0,100,0,n,3
3874,I3874,1500,1000,615,192.0,100,7,n,4
965,I0965,1500,800,615,389.0,100,5,n,4
2527,I2527,1500,1000,615,408.0,100,7,w,4
519,I0519,1000,800,615,389.0,100,3,n,4
1432,I1432,1500,1000,615,253.0,100,7,w,4
3214,I3214,1500,800,615,339.0,100,5,n,4
934,I0934,1200,1000,615,262.0,100,6,n,4
527,I0527,800,600,615,0.0,100,2,n,3
5011,I5011,1000,800,615,411.0,100,3,n,4
6070,I6070,1200,800,615,342.0,100,4,l,4
5012,I5012,1200,1000,615,224.0,100,6,l,4
5887,I5887,1000,800,615,421.0,100,3,w,4
6083,I6083,800,460,615,393.0,100,0,n,3
4661,I4661,1500,800,615,263.0,100,5,n,4
1428,I1428,800,460,615,389.0,100,0,l,3
4839,I4839,1500,800,615,294.0,100,5,n,4
4881,I4881,1000,800,615,309.0,100,3,n,4
5184,I5184,800,500,615,389.0,100,1,n,3
3144,I3144,1500,800,615,376.0,100,5,n,4
5277,I5277,1200,800,615,383.0,100,4,n,4
162,I0162,800,460,615,225.0,100,0,n,3
1657,I1657,1200,1000,615,425.0,100,6,w,4
190,I0190,800,600,615,0.0,100,2,n,3
3855,I3855,1500,1000,615,397.0,100,7,n,4
5104,I5104,800,460,615,316.0,100,0,n,3
3502,I3502,800,460,615,173.0,100,0,n,3
5493,I5493,800,600,615,219.0,100,2,n,3
184,I0184,1200,800,615,0.0,100,4,n,4
2455,I2455,800,460,615,316.0,100,0,w,3
6281,I6281,1200,1000,615,322.0,100,6,l,4
4670,I4670,800,600,615,447.0,100,2,n,3
5500,I5500,1500,1000,615,361.0,100,7,n,4
188,I0188,1200,800,615,349.0,100,4,n,4
2870,I2870,1500,1000,615,296.0,100,7,n,4
5730,I5730,800,460,615,210.0,100,0,n,3
2072,I2072,1000,800,615,150.0,100,3,n,4
3307,I3307,1000,800,615,188.0,100,3,n,4
2814,I2814,800,500,615,355.0,100,1,n,3
1064,I1064,1500,800,615,141.0,100,5,n,4
2720,I2720,1500,1000,615,400.0,100,7,n,4
6138,I6138,1200,1000,615,302.0,100,6,l,4
2618,I2618,800,500,615,434.0,100,1,n,3
6340,I6340,1000,800,615,381.0,100,3,n,4
3577,I3577,1000,800,615,315.0,100,3,n,4
1369,I1369,1200,1000,615,334.0,100,6,w,4
5653,I5653,800,500,615,105.0,100,1,n,3
3462,I3462,1200,800,615,0.0,100,4,n,4
1255,I1255,800,600,615,344.0,100,2,l,3
2663,I2663,1200,1000,615,255.0,100,6,n,4
6447,I6447,800,600,615,244.0,100,2,n,3
3393,I3393,1200,800,615,0.0,100,4,n,4
228,I0228,800,600,615,218.0,100,2,n,3
4717,I4717,1000,800,615,122.0,100,3,n,4
3051,I3051,800,600,615,364.0,100,2,n,3
1291,I1291,1200,800,615,267.0,100,4,n,4
4370,I4370,800,600,615,169.0,100,2,n,3
2737,I2737,1000,800,615,306.0,100,3,n,4
3198,I3198,1500,1000,615,200.0,100,7,n,4
1277,I1277,1000,800,615,376.0,100,3,n,4
4432,I4432,1200,1000,615,116.0,100,6,n,4
5308,I5308,800,460,615,193.0,100,0,n,3
4418,I4418,800,500,615,123.0,100,1,n,3
4445,I4445,1500,800,615,372.0,100,5,n,4
2391,I2391,1500,800,615,0.0,100,5,n,4
5193,I5193,1500,1000,615,103.0,100,7,n,4
3368,I3368,800,460,615,267.0,100,0,n,3
3362,I3362,800,460,615,136.0,100,0,n,3
186,I0186,1000,800,615,345.0,100,3,n,4
572,I0572,1500,800,615,275.0,100,5,n,4
2258,I2258,1200,800,615,123.0,100,4,w,4
5910,I5910,1200,1000,615,424.0,100,6,n,4
1325,I1325,800,460,615,395.0,100,0,l,3
5894,I5894,1500,1000,615,0.0,100,7,n,4
225,I0225,800,600,615,456.0,100,2,n,3
5427,I5427,1500,800,615,231.0,100,5,w,4
5099,I5099,800,460,615,332.0,100,0,n,3
4554,I4554,1500,1000,615,391.0,100,7,n,4
5027,I5027,1200,800,615,110.0,100,4,w,4
5716,I5716,800,600,615,339.0,100,2,n,3
1465,I1465,1200,800,615,189.0,100,4,n,4
1339,I1339,800,460,615,382.0,100,0,n,3
1864,I1864,800,500,615,283.0,100,1,n,3
70,I0070,800,600,615,342.0,100,2,n,3
5920,I5920,1500,800,615,405.0,100,5,n,4
4921,I4921,800,500,615,243.0,100,1,n,3
3018,I3018,1500,1000,615,387.0,100,7,n,4
5810,I5810,800,500,615,178.0,100,1,n,3
1166,I1166,1000,800,615,267.0,100,3,n,4
5930,I5930,1500,800,615,395.0,100,5,n,4
3752,I3752,800,600,615,0.0,100,2,n,3
3961,I3961,1500,800,615,322.0,100,5,n,4
3028,I3028,1200,800,615,0.0,100,4,n,4
926,I0926,1000,800,615,408.0,100,3,w,4
6258,I6258,1000,800,615,103.0,100,3,n,4
2328,I2328,1000,800,615,293.0,100,3,n,4
1350,I1350,1500,1000,615,278.0,100,7,n,4
1736,I1736,800,460,615,270.0,100,0,n,3
3191,I3191,800,460,615,376.0,100,0,n,3
1715,I1715,1500,800,615,0.0,100,5,w,4
152,I0152,1000,800,615,407.0,100,3,n,4
1888,I1888,800,600,615,315.0,100,2,n,3
982,I0982,1500,800,615,342.0,100,5,n,4
5870,I5870,800,500,615,227.0,100,1,n,3
939,I0939,800,460,615,208.0,100,0,n,3
609,I0609,1500,1000,615,0.0,100,7,n,4
5964,I5964,800,600,615,326.0,100,2,n,3
4645,I4645,1200,1000,615,206.0,100,6,n,4
2040,I2040,800,500,615,320.0,100,1,w,3
3687,I3687,1500,800,615,232.0,100,5,n,4
3485,I3485,800,600,615,396.0,100,2,w,3
577,I0577,1200,800,615,152.0,100,4,n,4
2146,I2146,1200,1000,615,440.0,100,6,w,4
2084,I2084,800,600,615,399.0,100,2,n,3
6176,I6176,1000,800,615,279.0,100,3,n,4
21,I0021,800,500,615,274.0,100,1,n,3
5858,I5858,1500,800,615,179.0,100,5,n,4
3578,I3578,1500,1000,615,273.0,100,7,n,4
4197,I4197,1000,800,615,175.0,100,3,n,4
3359,I3359,800,500,615,0.0,100,1,n,3
1169,I1169,1500,800,615,307.0,100,5,n,4
3177,I3177,1000,800,615,412.0,100,3,n,4
3319,I3319,1200,800,615,291.0,100,4,n,4
708,I0708,1500,800,615,0.0,100,5,n,4
1472,I1472,800,600,615,265.0,100,2,n,3
2760,I2760,800,500,615,0.0,100,1,l,3
3141,I3141,800,500,615,298.0,100,1,n,3
5977,I5977,800,600,615,234.0,100,2,n,3
2177,I2177,800,460,615,180.0,100,0,n,3
2678,I2678,800,600,615,357.0,100,2,n,3
2593,I2593,1500,1000,615,223.0,100,7,n,4
2149,I2149,800,460,615,160.0,100,0,w,3
5847,I5847,1200,1000,615,0.0,100,6,l,4
258,I0258,800,460,615,380.0,100,0,n,3
3337,I3337,1200,1000,615,327.0,100,6,n,4
3576,I3576,800,500,615,262.0,100,1,w,3
4845,I4845,1200,800,615,210.0,100,4,n,4
2452,I2452,1200,1000,615,176.0,100,6,l,4
144,I0144,1500,1000,615,237.0,100,7,n,4
3902,I3902,800,460,615,270.0,100,0,w,3
3620,I3620,1000,800,615,260.0,100,3,n,4
5419,I5419,1200,1000,615,418.0,100,6,n,4
2024,I2024,1500,1000,615,185.0,100,7,l,4
5002,I5002,800,500,615,375.0,100,1,w,3
1943,I1943,1000,800,615,354.0,100,3,n,4
51,I0051,1500,800,615,172.0,100,5,n,4
4505,I4505,1200,800,615,347.0,100,4,n,4
4166,I4166,1000,800,615,340.0,100,3,n,4
2746,I2746,1500,800,615,0.0,100,5,n,4
833,I0833,800,500,615,218.0,100,1,n,3
4826,I4826,800,500,615,413.0,100,1,n,3
4372,I4372,1500,1000,615,296.0,100,7,n,4
1399,I1399,800,500,615,435.0,100,1,n,3
6347,I6347,1200,1000,615,157.0,100,6,n,4
4462,I4462,1000,800,615,257.0,100,3,n,4
2978,I2978,800,500,615,222.0,100,1,w,3
5709,I5709,800,600,615,379.0,100,2,n,3
5407,I5407,800,600,615,237.0,100,2,n,3
3009,I3009,800,600,615,349.0,100,2,n,3
2754,I2754,1000,800,615,102.0,100,3,n,4
1964,I1964,1000,800,615,294.0,100,3,n,4
316,I0316,800,500,615,406.0,100,1,n,3
4608,I4608,1500,1000,615,284.0,100,7,n,4
4162,I4162,800,600,615,342.0,100,2,n,3
824,I0824,800,500,615,248.0,100,1,n,3
6330,I6330,800,460,615,161.0,100,0,n,3
1367,I1367,1200,1000,615,347.0,100,6,n,4
2715,I2715,800,460,615,92.0,100,0,n,3
391,I0391,800,600,615,184.0,100,2,l,3
3594,I3594,1000,800,615,256.0,100,3,n,4
4569,I4569,1500,800,615,279.0,100,5,n,4
4282,I4282,1500,800,615,202.0,100,5,n,4
58,I0058,1200,800,615,414.0,100,4,n,4
6343,I6343,800,500,615,189.0,100,1,n,3
5221,I5221,1000,800,615,156.0,100,3,n,4
56,I0056,1200,1000,615,175.0,100,6,n,4
6074,I6074,1500,1000,615,421.0,100,7,n,4
6331,I6331,1200,800,615,297.0,100,4,n,4
4458,I4458,800,600,615,213.0,100,2,n,3
3608,I3608,1200,1000,615,330.0,100,6,w,4
2260,I2260,1200,1000,615,184.0,100,6,n,4
6180,I6180,800,600,615,0.0,100,2,n,3
985,I0985,1000,800,615,328.0,100,3,n,4
1358,I1358,800,460,615,189.0,100,0,n,3
1683,I1683,1200,800,615,278.0,100,4,n,4
255,I0255,1000,800,615,0.0,100,3,l,4
1740,I1740,1500,1000,615,271.0,100,7,n,4
5187,I5187,1000,800,615,248.0,100,3,n,4
4073,I4073,1200,1000,615,298.0,100,6,n,4
3206,I3206,800,500,615,334.0,100,1,n,3
1173,I1173,1000,800,615,274.0,100,3,n,4
3235,I3235,800,460,615,0.0,100,0,n,3
1675,I1675,1500,800,615,234.0,100,5,n,4
3708,I3708,1200,1000,615,291.0,100,6,n,4
6414,I6414,800,500,615,216.0,100,1,n,3
645,I0645,1200,1000,615,297.0,100,6,n,4
272,I0272,800,600,615,282.0,100,2,n,3
4273,I4273,1200,1000,615,330.0,100,6,n,4
2488,I2488,1000,800,615,0.0,100,3,n,4
1521,I1521,800,600,615,260.0,100,2,n,3
4200,I4200,1500,800,615,406.0,100,5,n,4
5862,I5862,800,600,615,263.0,100,2,n,3
1949,I1949,1200,1000,615,366.0,100,6,n,4
441,I0441,1200,1000,615,141.0,100,6,n,4
1144,I1144,1200,1000,615,368.0,100,6,l,4
3932,I3932,1000,800,615,191.0,100,3,n,4
5209,I5209,1200,1000,615,318.0,100,6,n,4
5657,I5657,1500,1000,615,185.0,100,7,n,4
1673,I1673,1500,800,615,222.0,100,5,n,4
3498,I3498,1200,1000,615,98.0,100,6,n,4
925,I0925,1500,1000,615,394.0,100,7,n,4
1409,I1409,1500,800,615,405.0,100,5,n,4
4426,I4426,800,600,615,0.0,100,2,n,3
1383,I1383,1200,800,615,121.0,100,4,n,4
45,I0045,1500,1000,615,351.0,100,7,w,4
4075,I4075,1000,800,615,233.0,100,3,n,4
363,I0363,800,600,615,455.0,100,2,w,3
3358,I3358,1000,800,615,264.0,100,3,n,4
3953,I3953,1200,800,615,392.0,100,4,n,4
218,I0218,1200,800,615,377.0,100,4,n,4
3553,I3553,1200,1000,615,202.0,100,6,n,4
3085,I3085,1500,1000,615,455.0,100,7,n,4
5479,I5479,800,600,615,143.0,100,2,w,3
6248,I6248,1500,800,615,231.0,100,5,n,4
4425,I4425,1200,1000,615,241.0,100,6,n,4
222,I0222,800,500,615,418.0,100,1,n,3
1582,I1582,800,460,615,122.0,100,0,n,3
4007,I4007,800,460,615,304.0,100,0,n,3
869,I0869,1200,800,615,367.0,100,4,n,4
800,I0800,800,600,615,433.0,100,2,n,3
2034,I2034,1500,800,615,299.0,100,5,n,4
611,I0611,800,600,615,315.0,100,2,n,3
889,I0889,1200,1000,615,109.0,100,6,l,4
4357,I4357,800,460,615,380.0,100,0,n,3
1494,I1494,1200,1000,615,414.0,100,6,n,4
3784,I3784,1200,1000,615,157.0,100,6,n,4
5534,I5534,1200,1000,615,134.0,100,6,n,4
3857,I3857,800,600,615,303.0,100,2,n,3
4065,I4065,1500,1000,615,0.0,100,7,n,4
1045,I1045,1000,800,615,459.0,100,3,n,4
4526,I4526,1500,800,615,206.0,100,5,n,4
5339,I5339,800,600,615,249.0,100,2,l,3
574,I0574,800,600,615,386.0,100,2,l,3
2531,I2531,1200,1000,615,0.0,100,6,l,4
4561,I4561,1500,800,615,346.0,100,5,w,4
1172,I1172,1200,1000,615,302.0,100,6,n,4
5697,I5697,1000,800,615,283.0,100,3,w,4
3863,I3863,1200,1000,615,126.0,100,6,n,4
6421,I6421,800,500,615,420.0,100,1,n,3
3964,I3964,1000,800,615,372.0,100,3,n,4
385,I0385,1000,800,615,293.0,100,3,n,4
5022,I5022,1500,1000,615,0.0,100,7,n,4
3570,I3570,800,460,615,187.0,100,0,n,3
54,I0054,1000,800,615,247.0,100,3,n,4
3557,I3557,800,460,615,325.0,100,0,n,3
4571,I4571,800,460,615,195.0,100,0,n,3
1653,I1653,800,500,615,338.0,100,1,n,3
4658,I4658,1200,1000,615,346.0,100,6,n,4
246,I0246,1200,1000,615,272.0,100,6,n,4
5139,I5139,1200,1000,615,295.0,100,6,n,4
1279,I1279,1500,1000,615,124.0,100,7,n,4
5803,I5803,1500,1000,615,288.0,100,7,n,4
930,I0930,1200,1000,615,236.0,100,6,l,4
6157,I6157,1200,1000,615,395.0,100,6,w,4
1458,I1458,1200,800,615,148.0,100,4,n,4
6092,I6092,1200,800,615,130.0,100,4,n,4
5743,I5743,800,600,615,106.0,100,2,n,3
6141,I6141,1000,800,615,248.0,100,3,n,4
3538,I3538,1500,800,615,357.0,100,5,n,4
5083,I5083,1000,800,615,130.0,100,3,l,4
3848,I3848,800,500,615,345.0,100,1,l,3
610,I0610,1500,800,615,219.0,100,5,n,4
1439,I1439,800,500,615,335.0,100,1,n,3
1750,I1750,1000,800,615,119.0,100,3,n,4
1984,I1984,1500,1000,615,245.0,100,7,n,4
438,I0438,1500,800,615,395.0,100,5,n,4
4377,I4377,800,460,615,0.0,100,0,w,3
4804,I4804,1000,800,615,269.0,100,3,n,4
3510,I3510,1000,800,615,407.0,100,3,n,4
896,I0896,800,460,615,369.0,100,0,n,3
5836,I5836,1200,1000,615,0.0,100,6,n,4
4920,I4920,1000,800,615,0.0,100,3,n,4
4326,I4326,1500,800,615,299.0,100,5,l,4
2279,I2279,800,460,615,0.0,100,0,n,3
2988,I2988,800,460,615,0.0,100,0,n,3
6377,I6377,800,500,615,279.0,100,1,n,3
619,I0619,1000,800,615,231.0,100,3,w,4
6091,I6091,800,500,615,408.0,100,1,n,3
990,I0990,1200,1000,615,173.0,100,6,l,4
1099,I1099,1500,1000,615,356.0,100,7,n,4
2833,I2833,1500,800,615,264.0,100,5,n,4
5992,I5992,1500,1000,615,444.0,100,7,l,4
3545,I3545,1000,800,615,181.0,100,3,l,4
674,I0674,1200,1000,615,417.0,100,6,n,4
2182,I2182,800,600,615,253.0,100,2,n,3
6105,I6105,1500,1000,615,243.0,100,7,l,4
6045,I6045,1500,1000,615,198.0,100,7,n,4
223,I0223,1200,800,615,150.0,100,4,n,4
1791,I1791,800,500,615,212.0,100,1,w,3
615,I0615,800,460,615,279.0,100,0,n,3
6043,I6043,800,600,615,333.0,100,2,n,3
259,I0259,1000,800,615,284.0,100,3,n,4
3058,I3058,1500,800,615,0.0,100,5,l,4
273,I0273,800,600,615,245.0,100,2,n,3
5005,I5005,1200,800,615,371.0,100,4,n,4
4869,I4869,1500,1000,615,309.0,100,7,n,4
5781,I5781,1500,1000,615,217.0,100,7,n,4
4611,I4611,800,600,615,219.0,100,2,n,3
217,I0217,800,460,615,347.0,100,0,w,3
2934,I2934,800,500,615,282.0,100,1,w,3
4058,I4058,1000,800,615,356.0,100,3,n,4
3713,I3713,1000,800,615,258.0,100,3,n,4
3968,I3968,800,600,615,418.0,100,2,n,3
5755,I5755,1000,800,615,220.0,100,3,n,4
3623,I3623,800,500,615,448.0,100,1,n,3
1844,I1844,800,600,615,191.0,100,2,n,3
6426,I6426,1500,800,615,232.0,100,5,n,4
1242,I1242,1200,800,615,404.0,100,4,l,4
2597,I2597,800,500,615,400.0,100,1,n,3
715,I0715,1500,1000,615,229.0,100,7,n,4
5586,I5586,1200,800,615,161.0,100,4,n,4
2125,I2125,1200,1000,615,0.0,100,6,n,4
5745,I5745,800,460,615,316.0,100,0,w,3
947,I0947,1500,1000,615,444.0,100,7,n,4
3087,I3087,1200,1000,615,307.0,100,6,n,4
4221,I4221,800,460,615,153.0,100,0,n,3
1250,I1250,1500,1000,615,323.0,100,7,l,4
1261,I1261,800,500,615,233.0,100,1,n,3
4017,I4017,800,500,615,259.0,100,1,n,3
5998,I5998,1500,1000,615,300.0,100,7,n,4
2064,I2064,1200,1000,615,260.0,100,6,l,4
5903,I5903,1200,800,615,378.0,100,4,n,4
1544,I1544,1500,800,615,380.0,100,5,l,4
5556,I5556,1500,1000,615,283.0,100,7,n,4
1004,I1004,1200,800,615,304.0,100,4,n,4
4939,I4939,1200,800,615,292.0,100,4,n,4
3323,I3323,800,460,615,440.0,100,0,n,3
3415,I3415,1500,800,615,0.0,100,5,n,4
2076,I2076,1200,1000,615,226.0,100,6,n,4
2464,I2464,1200,1000,615,0.0,100,6,n,4
4090,I4090,1200,1000,615,237.0,100,6,l,4
6441,I6441,1500,800,615,286.0,100,5,n,4
2163,I2163,800,500,615,288.0,100,1,n,3
1900,I1900,1500,800,615,158.0,100,5,n,4
5265,I5265,1000,800,615,98.0,100,3,l,4
2221,I2221,800,500,615,396.0,100,1,n,3
5543,I5543,1500,800,615,258.0,100,5,n,4
4677,I4677,1200,800,615,363.0,100,4,n,4
2970,I2970,1000,800,615,147.0,100,3,n,4
762,I0762,800,500,615,284.0,100,1,n,3
2565,I2565,1200,800,615,402.0,100,4,n,4
4812,I4812,1500,1000,615,294.0,100,7,n,4
5326,I5326,1200,1000,615,474.0,100,6,n,4
356,I0356,1500,1000,615,424.0,100,7,n,4
1910,I1910,800,500,615,356.0,100,1,n,3
5604,I5604,800,600,615,327.0,100,2,n,3
2351,I2351,1200,1000,615,0.0,100,6,n,4
6226,I6226,800,600,615,333.0,100,2,n,3
3117,I3117,1500,1000,615,283.0,100,7,w,4
2298,I2298,800,500,615,370.0,100,1,n,3
262,I0262,1500,1000,615,243.0,100,7,n,4
3247,I3247,800,600,615,213.0,100,2,n,3
2312,I2312,1200,800,615,184.0,100,4,w,4
2788,I2788,1500,1000,615,199.0,100,7,n,4
4137,I4137,1200,800,615,300.0,100,4,n,4
6398,I6398,1000,800,615,175.0,100,3,n,4
4331,I4331,1500,800,615,247.0,100,5,w,4
4696,I4696,800,460,615,316.0,100,0,n,3
3409,I3409,1000,800,615,434.0,100,3,n,4
3779,I3779,1500,800,615,258.0,100,5,n,4
737,I0737,1500,800,615,365.0,100,5,n,4
5972,I5972,800,460,615,327.0,100,0,n,3
371,I0371,800,600,615,210.0,100,2,w,3
853,I0853,800,600,615,274.0,100,2,n,3
5817,I5817,1000,800,615,0.0,100,3,n,4
3894,I3894,1000,800,615,261.0,100,3,n,4
5728,I5728,800,600,615,244.0,100,2,n,3
2074,I2074,800,460,615,0.0,100,0,n,3
5571,I5571,800,600,615,213.0,100,2,n,3
455,I0455,1500,800,615,401.0,100,5,n,4
3680,I3680,1500,1000,615,190.0,100,7,n,4
2192,I2192,1000,800,615,345.0,100,3,n,4
1712,I1712,800,600,615,291.0,100,2,n,3
510,I0510,800,600,615,220.0,100,2,w,3
5425,I5425,1500,800,615,152.0,100,5,w,4
57,I0057,800,600,615,340.0,100,2,n,3
1089,I1089,1500,1000,615,184.0,100,7,n,4
287,I0287,1200,800,615,228.0,100,4,n,4
962,I0962,1000,800,615,242.0,100,3,n,4
6380,I6380,800,600,615,292.0,100,2,n,3
4354,I4354,1200,800,615,376.0,100,4,n,4
251,I0251,800,460,615,0.0,100,0,n,3
6359,I6359,1200,1000,615,169.0,100,6,n,4
3951,I3951,800,460,615,381.0,100,0,n,3
4991,I4991,1500,800,615,319.0,100,5,n,4
5519,I5519,800,500,615,206.0,100,1,n,3
6242,I6242,800,500,615,329.0,100,1,l,3
2436,I2436,1000,800,615,405.0,100,3,n,4
1238,I1238,1500,800,615,416.0,100,5,w,4
636,I0636,800,600,615,173.0,100,2,l,3
5971,I5971,800,500,615,297.0,100,1,n,3
3965,I3965,1500,1000,615,395.0,100,7,l,4
1363,I1363,1200,1000,615,0.0,100,6,n,4
2157,I2157,1500,1000,615,336.0,100,7,n,4
6031,I6031,1500,1000,615,416.0,100,7,l,4
4208,I4208,1500,1000,615,329.0,100,7,n,4
5742,I5742,1500,1000,615,180.0,100,7,n,4
876,I0876,1000,800,615,207.0,100,3,n,4
6303,I6303,1200,800,615,334.0,100,4,n,4
3500,I3500,1500,1000,615,260.0,100,7,n,4
6369,I6369,1200,1000,615,213.0,100,6,n,4
5578,I5578,800,460,615,210.0,100,0,n,3
4160,I4160,1200,1000,615,343.0,100,6,w,4
4361,I4361,1200,800,615,231.0,100,4,l,4
6345,I6345,1200,1000,615,229.0,100,6,n,4
5482,I5482,1200,800,615,221.0,100,4,n,4
3922,I3922,1500,800,615,297.0,100,5,n,4
6251,I6251,1500,1000,615,140.0,100,7,n,4
6233,I6233,1200,1000,615,375.0,100,6,n,4
5333,I5333,800,500,615,330.0,100,1,n,3
3097,I3097,1200,800,615,417.0,100,4,n,4
4262,I4262,1200,1000,615,365.0,100,6,n,4
3629,I3629,800,500,615,184.0,100,1,n,3
2166,I2166,1000,800,615,307.0,100,3,l,4
1044,I1044,1200,800,615,0.0,100,4,n,4
3290,I3290,800,600,615,202.0,100,2,n,3
5996,I5996,1500,800,615,310.0,100,5,n,4
1039,I1039,1500,800,615,442.0,100,5,n,4
5205,I5205,800,460,615,334.0,100,0,n,3
2738,I2738,1000,800,615,192.0,100,3,n,4
5303,I5303,1500,800,615,202.0,100,5,n,4
1285,I1285,1200,800,615,454.0,100,4,n,4
4759,I4759,1200,1000,615,351.0,100,6,w,4
1566,I1566,1500,1000,615,248.0,100,7,n,4
2673,I2673,1500,1000,615,308.0,100,7,n,4
2638,I2638,1200,800,615,341.0,100,4,n,4
3280,I3280,1000,800,615,204.0,100,3,n,4
2761,I2761,800,500,615,300.0,100,1,n,3
4410,I4410,800,600,615,212.0,100,2,n,3
2608,I2608,800,600,615,177.0,100,2,n,3
4977,I4977,800,500,615,303.0,100,1,n,3
2973,I2973,1500,1000,615,228.0,100,7,n,4
6240,I6240,800,460,615,297.0,100,0,n,3
1737,I1737,1500,1000,615,152.0,100,7,n,4
1275,I1275,800,600,615,308.0,100,2,l,3
6275,I6275,1200,1000,615,287.0,100,6,n,4
3431,I3431,800,500,615,366.0,100,1,w,3
5802,I5802,1500,1000,615,163.0,100,7,w,4
1305,I1305,1000,800,615,0.0,100,3,n,4
6344,I6344,800,500,615,0.0,100,1,n,3
1803,I1803,1500,1000,615,299.0,100,7,n,4
5048,I5048,800,600,615,0.0,100,2,n,3
6033,I6033,800,460,615,373.0,100,0,n,3
362,I0362,800,600,615,183.0,100,2,n,3
3433,I3433,1000,800,615,448.0,100,3,n,4
4744,I4744,1500,800,615,411.0,100,5,n,4
1659,I1659,800,500,615,172.0,100,1,n,3
3886,I3886,1000,800,615,162.0,100,3,n,4
3664,I3664,1200,1000,615,125.0,100,6,n,4
418,I0418,800,500,615,137.0,100,1,n,3
1626,I1626,1200,1000,615,0.0,100,6,w,4
1665,I1665,1000,800,615,274.0,100,3,n,4
4050,I4050,1000,800,615,444.0,100,3,n,4
821,I0821,1000,800,615,340.0,100,3,n,4
449,I0449,1200,800,615,338.0,100,4,n,4
3854,I3854,800,500,615,343.0,100,1,n,3
254,I0254,800,500,615,316.0,100,1,n,3
6104,I6104,800,500,615,392.0,100,1,l,3
1536,I1536,800,600,615,285.0,100,2,n,3
6029,I6029,1200,800,615,387.0,100,4,n,4
3980,I3980,1500,800,615,250.0,100,5,n,4
2178,I2178,800,600,615,159.0,100,2,n,3
3971,I3971,1200,1000,615,256.0,100,6,n,4
2627,I2627,800,460,615,170.0,100,0,n,3
1142,I1142,1200,800,615,215.0,100,4,w,4
1585,I1585,800,600,615,273.0,100,2,n,3
630,I0630,800,500,615,327.0,100,1,l,3
4388,I4388,1200,1000,615,252.0,100,6,w,4
2461,I2461,1000,800,615,180.0,100,3,l,4
1663,I1663,1200,800,615,356.0,100,4,n,4
331,I0331,800,600,615,199.0,100,2,n,3
1147,I1147,800,600,615,150.0,100,2,n,3
2489,I2489,1200,1000,615,195.0,100,6,n,4
4924,I4924,1200,800,615,344.0,100,4,n,4
3563,I3563,1200,800,615,368.0,100,4,w,4
1094,I1094,800,460,615,0.0,100,0,n,3
4666,I4666,1200,800,615,0.0,100,4,n,4
6097,I6097,800,600,615,274.0,100,2,n,3
5897,I5897,1000,800,615,309.0,100,3,n,4
5313,I5313,800,600,615,0.0,100,2,n,3
3496,I3496,1500,800,615,135.0,100,5,n,4
6146,I6146,1200,1000,615,213.0,100,6,w,4
2091,I2091,800,460,615,240.0,100,0,n,3
3181,I3181,1500,800,615,430.0,100,5,n,4
4449,I4449,800,600,615,202.0,100,2,n,3
5838,I5838,800,500,615,397.0,100,1,n,3
5399,I5399,1500,800,615,225.0,100,5,n,4
2890,I2890,1500,800,615,299.0,100,5,n,4
1765,I1765,800,460,615,0.0,100,0,n,3
3529,I3529,1200,800,615,420.0,100,4,n,4
5807,I5807,800,500,615,247.0,100,1,n,3
4358,I4358,800,460,615,305.0,100,0,w,3
2914,I2914,1000,800,615,376.0,100,3,n,4
539,I0539,1200,800,615,425.0,100,4,n,4
3331,I3331,1500,1000,615,275.0,100,7,l,4
2195,I2195,1500,1000,615,102.0,100,7,n,4
5808,I5808,800,460,615,439.0,100,0,n,3
1098,I1098,1500,1000,615,221.0,100,7,n,4
5189,I5189,1200,800,615,276.0,100,4,n,4
3208,I3208,800,460,615,209.0,100,0,n,3
910,I0910,800,600,615,398.0,100,2,l,3
5257,I5257,1500,800,615,326.0,100,5,n,4
2948,I2948,1000,800,615,276.0,100,3,n,4
1248,I1248,800,600,615,344.0,100,2,n,3
3302,I3302,1500,800,615,192.0,100,5,l,4
3838,I3838,1500,800,615,277.0,100,5,n,4
2966,I2966,1200,1000,615,191.0,100,6,n,4
5103,I5103,1500,800,615,353.0,100,5,l,4
1780,I1780,800,460,615,171.0,100,0,n,3
6136,I6136,800,460,615,230.0,100,0,n,3
1809,I1809,1500,1000,615,166.0,100,7,n,4
1153,I1153,1000,800,615,122.0,100,3,w,4
2154,I2154,800,600,615,226.0,100,2,n,3
5670,I5670,1500,800,615,206.0,100,5,n,4
6030,I6030,1200,800,615,168.0,100,4,n,4
3747,I3747,800,600,615,423.0,100,2,w,3
2854,I2854,1000,800,615,223.0,100,3,n,4
3348,I3348,1000,800,615,348.0,100,3,n,4
3518,I3518,800,600,615,206.0,100,2,l,3
1400,I1400,800,600,615,285.0,100,2,n,3
3355,I3355,1200,800,615,376.0,100,4,n,4
2674,I2674,800,500,615,0.0,100,1,n,3
5985,I5985,800,460,615,0.0,100,0,n,3
2270,I2270,1200,1000,615,401.0,100,6,n,4
2568,I2568,800,460,615,247.0,100,0,n,3
3727,I3727,1200,800,615,280.0,100,4,n,4
4634,I4634,1500,800,615,383.0,100,5,n,4
4183,I4183,1500,1000,615,0.0,100,7,n,4
787,I0787,1000,800,615,316.0,100,3,n,4
5392,I5392,1500,800,615,215.0,100,5,w,4
6254,I6254,1500,1000,615,292.0,100,7,n,4
656,I0656,1200,1000,615,0.0,100,6,n,4
5217,I5217,1500,800,615,298.0,100,5,w,4
4785,I4785,800,500,615,276.0,100,1,n,3
2292,I2292,1500,1000,615,382.0,100,7,n,4
1696,I1696,1500,1000,615,155.0,100,7,n,4
1732,I1732,800,500,615,134.0,100,1,n,3
4566,I4566,1500,800,615,258.0,100,5,w,4
4842,I4842,1200,1000,615,179.0,100,6,n,4
4942,I4942,800,600,615,351.0,100,2,n,3
1815,I1815,800,600,615,378.0,100,2,l,3
4038,I4038,800,600,615,280.0,100,2,n,3
5464,I5464,1200,800,615,315.0,100,4,n,4
2855,I2855,1200,800,615,0.0,100,4,n,4
5307,I5307,1500,800,615,138.0,100,5,l,4
1331,I1331,1500,1000,615,263.0,100,7,w,4
1364,I1364,1200,1000,615,236.0,100,6,w,4
4407,I4407,1200,800,615,454.0,100,4,n,4
2215,I2215,1200,1000,615,191.0,100,6,w,4
3762,I3762,1500,800,615,175.0,100,5,n,4
409,I0409,1000,800,615,197.0,100,3,n,4
3949,I3949,1200,1000,615,0.0,100,6,n,4
1533,I1533,800,600,615,365.0,100,2,w,3
4101,I4101,1500,800,615,354.0,100,5,n,4
1048,I1048,800,600,615,159.0,100,2,n,3
5763,I5763,1000,800,615,388.0,100,3,n,4
1851,I1851,1500,1000,615,410.0,100,7,n,4
5602,I5602,1000,800,615,195.0,100,3,n,4
4235,I4235,1200,1000,615,0.0,100,6,n,4
327,I0327,1200,800,615,349.0,100,4,n,4
1767,I1767,1500,800,615,221.0,100,5,n,4
4712,I4712,800,600,615,191.0,100,2,n,3
1415,I1415,1000,800,615,410.0,100,3,n,4
4105,I4105,1500,800,615,338.0,100,5,w,4
598,I0598,1500,1000,615,398.0,100,7,n,4
4949,I4949,1500,800,615,0.0,100,5,n,4
642,I0642,1500,800,615,263.0,100,5,n,4
658,I0658,800,500,615,0.0,100,1,n,3
2065,I2065,1500,1000,615,361.0,100,7,n,4
2982,I2982,800,460,615,128.0,100,0,n,3
2167,I2167,1500,800,615,229.0,100,5,n,4
1644,I1644,800,500,615,293.0,100,1,n,3
5135,I5135,1500,1000,615,232.0,100,7,n,4
891,I0891,1000,800,615,217.0,100,3,n,4
4805,I4805,800,500,615,96.0,100,1,n,3
1734,I1734,800,460,615,177.0,100,0,n,3
289,I0289,1200,800,615,247.0,100,4,n,4
404,I0404,800,500,615,379.0,100,1,n,3
695,I0695,1500,800,615,295.0,100,5,n,4
2220,I2220,1500,1000,615,247.0,100,7,l,4
3287,I3287,800,600,615,144.0,100,2,n,3
719,I0719,800,500,615,332.0,100,1,n,3
5892,I5892,1200,800,615,251.0,100,4,n,4
5688,I5688,1500,1000,615,311.0,100,7,n,4
4227,I4227,1200,800,615,431.0,100,4,n,4
1449,I1449,1200,800,615,0.0,100,4,l,4
1709,I1709,800,500,615,317.0,100,1,n,3
700,I0700,800,500,615,366.0,100,1,n,3
3038,I3038,800,600,615,152.0,100,2,l,3
5623,I5623,800,500,615,380.0,100,1,n,3
319,I0319,1000,800,615,242.0,100,3,n,4
413,I0413,800,600,615,139.0,100,2,n,3
5898,I5898,1200,1000,615,318.0,100,6,n,4
5668,I5668,1200,800,615,208.0,100,4,l,4
1079,I1079,1200,800,615,0.0,100,4,n,4
4209,I4209,1200,1000,615,211.0,100,6,n,4
2799,I2799,800,500,615,311.0,100,1,n,3
3317,I3317,1200,1000,615,344.0,100,6,n,4
5561,I5561,800,600,615,0.0,100,2,n,3
5356,I5356,1500,800,615,358.0,100,5,n,4
907,I0907,800,600,615,0.0,100,2,n,3
4779,I4779,1200,1000,615,159.0,100,6,n,4
1276,I1276,800,500,615,462.0,100,1,w,3
2494,I2494,800,500,615,147.0,100,1,n,3
4465,I4465,1000,800,615,263.0,100,3,n,4
3111,I3111,1200,1000,615,402.0,100,6,n,4
2110,I2110,800,460,615,292.0,100,0,l,3
2219,I2219,800,600,615,323.0,100,2,n,3
5367,I5367,1200,800,615,300.0,100,4,w,4
5141,I5141,800,460,615,250.0,100,0,n,3
3492,I3492,800,460,615,140.0,100,0,n,3
5131,I5131,1500,1000,615,358.0,100,7,n,4
2515,I2515,1000,800,615,204.0,100,3,n,4
2376,I2376,1500,800,615,358.0,100,5,n,4
3076,I3076,1000,800,615,332.0,100,3,n,4
1999,I1999,1500,800,615,309.0,100,5,n,4
875,I0875,800,600,615,276.0,100,2,n,3
3267,I3267,1200,800,615,217.0,100,4,n,4
299,I0299,1000,800,615,281.0,100,3,n,4
3224,I3224,800,460,615,285.0,100,0,n,3
4584,I4584,1200,1000,615,243.0,100,6,n,4
783,I0783,1200,800,615,232.0,100,4,n,4
779,I0779,1500,800,615,300.0,100,5,n,4
3134,I3134,1200,1000,615,216.0,100,6,n,4
2057,I2057,1200,800,615,208.0,100,4,l,4
5319,I5319,1200,800,615,449.0,100,4,n,4
3084,I3084,1000,800,615,370.0,100,3,n,4
5322,I5322,1500,800,615,289.0,100,5,n,4
2718,I2718,800,460,615,224.0,100,0,n,3
2765,I2765,1500,800,615,277.0,100,5,n,4
4816,I4816,1500,1000,615,226.0,100,7,n,4
2542,I2542,1500,1000,615,311.0,100,7,n,4
3324,I3324,1200,1000,615,320.0,100,6,l,4
1987,I1987,800,600,615,178.0,100,2,n,3
175,I0175,1200,800,615,324.0,100,4,n,4
2850,I2850,800,600,615,331.0,100,2,n,3
2432,I2432,1200,800,615,363.0,100,4,n,4
1671,I1671,1500,800,615,173.0,100,5,n,4
6239,I6239,1200,1000,615,216.0,100,6,n,4
1433,I1433,800,500,615,179.0,100,1,n,3
1684,I1684,1500,800,615,156.0,100,5,n,4
2897,I2897,800,500,615,378.0,100,1,n,3
5685,I5685,1000,800,615,326.0,100,3,n,4
2560,I2560,1200,800,615,209.0,100,4,n,4
198,I0198,800,500,615,375.0,100,1,n,3
489,I0489,1200,1000,615,374.0,100,6,n,4
6250,I6250,800,600,615,117.0,100,2,l,3
5515,I5515,1200,1000,615,440.0,100,6,n,4
2861,I2861,800,460,615,362.0,100,0,l,3
3306,I3306,1200,800,615,322.0,100,4,n,4
6351,I6351,1500,800,615,371.0,100,5,n,4
2257,I2257,1500,800,615,184.0,100,5,n,4
1529,I1529,1200,1000,615,112.0,100,6,n,4
6417,I6417,1500,1000,615,114.0,100,7,n,4
1042,I1042,1000,800,615,404.0,100,3,n,4
3413,I3413,800,500,615,328.0,100,1,n,3
820,I0820,800,460,615,203.0,100,0,n,3
3560,I3560,1200,800,615,136.0,100,4,n,4
1614,I1614,1000,800,615,229.0,100,3,n,4
4980,I4980,1000,800,615,211.0,100,3,n,4
687,I0687,1500,1000,615,335.0,100,7,n,4
5146,I5146,800,500,615,0.0,100,1,n,3
1731,I1731,1500,1000,615,323.0,100,7,l,4
6149,I6149,1500,1000,615,240.0,100,7,n,4
2831,I2831,800,600,615,309.0,100,2,n,3
3522,I3522,800,500,615,383.0,100,1,n,3
1591,I1591,1200,1000,615,202.0,100,6,n,4
1481,I1481,1200,1000,615,225.0,100,6,n,4
6337,I6337,1500,800,615,198.0,100,5,n,4
5443,I5443,800,460,615,202.0,100,0,n,3
1876,I1876,1000,800,615,363.0,100,3,l,4
6007,I6007,1200,1000,615,205.0,100,6,n,4
3125,I3125,800,600,615,317.0,100,2,n,3
3297,I3297,800,500,615,463.0,100,1,n,3
2081,I2081,800,460,615,233.0,100,0,n,3
1152,I1152,800,500,615,324.0,100,1,l,3
5089,I5089,1500,1000,615,240.0,100,7,l,4
6006,I6006,800,600,615,342.0,100,2,n,3
2986,I2986,800,600,615,351.0,100,2,n,3
3017,I3017,800,500,615,252.0,100,1,n,3
5740,I5740,800,460,615,150.0,100,0,n,3
5273,I5273,800,600,615,333.0,100,2,n,3
4374,I4374,1200,800,615,239.0,100,4,n,4
1306,I1306,1500,800,615,188.0,100,5,w,4
673,I0673,1500,800,615,263.0,100,5,n,4
2835,I2835,1000,800,615,344.0,100,3,n,4
2721,I2721,800,460,615,306.0,100,0,n,3
2269,I2269,1000,800,615,328.0,100,3,n,4
1941,I1941,800,460,615,301.0,100,0,n,3
3875,I3875,1500,800,615,300.0,100,5,n,4
1454,I1454,1000,800,615,367.0,100,3,n,4
4940,I4940,1500,800,615,318.0,100,5,n,4
1874,I1874,800,460,615,376.0,100,0,l,3
6075,I6075,1200,800,615,208.0,100,4,n,4
5232,I5232,1200,800,615,444.0,100,4,n,4
6059,I6059,1500,800,615,141.0,100,5,l,4
4195,I4195,1500,800,615,186.0,100,5,n,4
551,I0551,1200,800,615,216.0,100,4,n,4
1934,I1934,800,460,615,323.0,100,0,w,3
1495,I1495,1500,1000,615,332.0,100,7,n,4
260,I0260,1000,800,615,293.0,100,3,n,4
4085,I4085,800,460,615,373.0,100,0,n,3
6397,I6397,1200,1000,615,165.0,100,6,n,4
3782,I3782,800,600,615,247.0,100,2,n,3
3941,I3941,1200,1000,615,272.0,100,6,n,4
4857,I4857,1500,800,615,123.0,100,5,n,4
302,I0302,1200,800,615,252.0,100,4,n,4
1315,I1315,800,500,615,157.0,100,1,n,3
4599,I4599,800,600,615,136.0,100,2,l,3
2501,I2501,800,500,615,294.0,100,1,n,3
992,I0992,800,460,615,262.0,100,0,l,3
5124,I5124,1500,1000,615,217.0,100,7,n,4
4668,I4668,1500,800,615,417.0,100,5,n,4
2022,I2022,1500,1000,615,190.0,100,7,n,4
4815,I4815,1200,800,615,380.0,100,4,w,4
5967,I5967,1000,800,615,314.0,100,3,w,4
494,I0494,1500,1000,615,194.0,100,7,n,4
447,I0447,800,500,615,440.0,100,1,n,3
4129,I4129,1200,1000,615,218.0,100,6,l,4
2037,I2037,1500,800,615,279.0,100,5,n,4
2927,I2927,800,600,615,325.0,100,2,n,3
277,I0277,1200,800,615,0.0,100,4,w,4
4231,I4231,800,500,615,401.0,100,1,n,3
6115,I6115,1200,800,615,212.0,100,4,l,4
5266,I5266,800,460,615,270.0,100,0,n,3
5317,I5317,1000,800,615,211.0,100,3,n,4
1258,I1258,800,460,615,402.0,100,0,n,3
1347,I1347,1200,800,615,331.0,100,4,n,4
5760,I5760,1500,800,615,277.0,100,5,n,4
5162,I5162,800,600,615,280.0,100,2,l,3
1302,I1302,800,460,615,413.0,100,0,n,3
5935,I5935,1200,800,615,282.0,100,4,n,4
5202,I5202,800,460,615,0.0,100,0,w,3
2881,I2881,1200,800,615,0.0,100,4,n,4
2913,I2913,1200,1000,615,0.0,100,6,n,4
4147,I4147,800,600,615,262.0,100,2,n,3
5455,I5455,1000,800,615,403.0,100,3,n,4
6183,I6183,1500,800,615,394.0,100,5,w,4
3313,I3313,800,500,615,287.0,100,1,n,3
865,I0865,800,500,615,401.0,100,1,n,3
5570,I5570,800,500,615,417.0,100,1,n,3
5552,I5552,1500,800,615,348.0,100,5,n,4
6428,I6428,800,460,615,260.0,100,0,n,3
2919,I2919,800,500,615,0.0,100,1,n,3
1914,I1914,800,600,615,376.0,100,2,n,3
2717,I2717,1200,1000,615,159.0,100,6,w,4
3531,I3531,1500,1000,615,173.0,100,7,l,4
4764,I4764,800,600,615,367.0,100,2,n,3
1565,I1565,1200,1000,615,317.0,100,6,n,4
2439,I2439,800,460,615,247.0,100,0,w,3
5144,I5144,800,600,615,0.0,100,2,n,3
2969,I2969,1200,1000,615,268.0,100,6,n,4
2402,I2402,1500,1000,615,215.0,100,7,n,4
5845,I5845,800,600,615,176.0,100,2,n,3
4902,I4902,1000,800,615,203.0,100,3,n,4
986,I0986,1500,1000,615,283.0,100,7,n,4
4068,I4068,1500,1000,615,268.0,100,7,n,4
6350,I6350,1500,800,615,185.0,100,5,n,4
436,I0436,1200,800,615,396.0,100,4,n,4
1726,I1726,800,460,615,299.0,100,0,n,3
6163,I6163,1500,1000,615,0.0,100,7,n,4
1937,I1937,1200,800,615,296.0,100,4,n,4
3632,I3632,800,500,615,148.0,100,1,n,3
4080,I4080,800,600,615,314.0,100,2,n,3
2357,I2357,1500,800,615,463.0,100,5,w,4
347,I0347,1200,1000,615,124.0,100,6,n,4
979,I0979,1500,1000,615,405.0,100,7,n,4
2191,I2191,1200,1000,615,308.0,100,6,n,4
716,I0716,800,460,615,217.0,100,0,n,3
6311,I6311,1200,1000,615,339.0,100,6,n,4
6323,I6323,1000,800,615,312.0,100,3,l,4
6120,I6120,1200,1000,615,118.0,100,6,n,4
2549,I2549,800,460,615,250.0,100,0,n,3
2573,I2573,800,460,615,337.0,100,0,l,3
5086,I5086,1500,1000,615,369.0,100,7,n,4
6067,I6067,800,460,615,241.0,100,0,n,3
5928,I5928,1500,1000,615,0.0,100,7,n,4
4484,I4484,1500,800,615,0.0,100,5,n,4
6144,I6144,1000,800,615,200.0,100,3,n,4
4979,I4979,800,600,615,434.0,100,2,n,3
5328,I5328,1200,1000,615,175.0,100,6,n,4
2217,I2217,1200,800,615,168.0,100,4,n,4
5009,I5009,800,460,615,278.0,100,0,n,3
2851,I2851,1000,800,615,338.0,100,3,n,4
2575,I2575,1000,800,615,167.0,100,3,n,4
4056,I4056,800,460,615,126.0,100,0,l,3
4522,I4522,1200,1000,615,352.0,100,6,n,4
544,I0544,800,460,615,159.0,100,0,n,3
5663,I5663,1200,800,615,192.0,100,4,n,4
5765,I5765,1500,1000,615,300.0,100,7,n,4
4916,I4916,800,500,615,265.0,100,1,n,3
5462,I5462,1200,1000,615,85.0,100,6,n,4
485,I0485,1000,800,615,0.0,100,3,n,4
3559,I3559,1500,800,615,221.0,100,5,w,4
854,I0854,800,460,615,301.0,100,0,n,3
437,I0437,800,600,615,143.0,100,2,n,3
3397,I3397,1000,800,615,299.0,100,3,n,4
2497,I2497,1500,1000,615,240.0,100,7,w,4
3101,I3101,800,460,615,292.0,100,0,n,3
5468,I5468,1200,800,615,328.0,100,4,l,4
3877,I3877,1000,800,615,103.0,100,3,l,4
739,I0739,1000,800,615,334.0,100,3,n,4
5355,I5355,1200,800,615,346.0,100,4,n,4
532,I0532,1500,1000,615,293.0,100,7,l,4
109,I0109,1500,800,615,0.0,100,5,l,4
3417,I3417,1500,800,615,265.0,100,5,n,4
4933,I4933,800,600,615,162.0,100,2,n,3
4275,I4275,800,500,615,244.0,100,1,n,3
3426,I3426,1200,800,615,450.0,100,4,n,4
2846,I2846,1500,1000,615,276.0,100,7,n,4
6400,I6400,1200,800,615,0.0,100,4,n,4
3312,I3312,800,460,615,387.0,100,0,n,3
5360,I5360,1500,800,615,90.0,100,5,n,4
2478,I2478,1500,1000,615,258.0,100,7,n,4
5320,I5320,800,600,615,392.0,100,2,n,3
5420,I5420,1500,800,615,264.0,100,5,n,4
120,I0120,800,600,615,222.0,100,2,n,3
1577,I1577,1200,1000,615,345.0,100,6,n,4
5877,I5877,800,600,615,122.0,100,2,n,3
4905,I4905,1500,800,615,237.0,100,5,n,4
5454,I5454,1200,1000,615,347.0,100,6,n,4
5260,I5260,1500,1000,615,0.0,100,7,n,4
5436,I5436,800,460,615,378.0,100,0,n,3
2770,I2770,1200,800,615,0.0,100,4,n,4
6227,I6227,800,460,615,306.0,100,0,n,3
4660,I4660,1000,800,615,334.0,100,3,w,4
1059,I1059,1200,800,615,179.0,100,4,w,4
4890,I4890,800,500,615,275.0,100,1,n,3
4976,I4976,1200,800,615,389.0,100,4,n,4
4212,I4212,1500,1000,615,203.0,100,7,n,4
1527,I1527,800,600,615,0.0,100,2,w,3
2222,I2222,1500,800,615,423.0,100,5,w,4
928,I0928,1200,800,615,205.0,100,4,n,4
4356,I4356,800,500,615,335.0,100,1,w,3
4337,I4337,1500,1000,615,213.0,100,7,w,4
2187,I2187,1200,800,615,377.0,100,4,n,4
4621,I4621,800,460,615,167.0,100,0,n,3
5383,I5383,800,500,615,270.0,100,1,n,3
721,I0721,1500,800,615,380.0,100,5,n,4
6241,I6241,800,500,615,0.0,100,1,l,3
5192,I5192,1500,1000,615,0.0,100,7,w,4
2254,I2254,1200,800,615,312.0,100,4,n,4
1886,I1886,1200,1000,615,353.0,100,6,n,4
127,I0127,1500,1000,615,162.0,100,7,n,4
849,I0849,1500,800,615,174.0,100,5,n,4
2226,I2226,1500,800,615,264.0,100,5,n,4
958,I0958,1200,1000,615,319.0,100,6,n,4
3745,I3745,800,460,615,167.0,100,0,n,3
1295,I1295,800,600,615,334.0,100,2,n,3
131,I0131,1500,1000,615,213.0,100,7,n,4
2639,I2639,800,600,615,191.0,100,2,n,3
6140,I6140,1500,800,615,185.0,100,5,l,4
414,I0414,800,600,615,460.0,100,2,n,3
4353,I4353,1000,800,615,119.0,100,3,w,4
5487,I5487,1000,800,615,0.0,100,3,l,4
2600,I2600,800,460,615,264.0,100,0,l,3
5947,I5947,1200,1000,615,402.0,100,6,n,4
1204,I1204,1200,1000,615,346.0,100,6,n,4
2762,I2762,1200,1000,615,375.0,100,6,n,4
751,I0751,800,460,615,156.0,100,0,n,3
1470,I1470,1000,800,615,383.0,100,3,n,4
2071,I2071,1200,1000,615,0.0,100,6,n,4
1026,I1026,1200,800,615,452.0,100,4,n,4
320,I0320,800,600,615,253.0,100,2,n,3
2130,I2130,1500,1000,615,0.0,100,7,n,4
3137,I3137,1000,800,615,427.0,100,3,n,4
3631,I3631,1200,1000,615,358.0,100,6,n,4
2281,I2281,800,460,615,121.0,100,0,n,3
2337,I2337,800,600,615,250.0,100,2,n,3
3707,I3707,1200,1000,615,412.0,100,6,n,4
6179,I6179,1500,800,615,271.0,100,5,n,4
2346,I2346,1500,1000,615,216.0,100,7,n,4
2832,I2832,800,500,615,235.0,100,1,n,3
2485,I2485,1000,800,615,441.0,100,3,w,4
4913,I4913,1200,1000,615,215.0,100,6,n,4
3457,I3457,800,600,615,194.0,100,2,n,3
5432,I5432,800,460,615,238.0,100,0,n,3
3086,I3086,1200,800,615,0.0,100,4,n,4
1970,I1970,1500,1000,615,320.0,100,7,n,4
613,I0613,1000,800,615,414.0,100,3,n,4
5749,I5749,1200,800,615,163.0,100,4,n,4
6208,I6208,1200,800,615,396.0,100,4,w,4
1110,I1110,1000,800,615,0.0,100,3,n,4
2490,I2490,1500,800,615,219.0,100,5,n,4
592,I0592,800,500,615,108.0,100,1,l,3
3890,I3890,1000,800,615,292.0,100,3,n,4
2866,I2866,1500,1000,615,112.0,100,7,w,4
5129,I5129,800,460,615,451.0,100,0,n,3
5711,I5711,1200,800,615,285.0,100,4,n,4
5,I0005,800,600,615,416.0,100,2,n,3
5659,I5659,800,460,615,231.0,100,0,n,3
5991,I5991,1000,800,615,195.0,100,3,n,4
961,I0961,800,460,615,223.0,100,0,n,3
599,I0599,1200,800,615,197.0,100,4,n,4
2197,I2197,800,460,615,410.0,100,0,n,3
1422,I1422,800,500,615,442.0,100,1,n,3
2051,I2051,800,500,615,297.0,100,1,n,3
2713,I2713,1500,1000,615,404.0,100,7,n,4
2752,I2752,800,500,615,362.0,100,1,n,3
5822,I5822,1000,800,615,234.0,100,3,n,4
390,I0390,1500,800,615,366.0,100,5,n,4
1609,I1609,1200,800,615,149.0,100,4,w,4
4123,I4123,800,460,615,161.0,100,0,n,3
1265,I1265,1200,1000,615,218.0,100,6,n,4
4028,I4028,1200,800,615,191.0,100,4,w,4
1641,I1641,1500,800,615,275.0,100,5,n,4
2812,I2812,800,460,615,252.0,100,0,n,3
5297,I5297,1200,800,615,261.0,100,4,w,4
547,I0547,1200,800,615,269.0,100,4,n,4
2577,I2577,1500,1000,615,0.0,100,7,n,4
1598,I1598,1500,800,615,0.0,100,5,l,4
828,I0828,800,500,615,187.0,100,1,l,3
5206,I5206,1200,1000,615,315.0,100,6,l,4
2582,I2582,800,600,615,242.0,100,2,n,3
4592,I4592,1200,800,615,237.0,100,4,n,4
1442,I1442,1200,800,615,280.0,100,4,n,4
6434,I6434,1200,1000,615,307.0,100,6,n,4
5558,I5558,1500,1000,615,206.0,100,7,n,4
4265,I4265,800,600,615,377.0,100,2,l,3
1693,I1693,1500,1000,615,222.0,100,7,n,4
5224,I5224,1000,800,615,333.0,100,3,n,4
2612,I2612,1200,1000,615,333.0,100,6,w,4
3729,I3729,1500,800,615,342.0,100,5,n,4
1558,I1558,1000,800,615,130.0,100,3,n,4
984,I0984,800,460,615,117.0,100,0,w,3
2364,I2364,800,460,615,216.0,100,0,n,3
6451,I6451,800,600,615,379.0,100,2,n,3
5259,I5259,1200,1000,615,250.0,100,6,n,4
1612,I1612,1200,1000,615,193.0,100,6,l,4
3635,I3635,1200,800,615,213.0,100,4,n,4
425,I0425,1500,1000,615,268.0,100,7,n,4
1354,I1354,800,460,615,0.0,100,0,n,3
4796,I4796,1000,800,615,0.0,100,3,n,4
524,I0524,1200,1000,615,0.0,100,6,n,4
68,I0068,800,460,615,402.0,100,0,n,3
2062,I2062,1000,800,615,271.0,100,3,n,4
1952,I1952,1000,800,615,0.0,100,3,n,4
4140,I4140,800,600,615,252.0,100,2,n,3
734,I0734,1200,800,615,166.0,100,4,l,4
3645,I3645,1200,800,615,338.0,100,4,n,4
5625,I5625,1500,1000,615,217.0,100,7,n,4
6196,I6196,800,600,615,335.0,100,2,n,3
3551,I3551,1200,800,615,387.0,100,4,n,4
5951,I5951,1200,1000,615,212.0,100,6,n,4
1444,I1444,800,500,615,432.0,100,1,n,3
4828,I4828,1200,800,615,146.0,100,4,n,4
3138,I3138,1500,800,615,308.0,100,5,n,4
4237,I4237,800,600,615,329.0,100,2,n,3
3237,I3237,1500,1000,615,281.0,100,7,w,4
5334,I5334,1200,1000,615,228.0,100,6,n,4
5867,I5867,1000,800,615,292.0,100,3,n,4
2892,I2892,1200,1000,615,339.0,100,6,n,4
5895,I5895,800,500,615,402.0,100,1,n,3
294,I0294,800,600,615,358.0,100,2,n,3
419,I0419,1200,800,615,278.0,100,4,n,4
877,I0877,1200,1000,615,405.0,100,6,n,4
5423,I5423,1000,800,615,332.0,100,3,l,4
3778,I3778,1000,800,615,222.0,100,3,n,4
2707,I2707,800,600,615,229.0,100,2,l,3
448,I0448,1200,800,615,158.0,100,4,n,4
343,I0343,1500,800,615,0.0,100,5,l,4
2872,I2872,1500,1000,615,318.0,100,7,w,4
2137,I2137,800,460,615,182.0,100,0,n,3
3693,I3693,1200,800,615,342.0,100,4,n,4
2724,I2724,1500,800,615,350.0,100,5,n,4
617,I0617,1000,800,615,180.0,100,3,n,4
4973,I4973,1200,800,615,174.0,100,4,n,4
4923,I4923,1500,1000,615,418.0,100,7,n,4
5280,I5280,800,600,615,350.0,100,2,n,3
1752,I1752,800,460,615,361.0,100,0,n,3
5713,I5713,1200,800,615,198.0,100,4,n,4
5511,I5511,1000,800,615,319.0,100,3,w,4
2055,I2055,1200,800,615,311.0,100,4,n,4
5875,I5875,1000,800,615,0.0,100,3,n,4
3754,I3754,800,600,615,185.0,100,2,n,3
1592,I1592,1000,800,615,153.0,100,3,n,4
5105,I5105,1500,1000,615,257.0,100,7,n,4
5410,I5410,800,460,615,421.0,100,0,n,3
1697,I1697,1200,800,615,357.0,100,4,n,4
4533,I4533,1000,800,615,430.0,100,3,l,4
1956,I1956,1200,800,615,401.0,100,4,l,4
379,I0379,1000,800,615,322.0,100,3,n,4
424,I0424,800,600,615,285.0,100,2,n,3
1461,I1461,1200,800,615,410.0,100,4,n,4
1871,I1871,1200,800,615,0.0,100,4,n,4
4520,I4520,1200,1000,615,186.0,100,6,n,4
3003,I3003,800,460,615,232.0,100,0,l,3
2935,I2935,1200,1000,615,294.0,100,6,n,4
2508,I2508,800,460,615,325.0,100,0,n,3
3157,I3157,800,600,615,114.0,100,2,n,3
2599,I2599,1000,800,615,371.0,100,3,n,4
3318,I3318,1200,1000,615,254.0,100,6,n,4
508,I0508,1200,1000,615,275.0,100,6,n,4
1606,I1606,1000,800,615,299.0,100,3,n,4
1763,I1763,800,500,615,291.0,100,1,n,3
2054,I2054,800,500,615,144.0,100,1,n,3
4507,I4507,1200,800,615,352.0,100,4,n,4
1898,I1898,1500,800,615,344.0,100,5,n,4
550,I0550,800,500,615,227.0,100,1,n,3
1572,I1572,800,460,615,255.0,100,0,n,3
5490,I5490,800,600,615,214.0,100,2,w,3
2308,I2308,1500,800,615,358.0,100,5,n,4
4813,I4813,1500,1000,615,133.0,100,7,n,4
2878,I2878,1200,800,615,456.0,100,4,n,4
3403,I3403,800,600,615,257.0,100,2,w,3
100,I0100,1200,800,615,312.0,100,4,l,4
2349,I2349,1200,800,615,152.0,100,4,n,4
3046,I3046,1000,800,615,277.0,100,3,n,4
3229,I3229,1000,800,615,0.0,100,3,n,4
4850,I4850,1000,800,615,136.0,100,3,n,4
6339,I6339,1500,1000,615,295.0,100,7,w,4
3637,I3637,1200,800,615,317.0,100,4,l,4
2719,I2719,1000,800,615,391.0,100,3,w,4
4172,I4172,800,500,615,293.0,100,1,n,3
2447,I2447,1200,800,615,0.0,100,4,n,4
1029,I1029,1500,800,615,316.0,100,5,l,4
2657,I2657,800,600,615,0.0,100,2,l,3
6086,I6086,800,460,615,0.0,100,0,n,3
3021,I3021,1000,800,615,411.0,100,3,n,4
584,I0584,1200,1000,615,242.0,100,6,n,4
6114,I6114,800,460,615,315.0,100,0,n,3
3487,I3487,1200,1000,615,201.0,100,6,n,4
2097,I2097,800,500,615,177.0,100,1,n,3
4242,I4242,800,500,615,202.0,100,1,n,3
3695,I3695,1200,800,615,0.0,100,4,n,4
3381,I3381,800,500,615,382.0,100,1,w,3
2723,I2723,1500,1000,615,243.0,100,7,n,4
579,I0579,1200,1000,615,138.0,100,6,n,4
3937,I3937,1200,1000,615,420.0,100,6,n,4
174,I0174,800,500,615,328.0,100,1,n,3
354,I0354,1200,1000,615,167.0,100,6,n,4
4773,I4773,800,600,615,237.0,100,2,n,3
2804,I2804,1200,800,615,433.0,100,4,n,4
6432,I6432,800,460,615,90.0,100,0,w,3
3343,I3343,1200,1000,615,411.0,100,6,n,4
4027,I4027,1500,1000,615,258.0,100,7,n,4
6207,I6207,1200,800,615,154.0,100,4,w,4
5421,I5421,1000,800,615,0.0,100,3,n,4
536,I0536,800,600,615,281.0,100,2,n,3
1065,I1065,1000,800,615,347.0,100,3,l,4
5846,I5846,1500,800,615,354.0,100,5,n,4
1453,I1453,1200,1000,615,170.0,100,6,n,4
30,I0030,1500,1000,615,101.0,100,7,n,4
5940,I5940,800,500,615,400.0,100,1,n,3
2775,I2775,1500,1000,615,120.0,100,7,n,4
4667,I4667,1000,800,615,133.0,100,3,l,4
350,I0350,800,460,615,187.0,100,0,n,3
149,I0149,1200,1000,615,400.0,100,6,w,4
2227,I2227,800,500,615,367.0,100,1,n,3
394,I0394,1500,800,615,363.0,100,5,n,4
2276,I2276,1000,800,615,150.0,100,3,n,4
5724,I5724,1500,800,615,406.0,100,5,n,4
1420,I1420,1500,1000,615,224.0,100,7,w,4
557,I0557,1200,800,615,185.0,100,4,n,4
4398,I4398,800,500,615,227.0,100,1,w,3
380,I0380,1200,800,615,321.0,100,4,n,4
712,I0712,1500,800,615,385.0,100,5,w,4
4543,I4543,800,600,615,359.0,100,2,n,3
2474,I2474,1500,800,615,390.0,100,5,n,4
2801,I2801,1500,1000,615,249.0,100,7,n,4
5746,I5746,800,500,615,133.0,100,1,l,3
4490,I4490,800,460,615,425.0,100,0,w,3
5173,I5173,1500,800,615,115.0,100,5,n,4
2625,I2625,1200,800,615,218.0,100,4,n,4
4246,I4246,1200,800,615,183.0,100,4,w,4
917,I0917,1200,800,615,399.0,100,4,n,4
5721,I5721,800,600,615,191.0,100,2,n,3
1873,I1873,800,500,615,301.0,100,1,n,3
3072,I3072,1200,800,615,202.0,100,4,n,4
5941,I5941,1500,1000,615,260.0,100,7,n,4
2730,I2730,800,600,615,181.0,100,2,n,3
5922,I5922,800,460,615,141.0,100,0,n,3
4051,I4051,1500,1000,615,244.0,100,7,n,4
2959,I2959,800,460,615,114.0,100,0,n,3
5405,I5405,1200,800,615,377.0,100,4,n,4
3579,I3579,1500,1000,615,426.0,100,7,n,4
1338,I1338,1200,800,615,166.0,100,4,n,4
3439,I3439,1000,800,615,192.0,100,3,n,4
4347,I4347,1500,800,615,125.0,100,5,n,4
3995,I3995,1200,1000,615,0.0,100,6,n,4
3411,I3411,1200,800,615,242.0,100,4,n,4
2563,I2563,1200,800,615,316.0,100,4,l,4
3033,I3033,1200,1000,615,335.0,100,6,n,4
3075,I3075,800,460,615,0.0,100,0,n,3
5127,I5127,1200,800,615,341.0,100,4,n,4
5332,I5332,800,600,615,0.0,100,2,l,3
5092,I5092,800,460,615,202.0,100,0,n,3
4978,I4978,800,460,615,430.0,100,0,n,3
3375,I3375,1200,1000,615,191.0,100,6,n,4
5632,I5632,1500,1000,615,433.0,100,7,l,4
4945,I4945,1000,800,615,303.0,100,3,n,4
3847,I3847,1500,1000,615,309.0,100,7,n,4
923,I0923,1500,1000,615,299.0,100,7,n,4
5290,I5290,1200,1000,615,309.0,100,6,n,4
6436,I6436,1200,1000,615,192.0,100,6,n,4
6449,I6449,1500,1000,615,234.0,100,7,n,4
4253,I4253,1500,1000,615,389.0,100,7,n,4
3048,I3048,1500,1000,615,214.0,100,7,l,4
3552,I3552,1200,1000,615,374.0,100,6,n,4
5517,I5517,1000,800,615,280.0,100,3,n,4
4642,I4642,1200,800,615,342.0,100,4,n,4
4689,I4689,800,600,615,0.0,100,2,n,3
4593,I4593,800,460,615,0.0,100,0,n,3
720,I0720,1500,800,615,309.0,100,5,n,4
1516,I1516,1200,1000,615,152.0,100,6,n,4
2853,I2853,800,460,615,150.0,100,0,n,3
5643,I5643,1500,800,615,196.0,100,5,n,4
3344,I3344,1500,800,615,334.0,100,5,l,4
352,I0352,800,600,615,233.0,100,2,n,3
3787,I3787,1200,800,615,141.0,100,4,n,4
301,I0301,800,500,615,284.0,100,1,n,3
4887,I4887,800,460,615,289.0,100,0,n,3
4217,I4217,800,460,615,225.0,100,0,n,3
4771,I4771,800,500,615,209.0,100,1,n,3
5718,I5718,1500,1000,615,351.0,100,7,n,4
2361,I2361,1500,1000,615,0.0,100,7,n,4
5535,I5535,800,600,615,292.0,100,2,n,3
1365,I1365,800,460,615,425.0,100,0,n,3
6142,I6142,800,500,615,154.0,100,1,n,3
1467,I1467,1200,800,615,0.0,100,4,n,4
2698,I2698,1500,1000,615,330.0,100,7,n,4
5666,I5666,800,460,615,187.0,100,0,n,3
323,I0323,800,460,615,351.0,100,0,n,3
1184,I1184,1500,1000,615,170.0,100,7,n,4
4894,I4894,800,600,615,224.0,100,2,w,3
3339,I3339,1200,1000,615,183.0,100,6,n,4
902,I0902,1000,800,615,236.0,100,3,w,4
3588,I3588,800,600,615,308.0,100,2,n,3
5842,I5842,1500,800,615,346.0,100,5,n,4
4098,I4098,800,460,615,367.0,100,0,n,3
1327,I1327,800,460,615,461.0,100,0,n,3
2672,I2672,1200,1000,615,313.0,100,6,n,4
5472,I5472,1200,800,615,447.0,100,4,w,4
2961,I2961,1500,1000,615,369.0,100,7,n,4
666,I0666,1000,800,615,342.0,100,3,w,4
4716,I4716,1200,1000,615,0.0,100,6,n,4
4548,I4548,1500,800,615,0.0,100,5,n,4
3733,I3733,800,460,615,386.0,100,0,n,3
3121,I3121,800,500,615,194.0,100,1,n,3
6147,I6147,800,600,615,201.0,100,2,n,3
670,I0670,1200,1000,615,178.0,100,6,n,4
515,I0515,1000,800,615,428.0,100,3,n,4
5340,I5340,1500,1000,615,272.0,100,7,l,4
5696,I5696,800,460,615,430.0,100,0,w,3
3108,I3108,800,500,615,0.0,100,1,n,3
847,I0847,800,600,615,216.0,100,2,l,3
2886,I2886,1500,800,615,437.0,100,5,n,4
6023,I6023,1500,1000,615,324.0,100,7,n,4
549,I0549,1200,1000,615,296.0,100,6,n,4
344,I0344,800,460,615,241.0,100,0,n,3
6403,I6403,1500,800,615,375.0,100,5,l,4
556,I0556,1200,800,615,155.0,100,4,n,4
624,I0624,1500,1000,615,215.0,100,7,n,4
1588,I1588,1500,1000,615,211.0,100,7,n,4
3860,I3860,1200,800,615,145.0,100,4,n,4
4471,I4471,1200,800,615,352.0,100,4,n,4
5973,I5973,1200,800,615,367.0,100,4,n,4
1,I0001,1500,800,615,183.0,100,5,n,4
4532,I4532,800,600,615,390.0,100,2,n,3
2932,I2932,1500,1000,615,403.0,100,7,n,4
3233,I3233,800,500,615,102.0,100,1,n,3
520,I0520,1000,800,615,189.0,100,3,l,4
4653,I4653,1500,1000,615,307.0,100,7,l,4
5181,I5181,800,600,615,271.0,100,2,n,3
98,I0098,1200,1000,615,347.0,100,6,n,4
18,I0018,1200,800,615,135.0,100,4,n,4
4936,I4936,1000,800,615,276.0,100,3,n,4
3677,I3677,1200,1000,615,0.0,100,6,n,4
2416,I2416,800,500,615,311.0,100,1,n,3
3162,I3162,1500,1000,615,318.0,100,7,n,4
3539,I3539,800,500,615,391.0,100,1,n,3
3184,I3184,800,460,615,377.0,100,0,n,3
3205,I3205,800,500,615,412.0,100,1,n,3
2980,I2980,1200,800,615,186.0,100,4,n,4
46,I0046,1200,1000,615,419.0,100,6,w,4
3564,I3564,1000,800,615,254.0,100,3,n,4
102,I0102,1200,1000,615,349.0,100,6,n,4
563,I0563,800,460,615,402.0,100,0,n,3
4633,I4633,1500,1000,615,289.0,100,7,n,4
1920,I1920,800,600,615,241.0,100,2,n,3
6060,I6060,800,500,615,263.0,100,1,l,3
874,I0874,1500,1000,615,246.0,100,7,n,4
4853,I4853,1500,1000,615,393.0,100,7,w,4
111,I0111,1200,800,615,293.0,100,4,n,4
3066,I3066,1200,800,615,374.0,100,4,n,4
5932,I5932,800,600,615,288.0,100,2,l,3
5975,I5975,1500,1000,615,0.0,100,7,n,4
1168,I1168,1200,800,615,0.0,100,4,n,4
2977,I2977,1500,1000,615,207.0,100,7,l,4
3490,I3490,1500,1000,615,0.0,100,7,l,4
2826,I2826,800,460,615,427.0,100,0,n,3
4983,I4983,1200,1000,615,311.0,100,6,n,4
1424,I1424,800,500,615,263.0,100,1,n,3
119,I0119,1500,800,615,186.0,100,5,n,4
4108,I4108,800,600,615,358.0,100,2,w,3
110,I0110,1500,1000,615,457.0,100,7,n,4
5612,I5612,1200,800,615,95.0,100,4,n,4
4401,I4401,800,600,615,364.0,100,2,l,3
4509,I4509,800,600,615,0.0,100,2,n,3
5676,I5676,800,460,615,203.0,100,0,n,3
4122,I4122,1200,1000,615,246.0,100,6,n,4
5122,I5122,800,600,615,241.0,100,2,n,3
1560,I1560,800,460,615,110.0,100,0,n,3
959,I0959,1200,1000,615,348.0,100,6,n,4
625,I0625,1500,1000,615,244.0,100,7,n,4
952,I0952,1200,800,615,324.0,100,4,n,4
3607,I3607,1200,1000,615,165.0,100,6,n,4
5737,I5737,1200,1000,615,283.0,100,6,n,4
1462,I1462,1200,800,615,320.0,100,4,w,4
5237,I5237,1200,800,615,0.0,100,4,l,4
3231,I3231,1500,1000,615,380.0,100,7,n,4
802,I0802,800,460,615,329.0,100,0,n,3
5291,I5291,1200,1000,615,295.0,100,6,n,4
1028,I1028,1500,800,615,197.0,100,5,n,4
4583,I4583,1000,800,615,0.0,100,3,n,4
3567,I3567,800,500,615,353.0,100,1,n,3
1287,I1287,1500,800,615,242.0,100,5,n,4
5064,I5064,1500,1000,615,0.0,100,7,n,4
3655,I3655,1500,1000,615,258.0,100,7,n,4
5650,I5650,1200,800,615,416.0,100,4,n,4
844,I0844,1500,1000,615,344.0,100,7,n,4
3402,I3402,1500,1000,615,240.0,100,7,n,4
2405,I2405,1000,800,615,298.0,100,3,n,4
1679,I1679,1500,800,615,413.0,100,5,n,4
4952,I4952,1000,800,615,347.0,100,3,n,4
1015,I1015,1500,800,615,247.0,100,5,n,4
879,I0879,800,600,615,186.0,100,2,n,3
2756,I2756,1200,1000,615,0.0,100,6,n,4
2216,I2216,800,500,615,421.0,100,1,n,3
607,I0607,1500,800,615,0.0,100,5,n,4
5772,I5772,1500,800,615,0.0,100,5,n,4
3893,I3893,1500,1000,615,255.0,100,7,n,4
3147,I3147,1500,1000,615,348.0,100,7,n,4
5220,I5220,1200,800,615,180.0,100,4,n,4
1128,I1128,800,600,615,363.0,100,2,n,3
6367,I6367,1200,1000,615,0.0,100,6,l,4
3276,I3276,800,460,615,322.0,100,0,n,3
2304,I2304,800,500,615,0.0,100,1,n,3
5377,I5377,800,460,615,410.0,100,0,n,3
3169,I3169,1200,800,615,274.0,100,4,n,4
892,I0892,1500,1000,615,0.0,100,7,n,4
3666,I3666,1200,800,615,298.0,100,4,n,4
1352,I1352,1500,1000,615,197.0,100,7,n,4
182,I0182,1500,1000,615,409.0,100,7,n,4
208,I0208,1200,800,615,233.0,100,4,l,4
3581,I3581,1200,1000,615,306.0,100,6,n,4
872,I0872,800,600,615,185.0,100,2,n,3
2009,I2009,1500,800,615,242.0,100,5,n,4
1829,I1829,800,600,615,121.0,100,2,n,3
5704,I5704,800,600,615,403.0,100,2,n,3
3936,I3936,1500,800,615,309.0,100,5,n,4
1268,I1268,1000,800,615,251.0,100,3,n,4
732,I0732,800,600,615,390.0,100,2,n,3
6373,I6373,800,600,615,248.0,100,2,n,3
2658,I2658,1500,1000,615,402.0,100,7,n,4
247,I0247,1000,800,615,115.0,100,3,n,4
5156,I5156,1000,800,615,180.0,100,3,n,4
2539,I2539,1000,800,615,146.0,100,3,n,4
1402,I1402,1200,1000,615,367.0,100,6,n,4
4198,I4198,800,500,615,194.0,100,1,n,3
3835,I3835,1500,1000,615,136.0,100,7,n,4
1953,I1953,1200,800,615,316.0,100,4,n,4
6381,I6381,800,500,615,400.0,100,1,n,3
4055,I4055,1200,1000,615,256.0,100,6,n,4
4148,I4148,1200,1000,615,230.0,100,6,n,4
4488,I4488,1200,1000,615,185.0,100,6,n,4
6066,I6066,1500,800,615,171.0,100,5,n,4
3133,I3133,800,460,615,129.0,100,0,n,3
2902,I2902,1000,800,615,315.0,100,3,n,4
1631,I1631,800,460,615,292.0,100,0,n,3
850,I0850,1200,800,615,311.0,100,4,n,4
1311,I1311,1500,800,615,153.0,100,5,n,4
4870,I4870,1000,800,615,198.0,100,3,n,4
3824,I3824,1000,800,615,0.0,100,3,n,4
6167,I6167,800,460,615,423.0,100,0,n,3
1691,I1691,1200,800,615,248.0,100,4,n,4
4303,I4303,800,600,615,344.0,100,2,n,3
6056,I6056,1200,1000,615,0.0,100,6,n,4
1421,I1421,1200,800,615,0.0,100,4,l,4
1018,I1018,800,460,615,156.0,100,0,n,3
4387,I4387,800,600,615,308.0,100,2,n,3
3928,I3928,1200,800,615,0.0,100,4,n,4
1896,I1896,1500,800,615,404.0,100,5,n,4
999,I0999,1200,1000,615,187.0,100,6,n,4
2068,I2068,800,460,615,278.0,100,0,l,3
819,I0819,1000,800,615,273.0,100,3,n,4
5841,I5841,1500,1000,615,198.0,100,7,w,4
237,I0237,1500,800,615,366.0,100,5,n,4
43,I0043,800,600,615,315.0,100,2,n,3
4243,I4243,800,460,615,219.0,100,0,n,3
1336,I1336,1000,800,615,351.0,100,3,n,4
5486,I5486,800,600,615,0.0,100,2,n,3
1785,I1785,1000,800,615,329.0,100,3,w,4
871,I0871,800,500,615,171.0,100,1,w,3
4762,I4762,1500,1000,615,227.0,100,7,n,4
4862,I4862,800,600,615,306.0,100,2,n,3
5271,I5271,800,460,615,199.0,100,0,n,3
359,I0359,1200,800,615,0.0,100,4,n,4
242,I0242,1000,800,615,139.0,100,3,n,4
5403,I5403,1000,800,615,189.0,100,3,l,4
5851,I5851,1000,800,615,263.0,100,3,n,4
6165,I6165,1200,800,615,274.0,100,4,n,4
2544,I2544,1000,800,615,305.0,100,3,n,4
5778,I5778,1200,1000,615,213.0,100,6,n,4
4087,I4087,1500,800,615,341.0,100,5,n,4
123,I0123,1500,1000,615,328.0,100,7,n,4
908,I0908,1000,800,615,128.0,100,3,w,4
3050,I3050,1500,1000,615,321.0,100,7,n,4
1747,I1747,1500,800,615,246.0,100,5,n,4
4322,I4322,1200,800,615,190.0,100,4,n,4
803,I0803,1500,800,615,211.0,100,5,n,4
460,I0460,1500,1000,615,213.0,100,7,n,4
4305,I4305,800,600,615,106.0,100,2,n,3
2976,I2976,1500,1000,615,327.0,100,7,w,4
3571,I3571,1500,1000,615,380.0,100,7,n,4
1505,I1505,1500,1000,615,172.0,100,7,w,4
5850,I5850,1500,1000,615,288.0,100,7,n,4
657,I0657,800,500,615,366.0,100,1,n,3
93,I0093,1500,800,615,465.0,100,5,n,4
1890,I1890,800,460,615,327.0,100,0,n,3
4510,I4510,1500,1000,615,323.0,100,7,n,4
977,I0977,1000,800,615,161.0,100,3,n,4
4341,I4341,800,460,615,338.0,100,0,w,3
620,I0620,800,600,615,373.0,100,2,n,3
5175,I5175,1200,800,615,0.0,100,4,n,4
4409,I4409,1500,1000,615,386.0,100,7,n,4
2954,I2954,1000,800,615,314.0,100,3,l,4
1616,I1616,1500,1000,615,322.0,100,7,l,4
1957,I1957,800,460,615,146.0,100,0,n,3
4267,I4267,1200,800,615,374.0,100,4,n,4
1607,I1607,800,460,615,461.0,100,0,n,3
1547,I1547,800,600,615,118.0,100,2,n,3
4733,I4733,800,460,615,294.0,100,0,n,3
2274,I2274,1500,800,615,314.0,100,5,n,4
1156,I1156,1200,800,615,218.0,100,4,n,4
2099,I2099,1500,1000,615,465.0,100,7,w,4
6409,I6409,800,460,615,297.0,100,0,n,3
5130,I5130,800,500,615,356.0,100,1,n,3
4002,I4002,800,460,615,156.0,100,0,n,3
1870,I1870,1200,1000,615,313.0,100,6,n,4
2061,I2061,1000,800,615,152.0,100,3,n,4
3768,I3768,1200,1000,615,348.0,100,6,n,4
3756,I3756,1500,1000,615,201.0,100,7,w,4
3273,I3273,1500,800,615,228.0,100,5,n,4
1264,I1264,1500,1000,615,379.0,100,7,n,4
3918,I3918,1200,800,615,106.0,100,4,n,4
1885,I1885,1500,1000,615,237.0,100,7,n,4
3831,I3831,1000,800,615,237.0,100,3,n,4
2967,I2967,1500,800,615,406.0,100,5,n,4
2905,I2905,1000,800,615,354.0,100,3,w,4
3883,I3883,1000,800,615,176.0,100,3,n,4
4287,I4287,800,500,615,251.0,100,1,n,3
2671,I2671,800,460,615,154.0,100,0,n,3
825,I0825,1000,800,615,229.0,100,3,n,4
2903,I2903,1500,1000,615,138.0,100,7,n,4
5374,I5374,1200,800,615,278.0,100,4,n,4
5640,I5640,1200,1000,615,289.0,100,6,n,4
193,I0193,1000,800,615,355.0,100,3,w,4
5537,I5537,1500,800,615,254.0,100,5,n,4
1757,I1757,1200,1000,615,420.0,100,6,n,4
4478,I4478,1500,1000,615,314.0,100,7,n,4
2377,I2377,1200,1000,615,272.0,100,6,l,4
2604,I2604,1200,800,615,253.0,100,4,w,4
5174,I5174,1500,800,615,457.0,100,5,n,4
4437,I4437,1000,800,615,418.0,100,3,n,4
5835,I5835,800,500,615,0.0,100,1,n,3
4280,I4280,800,460,615,283.0,100,0,n,3
3955,I3955,1000,800,615,197.0,100,3,n,4
3445,I3445,800,600,615,421.0,100,2,n,3
540,I0540,1500,1000,615,199.0,100,7,n,4
3351,I3351,800,600,615,324.0,100,2,n,3
4832,I4832,800,460,615,314.0,100,0,n,3
4268,I4268,1200,800,615,346.0,100,4,n,4
5149,I5149,1000,800,615,290.0,100,3,n,4
570,I0570,1200,800,615,219.0,100,4,n,4
2888,I2888,800,500,615,0.0,100,1,n,3
5453,I5453,1500,1000,615,399.0,100,7,n,4
505,I0505,1200,800,615,331.0,100,4,n,4
5241,I5241,1200,1000,615,401.0,100,6,n,4
2458,I2458,1000,800,615,429.0,100,3,n,4
481,I0481,1000,800,615,176.0,100,3,n,4
1317,I1317,1500,800,615,249.0,100,5,w,4
6166,I6166,1500,800,615,0.0,100,5,n,4
4473,I4473,1200,1000,615,0.0,100,6,w,4
1080,I1080,1500,1000,615,333.0,100,7,n,4
1811,I1811,1200,1000,615,462.0,100,6,n,4
3352,I3352,800,500,615,188.0,100,1,n,3
3461,I3461,1200,1000,615,402.0,100,6,l,4
804,I0804,1500,1000,615,257.0,100,7,l,4
2015,I2015,1500,1000,615,273.0,100,7,n,4
5573,I5573,1200,800,615,0.0,100,4,n,4
886,I0886,1200,1000,615,391.0,100,6,n,4
5540,I5540,1000,800,615,348.0,100,3,n,4
5706,I5706,800,500,615,352.0,100,1,l,3
1866,I1866,800,600,615,330.0,100,2,n,3
4189,I4189,800,500,615,251.0,100,1,n,3
5065,I5065,800,600,615,310.0,100,2,n,3
241,I0241,1500,1000,615,285.0,100,7,n,4
1262,I1262,1000,800,615,220.0,100,3,n,4
3464,I3464,1000,800,615,373.0,100,3,l,4
1205,I1205,1200,1000,615,369.0,100,6,n,4
1661,I1661,1000,800,615,445.0,100,3,l,4
3793,I3793,800,500,615,327.0,100,1,w,3
5567,I5567,800,460,615,443.0,100,0,n,3
1199,I1199,1500,1000,615,269.0,100,7,n,4
6123,I6123,800,460,615,354.0,100,0,n,3
107,I0107,800,600,615,0.0,100,2,l,3
1586,I1586,1200,1000,615,398.0,100,6,n,4
3562,I3562,1000,800,615,119.0,100,3,n,4
4433,I4433,800,500,615,324.0,100,1,n,3
5115,I5115,1500,1000,615,434.0,100,7,n,4
55,I0055,1500,1000,615,250.0,100,7,n,4
2285,I2285,800,500,615,204.0,100,1,n,3
5582,I5582,1500,1000,615,219.0,100,7,n,4
367,I0367,800,460,615,341.0,100,0,l,3
6101,I6101,1200,800,615,366.0,100,4,n,4
1658,I1658,1000,800,615,450.0,100,3,n,4
2654,I2654,1500,1000,615,334.0,100,7,n,4
767,I0767,1500,800,615,330.0,100,5,l,4
940,I0940,800,600,615,355.0,100,2,n,3
5816,I5816,800,600,615,273.0,100,2,n,3
6364,I6364,800,460,615,179.0,100,0,n,3
4161,I4161,1500,1000,615,373.0,100,7,n,4
5776,I5776,800,500,615,430.0,100,1,n,3
376,I0376,1200,800,615,160.0,100,4,n,4
341,I0341,800,600,615,0.0,100,2,n,3
5431,I5431,800,500,615,297.0,100,1,n,3
3062,I3062,1200,1000,615,409.0,100,6,n,4
1501,I1501,1200,1000,615,316.0,100,6,n,4
2838,I2838,1200,1000,615,431.0,100,6,n,4
6162,I6162,800,500,615,366.0,100,1,n,3
6264,I6264,1200,1000,615,190.0,100,6,n,4
5679,I5679,1200,1000,615,374.0,100,6,w,4
1281,I1281,800,460,615,151.0,100,0,w,3
5109,I5109,800,500,615,208.0,100,1,n,3
3521,I3521,800,600,615,322.0,100,2,n,3
5397,I5397,800,460,615,353.0,100,0,n,3
5070,I5070,1500,800,615,225.0,100,5,n,4
3476,I3476,1200,1000,615,156.0,100,6,n,4
1308,I1308,1500,1000,615,273.0,100,7,w,4
5878,I5878,800,500,615,288.0,100,1,w,3
2716,I2716,1000,800,615,258.0,100,3,n,4
654,I0654,800,600,615,0.0,100,2,n,3
2180,I2180,1200,800,615,0.0,100,4,n,4
6229,I6229,1500,800,615,282.0,100,5,w,4
6384,I6384,800,500,615,118.0,100,1,w,3
730,I0730,1500,800,615,326.0,100,5,n,4
1534,I1534,1500,800,615,275.0,100,5,l,4
3609,I3609,1000,800,615,370.0,100,3,l,4
1014,I1014,800,460,615,127.0,100,0,n,3
3150,I3150,1500,1000,615,159.0,100,7,n,4
5789,I5789,1200,800,615,389.0,100,4,n,4
2570,I2570,800,460,615,253.0,100,0,w,3
5062,I5062,800,460,615,250.0,100,0,n,3
1728,I1728,1500,1000,615,246.0,100,7,n,4
2635,I2635,1500,1000,615,0.0,100,7,n,4
2750,I2750,1000,800,615,239.0,100,3,n,4
5055,I5055,1000,800,615,365.0,100,3,n,4
1782,I1782,800,600,615,159.0,100,2,n,3
3135,I3135,1200,1000,615,251.0,100,6,n,4
705,I0705,800,500,615,370.0,100,1,n,3
6028,I6028,800,600,615,287.0,100,2,n,3
2412,I2412,1500,1000,615,337.0,100,7,n,4
480,I0480,800,460,615,455.0,100,0,n,3
4542,I4542,800,460,615,270.0,100,0,n,3
5323,I5323,800,460,615,312.0,100,0,w,3
3232,I3232,1500,1000,615,391.0,100,7,n,4
5288,I5288,800,600,615,342.0,100,2,w,3
3295,I3295,1200,800,615,140.0,100,4,n,4
5880,I5880,1200,800,615,0.0,100,4,n,4
5116,I5116,1500,1000,615,246.0,100,7,n,4
665,I0665,1500,800,615,170.0,100,5,n,4
2889,I2889,1200,800,615,0.0,100,4,l,4
4663,I4663,1200,800,615,363.0,100,4,w,4
5018,I5018,800,500,615,282.0,100,1,n,3
5583,I5583,800,460,615,140.0,100,0,n,3
1479,I1479,800,500,615,121.0,100,1,n,3
4096,I4096,1500,1000,615,435.0,100,7,n,4
3372,I3372,1000,800,615,173.0,100,3,n,4
3639,I3639,1500,1000,615,393.0,100,7,n,4
2834,I2834,1200,800,615,336.0,100,4,n,4
1600,I1600,1000,800,615,144.0,100,3,n,4
5497,I5497,800,460,615,210.0,100,0,n,3
3641,I3641,1200,800,615,154.0,100,4,l,4
314,I0314,1500,1000,615,120.0,100,7,n,4
4393,I4393,1200,800,615,179.0,100,4,n,4
274,I0274,1200,800,615,0.0,100,4,n,4
5437,I5437,1200,1000,615,191.0,100,6,n,4
1186,I1186,800,460,615,270.0,100,0,w,3
1687,I1687,1500,1000,615,284.0,100,7,n,4
3808,I3808,1500,800,615,144.0,100,5,n,4
4448,I4448,1500,800,615,382.0,100,5,n,4
6127,I6127,800,500,615,228.0,100,1,n,3
1348,I1348,1500,800,615,337.0,100,5,n,4
4930,I4930,800,600,615,372.0,100,2,w,3
1272,I1272,1000,800,615,0.0,100,3,n,4
179,I0179,1200,1000,615,285.0,100,6,n,4
4412,I4412,800,460,615,238.0,100,0,l,3
3534,I3534,800,460,615,0.0,100,0,n,3
1647,I1647,800,460,615,341.0,100,0,n,3
6252,I6252,1200,1000,615,328.0,100,6,n,4
3540,I3540,800,500,615,210.0,100,1,n,3
4860,I4860,800,600,615,400.0,100,2,n,3
5359,I5359,1200,800,615,307.0,100,4,n,4
2825,I2825,1500,1000,615,348.0,100,7,n,4
4340,I4340,800,460,615,147.0,100,0,n,3
8,I0008,800,460,615,279.0,100,0,n,3
6072,I6072,1200,800,615,430.0,100,4,n,4
1390,I1390,800,500,615,242.0,100,1,n,3
5555,I5555,1500,800,615,376.0,100,5,n,4
3088,I3088,1500,800,615,365.0,100,5,n,4
3743,I3743,1000,800,615,422.0,100,3,n,4
4225,I4225,1500,1000,615,212.0,100,7,n,4
6017,I6017,1000,800,615,372.0,100,3,n,4
5354,I5354,1500,800,615,385.0,100,5,n,4
2778,I2778,800,500,615,0.0,100,1,n,3
1605,I1605,800,600,615,206.0,100,2,n,3
6399,I6399,1500,800,615,98.0,100,5,n,4
3569,I3569,800,460,615,201.0,100,0,w,3
6088,I6088,800,600,615,237.0,100,2,n,3
4732,I4732,1500,800,615,362.0,100,5,n,4
1017,I1017,1200,800,615,308.0,100,4,n,4
290,I0290,1500,1000,615,359.0,100,7,n,4
3110,I3110,1500,800,615,0.0,100,5,n,4
4695,I4695,1000,800,615,245.0,100,3,n,4
3751,I3751,800,600,615,312.0,100,2,n,3
1611,I1611,1500,1000,615,205.0,100,7,l,4
662,I0662,800,600,615,382.0,100,2,n,3
3503,I3503,1500,1000,615,388.0,100,7,w,4
4373,I4373,800,500,615,341.0,100,1,n,3
6255,I6255,1500,1000,615,0.0,100,7,n,4
3853,I3853,1500,1000,615,242.0,100,7,n,4
4654,I4654,1000,800,615,189.0,100,3,n,4
5510,I5510,1500,1000,615,166.0,100,7,l,4
3159,I3159,1500,800,615,139.0,100,5,n,4
5927,I5927,800,600,615,221.0,100,2,l,3
1646,I1646,1200,800,615,389.0,100,4,n,4
6182,I6182,800,600,615,302.0,100,2,l,3
5385,I5385,1200,1000,615,0.0,100,6,n,4
817,I0817,1200,800,615,276.0,100,4,n,4
4713,I4713,800,460,615,336.0,100,0,n,3
263,I0263,1000,800,615,417.0,100,3,n,4
5942,I5942,800,600,615,285.0,100,2,n,3
5607,I5607,1500,800,615,166.0,100,5,n,4
4135,I4135,1200,1000,615,275.0,100,6,l,4
4413,I4413,800,460,615,184.0,100,0,l,3
659,I0659,1200,1000,615,194.0,100,6,n,4
5052,I5052,800,600,615,286.0,100,2,n,3
2493,I2493,800,500,615,340.0,100,1,w,3
1419,I1419,1000,800,615,249.0,100,3,n,4
6040,I6040,1200,800,615,287.0,100,4,n,4
1425,I1425,1000,800,615,288.0,100,3,l,4
5549,I5549,800,500,615,328.0,100,1,n,3
3600,I3600,800,500,615,466.0,100,1,n,3
3933,I3933,1200,1000,615,0.0,100,6,l,4
2310,I2310,1200,800,615,230.0,100,4,n,4
3049,I3049,1000,800,615,149.0,100,3,n,4
3493,I3493,1200,800,615,344.0,100,4,n,4
3967,I3967,1500,1000,615,354.0,100,7,n,4
3160,I3160,800,460,615,274.0,100,0,l,3
5799,I5799,1500,800,615,229.0,100,5,n,4
6116,I6116,800,600,615,295.0,100,2,n,3
1456,I1456,1200,1000,615,235.0,100,6,n,4
4187,I4187,1500,800,615,273.0,100,5,n,4
3963,I3963,1500,1000,615,312.0,100,7,w,4
1814,I1814,1500,800,615,471.0,100,5,w,4
2259,I2259,1200,1000,615,223.0,100,6,n,4
4941,I4941,800,600,615,306.0,100,2,n,3
2566,I2566,800,600,615,466.0,100,2,n,3
2117,I2117,800,500,615,189.0,100,1,n,3
6366,I6366,800,500,615,439.0,100,1,n,3
1548,I1548,1200,1000,615,206.0,100,6,l,4
206,I0206,1500,800,615,367.0,100,5,n,4
813,I0813,800,500,615,249.0,100,1,n,3
3427,I3427,800,460,615,142.0,100,0,n,3
4014,I4014,1200,800,615,0.0,100,4,n,4
4606,I4606,1500,1000,615,208.0,100,7,w,4
794,I0794,800,600,615,390.0,100,2,l,3
382,I0382,800,500,615,0.0,100,1,n,3
4081,I4081,800,600,615,360.0,100,2,l,3
5306,I5306,800,500,615,96.0,100,1,n,3
586,I0586,1500,1000,615,261.0,100,7,l,4
384,I0384,1500,800,615,0.0,100,5,w,4
6015,I6015,1000,800,615,183.0,100,3,w,4
5414,I5414,800,460,615,235.0,100,0,w,3
4224,I4224,1200,800,615,0.0,100,4,w,4
1639,I1639,1500,1000,615,301.0,100,7,l,4
6034,I6034,1500,800,615,381.0,100,5,n,4
430,I0430,1500,1000,615,335.0,100,7,n,4
4400,I4400,1200,1000,615,133.0,100,6,l,4
3630,I3630,800,460,615,277.0,100,0,n,3
1417,I1417,800,500,615,188.0,100,1,w,3
1196,I1196,800,460,615,403.0,100,0,n,3
6160,I6160,800,460,615,211.0,100,0,n,3
4074,I4074,1200,800,615,170.0,100,4,n,4
5779,I5779,800,600,615,454.0,100,2,w,3
3976,I3976,1000,800,615,211.0,100,3,l,4
3386,I3386,1000,800,615,378.0,100,3,n,4
3286,I3286,1000,800,615,194.0,100,3,l,4
862,I0862,800,500,615,154.0,100,1,n,3
3020,I3020,1500,800,615,342.0,100,5,n,4
2726,I2726,800,600,615,0.0,100,2,n,3
2170,I2170,1200,800,615,348.0,100,4,n,4
2911,I2911,800,500,615,292.0,100,1,n,3
5682,I5682,1000,800,615,252.0,100,3,n,4
1535,I1535,800,460,615,201.0,100,0,n,3
4156,I4156,800,500,615,150.0,100,1,w,3
275,I0275,1500,800,615,327.0,100,5,l,4
3012,I3012,1200,1000,615,302.0,100,6,n,4
4421,I4421,1200,800,615,143.0,100,4,n,4
848,I0848,800,500,615,205.0,100,1,n,3
1596,I1596,800,500,615,301.0,100,1,n,3
2204,I2204,1500,1000,615,86.0,100,7,l,4
463,I0463,1200,1000,615,259.0,100,6,w,4
2278,I2278,800,600,615,126.0,100,2,n,3
487,I0487,800,600,615,376.0,100,2,l,3
2115,I2115,1200,800,615,296.0,100,4,n,4
759,I0759,1200,800,615,0.0,100,4,n,4
2486,I2486,1500,1000,615,308.0,100,7,w,4
468,I0468,800,460,615,227.0,100,0,n,3
2415,I2415,1500,800,615,267.0,100,5,n,4
1994,I1994,1500,800,615,459.0,100,5,n,4
3698,I3698,800,460,615,369.0,100,0,l,3
4822,I4822,800,460,615,367.0,100,0,n,3
1993,I1993,1200,1000,615,148.0,100,6,n,4
3962,I3962,800,600,615,333.0,100,2,l,3
1948,I1948,800,600,615,347.0,100,2,w,3
1130,I1130,800,500,615,241.0,100,1,n,3
1603,I1603,1000,800,615,171.0,100,3,n,4
6204,I6204,1000,800,615,237.0,100,3,n,4
2783,I2783,800,600,615,351.0,100,2,n,3
1332,I1332,1200,800,615,395.0,100,4,w,4
981,I0981,1000,800,615,354.0,100,3,n,4
3827,I3827,1200,800,615,330.0,100,4,n,4
4760,I4760,1200,1000,615,0.0,100,6,n,4
5017,I5017,1500,800,615,243.0,100,5,n,4
4982,I4982,1200,1000,615,237.0,100,6,n,4
3443,I3443,1200,800,615,305.0,100,4,w,4
711,I0711,1500,1000,615,316.0,100,7,n,4
1562,I1562,1200,800,615,170.0,100,4,n,4
1989,I1989,1500,1000,615,178.0,100,7,n,4
2404,I2404,1500,1000,615,318.0,100,7,n,4
1959,I1959,1200,1000,615,413.0,100,6,n,4
6078,I6078,1500,800,615,251.0,100,5,n,4
2231,I2231,1200,800,615,200.0,100,4,n,4
3690,I3690,800,600,615,0.0,100,2,n,3
4360,I4360,800,460,615,313.0,100,0,n,3
3892,I3892,1200,1000,615,455.0,100,6,l,4
744,I0744,800,500,615,397.0,100,1,n,3
3913,I3913,1200,1000,615,286.0,100,6,n,4
526,I0526,1500,800,615,403.0,100,5,n,4
5382,I5382,1500,1000,615,264.0,100,7,n,4
1320,I1320,800,600,615,283.0,100,2,w,3
4109,I4109,800,500,615,250.0,100,1,n,3
4364,I4364,1200,1000,615,368.0,100,6,n,4
1174,I1174,1500,800,615,360.0,100,5,n,4
1323,I1323,1200,800,615,211.0,100,4,n,4
1924,I1924,1000,800,615,0.0,100,3,n,4
153,I0153,1200,800,615,285.0,100,4,n,4
2492,I2492,1500,1000,615,185.0,100,7,w,4
1209,I1209,800,600,615,243.0,100,2,n,3
3924,I3924,1500,1000,615,292.0,100,7,n,4
6228,I6228,1200,1000,615,362.0,100,6,n,4
3766,I3766,800,600,615,305.0,100,2,n,3
2118,I2118,800,460,615,205.0,100,0,w,3
219,I0219,1500,1000,615,283.0,100,7,n,4
1719,I1719,800,600,615,334.0,100,2,n,3
4319,I4319,800,500,615,171.0,100,1,n,3
2233,I2233,800,500,615,323.0,100,1,w,3
5710,I5710,1200,800,615,107.0,100,4,l,4
6159,I6159,800,500,615,239.0,100,1,n,3
282,I0282,800,500,615,343.0,100,1,n,3
4864,I4864,800,500,615,289.0,100,1,n,3
4721,I4721,1500,1000,615,334.0,100,7,n,4
3363,I3363,1200,800,615,0.0,100,4,n,4
4790,I4790,1500,1000,615,188.0,100,7,n,4
4975,I4975,800,600,615,198.0,100,2,n,3
1852,I1852,1200,800,615,216.0,100,4,n,4
742,I0742,1200,1000,615,212.0,100,6,n,4
697,I0697,1500,1000,615,0.0,100,7,n,4
5691,I5691,1500,800,615,208.0,100,5,n,4
4992,I4992,800,460,615,458.0,100,0,w,3
5645,I5645,1500,800,615,383.0,100,5,n,4
3675,I3675,1000,800,615,439.0,100,3,w,4
5281,I5281,1500,800,615,197.0,100,5,n,4
3412,I3412,1000,800,615,161.0,100,3,n,4
3997,I3997,1500,1000,615,175.0,100,7,l,4
6387,I6387,1200,1000,615,183.0,100,6,n,4
4831,I4831,800,500,615,150.0,100,1,n,3
6232,I6232,1500,800,615,202.0,100,5,n,4
1270,I1270,800,600,615,271.0,100,2,l,3
6405,I6405,1200,1000,615,326.0,100,6,w,4
412,I0412,800,460,615,408.0,100,0,n,3
3536,I3536,1500,1000,615,174.0,100,7,n,4
4925,I4925,800,460,615,452.0,100,0,l,3
5864,I5864,800,460,615,295.0,100,0,w,3
5569,I5569,1000,800,615,234.0,100,3,n,4
416,I0416,1500,800,615,182.0,100,5,n,4
2067,I2067,800,500,615,127.0,100,1,n,3
4739,I4739,800,460,615,334.0,100,0,w,3
5094,I5094,800,600,615,0.0,100,2,n,3
2645,I2645,800,500,615,292.0,100,1,w,3
2800,I2800,1500,1000,615,244.0,100,7,n,4
3477,I3477,1200,1000,615,247.0,100,6,n,4
741,I0741,1500,1000,615,0.0,100,7,n,4
3758,I3758,1200,1000,615,297.0,100,6,n,4
1850,I1850,1000,800,615,255.0,100,3,n,4
5370,I5370,1000,800,615,106.0,100,3,n,4
6173,I6173,800,460,615,142.0,100,0,n,3
2301,I2301,800,500,615,261.0,100,1,n,3
2060,I2060,1500,1000,615,0.0,100,7,n,4
4741,I4741,1200,800,615,293.0,100,4,n,4
2823,I2823,1500,800,615,448.0,100,5,n,4
325,I0325,1500,800,615,309.0,100,5,n,4
1903,I1903,1500,800,615,302.0,100,5,l,4
6402,I6402,1000,800,615,351.0,100,3,n,4
4731,I4731,1000,800,615,342.0,100,3,n,4
2733,I2733,800,500,615,371.0,100,1,n,3
1437,I1437,1000,800,615,459.0,100,3,n,4
3719,I3719,1200,800,615,424.0,100,4,n,4
4298,I4298,800,500,615,233.0,100,1,n,3
2186,I2186,800,500,615,231.0,100,1,w,3
1219,I1219,800,460,615,416.0,100,0,n,3
5075,I5075,1500,800,615,256.0,100,5,n,4
594,I0594,1500,1000,615,363.0,100,7,n,4
1123,I1123,800,500,615,449.0,100,1,n,3
5649,I5649,1500,1000,615,285.0,100,7,w,4
1804,I1804,800,500,615,228.0,100,1,n,3
943,I0943,800,460,615,361.0,100,0,n,3
788,I0788,1200,1000,615,418.0,100,6,n,4
79,I0079,1200,800,615,372.0,100,4,n,4
631,I0631,1500,800,615,371.0,100,5,n,4
4299,I4299,800,600,615,448.0,100,2,n,3
5976,I5976,1200,800,615,0.0,100,4,w,4
5200,I5200,1500,800,615,246.0,100,5,n,4
2534,I2534,800,600,615,133.0,100,2,n,3
1345,I1345,1200,800,615,176.0,100,4,n,4
3200,I3200,1200,1000,615,323.0,100,6,n,4
6444,I6444,800,600,615,243.0,100,2,w,3
5016,I5016,800,600,615,244.0,100,2,n,3
6253,I6253,1000,800,615,181.0,100,3,w,4
3399,I3399,1500,800,615,220.0,100,5,n,4
1429,I1429,800,500,615,134.0,100,1,n,3
5445,I5445,1500,1000,615,313.0,100,7,w,4
3880,I3880,800,460,615,211.0,100,0,l,3
5693,I5693,1200,800,615,383.0,100,4,n,4
6238,I6238,1200,1000,615,293.0,100,6,l,4
3505,I3505,800,500,615,296.0,100,1,n,3
5398,I5398,1000,800,615,177.0,100,3,n,4
5981,I5981,1500,1000,615,160.0,100,7,n,4
4855,I4855,1200,800,615,362.0,100,4,n,4
2333,I2333,800,600,615,332.0,100,2,n,3
5400,I5400,800,500,615,261.0,100,1,n,3
6211,I6211,1000,800,615,206.0,100,3,n,4
1742,I1742,800,600,615,0.0,100,2,n,3
4997,I4997,1200,800,615,0.0,100,4,n,4
1877,I1877,1200,1000,615,0.0,100,6,n,4
2032,I2032,800,600,615,397.0,100,2,n,3
731,I0731,1500,800,615,266.0,100,5,n,4
3396,I3396,1200,1000,615,186.0,100,6,n,4
5980,I5980,1500,1000,615,163.0,100,7,n,4
4987,I4987,1200,800,615,309.0,100,4,n,4
4205,I4205,1000,800,615,0.0,100,3,n,4
4803,I4803,800,460,615,289.0,100,0,n,3
1008,I1008,1000,800,615,412.0,100,3,w,4
3238,I3238,800,460,615,199.0,100,0,n,3
3211,I3211,1000,800,615,417.0,100,3,n,4
4852,I4852,800,600,615,268.0,100,2,n,3
1504,I1504,1000,800,615,176.0,100,3,l,4
5483,I5483,800,460,615,346.0,100,0,n,3
1517,I1517,1500,800,615,261.0,100,5,n,4
1134,I1134,1200,800,615,184.0,100,4,n,4
3861,I3861,800,500,615,462.0,100,1,n,3
4630,I4630,1500,1000,615,203.0,100,7,n,4
4787,I4787,1500,1000,615,207.0,100,7,w,4
3923,I3923,800,600,615,106.0,100,2,n,3
3514,I3514,1500,800,615,309.0,100,5,n,4
4938,I4938,800,460,615,208.0,100,0,n,3
3769,I3769,800,460,615,380.0,100,0,n,3
5233,I5233,800,460,615,0.0,100,0,n,3
4016,I4016,1500,800,615,380.0,100,5,n,4
4859,I4859,1500,1000,615,180.0,100,7,n,4
1773,I1773,1200,1000,615,340.0,100,6,l,4
1053,I1053,800,600,615,99.0,100,2,n,3
28,I0028,1200,800,615,122.0,100,4,n,4
5919,I5919,1000,800,615,229.0,100,3,n,4
6401,I6401,1500,800,615,153.0,100,5,n,4
3914,I3914,800,500,615,265.0,100,1,n,3
3736,I3736,1200,1000,615,184.0,100,6,n,4
567,I0567,800,500,615,341.0,100,1,w,3
3709,I3709,1500,800,615,278.0,100,5,n,4
3945,I3945,1200,800,615,193.0,100,4,n,4
2368,I2368,800,500,615,373.0,100,1,w,3
5732,I5732,800,460,615,464.0,100,0,n,3
4155,I4155,800,500,615,90.0,100,1,w,3
2634,I2634,800,460,615,463.0,100,0,n,3
2992,I2992,1000,800,615,125.0,100,3,n,4
2287,I2287,800,500,615,461.0,100,1,n,3
4774,I4774,1200,1000,615,247.0,100,6,n,4
1998,I1998,1200,1000,615,341.0,100,6,n,4
3187,I3187,800,600,615,346.0,100,2,n,3
4334,I4334,1200,800,615,0.0,100,4,n,4
4823,I4823,1500,800,615,201.0,100,5,n,4
5100,I5100,1500,800,615,343.0,100,5,n,4
6019,I6019,1200,1000,615,210.0,100,6,n,4
723,I0723,1500,800,615,340.0,100,5,n,4
3289,I3289,1200,1000,615,250.0,100,6,n,4
4752,I4752,1200,800,615,187.0,100,4,w,4
3742,I3742,1000,800,615,363.0,100,3,n,4
1408,I1408,1500,1000,615,454.0,100,7,n,4
5253,I5253,1500,800,615,291.0,100,5,n,4
4969,I4969,1000,800,615,409.0,100,3,w,4
1468,I1468,800,500,615,0.0,100,1,n,3
2070,I2070,1000,800,615,191.0,100,3,n,4
6290,I6290,800,600,615,375.0,100,2,l,3
3885,I3885,1200,1000,615,258.0,100,6,n,4
3862,I3862,800,460,615,178.0,100,0,n,3
1589,I1589,1500,800,615,359.0,100,5,n,4
1117,I1117,1200,800,615,220.0,100,4,n,4
6063,I6063,1500,1000,615,0.0,100,7,n,4
5958,I5958,1200,800,615,340.0,100,4,n,4
5714,I5714,800,460,615,0.0,100,0,n,3
3414,I3414,1200,800,615,189.0,100,4,n,4
867,I0867,1500,1000,615,206.0,100,7,n,4
4937,I4937,800,500,615,228.0,100,1,n,3
4531,I4531,800,500,615,318.0,100,1,n,3
1280,I1280,1000,800,615,241.0,100,3,l,4
3199,I3199,800,500,615,170.0,100,1,n,3
3390,I3390,800,460,615,184.0,100,0,l,3
3080,I3080,1200,1000,615,232.0,100,6,n,4
2609,I2609,800,460,615,169.0,100,0,n,3
1392,I1392,800,500,615,146.0,100,1,n,3
3662,I3662,800,500,615,194.0,100,1,w,3
5063,I5063,1500,800,615,150.0,100,5,n,4
1550,I1550,1200,800,615,308.0,100,4,n,4
5051,I5051,800,600,615,457.0,100,2,n,3
3234,I3234,1000,800,615,220.0,100,3,n,4
2798,I2798,800,500,615,288.0,100,1,n,3
2446,I2446,1500,1000,615,231.0,100,7,l,4
1944,I1944,800,600,615,259.0,100,2,w,3
67,I0067,1500,1000,615,408.0,100,7,n,4
4819,I4819,800,500,615,358.0,100,1,n,3
1214,I1214,1500,1000,615,325.0,100,7,n,4
2457,I2457,1200,1000,615,0.0,100,6,n,4
3920,I3920,1200,800,615,0.0,100,4,n,4
2047,I2047,800,500,615,312.0,100,1,n,3
303,I0303,1500,800,615,368.0,100,5,n,4
6410,I6410,800,460,615,171.0,100,0,n,3
92,I0092,1500,800,615,356.0,100,5,n,4
307,I0307,1000,800,615,0.0,100,3,n,4
4965,I4965,1000,800,615,311.0,100,3,w,4
2426,I2426,800,460,615,327.0,100,0,n,3
4115,I4115,800,460,615,239.0,100,0,n,3
5496,I5496,1000,800,615,0.0,100,3,n,4
5498,I5498,1500,1000,615,334.0,100,7,n,4
5563,I5563,1200,1000,615,189.0,100,6,n,4
5948,I5948,800,460,615,161.0,100,0,n,3
3771,I3771,1200,1000,615,132.0,100,6,n,4
3164,I3164,1200,800,615,200.0,100,4,n,4
6130,I6130,800,500,615,300.0,100,1,n,3
6419,I6419,800,500,615,211.0,100,1,n,3
3999,I3999,800,600,615,298.0,100,2,n,3
5492,I5492,1200,800,615,283.0,100,4,n,4
3042,I3042,1000,800,615,240.0,100,3,n,4
1985,I1985,1200,1000,615,170.0,100,6,n,4
5379,I5379,1200,1000,615,239.0,100,6,n,4
6237,I6237,800,500,615,254.0,100,1,n,3
229,I0229,1200,1000,615,407.0,100,6,l,4
3366,I3366,1500,800,615,251.0,100,5,n,4
2875,I2875,800,500,615,386.0,100,1,n,3
1867,I1867,800,600,615,299.0,100,2,n,3
2649,I2649,1500,800,615,214.0,100,5,w,4
4366,I4366,1500,800,615,271.0,100,5,n,4
6171,I6171,1200,1000,615,450.0,100,6,w,4
4932,I4932,1000,800,615,285.0,100,3,n,4
3212,I3212,1500,800,615,423.0,100,5,l,4
1374,I1374,1500,1000,615,0.0,100,7,n,4
4349,I4349,1000,800,615,437.0,100,3,n,4
5314,I5314,800,600,615,93.0,100,2,n,3
2529,I2529,1500,800,615,216.0,100,5,n,4
5234,I5234,800,600,615,403.0,100,2,n,3
3380,I3380,800,460,615,235.0,100,0,n,3
966,I0966,1500,800,615,254.0,100,5,n,4
4264,I4264,800,460,615,0.0,100,0,n,3
2601,I2601,1000,800,615,346.0,100,3,n,4
1698,I1698,1200,1000,615,266.0,100,6,n,4
5624,I5624,1500,1000,615,132.0,100,7,n,4
5762,I5762,1200,1000,615,112.0,100,6,n,4
