,id_item,length,width,height,weight,nesting_height,stackability_code,forced_orientation,max_stackability
2285,I18210,1600,1200,975,391.432,45,0,n,100
2498,I20286,1200,1000,975,329.77,45,2,n,100
4680,I37822,1200,1000,975,384.74,45,2,n,100
4774,I38426,1200,1000,930,414.14,45,2,n,100
4656,I37575,1600,1200,930,358.48,45,0,n,100
4766,I38339,1200,1000,975,329.77,45,2,n,100
3226,I26355,1200,1000,975,329.77,45,2,n,100
1319,I10539,1200,1000,930,704.36,45,2,n,100
6225,I50130,1600,1200,930,358.48,45,0,n,100
4081,I33432,1600,1200,930,438.4,45,0,n,100
1211,I09725,1800,1200,1350,820.48,45,9,n,100
1474,I11855,1600,1200,930,830.32,45,0,n,100
5664,I45546,1200,1000,975,329.77,45,2,n,100
1206,I09678,1600,1200,930,396.2,45,0,n,100
4353,I35605,1600,1200,930,307.13,45,0,n,100
3500,I28473,1910,1200,1295,613.59,45,19,n,100
70,I00683,1200,1000,930,347.0,45,2,n,100
5386,I43220,1600,1200,545,338.16,45,0,n,100
1348,I10802,1600,1200,930,356.56,45,0,n,100
3268,I26652,1200,1000,975,329.77,45,2,n,100
2212,I17764,1600,1200,930,356.2,45,0,n,100
5303,I42781,1600,1200,975,460.0,45,0,n,100
3172,I25816,1600,1200,750,323.7,45,0,n,100
1050,I08193,1200,1000,975,329.77,45,2,n,100
3384,I27488,1800,1200,1350,820.48,45,9,n,100
3032,I24365,1800,1200,1350,820.48,45,9,n,100
4296,I35113,1200,1000,750,351.944,45,2,n,100
9,I00162,1600,1200,930,356.2,45,0,n,100
5257,I42260,1600,1200,930,663.22,45,0,n,100
1353,I10909,1600,1200,1350,303.92,45,0,n,100
3856,I31278,1600,1200,1350,303.92,45,0,n,100
2220,I17849,1600,1200,930,356.2,45,0,n,100
130,I01061,1600,1200,930,364.84,45,0,n,100
4402,I35879,1200,1000,930,413.58,45,2,n,100
3495,I28468,1910,1200,1295,613.59,45,19,n,100
5852,I46948,1600,1200,930,663.22,45,0,n,100
4498,I36678,1600,1200,930,547.3,45,0,n,100
2189,I17410,1600,1200,930,356.2,45,0,n,100
2698,I21834,1800,1200,1350,820.48,45,9,n,100
4724,I38104,1600,1200,930,387.3,45,0,n,100
1212,I09733,1200,1000,930,614.16,45,2,n,100
5110,I41022,1600,1200,930,307.13,45,0,n,100
1426,I11458,1600,1200,545,338.52,45,0,n,100
6171,I49709,1910,1200,1295,613.59,45,19,n,100
4851,I38935,2000,1200,2350,367.608,45,22,n,100
4751,I38276,1800,1400,1020,303.45,45,11,n,100
558,I04257,1200,1000,750,318.7,45,2,n,100
3297,I26843,1600,1200,930,551.56,45,0,n,100
5420,I43580,1600,1200,930,307.13,45,0,n,100
3144,I25419,1600,1200,930,784.6,45,0,n,100
4158,I34105,1200,1000,930,413.58,45,2,n,100
2105,I16726,1200,1000,975,329.77,45,2,n,100
810,I06277,1200,1000,975,329.77,45,2,n,100
3905,I31783,1600,1200,545,338.16,45,0,n,100
3586,I29056,2000,1200,2350,367.608,45,22,n,100
3001,I24069,1600,1200,930,307.13,45,0,n,100
4484,I36608,1600,1200,930,387.3,45,0,n,100
2371,I19064,1200,1000,930,413.58,45,2,n,100
5607,I45180,1600,1200,930,387.3,45,0,n,100
6261,I50511,1600,1200,930,356.2,45,0,n,100
4737,I38203,1600,1200,930,438.4,45,0,n,100
5969,I47974,1800,1400,1020,303.45,45,11,n,100
4789,I38543,1600,1200,1350,303.92,45,0,n,100
684,I04971,1600,1200,545,338.16,45,0,n,100
1253,I10155,1200,1000,975,652.0,45,2,n,100
1322,I10548,1800,1400,1020,303.45,45,11,n,100
3352,I27274,1600,1200,930,607.6,45,0,n,100
286,I02064,1600,1200,930,307.13,45,0,n,100
358,I02636,1600,1200,930,547.3,45,0,n,100
4870,I38996,1800,1200,1350,820.48,45,9,n,100
5304,I42812,1600,1200,930,607.6,45,0,n,100
4394,I35845,1600,1200,930,309.5,45,0,n,100
354,I02602,1200,1000,930,345.29,45,2,n,100
3267,I26651,1200,1000,975,329.77,45,2,n,100
4185,I34295,1200,1000,930,338.9,45,2,n,100
2968,I23765,1800,1400,1020,303.45,45,11,n,100
2272,I18192,1910,1200,1295,613.59,45,19,n,100
3911,I31855,1600,1200,930,454.873,45,0,n,100
543,I04110,1600,1200,1350,303.92,45,0,n,100
5867,I47230,1200,1000,545,729.5,45,2,n,100
556,I04223,1600,1200,1350,303.92,45,0,n,100
1817,I14264,1600,1200,930,356.2,45,0,n,100
5696,I45797,1600,1200,930,356.2,45,0,n,100
2563,I20908,1600,1200,930,663.22,45,0,n,100
1262,I10188,1600,1200,930,830.32,45,0,n,100
3501,I28474,1910,1200,1295,613.59,45,19,n,100
4233,I34620,1910,1200,1295,613.59,45,19,n,100
4518,I36759,1600,1200,930,364.84,45,0,n,100
5236,I42103,1600,1200,930,356.56,45,0,n,100
182,I01560,1600,1200,930,356.2,45,0,n,100
1495,I12005,1600,1200,930,356.2,45,0,n,100
2566,I20912,1200,1000,750,318.7,45,2,n,100
4520,I36785,1200,1000,750,305.32,45,2,n,100
985,I07611,1600,1200,750,582.6,45,0,n,100
35,I00355,1600,1200,930,784.6,45,0,n,100
1831,I14437,1600,1200,930,438.4,45,0,n,100
2245,I18079,1600,1200,930,551.56,45,0,n,100
1900,I14922,1600,1200,930,358.48,45,0,n,100
5616,I45266,1600,1200,930,387.3,45,0,n,100
583,I04472,1600,1200,930,784.6,45,0,n,100
3358,I27287,1200,1000,975,329.77,45,2,n,100
156,I01320,1600,1200,930,370.78,45,0,n,100
1586,I12569,1600,1200,930,364.84,45,0,n,100
4707,I38064,1600,1200,930,454.873,45,0,n,100
5701,I45854,1600,1200,930,551.56,45,0,n,100
5243,I42126,1600,1200,930,307.13,45,0,n,100
5076,I40595,1600,1200,930,356.2,45,0,n,100
5964,I47969,1800,1400,1020,303.45,45,11,n,100
5364,I43101,1910,1200,1295,613.59,45,19,n,100
4015,I32839,1600,1200,930,307.13,45,0,n,100
4607,I37283,1200,1000,750,405.72,45,2,n,100
116,I01038,1900,1200,750,845.38,45,6,n,100
1051,I08211,1900,1200,750,845.38,45,6,n,100
2981,I23853,1200,1000,975,329.77,45,2,n,100
958,I07454,1600,1200,930,547.3,45,0,n,100
2265,I18185,1910,1200,1295,613.59,45,19,n,100
2807,I22570,1800,1400,1020,303.45,45,11,n,100
5490,I44279,1600,1200,930,438.4,45,0,n,100
5069,I40550,1200,1000,975,329.77,45,2,n,100
3216,I26252,1200,1000,930,414.14,45,2,n,100
3430,I27992,1800,1400,1020,303.45,45,11,n,100
5416,I43570,1600,1200,930,307.13,45,0,n,100
4907,I39426,1600,1200,930,356.2,45,0,n,100
5426,I43655,1200,1000,545,729.5,45,2,n,100
2570,I20932,2000,1200,545,408.88,45,5,n,100
2969,I23766,1800,1400,1020,303.45,45,11,n,100
5161,I41385,1200,1000,930,345.29,45,2,n,100
1960,I15465,1600,1200,750,323.7,45,0,n,100
4280,I34886,1600,1200,750,323.7,45,0,n,100
4688,I37874,1600,1200,930,607.6,45,0,n,100
3658,I29570,1600,1200,930,438.4,45,0,n,100
2312,I18436,1600,1200,930,396.2,45,0,n,100
3914,I31860,1600,1200,975,611.224,45,0,n,100
1695,I13364,1600,1200,930,307.13,45,0,n,100
4236,I34623,1910,1200,1295,613.59,45,19,n,100
3968,I32519,1600,1200,930,454.873,45,0,n,100
1993,I15821,1600,1200,1350,303.92,45,0,n,100
2865,I23012,1600,1200,930,438.4,45,0,n,100
2388,I19166,1600,1200,1350,303.92,45,0,n,100
4093,I33567,1600,1200,1350,303.92,45,0,n,100
4876,I39128,1800,1200,1350,820.48,45,9,n,100
2259,I18179,1910,1200,1295,613.59,45,19,n,100
192,I01672,1600,1200,930,663.22,45,0,n,100
4351,I35598,1600,1200,930,364.84,45,0,n,100
4447,I36301,1600,1200,930,784.6,45,0,n,100
3302,I26851,1600,1200,930,438.4,45,0,n,100
2168,I17334,1600,1200,930,551.56,45,0,n,100
795,I06160,2000,1200,545,408.88,45,5,n,100
5647,I45431,2000,1200,2350,367.608,45,22,n,100
88,I00822,1800,1400,1020,303.45,45,11,n,100
768,I06009,1600,1200,750,323.7,45,0,n,100
1368,I10989,1600,1200,930,784.6,45,0,n,100
1685,I13283,1200,1000,975,329.77,45,2,n,100
4496,I36676,1600,1200,930,547.3,45,0,n,100
998,I07720,2000,1200,2350,367.608,45,22,n,100
1815,I14245,1200,1000,930,347.0,45,2,n,100
5748,I46063,2000,1200,545,408.88,45,5,n,100
2082,I16557,1800,1400,1020,303.45,45,11,n,100
1300,I10448,1800,1400,1020,303.45,45,11,n,100
2705,I21879,1200,1000,975,329.77,45,2,n,100
3373,I27403,1600,1200,750,323.7,45,0,n,100
601,I04602,1600,1200,930,784.6,45,0,n,100
516,I03882,1600,1200,750,323.7,45,0,n,100
5123,I41147,1600,1200,930,307.13,45,0,n,100
614,I04649,1200,1000,975,337.45,45,2,n,100
3063,I24761,1600,1200,1350,303.92,45,0,n,100
3782,I30633,1600,1200,930,370.78,45,0,n,100
5768,I46233,1600,1200,750,323.7,45,0,n,100
3714,I29863,1200,1000,975,329.77,45,2,n,100
1029,I08080,1200,1000,930,347.0,45,2,n,100
1198,I09617,1600,1200,930,356.2,45,0,n,100
4817,I38733,1200,1000,930,345.29,45,2,n,100
5730,I45931,1600,1200,750,323.7,45,0,n,100
2223,I17852,1200,1000,930,414.14,45,2,n,100
4219,I34586,1600,1200,930,358.48,45,0,n,100
1392,I11179,1600,1200,975,808.3,45,0,n,100
937,I07118,1600,1200,1350,303.92,45,0,n,100
1017,I07912,1800,1400,1020,303.45,45,11,n,100
3124,I25308,1600,1200,930,356.2,45,0,n,100
4086,I33438,2000,1200,545,408.88,45,5,n,100
4035,I33044,1200,1000,750,351.944,45,2,n,100
6116,I49029,1200,1000,930,347.0,45,2,n,100
5130,I41169,1600,1200,975,808.3,45,0,n,100
3711,I29827,1600,1200,930,607.6,45,0,n,100
4201,I34449,1600,1200,930,356.56,45,0,n,100
1868,I14695,1600,1200,930,547.3,45,0,n,100
6057,I48656,1200,1000,975,401.2,45,2,n,100
5050,I40384,1600,1200,930,438.4,45,0,n,100
1423,I11434,1600,1200,930,358.48,45,0,n,100
2748,I22106,1200,1000,750,305.32,45,2,n,100
663,I04853,1200,1000,975,337.9,45,2,n,100
1071,I08381,1600,1200,930,607.6,45,0,n,100
1106,I08864,1800,1400,1020,303.45,45,11,n,100
1642,I12979,1600,1200,930,370.78,45,0,n,100
356,I02633,1200,1000,545,526.75,45,2,n,100
1225,I09929,1200,1000,930,413.58,45,2,n,100
2148,I17190,1800,1400,1020,303.45,45,11,n,100
6167,I49705,1910,1200,1295,613.59,45,19,n,100
4315,I35187,1600,1200,930,663.22,45,0,n,100
5651,I45436,2000,1200,545,408.88,45,5,n,100
2301,I18256,1600,1200,930,663.22,45,0,n,100
4531,I36841,1600,1200,930,663.22,45,0,n,100
6111,I48956,1600,1200,930,396.2,45,0,n,100
4364,I35723,1200,1000,975,329.77,45,2,n,100
4279,I34885,1600,1200,750,323.7,45,0,n,100
5235,I42102,1600,1200,930,356.56,45,0,n,100
3503,I28476,1910,1200,1295,613.59,45,19,n,100
511,I03861,1200,1000,930,413.58,45,2,n,100
2688,I21755,1600,1200,930,358.48,45,0,n,100
5189,I41695,1600,1200,930,356.56,45,0,n,100
1003,I07776,1200,1000,930,413.58,45,2,n,100
3687,I29691,1800,1400,1020,303.45,45,11,n,100
2936,I23575,1800,1400,1020,303.45,45,11,n,100
4319,I35284,1200,1000,930,347.0,45,2,n,100
91,I00825,1800,1400,1020,303.45,45,11,n,100
280,I02049,1200,1000,930,413.58,45,2,n,100
824,I06365,1600,1200,930,370.78,45,0,n,100
4865,I38960,1600,1200,930,663.22,45,0,n,100
3186,I25937,1600,1200,930,356.56,45,0,n,100
5462,I44115,1600,1200,930,396.2,45,0,n,100
307,I02189,1600,1200,930,356.2,45,0,n,100
2061,I16365,1600,1200,930,356.2,45,0,n,100
1837,I14457,2000,1200,545,408.88,45,5,n,100
4692,I37894,1200,1000,545,526.75,45,2,n,100
2501,I20298,1600,1200,930,307.13,45,0,n,100
3054,I24697,1600,1200,930,307.13,45,0,n,100
5011,I40207,1600,1200,930,607.6,45,0,n,100
4392,I35841,1200,1000,930,345.29,45,2,n,100
983,I07609,1200,1000,975,329.77,45,2,n,100
2932,I23571,1800,1400,1020,303.45,45,11,n,100
1555,I12424,1600,1200,930,547.3,45,0,n,100
2454,I19901,1200,1000,750,431.704,45,2,n,100
1114,I08913,1600,1200,930,356.56,45,0,n,100
1473,I11854,1600,1200,930,387.3,45,0,n,100
1408,I11317,1200,1000,975,329.77,45,2,n,100
4282,I34958,1600,1200,930,356.56,45,0,n,100
2782,I22298,1600,1200,930,551.56,45,0,n,100
3016,I24174,1800,1400,1020,303.45,45,11,n,100
2274,I18194,1910,1200,1295,613.59,45,19,n,100
1987,I15799,1600,1200,930,607.6,45,0,n,100
364,I02642,1600,1200,930,547.3,45,0,n,100
1721,I13574,1600,1200,930,356.2,45,0,n,100
5487,I44246,1600,1200,930,307.13,45,0,n,100
2769,I22223,1600,1200,930,364.84,45,0,n,100
3456,I28238,1600,1200,930,364.84,45,0,n,100
3602,I29163,1600,1200,930,551.56,45,0,n,100
4126,I33857,1800,1400,1020,303.45,45,11,n,100
3963,I32489,1600,1200,1350,303.92,45,0,n,100
690,I05086,1600,1200,930,784.6,45,0,n,100
3065,I24763,1600,1200,1350,303.92,45,0,n,100
2468,I19984,1800,1400,1020,303.45,45,11,n,100
3205,I26123,1600,1200,930,307.13,45,0,n,100
2577,I20947,1600,1200,930,356.56,45,0,n,100
5776,I46273,2000,1200,545,408.88,45,5,n,100
5775,I46272,2000,1200,545,408.88,45,5,n,100
3203,I26111,1600,1200,930,356.2,45,0,n,100
5179,I41571,1600,1200,930,663.22,45,0,n,100
2215,I17798,1600,1200,930,781.25,45,0,n,100
4756,I38281,1800,1400,1020,303.45,45,11,n,100
3118,I25299,1600,1200,930,547.3,45,0,n,100
1299,I10447,1800,1400,1020,303.45,45,11,n,100
2152,I17194,1800,1400,1020,303.45,45,11,n,100
3269,I26653,1200,1000,975,329.77,45,2,n,100
1004,I07777,1200,1000,930,413.58,45,2,n,100
2739,I22018,1600,1200,930,356.2,45,0,n,100
1026,I08026,1200,1000,930,414.14,45,2,n,100
1510,I12141,1800,1400,1020,303.45,45,11,n,100
5797,I46513,1200,1000,930,414.14,45,2,n,100
2326,I18545,1200,1000,750,305.32,45,2,n,100
2903,I23256,1800,1400,1020,303.45,45,11,n,100
5051,I40385,1600,1200,930,438.4,45,0,n,100
1576,I12553,1800,1400,1020,303.45,45,11,n,100
2512,I20322,1600,1200,1350,303.92,45,0,n,100
3619,I29293,1200,1000,545,526.75,45,2,n,100
3214,I26204,1200,1000,930,345.29,45,2,n,100
1321,I10547,1800,1400,1020,303.45,45,11,n,100
1465,I11815,1600,1200,975,808.3,45,0,n,100
1942,I15357,1600,1200,930,356.2,45,0,n,100
5129,I41168,1600,1200,975,808.3,45,0,n,100
3383,I27487,1800,1200,1350,820.48,45,9,n,100
3167,I25793,1800,1400,1020,303.45,45,11,n,100
3356,I27285,1200,1000,975,329.77,45,2,n,100
3353,I27275,1600,1200,930,607.6,45,0,n,100
5547,I44720,1600,1200,930,438.4,45,0,n,100
3818,I30999,1800,1400,1020,303.45,45,11,n,100
4858,I38948,2000,1200,2350,367.608,45,22,n,100
4687,I37853,1600,1200,930,546.3,45,0,n,100
1655,I13050,1200,1000,975,401.2,45,2,n,100
5655,I45461,1600,1200,545,338.16,45,0,n,100
3829,I31040,1200,1000,975,401.2,45,2,n,100
3230,I26410,1600,1200,930,356.2,45,0,n,100
262,I01996,1910,1200,1295,613.59,45,19,n,100
2167,I17333,1600,1200,930,551.56,45,0,n,100
5027,I40290,1600,1200,930,387.3,45,0,n,100
468,I03572,1600,1200,930,358.48,45,0,n,100
1629,I12814,1600,1200,930,663.22,45,0,n,100
721,I05374,1800,1200,1350,820.48,45,9,n,100
909,I06864,1200,1000,975,401.2,45,2,n,100
1616,I12700,1200,1000,750,305.32,45,2,n,100
3904,I31768,1800,1200,1350,820.48,45,9,n,100
3165,I25791,1800,1400,1020,303.45,45,11,n,100
145,I01244,1600,1200,930,356.2,45,0,n,100
808,I06259,2000,1200,2350,367.608,45,22,n,100
2188,I17409,1600,1200,930,356.2,45,0,n,100
5375,I43152,1200,1000,930,338.9,45,2,n,100
3275,I26666,1910,1200,1295,613.59,45,19,n,100
1168,I09321,1600,1200,930,356.2,45,0,n,100
6140,I49330,1600,1200,930,364.84,45,0,n,100
4597,I37271,1600,1200,930,396.2,45,0,n,100
5798,I46560,1600,1200,930,396.2,45,0,n,100
3648,I29534,1600,1200,930,356.56,45,0,n,100
4643,I37497,1600,1200,930,547.3,45,0,n,100
3470,I28423,1800,1400,1020,303.45,45,11,n,100
3628,I29362,1600,1200,930,438.4,45,0,n,100
741,I05622,2000,1200,545,408.88,45,5,n,100
4321,I35354,1600,1200,930,370.78,45,0,n,100
1706,I13397,1600,1200,930,396.2,45,0,n,100
3240,I26505,2000,1200,545,408.88,45,5,n,100
3003,I24071,1600,1200,930,307.13,45,0,n,100
2478,I20116,1200,1000,975,465.1,45,2,n,100
6212,I50007,1600,1200,930,454.873,45,0,n,100
4661,I37655,1600,1200,1350,303.92,45,0,n,100
4758,I38316,1600,1200,930,551.56,45,0,n,100
367,I02645,1800,1200,1350,820.48,45,9,n,100
1910,I14971,1800,1200,1350,820.48,45,9,n,100
1070,I08376,1200,1000,750,305.32,45,2,n,100
3367,I27371,1600,1200,930,551.56,45,0,n,100
2056,I16359,1600,1200,930,356.2,45,0,n,100
3150,I25483,1600,1200,930,309.5,45,0,n,100
110,I01013,1600,1200,930,356.2,45,0,n,100
3621,I29316,1600,1200,930,784.6,45,0,n,100
1919,I15066,1600,1200,930,387.3,45,0,n,100
3435,I27997,1800,1400,1020,303.45,45,11,n,100
1330,I10573,1600,1200,1350,303.92,45,0,n,100
1459,I11792,1200,1000,975,329.77,45,2,n,100
1940,I15355,1600,1200,930,663.22,45,0,n,100
1086,I08552,1200,1000,750,431.704,45,2,n,100
800,I06231,1600,1200,1350,303.92,45,0,n,100
5006,I40140,1200,1000,545,729.5,45,2,n,100
2004,I15914,1200,1000,545,729.5,45,2,n,100
1265,I10198,1800,1400,1020,303.45,45,11,n,100
6108,I48917,1600,1200,930,307.13,45,0,n,100
5044,I40378,1800,1400,1020,303.45,45,11,n,100
4404,I35886,1200,1000,975,652.0,45,2,n,100
4635,I37443,1600,1200,930,358.48,45,0,n,100
1742,I13608,1910,1200,1295,613.59,45,19,n,100
4361,I35706,1600,1200,930,387.3,45,0,n,100
5595,I45015,1800,1400,1020,303.45,45,11,n,100
1313,I10468,2000,1200,2350,367.608,45,22,n,100
4493,I36673,1600,1200,930,547.3,45,0,n,100
4475,I36567,1200,1000,975,337.9,45,2,n,100
2040,I16257,1600,1200,930,663.22,45,0,n,100
4914,I39525,1600,1200,930,356.56,45,0,n,100
63,I00572,1200,1000,930,414.14,45,2,n,100
3211,I26145,1600,1200,930,356.56,45,0,n,100
1287,I10344,1600,1200,930,370.78,45,0,n,100
2667,I21589,1200,1000,975,401.2,45,2,n,100
199,I01713,1600,1200,930,663.22,45,0,n,100
350,I02571,1600,1200,930,358.48,45,0,n,100
1373,I11088,1600,1200,930,454.873,45,0,n,100
6099,I48908,1910,1200,1295,613.59,45,19,n,100
4203,I34464,1600,1200,930,663.22,45,0,n,100
6028,I48491,1600,1200,930,307.13,45,0,n,100
4547,I36977,1800,1400,1020,303.45,45,11,n,100
477,I03654,1600,1200,930,438.4,45,0,n,100
5125,I41157,1600,1200,930,396.2,45,0,n,100
4312,I35160,1200,1000,750,318.7,45,2,n,100
5545,I44718,1200,1000,930,414.14,45,2,n,100
3934,I32059,1600,1200,930,551.56,45,0,n,100
5506,I44384,1200,1000,975,329.77,45,2,n,100
3664,I29596,1600,1200,930,547.3,45,0,n,100
2005,I15915,1200,1000,545,526.75,45,2,n,100
5108,I41020,1600,1200,930,356.2,45,0,n,100
5063,I40475,1200,1000,930,704.12,45,2,n,100
1557,I12426,1600,1200,930,547.3,45,0,n,100
249,I01983,1910,1200,1295,613.59,45,19,n,100
4594,I37267,1910,1200,1295,613.59,45,19,n,100
6258,I50494,1600,1200,930,551.56,45,0,n,100
5626,I45330,1600,1200,930,358.48,45,0,n,100
5274,I42474,1600,1200,930,607.6,45,0,n,100
3583,I29053,2000,1200,2350,367.608,45,22,n,100
2322,I18531,1600,1200,930,358.48,45,0,n,100
3445,I28119,1200,1000,750,305.32,45,2,n,100
5801,I46563,1800,1400,1020,303.45,45,11,n,100
5716,I45886,1600,1200,1350,303.92,45,0,n,100
5207,I41904,1200,1000,975,337.9,45,2,n,100
1069,I08375,1200,1000,750,305.32,45,2,n,100
5482,I44221,1600,1200,930,307.13,45,0,n,100
2584,I21043,1600,1200,930,551.56,45,0,n,100
5615,I45265,1200,1000,750,351.756,45,2,n,100
3730,I30018,1200,1000,545,526.75,45,2,n,100
4322,I35355,1600,1200,1350,303.92,45,0,n,100
1183,I09437,2000,1200,2350,367.608,45,22,n,100
1310,I10465,2000,1200,2350,367.608,45,22,n,100
519,I03891,1600,1200,930,356.2,45,0,n,100
798,I06177,1200,1000,930,340.1,45,2,n,100
6096,I48905,1910,1200,1295,613.59,45,19,n,100
2406,I19302,1800,1400,1020,303.45,45,11,n,100
882,I06807,1910,1200,1295,613.59,45,19,n,100
5705,I45870,1600,1200,930,438.4,45,0,n,100
2526,I20565,1800,1200,1350,820.48,45,9,n,100
6166,I49704,1910,1200,1295,613.59,45,19,n,100
201,I01718,1600,1200,750,582.6,45,0,n,100
5951,I47887,1200,1000,975,336.7,45,2,n,100
1585,I12563,1600,1200,1350,303.92,45,0,n,100
5346,I43025,1200,1000,750,305.32,45,2,n,100
1232,I10039,1800,1200,1350,820.48,45,9,n,100
723,I05378,1200,1000,750,318.7,45,2,n,100
4957,I39800,1200,1000,930,413.58,45,2,n,100
5850,I46916,2000,1200,2350,367.608,45,22,n,100
5167,I41424,1600,1200,1350,303.92,45,0,n,100
1130,I09028,1600,1200,930,396.2,45,0,n,100
5090,I40818,1600,1200,930,364.84,45,0,n,100
5574,I44928,1600,1200,930,356.2,45,0,n,100
3889,I31586,1600,1200,930,781.25,45,0,n,100
339,I02460,1200,1000,975,329.77,45,2,n,100
1139,I09090,1800,1400,1020,303.45,45,11,n,100
5652,I45437,1600,1200,545,338.52,45,0,n,100
5685,I45675,1800,1200,1350,820.48,45,9,n,100
2963,I23760,1800,1400,1020,303.45,45,11,n,100
4845,I38895,1600,1200,1350,303.92,45,0,n,100
3663,I29595,1600,1200,930,547.3,45,0,n,100
4664,I37725,1200,1000,750,318.7,45,2,n,100
4373,I35753,1200,1000,545,526.75,45,2,n,100
4032,I33021,1600,1200,930,784.6,45,0,n,100
1428,I11466,1600,1200,930,307.13,45,0,n,100
1531,I12323,2000,1200,545,408.88,45,5,n,100
1176,I09354,1600,1200,750,323.7,45,0,n,100
5780,I46284,1600,1200,1350,303.92,45,0,n,100
359,I02637,1600,1200,930,547.3,45,0,n,100
967,I07471,1600,1200,930,358.48,45,0,n,100
681,I04956,1800,1400,1020,303.45,45,11,n,100
4348,I35592,1200,1000,930,414.14,45,2,n,100
214,I01759,1600,1200,930,438.4,45,0,n,100
5901,I47618,1200,1000,975,401.2,45,2,n,100
659,I04820,1600,1200,930,547.3,45,0,n,100
2345,I18809,1600,1200,1350,303.92,45,0,n,100
2097,I16677,1200,1000,975,329.77,45,2,n,100
4723,I38091,2000,1200,2350,367.608,45,22,n,100
4433,I36230,1600,1200,1350,303.92,45,0,n,100
290,I02069,1600,1200,930,356.2,45,0,n,100
5202,I41789,1600,1200,930,370.78,45,0,n,100
3520,I28530,1600,1200,930,387.3,45,0,n,100
1346,I10800,1600,1200,930,356.56,45,0,n,100
2813,I22706,1600,1200,1350,303.92,45,0,n,100
1364,I10931,2000,1200,2350,367.608,45,22,n,100
2731,I22010,1800,1400,1020,303.45,45,11,n,100
1509,I12140,1800,1400,1020,303.45,45,11,n,100
5140,I41195,1200,1000,975,337.9,45,2,n,100
4276,I34865,1600,1200,1350,303.92,45,0,n,100
2836,I22857,1600,1200,545,338.16,45,0,n,100
1990,I15818,1800,1200,1350,820.48,45,9,n,100
5751,I46068,1600,1200,930,547.3,45,0,n,100
5435,I43683,2000,1200,2350,367.608,45,22,n,100
2772,I22237,1200,1000,750,305.32,45,2,n,100
4960,I39803,1200,1000,975,329.77,45,2,n,100
157,I01321,1600,1200,930,551.56,45,0,n,100
2133,I17023,1600,1200,930,396.2,45,0,n,100
2910,I23355,1600,1200,930,356.2,45,0,n,100
6251,I50430,1600,1200,930,663.22,45,0,n,100
778,I06076,1800,1400,1020,303.45,45,11,n,100
2691,I21796,1600,1200,930,307.13,45,0,n,100
5684,I45674,1800,1200,1350,820.48,45,9,n,100
596,I04573,1600,1200,930,358.48,45,0,n,100
4980,I39868,1910,1200,1295,613.59,45,19,n,100
2124,I16993,2000,1200,545,408.88,45,5,n,100
2690,I21766,1200,1000,545,690.5,45,2,n,100
1737,I13603,1910,1200,1295,613.59,45,19,n,100
3047,I24621,1600,1200,930,358.48,45,0,n,100
2539,I20680,1800,1200,1350,820.48,45,9,n,100
5510,I44389,1600,1200,930,307.13,45,0,n,100
5980,I48033,1600,1200,1350,303.92,45,0,n,100
4043,I33059,1600,1200,930,547.3,45,0,n,100
6163,I49701,1910,1200,1295,613.59,45,19,n,100
6150,I49442,1200,1000,975,329.77,45,2,n,100
2921,I23434,1600,1200,1350,303.92,45,0,n,100
4554,I36984,1800,1400,1020,303.45,45,11,n,100
1755,I13665,1800,1400,1020,303.45,45,11,n,100
4861,I38951,2000,1200,2350,367.608,45,22,n,100
3532,I28580,1600,1200,930,370.78,45,0,n,100
3880,I31526,1800,1400,1020,303.45,45,11,n,100
3852,I31260,1200,1000,975,329.77,45,2,n,100
285,I02063,1600,1200,930,307.13,45,0,n,100
1844,I14512,1800,1200,1350,820.48,45,9,n,100
2505,I20302,1600,1200,930,307.13,45,0,n,100
246,I01975,1800,1400,1020,303.45,45,11,n,100
1710,I13413,1200,1000,545,729.5,45,2,n,100
2523,I20556,1600,1200,975,611.224,45,0,n,100
138,I01149,1900,1200,750,845.38,45,6,n,100
5698,I45810,1600,1200,545,338.16,45,0,n,100
219,I01764,1200,1000,645,330.5,0,1,n,100
3128,I25317,1600,1200,750,582.6,45,0,n,100
5866,I47227,1600,1200,975,808.3,45,0,n,100
4782,I38466,1200,1000,750,318.7,45,2,n,100
2251,I18129,1600,1200,930,307.13,45,0,n,100
5192,I41698,1200,1000,750,351.944,45,2,n,100
3329,I27090,1600,1200,930,387.3,45,0,n,100
2682,I21721,1600,1200,930,551.56,45,0,n,100
3792,I30779,1600,1200,930,364.84,45,0,n,100
5310,I42822,1600,1200,750,582.6,45,0,n,100
4859,I38949,2000,1200,2350,367.608,45,22,n,100
2937,I23576,1800,1400,1020,303.45,45,11,n,100
2704,I21878,1200,1000,975,329.77,45,2,n,100
3855,I31277,1600,1200,1350,303.92,45,0,n,100
1166,I09281,1600,1200,1350,303.92,45,0,n,100
5485,I44242,1600,1200,930,551.56,45,0,n,100
4767,I38342,1200,1000,975,329.77,45,2,n,100
6240,I50275,1200,1000,975,329.77,45,2,n,100
5590,I45010,1800,1400,1020,303.45,45,11,n,100
1733,I13599,1910,1200,1295,613.59,45,19,n,100
3614,I29249,1200,1000,975,329.77,45,2,n,100
5966,I47971,1800,1400,1020,303.45,45,11,n,100
3229,I26409,1600,1200,930,356.2,45,0,n,100
3453,I28209,1600,1200,930,356.2,45,0,n,100
2650,I21497,1910,1200,1295,613.59,45,19,n,100
2453,I19887,1600,1200,1350,303.92,45,0,n,100
5215,I41954,1600,1200,930,356.56,45,0,n,100
3237,I26494,1600,1200,930,370.78,45,0,n,100
849,I06553,1600,1200,930,358.48,45,0,n,100
4465,I36435,1600,1200,750,323.7,45,0,n,100
5039,I40349,1600,1200,1350,303.92,45,0,n,100
3997,I32730,1600,1200,930,607.6,45,0,n,100
395,I02910,1800,1400,1020,303.45,45,11,n,100
4676,I37806,1200,1000,975,329.77,45,2,n,100
2112,I16733,1800,1400,1020,303.45,45,11,n,100
3164,I25790,1800,1400,1020,303.45,45,11,n,100
4010,I32819,1600,1200,930,607.6,45,0,n,100
3940,I32164,1600,1200,930,396.2,45,0,n,100
5579,I44958,1600,1200,930,438.4,45,0,n,100
3544,I28702,1600,1200,930,454.873,45,0,n,100
4659,I37653,1600,1200,1350,303.92,45,0,n,100
2808,I22587,1600,1200,930,663.22,45,0,n,100
3418,I27888,1200,1000,975,329.77,45,2,n,100
5511,I44390,1600,1200,930,307.13,45,0,n,100
5683,I45673,1200,1000,1155,375.0,0,1,n,100
1659,I13149,1200,1000,975,401.2,45,2,n,100
2465,I19981,1800,1400,1020,303.45,45,11,n,100
4977,I39865,1910,1200,1295,613.59,45,19,n,100
3916,I31876,1600,1200,930,370.78,45,0,n,100
946,I07266,1600,1200,930,396.2,45,0,n,100
5559,I44734,2000,1200,545,408.88,45,5,n,100
2094,I16673,1600,1200,930,356.2,45,0,n,100
4929,I39655,1600,1200,930,551.56,45,0,n,100
4885,I39254,1200,1000,975,329.77,45,2,n,100
21,I00277,1200,1000,975,465.1,45,2,n,100
4521,I36786,1200,1000,750,305.32,45,2,n,100
3443,I28110,1600,1200,930,313.0,45,0,n,100
1030,I08082,1200,1000,750,318.7,45,2,n,100
758,I05899,1600,1200,930,307.13,45,0,n,100
1972,I15486,1200,1000,930,345.29,45,2,n,100
504,I03766,1600,1200,930,438.4,45,0,n,100
4556,I37043,1600,1200,930,364.84,45,0,n,100
462,I03540,1600,1200,545,338.52,45,0,n,100
2840,I22874,1600,1200,930,607.6,45,0,n,100
2081,I16556,1800,1400,1020,303.45,45,11,n,100
5961,I47962,1600,1200,930,663.22,45,0,n,100
6081,I48890,1910,1200,1295,613.59,45,19,n,100
4349,I35593,1600,1200,930,551.56,45,0,n,100
2119,I16900,1900,1200,750,713.62,45,6,n,100
1000,I07748,1200,1000,545,690.5,45,2,n,100
2267,I18187,1910,1200,1295,613.59,45,19,n,100
4775,I38427,1200,1000,975,308.76,45,2,n,100
3969,I32520,1600,1200,930,454.873,45,0,n,100
2314,I18457,1600,1200,750,582.6,45,0,n,100
5255,I42236,1600,1200,975,460.0,45,0,n,100
590,I04546,1600,1200,545,338.16,45,0,n,100
6228,I50171,1200,1000,975,401.2,45,2,n,100
962,I07458,1600,1200,930,547.3,45,0,n,100
102,I00992,1200,1000,975,329.77,45,2,n,100
4307,I35145,1200,1000,930,413.58,45,2,n,100
1860,I14671,1200,1000,750,351.944,45,2,n,100
1699,I13368,1200,1000,975,329.77,45,2,n,100
4169,I34190,1600,1200,930,307.13,45,0,n,100
554,I04211,1200,1000,975,401.2,45,2,n,100
2427,I19623,1600,1200,930,663.22,45,0,n,100
1476,I11863,1200,1000,750,351.756,45,2,n,100
1932,I15252,1600,1200,1350,303.92,45,0,n,100
567,I04350,1200,1000,975,329.77,45,2,n,100
4771,I38413,1200,1000,975,329.77,45,2,n,100
5088,I40815,1200,1000,975,401.2,45,2,n,100
5793,I46433,1600,1200,930,356.56,45,0,n,100
2911,I23378,1200,1000,975,329.77,45,2,n,100
4264,I34764,1600,1200,930,356.2,45,0,n,100
3083,I24897,1200,1000,545,526.75,45,2,n,100
5100,I40921,2000,1200,2350,367.608,45,22,n,100
5217,I41983,1600,1200,930,396.2,45,0,n,100
4377,I35759,1910,1200,1295,613.59,45,19,n,100
1563,I12476,1600,1200,975,460.0,45,0,n,100
2707,I21881,1200,1000,750,351.944,45,2,n,100
2435,I19754,1600,1200,930,313.0,45,0,n,100
3068,I24767,1200,1000,975,329.77,45,2,n,100
2537,I20659,1200,1000,750,405.72,45,2,n,100
5785,I46381,1200,1000,930,704.36,45,2,n,100
2138,I17105,1800,1200,1350,820.48,45,9,n,100
2658,I21522,1900,1200,750,713.62,45,6,n,100
1402,I11297,1600,1200,930,358.48,45,0,n,100
1760,I13697,1600,1200,545,338.52,45,0,n,100
3929,I32041,1600,1200,930,356.2,45,0,n,100
3696,I29703,1600,1200,930,356.56,45,0,n,100
460,I03532,1200,1000,975,401.2,45,2,n,100
1401,I11284,1600,1200,930,663.22,45,0,n,100
6035,I48527,1800,1400,1020,303.45,45,11,n,100
6210,I50005,1600,1200,930,454.873,45,0,n,100
213,I01758,1600,1200,930,438.4,45,0,n,100
2143,I17166,1200,1000,975,329.77,45,2,n,100
1621,I12771,1600,1200,930,784.6,45,0,n,100
5470,I44150,1600,1200,930,356.56,45,0,n,100
1433,I11476,1600,1200,930,356.2,45,0,n,100
3322,I26988,1200,1000,545,526.75,45,2,n,100
5021,I40274,2000,1200,2350,367.608,45,22,n,100
5071,I40552,1200,1000,975,329.77,45,2,n,100
3274,I26665,1910,1200,1295,613.59,45,19,n,100
678,I04953,1200,1000,545,690.5,45,2,n,100
1239,I10075,2000,1200,2350,367.608,45,22,n,100
1240,I10076,2000,1200,2350,367.608,45,22,n,100
167,I01413,1200,1000,545,526.75,45,2,n,100
135,I01132,1600,1200,750,582.6,45,0,n,100
230,I01895,1600,1200,930,387.3,45,0,n,100
3661,I29593,1600,1200,930,547.3,45,0,n,100
1192,I09565,1200,1000,975,401.2,45,2,n,100
3433,I27995,1800,1400,1020,303.45,45,11,n,100
1494,I11981,1600,1200,930,370.78,45,0,n,100
2219,I17824,1600,1200,930,546.3,45,0,n,100
1057,I08353,1600,1200,930,607.6,45,0,n,100
3070,I24777,1200,1000,930,345.29,45,2,n,100
3463,I28374,1600,1200,545,338.16,45,0,n,100
542,I04085,1600,1200,930,358.48,45,0,n,100
771,I06061,1600,1200,930,830.32,45,0,n,100
575,I04444,1600,1200,930,364.84,45,0,n,100
2580,I20950,1600,1200,930,356.56,45,0,n,100
1619,I12769,1200,1000,975,401.2,45,2,n,100
1350,I10880,1200,1000,975,401.2,45,2,n,100
3325,I27049,1600,1200,1350,310.16,45,0,n,100
3321,I26984,1600,1200,930,358.48,45,0,n,100
3606,I29184,1200,1000,930,345.29,45,2,n,100
3999,I32732,1600,1200,930,607.6,45,0,n,100
2708,I21920,1600,1200,930,356.2,45,0,n,100
2551,I20726,1200,1000,975,401.2,45,2,n,100
422,I03220,1200,1000,975,329.77,45,2,n,100
1105,I08843,1200,1000,975,329.77,45,2,n,100
2096,I16676,1200,1000,975,329.77,45,2,n,100
6151,I49445,1200,1000,930,704.36,45,2,n,100
5573,I44927,1600,1200,930,356.2,45,0,n,100
4181,I34268,1600,1200,750,582.6,45,0,n,100
1827,I14415,1900,1200,750,845.38,45,6,n,100
3843,I31129,1600,1200,1350,303.92,45,0,n,100
6239,I50274,1200,1000,975,329.77,45,2,n,100
5695,I45796,1600,1200,930,356.2,45,0,n,100
6155,I49609,1200,1000,930,414.14,45,2,n,100
4822,I38772,1600,1200,930,364.84,45,0,n,100
343,I02512,1200,1000,975,329.77,45,2,n,100
4288,I35016,1600,1200,930,356.2,45,0,n,100
4567,I37174,1800,1400,1020,303.45,45,11,n,100
5836,I46827,1800,1200,1350,820.48,45,9,n,100
5398,I43413,1600,1200,930,364.84,45,0,n,100
2880,I23035,1600,1200,930,551.56,45,0,n,100
4367,I35727,2000,1200,545,408.88,45,5,n,100
2727,I22003,1200,1000,750,318.7,45,2,n,100
3749,I30263,1600,1200,930,364.84,45,0,n,100
4466,I36436,1600,1200,750,323.7,45,0,n,100
3151,I25598,1600,1200,750,582.6,45,0,n,100
3682,I29672,1600,1200,930,307.13,45,0,n,100
1122,I08979,2000,1200,2350,367.608,45,22,n,100
4805,I38710,2000,1200,545,408.88,45,5,n,100
5537,I44663,1600,1200,1350,303.92,45,0,n,100
1539,I12336,1800,1400,1020,303.45,45,11,n,100
1823,I14354,1200,1000,1155,375.0,0,1,n,100
2194,I17445,1600,1200,930,307.13,45,0,n,100
5818,I46621,1200,1000,750,431.704,45,2,n,100
5054,I40455,1600,1200,930,370.78,45,0,n,100
4596,I37269,1910,1200,1295,613.59,45,19,n,100
2724,I21997,1200,1000,975,329.77,45,2,n,100
6273,I50612,1200,1000,975,329.77,45,2,n,100
5357,I43094,1910,1200,1295,613.59,45,19,n,100
4391,I35836,1600,1200,930,663.22,45,0,n,100
5376,I43153,1600,1200,930,370.78,45,0,n,100
5275,I42475,1600,1200,930,607.6,45,0,n,100
3691,I29695,1800,1400,1020,303.45,45,11,n,100
1477,I11872,1200,1000,930,345.29,45,2,n,100
2896,I23223,1600,1200,930,830.32,45,0,n,100
3471,I28424,1800,1400,1020,303.45,45,11,n,100
5305,I42813,1600,1200,930,607.6,45,0,n,100
5935,I47804,1910,1200,1295,613.59,45,19,n,100
1351,I10895,1200,1000,930,413.58,45,2,n,100
1381,I11105,1200,1000,975,329.77,45,2,n,100
1019,I07917,1200,1000,545,526.75,45,2,n,100
5514,I44441,1900,1200,750,713.62,45,6,n,100
4045,I33102,1200,1000,750,351.756,45,2,n,100
5137,I41191,1800,1400,1020,303.45,45,11,n,100
3444,I28118,1200,1000,930,704.36,45,2,n,100
4246,I34633,1910,1200,1295,613.59,45,19,n,100
5992,I48147,1200,1000,930,347.0,45,2,n,100
3946,I32185,1600,1200,930,364.84,45,0,n,100
5281,I42597,1200,1000,750,431.704,45,2,n,100
3408,I27809,1200,1000,930,704.36,45,2,n,100
5442,I43777,1600,1200,930,358.48,45,0,n,100
5306,I42815,1600,1200,930,438.4,45,0,n,100
107,I01004,1600,1200,930,607.6,45,0,n,100
6266,I50522,1600,1200,1350,303.92,45,0,n,100
4150,I34092,1800,1400,1020,303.45,45,11,n,100
1134,I09085,1800,1400,1020,303.45,45,11,n,100
166,I01402,1600,1200,930,356.56,45,0,n,100
5016,I40269,2000,1200,2350,367.608,45,22,n,100
4660,I37654,1600,1200,1350,303.92,45,0,n,100
3114,I25295,1600,1200,930,547.3,45,0,n,100
1193,I09567,1600,1200,930,514.24,45,0,n,100
3808,I30822,1800,1200,1350,820.48,45,9,n,100
6137,I49300,1600,1200,975,808.3,45,0,n,100
400,I02915,1800,1400,1020,303.45,45,11,n,100
5223,I42059,1600,1200,930,356.56,45,0,n,100
2174,I17340,1600,1200,1350,303.92,45,0,n,100
3155,I25714,1200,1000,975,401.2,45,2,n,100
1974,I15547,1600,1200,930,784.6,45,0,n,100
292,I02079,1600,1200,930,356.56,45,0,n,100
6187,I49772,1600,1200,930,387.3,45,0,n,100
1739,I13605,1910,1200,1295,613.59,45,19,n,100
2673,I21632,1600,1200,750,582.6,45,0,n,100
3280,I26671,1910,1200,1295,613.59,45,19,n,100
5847,I46913,2000,1200,2350,367.608,45,22,n,100
2273,I18193,1910,1200,1295,613.59,45,19,n,100
3148,I25453,1600,1200,930,551.56,45,0,n,100
1526,I12173,1600,1200,930,356.2,45,0,n,100
3620,I29305,1600,1200,930,356.56,45,0,n,100
1905,I14941,1200,1000,975,401.2,45,2,n,100
4250,I34660,1600,1200,930,396.2,45,0,n,100
4576,I37211,1200,1000,975,329.77,45,2,n,100
5475,I44164,1200,1000,930,347.0,45,2,n,100
607,I04636,1600,1200,930,438.4,45,0,n,100
2160,I17282,1600,1200,1350,303.92,45,0,n,100
5145,I41243,1200,1000,930,340.1,45,2,n,100
4939,I39696,1200,1000,975,329.77,45,2,n,100
4912,I39517,1600,1200,975,808.3,45,0,n,100
4696,I37919,1600,1200,975,611.224,45,0,n,100
5379,I43185,1600,1200,1350,303.92,45,0,n,100
5240,I42107,1200,1000,930,414.14,45,2,n,100
2983,I23855,1200,1000,975,329.77,45,2,n,100
1197,I09616,1600,1200,930,356.56,45,0,n,100
5029,I40292,1800,1200,1350,820.48,45,9,n,100
5278,I42572,1600,1200,930,356.56,45,0,n,100
1908,I14965,1600,1200,930,396.2,45,0,n,100
433,I03271,1800,1400,1020,303.45,45,11,n,100
4073,I33383,2000,1200,545,408.88,45,5,n,100
121,I01043,1800,1400,1020,303.45,45,11,n,100
3560,I28895,1200,1000,750,351.756,45,2,n,100
3162,I25788,1800,1400,1020,303.45,45,11,n,100
5117,I41038,1600,1200,750,582.6,45,0,n,100
3084,I24922,1600,1200,930,663.22,45,0,n,100
866,I06765,1800,1400,1020,303.45,45,11,n,100
258,I01992,1910,1200,1295,613.59,45,19,n,100
2079,I16541,1200,1000,930,347.0,45,2,n,100
1119,I08957,1200,1000,975,401.2,45,2,n,100
454,I03465,1600,1200,930,356.2,45,0,n,100
1488,I11952,1200,1000,545,526.75,45,2,n,100
3485,I28458,1910,1200,1295,613.59,45,19,n,100
603,I04614,1600,1200,750,323.7,45,0,n,100
5422,I43594,1600,1200,930,356.2,45,0,n,100
4873,I39068,1600,1200,930,663.22,45,0,n,100
3371,I27401,1600,1200,930,358.48,45,0,n,100
5212,I41950,1600,1200,750,582.6,45,0,n,100
4180,I34249,1600,1200,930,307.13,45,0,n,100
933,I07105,1200,1000,750,351.756,45,2,n,100
2552,I20727,1200,1000,975,401.2,45,2,n,100
3504,I28477,1910,1200,1295,613.59,45,19,n,100
600,I04601,1600,1200,930,551.56,45,0,n,100
3397,I27708,1600,1200,930,830.32,45,0,n,100
2484,I20136,1600,1200,1350,303.92,45,0,n,100
5070,I40551,1200,1000,975,329.77,45,2,n,100
6178,I49716,1910,1200,1295,613.59,45,19,n,100
4165,I34158,1600,1200,975,391.432,45,0,n,100
186,I01588,2000,1200,545,408.88,45,5,n,100
3998,I32731,1600,1200,930,607.6,45,0,n,100
2027,I16157,1600,1200,1350,303.92,45,0,n,100
769,I06059,1200,1000,975,401.2,45,2,n,100
2729,I22008,1800,1400,1020,303.45,45,11,n,100
3061,I24741,1600,1200,930,356.2,45,0,n,100
5977,I48030,1600,1200,1350,303.92,45,0,n,100
3005,I24094,1600,1200,930,396.2,45,0,n,100
114,I01030,1600,1200,545,338.16,45,0,n,100
2161,I17283,1600,1200,1350,303.92,45,0,n,100
4646,I37500,1600,1200,930,547.3,45,0,n,100
2083,I16558,1800,1400,1020,303.45,45,11,n,100
4241,I34628,1910,1200,1295,613.59,45,19,n,100
3548,I28720,1600,1200,930,607.6,45,0,n,100
1775,I13955,1600,1200,930,356.2,45,0,n,100
3567,I29018,1200,1000,750,351.944,45,2,n,100
1677,I13242,1600,1200,930,356.56,45,0,n,100
5896,I47586,1600,1200,930,307.13,45,0,n,100
872,I06776,1600,1200,930,364.84,45,0,n,100
1468,I11841,1600,1200,1350,303.92,45,0,n,100
6097,I48906,1910,1200,1295,613.59,45,19,n,100
1961,I15470,1600,1200,930,663.22,45,0,n,100
3901,I31758,1600,1200,930,370.78,45,0,n,100
2632,I21479,1910,1200,1295,613.59,45,19,n,100
4350,I35597,1600,1200,930,364.84,45,0,n,100
6138,I49301,1600,1200,930,830.32,45,0,n,100
2596,I21151,1600,1200,930,454.873,45,0,n,100
3340,I27117,1200,1000,930,414.14,45,2,n,100
5594,I45014,1800,1400,1020,303.45,45,11,n,100
3036,I24438,1200,1000,750,431.704,45,2,n,100
1317,I10519,1600,1200,1350,303.92,45,0,n,100
4340,I35490,2000,1200,545,408.88,45,5,n,100
2373,I19076,1900,1200,750,845.38,45,6,n,100
5928,I47797,1910,1200,1295,613.59,45,19,n,100
2924,I23437,1600,1200,930,396.2,45,0,n,100
891,I06816,1910,1200,1295,613.59,45,19,n,100
2182,I17400,1800,1400,1020,303.45,45,11,n,100
4785,I38470,1600,1200,930,551.56,45,0,n,100
4400,I35875,1800,1200,1350,820.48,45,9,n,100
635,I04772,1800,1400,1020,303.45,45,11,n,100
3028,I24250,1600,1200,930,546.3,45,0,n,100
136,I01144,1600,1200,930,396.2,45,0,n,100
1890,I14859,1800,1400,1020,303.45,45,11,n,100
224,I01833,1800,1400,1020,303.45,45,11,n,100
2158,I17218,1800,1400,1020,303.45,45,11,n,100
646,I04784,1600,1200,930,356.56,45,0,n,100
4663,I37710,1200,1000,930,347.0,45,2,n,100
5362,I43099,1910,1200,1295,613.59,45,19,n,100
630,I04740,1600,1200,930,781.25,45,0,n,100
5282,I42598,1600,1200,930,387.3,45,0,n,100
1649,I13012,1600,1200,750,323.7,45,0,n,100
2603,I21257,1800,1200,1350,820.48,45,9,n,100
1715,I13481,1600,1200,930,356.56,45,0,n,100
6122,I49071,1600,1200,750,323.7,45,0,n,100
688,I05054,1200,1000,930,340.0,45,2,n,100
4451,I36370,1600,1200,930,551.56,45,0,n,100
746,I05768,1600,1200,930,356.56,45,0,n,100
3413,I27866,2000,1200,2350,367.608,45,22,n,100
5826,I46659,1600,1200,1350,303.92,45,0,n,100
5333,I42922,1600,1200,930,663.22,45,0,n,100
431,I03258,1200,1000,975,401.2,45,2,n,100
5686,I45676,1800,1200,1350,820.48,45,9,n,100
2335,I18635,1600,1200,930,551.56,45,0,n,100
279,I02014,1600,1200,975,611.224,45,0,n,100
5377,I43176,1600,1200,930,309.5,45,0,n,100
5532,I44643,1600,1200,930,364.84,45,0,n,100
3578,I29048,2000,1200,2350,367.608,45,22,n,100
5297,I42761,1600,1200,930,356.2,45,0,n,100
5932,I47801,1910,1200,1295,613.59,45,19,n,100
1745,I13620,1600,1200,930,309.5,45,0,n,100
1117,I08916,1200,1000,750,351.756,45,2,n,100
620,I04670,1800,1400,1020,303.45,45,11,n,100
1332,I10575,1600,1200,1350,303.92,45,0,n,100
947,I07273,1600,1200,930,356.2,45,0,n,100
5524,I44509,1600,1200,930,356.2,45,0,n,100
5727,I45928,1600,1200,930,551.56,45,0,n,100
1852,I14620,1600,1200,930,356.56,45,0,n,100
5425,I43654,1600,1200,930,356.2,45,0,n,100
1121,I08960,1600,1200,930,607.6,45,0,n,100
1448,I11607,1900,1200,750,845.38,45,6,n,100
4339,I35489,1600,1200,545,338.52,45,0,n,100
5875,I47346,1600,1200,750,323.7,45,0,n,100
733,I05528,1200,1000,750,318.7,45,2,n,100
2761,I22152,1600,1200,1350,303.92,45,0,n,100
2041,I16258,1600,1200,930,547.3,45,0,n,100
1537,I12334,1800,1400,1020,303.45,45,11,n,100
831,I06380,1800,1400,1020,303.45,45,11,n,100
4595,I37268,1910,1200,1295,613.59,45,19,n,100
323,I02409,1600,1200,545,338.52,45,0,n,100
572,I04405,1600,1200,930,307.13,45,0,n,100
5526,I44531,1600,1200,930,607.6,45,0,n,100
3206,I26124,1600,1200,930,307.13,45,0,n,100
650,I04795,1600,1200,1350,303.92,45,0,n,100
644,I04782,1600,1200,930,356.56,45,0,n,100
2350,I18814,1600,1200,930,547.3,45,0,n,100
1687,I13351,1600,1200,930,356.56,45,0,n,100
4961,I39821,1600,1200,930,663.22,45,0,n,100
398,I02913,1800,1400,1020,303.45,45,11,n,100
4732,I38151,2000,1200,2350,367.608,45,22,n,100
4513,I36727,1600,1200,1350,303.92,45,0,n,100
4018,I32884,1600,1200,975,460.0,45,0,n,100
857,I06660,1800,1400,1020,303.45,45,11,n,100
124,I01046,1800,1400,1020,303.45,45,11,n,100
4838,I38832,1200,1000,545,526.75,45,2,n,100
5277,I42517,1200,1000,545,526.75,45,2,n,100
1395,I11273,1600,1200,930,313.0,45,0,n,100
4983,I39871,1910,1200,1295,613.59,45,19,n,100
1154,I09179,1600,1200,750,323.7,45,0,n,100
2000,I15833,1200,1000,975,329.77,45,2,n,100
5834,I46824,1200,1000,750,431.704,45,2,n,100
1700,I13370,1600,1200,1350,303.92,45,0,n,100
598,I04594,1200,1000,750,431.704,45,2,n,100
1247,I10115,1600,1200,1350,303.92,45,0,n,100
5439,I43774,1600,1200,930,358.48,45,0,n,100
5970,I47975,1800,1400,1020,303.45,45,11,n,100
28,I00339,1600,1200,930,364.84,45,0,n,100
425,I03225,1600,1200,1350,303.92,45,0,n,100
4825,I38787,1600,1200,975,460.0,45,0,n,100
4833,I38804,1600,1200,1350,303.92,45,0,n,100
5833,I46800,1800,1200,1350,820.48,45,9,n,100
1730,I13596,1910,1200,1295,613.59,45,19,n,100
1218,I09835,1600,1200,930,356.56,45,0,n,100
5781,I46285,1600,1200,1350,303.92,45,0,n,100
5068,I40521,1600,1200,930,356.2,45,0,n,100
269,I02003,1910,1200,1295,613.59,45,19,n,100
6004,I48301,1200,1000,975,401.2,45,2,n,100
4882,I39204,1600,1200,975,808.3,45,0,n,100
5046,I40380,1800,1400,1020,303.45,45,11,n,100
5815,I46617,2000,1200,2350,367.608,45,22,n,100
4750,I38275,1800,1400,1020,303.45,45,11,n,100
5807,I46570,1600,1200,750,582.6,45,0,n,100
3623,I29318,1600,1200,750,323.7,45,0,n,100
4614,I37336,1200,1000,750,431.704,45,2,n,100
1547,I12387,2000,1200,545,408.88,45,5,n,100
1618,I12721,1200,1000,930,413.58,45,2,n,100
2799,I22462,1600,1200,930,356.2,45,0,n,100
4209,I34536,1600,1200,930,356.56,45,0,n,100
5893,I47552,1600,1200,930,356.56,45,0,n,100
835,I06433,1600,1200,930,356.2,45,0,n,100
2289,I18220,1600,1200,930,307.13,45,0,n,100
5353,I43090,1910,1200,1295,613.59,45,19,n,100
1914,I15038,1200,1000,750,405.72,45,2,n,100
5820,I46625,1200,1000,975,401.2,45,2,n,100
4174,I34216,1600,1200,930,663.22,45,0,n,100
3780,I30614,1200,1000,930,347.0,45,2,n,100
5083,I40760,1600,1200,750,582.6,45,0,n,100
69,I00682,1200,1000,545,526.75,45,2,n,100
1604,I12635,1600,1200,930,784.6,45,0,n,100
5937,I47806,1910,1200,1295,613.59,45,19,n,100
5558,I44731,1200,1000,975,329.77,45,2,n,100
2234,I17944,1600,1200,750,323.7,45,0,n,100
5767,I46219,1600,1200,930,551.56,45,0,n,100
4002,I32769,1600,1200,975,611.224,45,0,n,100
6226,I50131,1600,1200,930,358.48,45,0,n,100
168,I01423,1200,1000,750,431.704,45,2,n,100
2298,I18253,1600,1200,930,454.873,45,0,n,100
388,I02872,1600,1200,930,387.3,45,0,n,100
1696,I13365,1600,1200,930,307.13,45,0,n,100
5635,I45419,2000,1200,2350,367.608,45,22,n,100
1901,I14923,1600,1200,930,358.48,45,0,n,100
1969,I15478,1200,1000,975,336.7,45,2,n,100
362,I02640,1600,1200,930,547.3,45,0,n,100
3556,I28791,1600,1200,930,663.22,45,0,n,100
4930,I39679,1200,1000,1155,373.25,0,1,n,100
781,I06079,1800,1400,1020,303.45,45,11,n,100
2327,I18546,1200,1000,750,305.32,45,2,n,100
1916,I15048,1600,1200,930,356.56,45,0,n,100
4986,I39874,1910,1200,1295,613.59,45,19,n,100
2738,I22017,1600,1200,545,338.52,45,0,n,100
5415,I43569,1600,1200,930,307.13,45,0,n,100
6146,I49349,1600,1200,1350,303.92,45,0,n,100
317,I02283,1900,1200,750,845.38,45,6,n,100
1665,I13183,1800,1400,1020,303.45,45,11,n,100
4063,I33354,1800,1400,1020,303.45,45,11,n,100
3552,I28777,1800,1200,1350,820.48,45,9,n,100
1016,I07911,1800,1400,1020,303.45,45,11,n,100
426,I03226,1600,1200,1350,303.92,45,0,n,100
5144,I41239,1200,1000,750,318.7,45,2,n,100
2361,I18888,1200,1000,545,526.75,45,2,n,100
3579,I29049,2000,1200,2350,367.608,45,22,n,100
1266,I10199,1800,1400,1020,303.45,45,11,n,100
1795,I14042,1200,1000,975,329.77,45,2,n,100
5831,I46798,1200,1000,750,351.756,45,2,n,100
921,I07059,1200,1000,930,413.58,45,2,n,100
2031,I16166,1600,1200,930,396.2,45,0,n,100
2622,I21350,1600,1200,1350,303.92,45,0,n,100
4160,I34107,1200,1000,975,329.77,45,2,n,100
372,I02698,1600,1200,930,356.2,45,0,n,100
2396,I19196,1600,1200,750,323.7,45,0,n,100
4748,I38273,1800,1400,1020,303.45,45,11,n,100
3271,I26657,1200,1000,750,318.7,45,2,n,100
3703,I29747,1600,1200,975,808.3,45,0,n,100
2964,I23761,1800,1400,1020,303.45,45,11,n,100
3838,I31102,1600,1200,930,310.76,45,0,n,100
2894,I23221,1600,1200,1350,303.92,45,0,n,100
2333,I18623,1600,1200,750,582.6,45,0,n,100
2713,I21937,1600,1200,930,551.56,45,0,n,100
5512,I44415,1600,1200,930,356.2,45,0,n,100
5308,I42817,1600,1200,930,438.4,45,0,n,100
3089,I25011,1600,1200,930,356.56,45,0,n,100
1137,I09088,1800,1400,1020,303.45,45,11,n,100
439,I03309,1200,1000,975,401.2,45,2,n,100
970,I07474,1600,1200,975,460.0,45,0,n,100
1931,I15200,1600,1200,930,356.2,45,0,n,100
4175,I34217,1600,1200,930,663.22,45,0,n,100
478,I03655,1600,1200,930,438.4,45,0,n,100
2062,I16393,1600,1200,930,607.6,45,0,n,100
6253,I50464,1600,1200,930,307.13,45,0,n,100
717,I05368,1600,1200,930,514.24,45,0,n,100
4519,I36760,1600,1200,930,364.84,45,0,n,100
2415,I19511,1600,1200,930,307.13,45,0,n,100
2754,I22131,1600,1200,930,356.2,45,0,n,100
5220,I42032,1600,1200,750,582.6,45,0,n,100
4509,I36723,1600,1200,1350,303.92,45,0,n,100
6250,I50416,1600,1200,930,387.3,45,0,n,100
6039,I48531,1800,1400,1020,303.45,45,11,n,100
4148,I34090,1800,1400,1020,303.45,45,11,n,100
257,I01991,1910,1200,1295,613.59,45,19,n,100
5575,I44954,1600,1200,930,438.4,45,0,n,100
3511,I28484,1910,1200,1295,613.59,45,19,n,100
609,I04638,1600,1200,930,438.4,45,0,n,100
1418,I11417,1600,1200,930,370.78,45,0,n,100
2208,I17694,1600,1200,545,338.52,45,0,n,100
5894,I47584,1600,1200,930,307.13,45,0,n,100
5764,I46204,1200,1000,930,345.29,45,2,n,100
6025,I48488,1800,1400,1020,303.45,45,11,n,100
273,I02007,1910,1200,1295,613.59,45,19,n,100
3539,I28682,1600,1200,930,307.13,45,0,n,100
2573,I20936,1200,1000,930,704.36,45,2,n,100
5218,I41984,1600,1200,930,396.2,45,0,n,100
2866,I23013,1600,1200,930,438.4,45,0,n,100
4987,I39903,1200,1000,975,329.77,45,2,n,100
476,I03653,1600,1200,750,323.7,45,0,n,100
997,I07719,2000,1200,2350,367.608,45,22,n,100
4214,I34571,1600,1200,930,551.56,45,0,n,100
2,I00021,2000,1200,545,408.88,45,5,n,100
5854,I46956,1600,1200,750,323.7,45,0,n,100
2504,I20301,1600,1200,930,307.13,45,0,n,100
2397,I19197,1600,1200,750,323.7,45,0,n,100
6209,I50004,1600,1200,545,338.52,45,0,n,100
1015,I07910,1800,1400,1020,303.45,45,11,n,100
3289,I26785,1200,1000,975,329.77,45,2,n,100
1897,I14869,1200,1000,750,351.756,45,2,n,100
1533,I12330,1800,1400,1020,303.45,45,11,n,100
5954,I47890,1200,1000,975,336.7,45,2,n,100
963,I07466,1600,1200,930,607.6,45,0,n,100
4127,I33858,1800,1400,1020,303.45,45,11,n,100
0,I00003,1200,1000,930,413.58,45,2,n,100
2812,I22705,1600,1200,1350,303.92,45,0,n,100
3759,I30324,2000,1200,545,408.88,45,5,n,100
2845,I22926,1800,1400,1020,303.45,45,11,n,100
1768,I13770,1600,1200,1350,303.92,45,0,n,100
6176,I49714,1910,1200,1295,613.59,45,19,n,100
588,I04518,1600,1200,930,356.2,45,0,n,100
1965,I15474,1200,1000,975,336.7,45,2,n,100
2059,I16363,1600,1200,930,356.2,45,0,n,100
1316,I10518,1600,1200,545,338.16,45,0,n,100
1386,I11110,1200,1000,975,329.77,45,2,n,100
3020,I24197,1200,1000,975,329.77,45,2,n,100
4191,I34329,1200,1000,750,305.32,45,2,n,100
5180,I41572,1600,1200,930,370.78,45,0,n,100
2302,I18264,1200,1000,930,413.58,45,2,n,100
2106,I16727,1200,1000,975,329.77,45,2,n,100
2277,I18197,1910,1200,1295,613.59,45,19,n,100
4378,I35760,1910,1200,1295,613.59,45,19,n,100
153,I01305,1600,1200,930,396.2,45,0,n,100
2084,I16559,1800,1400,1020,303.45,45,11,n,100
2076,I16505,1200,1000,545,729.5,45,2,n,100
845,I06549,1600,1200,930,663.22,45,0,n,100
625,I04720,1600,1200,930,784.6,45,0,n,100
2636,I21483,1910,1200,1295,613.59,45,19,n,100
4708,I38065,1600,1200,930,454.873,45,0,n,100
3629,I29363,1600,1200,930,438.4,45,0,n,100
1746,I13630,1600,1200,930,364.84,45,0,n,100
1598,I12599,1600,1200,975,460.0,45,0,n,100
4725,I38143,1200,1000,975,329.77,45,2,n,100
5824,I46656,1600,1200,930,607.6,45,0,n,100
4577,I37212,1200,1000,975,329.77,45,2,n,100
4497,I36677,1600,1200,930,547.3,45,0,n,100
6231,I50189,1200,1000,930,413.58,45,2,n,100
1633,I12818,1600,1200,930,356.2,45,0,n,100
6224,I50129,1600,1200,930,358.48,45,0,n,100
2942,I23581,1600,1200,930,607.6,45,0,n,100
3160,I25786,1800,1400,1020,303.45,45,11,n,100
1749,I13646,1900,1200,750,713.62,45,6,n,100
1308,I10463,2000,1200,2350,367.608,45,22,n,100
4816,I38725,1600,1200,750,582.6,45,0,n,100
2824,I22777,1800,1200,1350,820.48,45,9,n,100
1712,I13416,1910,1200,1405,805.9,100,25,n,100
1063,I08362,1600,1200,930,551.56,45,0,n,100
2905,I23258,1800,1400,1020,303.45,45,11,n,100
4216,I34573,1600,1200,930,551.56,45,0,n,100
4065,I33356,1800,1400,1020,303.45,45,11,n,100
202,I01722,1800,1200,1350,820.48,45,9,n,100
3236,I26476,1600,1200,930,307.13,45,0,n,100
4991,I39932,1600,1200,930,454.873,45,0,n,100
204,I01728,1200,1000,930,345.29,45,2,n,100
396,I02911,1800,1400,1020,303.45,45,11,n,100
5331,I42920,1200,1000,975,329.77,45,2,n,100
434,I03272,1800,1400,1020,303.45,45,11,n,100
880,I06805,1910,1200,1295,613.59,45,19,n,100
2943,I23582,1200,1000,930,414.14,45,2,n,100
5441,I43776,1600,1200,930,358.48,45,0,n,100
5843,I46841,1600,1200,930,356.56,45,0,n,100
1602,I12615,1200,1000,930,345.29,45,2,n,100
4976,I39864,1910,1200,1295,613.59,45,19,n,100
1896,I14868,1200,1000,750,431.704,45,2,n,100
5025,I40288,1600,1200,930,309.5,45,0,n,100
3569,I29020,1600,1200,1350,303.92,45,0,n,100
5724,I45897,1600,1200,930,663.22,45,0,n,100
2656,I21503,1910,1200,1295,613.59,45,19,n,100
699,I05297,1600,1200,930,307.13,45,0,n,100
3685,I29689,1800,1400,1020,303.45,45,11,n,100
2680,I21719,1600,1200,930,551.56,45,0,n,100
1529,I12225,1600,1200,750,582.6,45,0,n,100
4255,I34694,1200,1000,975,329.77,45,2,n,100
6168,I49706,1910,1200,1295,613.59,45,19,n,100
4461,I36431,1800,1400,1020,303.45,45,11,n,100
875,I06800,1910,1200,1295,613.59,45,19,n,100
4761,I38329,1600,1200,750,582.6,45,0,n,100
6275,I50614,1200,1000,975,329.77,45,2,n,100
1189,I09560,1600,1200,930,307.13,45,0,n,100
6095,I48904,1910,1200,1295,613.59,45,19,n,100
1845,I14513,1800,1200,1350,820.48,45,9,n,100
229,I01894,1600,1200,930,387.3,45,0,n,100
150,I01271,1600,1200,930,663.22,45,0,n,100
4252,I34691,1600,1200,930,370.78,45,0,n,100
2486,I20139,1200,1000,750,431.704,45,2,n,100
4860,I38950,2000,1200,2350,367.608,45,22,n,100
5211,I41949,1200,1000,545,526.75,45,2,n,100
969,I07473,1600,1200,975,460.0,45,0,n,100
1705,I13391,1200,1000,545,526.75,45,2,n,100
2467,I19983,1800,1400,1020,303.45,45,11,n,100
2424,I19552,1200,1000,975,401.2,45,2,n,100
5658,I45503,1200,1000,975,329.77,45,2,n,100
456,I03483,1200,1000,545,526.75,45,2,n,100
1489,I11954,1600,1200,975,611.224,45,0,n,100
3103,I25173,1200,1000,545,690.5,45,2,n,100
2217,I17822,1600,1200,1350,303.92,45,0,n,100
4131,I33862,1600,1200,1350,303.92,45,0,n,100
5172,I41490,1600,1200,930,387.3,45,0,n,100
6113,I49004,1600,1200,930,307.13,45,0,n,100
4156,I34098,1800,1400,1020,303.45,45,11,n,100
2700,I21854,1600,1200,930,551.56,45,0,n,100
5981,I48034,1600,1200,1350,303.92,45,0,n,100
6186,I49730,2000,1200,545,408.88,45,5,n,100
370,I02696,1600,1200,930,356.2,45,0,n,100
6161,I49699,1910,1200,1295,613.59,45,19,n,100
2659,I21547,1600,1200,750,323.7,45,0,n,100
165,I01399,1200,1000,975,329.77,45,2,n,100
5862,I47119,1200,1000,930,345.29,45,2,n,100
2618,I21322,1600,1200,930,551.56,45,0,n,100
432,I03259,1600,1200,545,338.52,45,0,n,100
5519,I44497,1200,1000,975,329.77,45,2,n,100
5921,I47766,1900,1200,750,845.38,45,6,n,100
5272,I42472,1200,1000,545,526.75,45,2,n,100
3179,I25902,1600,1200,930,551.56,45,0,n,100
1511,I12142,1800,1400,1020,303.45,45,11,n,100
830,I06379,1800,1400,1020,303.45,45,11,n,100
1165,I09280,1600,1200,1350,303.92,45,0,n,100
797,I06166,1200,1000,930,414.14,45,2,n,100
813,I06303,1600,1200,930,551.56,45,0,n,100
3242,I26535,1600,1200,930,356.2,45,0,n,100
3863,I31305,1600,1200,1350,303.92,45,0,n,100
1020,I07931,1200,1000,975,329.77,45,2,n,100
5155,I41291,1600,1200,975,460.0,45,0,n,100
1388,I11115,1600,1200,930,370.78,45,0,n,100
3055,I24698,1600,1200,930,307.13,45,0,n,100
376,I02804,1600,1200,975,808.3,45,0,n,100
2792,I22396,1600,1200,930,607.6,45,0,n,100
4864,I38956,1200,1000,930,1105.44,45,2,n,100
3899,I31736,1600,1200,930,607.6,45,0,n,100
4420,I36039,1600,1200,930,454.873,45,0,n,100
1172,I09325,1600,1200,930,356.2,45,0,n,100
268,I02002,1910,1200,1295,613.59,45,19,n,100
6135,I49244,1200,1000,975,337.45,45,2,n,100
4187,I34297,1600,1200,930,358.48,45,0,n,100
1694,I13363,1600,1200,930,307.13,45,0,n,100
3996,I32727,1600,1200,930,781.25,45,0,n,100
3447,I28123,1600,1200,930,607.6,45,0,n,100
2339,I18643,1200,1000,930,319.1,45,2,n,100
5014,I40238,1600,1200,545,338.52,45,0,n,100
5599,I45053,1200,1000,975,329.77,45,2,n,100
657,I04818,1600,1200,930,547.3,45,0,n,100
1821,I14312,1600,1200,930,830.32,45,0,n,100
5312,I42829,1200,1000,975,304.12,45,2,n,100
1861,I14672,1200,1000,975,329.77,45,2,n,100
3009,I24125,1600,1200,1350,303.92,45,0,n,100
1567,I12505,1600,1200,930,607.6,45,0,n,100
1027,I08027,1200,1000,930,414.14,45,2,n,100
4734,I38200,1600,1200,930,438.4,45,0,n,100
886,I06811,1910,1200,1295,613.59,45,19,n,100
2091,I16594,1600,1200,930,784.6,45,0,n,100
4206,I34467,1200,1000,750,318.7,45,2,n,100
3403,I27737,1600,1200,930,547.3,45,0,n,100
2550,I20721,1600,1200,930,356.2,45,0,n,100
2050,I16336,1200,1000,545,690.5,45,2,n,100
3350,I27270,1200,1000,975,337.9,45,2,n,100
531,I04005,1200,1000,975,329.77,45,2,n,100
2295,I18238,1600,1200,930,551.56,45,0,n,100
2201,I17574,1200,1000,750,351.944,45,2,n,100
1002,I07750,1600,1200,930,607.6,45,0,n,100
397,I02912,1800,1400,1020,303.45,45,11,n,100
3632,I29366,1600,1200,930,438.4,45,0,n,100
3519,I28501,1600,1200,1350,303.92,45,0,n,100
1226,I10001,1600,1200,930,356.2,45,0,n,100
3679,I29669,1600,1200,930,307.13,45,0,n,100
2319,I18486,1600,1200,930,313.0,45,0,n,100
3954,I32316,1800,1200,1350,820.48,45,9,n,100
6068,I48812,1600,1200,930,396.2,45,0,n,100
2280,I18200,1910,1200,1295,613.59,45,19,n,100
2889,I23164,1600,1200,750,323.7,45,0,n,100
4344,I35566,1600,1200,930,358.48,45,0,n,100
1284,I10256,1200,1000,645,330.5,0,1,n,100
777,I06075,1800,1400,1020,303.45,45,11,n,100
2828,I22801,1600,1200,1350,303.92,45,0,n,100
1289,I10354,1200,1000,975,329.77,45,2,n,100
2250,I18128,1600,1200,930,307.13,45,0,n,100
4810,I38719,2000,1200,2350,367.608,45,22,n,100
993,I07715,2000,1200,2350,367.608,45,22,n,100
3677,I29651,1600,1200,930,607.6,45,0,n,100
1518,I12149,1600,1200,1350,310.16,45,0,n,100
3041,I24528,1200,1000,1155,366.75,0,1,n,100
2572,I20935,1200,1000,930,347.0,45,2,n,100
2399,I19214,1600,1200,930,396.2,45,0,n,100
2768,I22221,1600,1200,930,356.2,45,0,n,100
5822,I46649,1200,1000,930,319.1,45,2,n,100
3932,I32057,1600,1200,930,551.56,45,0,n,100
3669,I29608,1600,1200,1350,303.92,45,0,n,100
1349,I10879,1200,1000,975,329.77,45,2,n,100
282,I02051,1600,1200,930,356.56,45,0,n,100
6052,I48593,1600,1200,930,547.3,45,0,n,100
2165,I17331,2000,1200,545,408.88,45,5,n,100
5184,I41627,1200,1000,975,329.77,45,2,n,100
793,I06127,1910,1200,1295,613.59,45,19,n,100
3378,I27455,1600,1200,750,582.6,45,0,n,100
5704,I45857,1600,1200,930,551.56,45,0,n,100
2437,I19759,1600,1200,930,356.56,45,0,n,100
5944,I47863,1600,1200,930,663.22,45,0,n,100
4456,I36426,1800,1400,1020,303.45,45,11,n,100
11,I00170,1600,1200,930,551.56,45,0,n,100
1025,I08012,1800,1200,1350,820.48,45,9,n,100
4389,I35771,1910,1200,1295,613.59,45,19,n,100
234,I01926,1600,1200,930,607.6,45,0,n,100
945,I07264,1600,1200,930,551.56,45,0,n,100
1842,I14508,1200,1000,750,318.7,45,2,n,100
1220,I09901,1200,1000,975,329.77,45,2,n,100
3809,I30833,1600,1200,930,307.13,45,0,n,100
919,I07042,1600,1200,930,370.78,45,0,n,100
5341,I42999,1600,1200,930,313.0,45,0,n,100
4743,I38267,1200,1000,930,704.12,45,2,n,100
4924,I39614,1200,1000,975,329.77,45,2,n,100
5907,I47672,1600,1200,930,663.22,45,0,n,100
2759,I22145,1600,1200,930,784.6,45,0,n,100
3153,I25608,1200,1000,750,405.72,45,2,n,100
3346,I27205,1600,1200,930,309.5,45,0,n,100
2477,I20107,1200,1000,975,329.77,45,2,n,100
2701,I21855,1600,1200,930,551.56,45,0,n,100
5285,I42619,1200,1000,975,401.2,45,2,n,100
649,I04794,1600,1200,1350,303.92,45,0,n,100
41,I00400,1600,1200,1350,303.92,45,0,n,100
775,I06073,1800,1400,1020,303.45,45,11,n,100
1296,I10444,1800,1400,1020,303.45,45,11,n,100
2960,I23720,1200,1000,975,336.7,45,2,n,100
1491,I11972,1600,1200,930,607.6,45,0,n,100
302,I02170,1600,1200,930,663.22,45,0,n,100
3493,I28466,1910,1200,1295,613.59,45,19,n,100
2803,I22566,1800,1400,1020,303.45,45,11,n,100
5407,I43487,1600,1200,930,663.22,45,0,n,100
2151,I17193,1800,1400,1020,303.45,45,11,n,100
2412,I19391,1200,1000,930,704.36,45,2,n,100
3651,I29537,1600,1200,930,356.56,45,0,n,100
3983,I32581,1600,1200,930,551.56,45,0,n,100
20,I00276,1200,1000,930,617.24,45,2,n,100
2002,I15844,1600,1200,750,582.6,45,0,n,100
507,I03782,1600,1200,930,547.3,45,0,n,100
2751,I22121,1600,1200,930,387.3,45,0,n,100
177,I01504,1600,1200,750,582.6,45,0,n,100
4186,I34296,1600,1200,930,358.48,45,0,n,100
3927,I32034,1600,1200,930,356.56,45,0,n,100
3973,I32524,2000,1200,2350,367.608,45,22,n,100
5340,I42996,1600,1200,930,307.13,45,0,n,100
2967,I23764,1800,1400,1020,303.45,45,11,n,100
401,I02916,1600,1200,975,460.0,45,0,n,100
2416,I19512,1600,1200,930,307.13,45,0,n,100
3307,I26856,1600,1200,930,438.4,45,0,n,100
3875,I31521,1800,1400,1020,303.45,45,11,n,100
2649,I21496,1910,1200,1295,613.59,45,19,n,100
6255,I50466,1600,1200,930,307.13,45,0,n,100
5794,I46437,2000,1200,545,408.88,45,5,n,100
1274,I10215,1600,1200,930,307.13,45,0,n,100
3170,I25814,1200,1000,930,414.14,45,2,n,100
5786,I46384,1600,1200,930,310.76,45,0,n,100
5829,I46711,1600,1200,930,364.84,45,0,n,100
562,I04282,1200,1000,750,351.756,45,2,n,100
226,I01836,1200,1000,975,329.77,45,2,n,100
5646,I45430,2000,1200,2350,367.608,45,22,n,100
672,I04938,1600,1200,930,547.3,45,0,n,100
5007,I40141,1200,1000,545,729.5,45,2,n,100
2914,I23381,1600,1200,930,370.78,45,0,n,100
756,I05799,1600,1200,930,356.56,45,0,n,100
195,I01703,1900,1200,750,845.38,45,6,n,100
2902,I23255,1800,1400,1020,303.45,45,11,n,100
3416,I27886,1200,1000,975,329.77,45,2,n,100
530,I04004,1200,1000,975,329.77,45,2,n,100
5191,I41697,1200,1000,750,351.944,45,2,n,100
605,I04628,1200,1000,975,401.2,45,2,n,100
3546,I28704,1600,1200,930,454.873,45,0,n,100
676,I04949,1200,1000,975,401.2,45,2,n,100
3757,I30320,1200,1000,545,690.5,45,2,n,100
2423,I19551,1600,1200,930,307.13,45,0,n,100
485,I03663,1600,1200,930,551.56,45,0,n,100
4508,I36722,1600,1200,1350,303.92,45,0,n,100
1013,I07901,1600,1200,930,663.22,45,0,n,100
4436,I36260,1600,1200,930,438.4,45,0,n,100
3922,I31899,1600,1200,930,607.6,45,0,n,100
265,I01999,1910,1200,1295,613.59,45,19,n,100
2293,I18235,1200,1000,750,351.944,45,2,n,100
6144,I49347,1600,1200,545,338.52,45,0,n,100
1843,I14511,1800,1200,1350,820.48,45,9,n,100
2009,I16024,1600,1200,750,582.6,45,0,n,100
5000,I40106,1600,1200,1350,303.92,45,0,n,100
6207,I49975,2000,1200,545,408.88,45,5,n,100
4445,I36275,1600,1200,1350,303.92,45,0,n,100
2321,I18530,1600,1200,930,358.48,45,0,n,100
2434,I19753,1600,1200,930,551.56,45,0,n,100
3850,I31184,1200,1000,975,329.77,45,2,n,100
551,I04172,1600,1200,750,323.7,45,0,n,100
2033,I16175,1900,1200,750,713.62,45,6,n,100
2116,I16803,1600,1200,930,364.84,45,0,n,100
552,I04193,1600,1200,930,364.84,45,0,n,100
3734,I30069,1200,1000,975,384.74,45,2,n,100
6132,I49216,1800,1400,1020,303.45,45,11,n,100
1589,I12572,1200,1000,545,690.5,45,2,n,100
2789,I22381,1800,1200,1350,820.48,45,9,n,100
1429,I11467,1600,1200,930,307.13,45,0,n,100
3776,I30590,1200,1000,930,347.0,45,2,n,100
6256,I50467,1600,1200,930,307.13,45,0,n,100
3201,I26109,1600,1200,930,356.2,45,0,n,100
113,I01024,1600,1200,930,356.2,45,0,n,100
1291,I10384,1600,1200,930,364.84,45,0,n,100
4248,I34635,1910,1200,1295,613.59,45,19,n,100
6054,I48595,1600,1200,930,547.3,45,0,n,100
6185,I49723,1910,1200,1295,613.59,45,19,n,100
2532,I20632,1600,1200,930,551.56,45,0,n,100
4538,I36912,1200,1000,975,329.77,45,2,n,100
5469,I44139,1600,1200,930,364.84,45,0,n,100
3309,I26877,1200,1000,930,347.0,45,2,n,100
737,I05605,1600,1200,750,323.7,45,0,n,100
3659,I29571,1600,1200,930,438.4,45,0,n,100
3290,I26786,1200,1000,975,329.77,45,2,n,100
3039,I24524,1200,1000,930,340.1,45,2,n,100
1012,I07900,1900,1200,750,845.38,45,6,n,100
1752,I13662,1800,1400,1020,303.45,45,11,n,100
5309,I42818,1600,1200,930,438.4,45,0,n,100
1096,I08772,1600,1200,930,358.48,45,0,n,100
1560,I12445,1200,1000,750,351.756,45,2,n,100
2411,I19388,1200,1000,975,401.2,45,2,n,100
146,I01246,1600,1200,930,396.2,45,0,n,100
4470,I36440,1600,1200,930,356.2,45,0,n,100
5403,I43476,1600,1200,930,307.13,45,0,n,100
4665,I37753,1200,1000,930,340.1,45,2,n,100
3967,I32506,1600,1200,750,582.6,45,0,n,100
94,I00828,1800,1400,1020,303.45,45,11,n,100
5625,I45329,1600,1200,930,358.48,45,0,n,100
4951,I39782,1600,1200,930,358.48,45,0,n,100
4722,I38090,2000,1200,2350,367.608,45,22,n,100
342,I02511,1200,1000,975,329.77,45,2,n,100
871,I06775,1600,1200,930,364.84,45,0,n,100
133,I01120,1600,1200,930,663.22,45,0,n,100
5521,I44502,1800,1200,1350,820.48,45,9,n,100
6216,I50039,1600,1200,930,607.6,45,0,n,100
4506,I36706,1200,1000,930,345.29,45,2,n,100
3654,I29566,1600,1200,930,438.4,45,0,n,100
1250,I10118,1600,1200,1350,303.92,45,0,n,100
4996,I40049,1200,1000,975,401.2,45,2,n,100
196,I01704,1900,1200,750,845.38,45,6,n,100
2093,I16637,1200,1000,975,652.0,45,2,n,100
1639,I12865,1600,1200,750,323.7,45,0,n,100
521,I03913,1200,1000,545,729.5,45,2,n,100
4831,I38799,1600,1200,930,370.78,45,0,n,100
2290,I18221,1600,1200,930,307.13,45,0,n,100
2159,I17281,1600,1200,1350,303.92,45,0,n,100
570,I04403,1600,1200,930,307.13,45,0,n,100
5498,I44303,1200,1000,930,704.36,45,2,n,100
6016,I48438,1600,1200,545,338.16,45,0,n,100
731,I05496,1600,1200,930,663.22,45,0,n,100
3572,I29023,1600,1200,1350,303.92,45,0,n,100
3978,I32529,2000,1200,2350,367.608,45,22,n,100
1365,I10932,2000,1200,2350,367.608,45,22,n,100
5629,I45373,1600,1200,930,356.2,45,0,n,100
18,I00242,1800,1200,1350,820.48,45,9,n,100
2554,I20752,1600,1200,750,323.7,45,0,n,100
3294,I26803,1600,1200,930,358.48,45,0,n,100
4933,I39689,1600,1200,930,313.0,45,0,n,100
1592,I12575,1600,1200,930,438.4,45,0,n,100
5796,I46512,1200,1000,930,340.0,45,2,n,100
2402,I19242,1600,1200,930,307.13,45,0,n,100
3231,I26413,1200,1000,975,308.76,45,2,n,100
5178,I41565,1200,1000,975,401.2,45,2,n,100
457,I03514,1600,1200,930,784.6,45,0,n,100
363,I02641,1600,1200,930,547.3,45,0,n,100
4994,I39964,1600,1200,930,830.32,45,0,n,100
1874,I14727,1600,1200,930,356.2,45,0,n,100
2037,I16186,1200,1000,750,351.944,45,2,n,100
52,I00471,1600,1200,930,396.2,45,0,n,100
436,I03302,1200,1000,750,351.756,45,2,n,100
5292,I42756,1200,1000,975,336.7,45,2,n,100
448,I03403,1200,1000,975,384.74,45,2,n,100
5550,I44723,1600,1200,930,438.4,45,0,n,100
4652,I37550,1600,1200,930,551.56,45,0,n,100
5010,I40206,1600,1200,930,607.6,45,0,n,100
2230,I17900,1200,1000,975,401.2,45,2,n,100
4408,I35912,1800,1200,1350,820.48,45,9,n,100
2986,I23984,1200,1000,975,329.77,45,2,n,100
5152,I41275,1200,1000,750,305.32,45,2,n,100
2743,I22053,1200,1000,975,336.7,45,2,n,100
4869,I38973,1600,1200,930,663.22,45,0,n,100
1055,I08281,1200,1000,930,414.14,45,2,n,100
707,I05327,1600,1200,930,438.4,45,0,n,100
1471,I11844,1600,1200,1350,303.92,45,0,n,100
3094,I25052,1800,1200,1350,820.48,45,9,n,100
2919,I23432,1600,1200,1350,303.92,45,0,n,100
3374,I27444,1600,1200,930,356.2,45,0,n,100
5081,I40737,1800,1200,1350,820.48,45,9,n,100
4645,I37499,1600,1200,930,547.3,45,0,n,100
5311,I42825,1200,1000,930,704.36,45,2,n,100
1579,I12556,1800,1400,1020,303.45,45,11,n,100
2767,I22205,1200,1000,750,405.72,45,2,n,100
4249,I34659,1200,1000,930,414.14,45,2,n,100
5296,I42760,1200,1000,975,336.7,45,2,n,100
1248,I10116,1600,1200,1350,303.92,45,0,n,100
5672,I45628,1800,1400,1020,303.45,45,11,n,100
3701,I29745,1600,1200,750,582.6,45,0,n,100
4964,I39824,1600,1200,930,356.56,45,0,n,100
3974,I32525,2000,1200,2350,367.608,45,22,n,100
3517,I28499,1600,1200,1350,303.92,45,0,n,100
2588,I21079,1600,1200,930,358.48,45,0,n,100
2200,I17573,1200,1000,750,351.944,45,2,n,100
3420,I27934,1200,1000,975,652.0,45,2,n,100
491,I03691,1200,1000,975,329.77,45,2,n,100
1812,I14223,1600,1200,930,607.6,45,0,n,100
4959,I39802,1200,1000,975,329.77,45,2,n,100
1259,I10176,1800,1400,1020,303.45,45,11,n,100
3342,I27166,1800,1200,1350,820.48,45,9,n,100
2236,I17946,1600,1200,750,323.7,45,0,n,100
5899,I47613,1200,1000,750,405.72,45,2,n,100
4407,I35911,1800,1200,1350,820.48,45,9,n,100
1191,I09562,1600,1200,930,307.13,45,0,n,100
2886,I23152,1600,1200,930,364.84,45,0,n,100
2330,I18569,1800,1200,1350,820.48,45,9,n,100
6026,I48489,1800,1400,1020,303.45,45,11,n,100
5778,I46277,1600,1200,930,551.56,45,0,n,100
295,I02155,1600,1200,930,356.56,45,0,n,100
207,I01737,1200,1000,545,526.75,45,2,n,100
2324,I18543,1600,1200,1350,303.92,45,0,n,100
4979,I39867,1910,1200,1295,613.59,45,19,n,100
4442,I36270,1200,1000,750,318.7,45,2,n,100
161,I01370,1600,1200,750,582.6,45,0,n,100
2390,I19188,1600,1200,930,307.13,45,0,n,100
5121,I41064,1600,1200,930,663.22,45,0,n,100
6192,I49780,1200,1000,545,526.75,45,2,n,100
1412,I11328,1600,1200,1350,303.92,45,0,n,100
1933,I15253,1600,1200,1350,303.92,45,0,n,100
2221,I17850,1600,1200,930,356.2,45,0,n,100
4787,I38509,2000,1200,545,408.88,45,5,n,100
1951,I15384,1600,1200,930,307.13,45,0,n,100
1037,I08092,1600,1200,750,323.7,45,0,n,100
4651,I37514,1600,1200,930,364.84,45,0,n,100
1089,I08593,1600,1200,930,358.48,45,0,n,100
5174,I41498,1200,1000,975,652.0,45,2,n,100
5938,I47807,1910,1200,1295,613.59,45,19,n,100
2192,I17443,1600,1200,930,307.13,45,0,n,100
3161,I25787,1800,1400,1020,303.45,45,11,n,100
5934,I47803,1910,1200,1295,613.59,45,19,n,100
2996,I24040,1600,1200,930,551.56,45,0,n,100
6164,I49702,1910,1200,1295,613.59,45,19,n,100
1149,I09164,1600,1200,930,370.78,45,0,n,100
5424,I43653,1600,1200,930,356.2,45,0,n,100
5800,I46562,1800,1400,1020,303.45,45,11,n,100
1010,I07858,1600,1200,975,460.0,45,0,n,100
3735,I30072,1900,1200,750,713.62,45,6,n,100
4818,I38754,1600,1200,930,784.6,45,0,n,100
2582,I20997,1600,1200,930,830.32,45,0,n,100
5035,I40343,1600,1200,930,438.4,45,0,n,100
1623,I12799,1600,1200,930,356.2,45,0,n,100
1999,I15832,1200,1000,975,329.77,45,2,n,100
850,I06628,1200,1000,975,401.2,45,2,n,100
471,I03605,1600,1200,1350,303.92,45,0,n,100
111,I01022,1600,1200,930,356.2,45,0,n,100
4171,I34192,1200,1000,750,305.32,45,2,n,100
1804,I14162,1600,1200,930,396.2,45,0,n,100
5058,I40464,1600,1200,930,438.4,45,0,n,100
1437,I11510,1600,1200,975,460.0,45,0,n,100
1562,I12469,1900,1200,750,713.62,45,6,n,100
4437,I36261,1600,1200,930,438.4,45,0,n,100
2825,I22778,1200,1000,750,405.72,45,2,n,100
1788,I14017,1900,1200,750,713.62,45,6,n,100
4438,I36262,1600,1200,930,438.4,45,0,n,100
5497,I44299,1600,1200,930,358.48,45,0,n,100
740,I05609,1600,1200,930,663.22,45,0,n,100
5609,I45224,1600,1200,930,454.873,45,0,n,100
4548,I36978,1800,1400,1020,303.45,45,11,n,100
4570,I37177,1800,1400,1020,303.45,45,11,n,100
5488,I44247,1600,1200,930,307.13,45,0,n,100
889,I06814,1910,1200,1295,613.59,45,19,n,100
680,I04955,1800,1400,1020,303.45,45,11,n,100
5694,I45792,1600,1200,975,460.0,45,0,n,100
4274,I34863,1600,1200,1350,303.92,45,0,n,100
3947,I32186,1600,1200,930,364.84,45,0,n,100
991,I07713,2000,1200,2350,367.608,45,22,n,100
120,I01042,1800,1400,1020,303.45,45,11,n,100
905,I06830,1800,1200,1350,820.48,45,9,n,100
6148,I49351,1200,1000,930,614.16,45,2,n,100
309,I02219,1600,1200,930,663.22,45,0,n,100
197,I01711,1600,1200,930,309.5,45,0,n,100
46,I00405,1600,1200,930,547.3,45,0,n,100
1254,I10157,1200,1000,930,704.12,45,2,n,100
4779,I38435,1600,1200,1350,303.92,45,0,n,100
5175,I41500,1600,1200,930,370.78,45,0,n,100
5344,I43004,1200,1000,975,401.2,45,2,n,100
5314,I42838,1200,1000,930,704.12,45,2,n,100
1195,I09608,1200,1000,975,329.77,45,2,n,100
180,I01555,1600,1200,750,582.6,45,0,n,100
3681,I29671,1600,1200,930,307.13,45,0,n,100
6070,I48849,1600,1200,1350,303.92,45,0,n,100
5224,I42064,1600,1200,930,370.78,45,0,n,100
1904,I14928,1600,1200,930,356.56,45,0,n,100
2980,I23852,1600,1200,1350,312.72,45,0,n,100
2711,I21935,1600,1200,930,551.56,45,0,n,100
402,I02985,1200,1000,930,347.0,45,2,n,100
670,I04936,1600,1200,930,547.3,45,0,n,100
5091,I40910,1200,1000,750,405.72,45,2,n,100
2520,I20491,1200,1000,975,401.2,45,2,n,100
2446,I19839,1600,1200,930,307.13,45,0,n,100
5791,I46416,1200,1000,930,347.0,45,2,n,100
5342,I43000,1600,1200,1350,303.92,45,0,n,100
6008,I48330,1900,1200,750,713.62,45,6,n,100
5699,I45834,1600,1200,750,582.6,45,0,n,100
3407,I27798,1600,1200,545,338.16,45,0,n,100
3105,I25203,1800,1200,1350,820.48,45,9,n,100
576,I04445,1600,1200,930,364.84,45,0,n,100
5238,I42105,1600,1200,930,364.84,45,0,n,100
4471,I36470,1600,1200,930,781.25,45,0,n,100
505,I03767,1600,1200,930,438.4,45,0,n,100
1430,I11468,1600,1200,930,307.13,45,0,n,100
5956,I47892,1200,1000,750,431.704,45,2,n,100
686,I05009,1600,1200,930,546.3,45,0,n,100
4603,I37279,1600,1200,930,607.6,45,0,n,100
3898,I31735,1600,1200,930,607.6,45,0,n,100
4561,I37168,1800,1400,1020,303.45,45,11,n,100
4709,I38066,1600,1200,930,454.873,45,0,n,100
2788,I22357,1600,1200,930,551.56,45,0,n,100
231,I01915,1600,1200,930,551.56,45,0,n,100
1882,I14813,1600,1200,930,663.22,45,0,n,100
1948,I15381,1600,1200,930,356.2,45,0,n,100
1968,I15477,1200,1000,975,336.7,45,2,n,100
1383,I11107,1200,1000,975,329.77,45,2,n,100
5093,I40914,2000,1200,2350,367.608,45,22,n,100
2779,I22258,1200,1000,930,414.14,45,2,n,100
3282,I26682,1600,1200,930,663.22,45,0,n,100
3288,I26784,1600,1200,930,396.2,45,0,n,100
1208,I09713,1600,1200,930,364.84,45,0,n,100
5077,I40602,1600,1200,930,784.6,45,0,n,100
3639,I29407,1600,1200,930,551.56,45,0,n,100
5915,I47751,1600,1200,930,358.48,45,0,n,100
2104,I16725,1600,1200,930,784.6,45,0,n,100
3854,I31265,1600,1200,750,323.7,45,0,n,100
5203,I41798,1200,1000,930,617.24,45,2,n,100
1935,I15255,1600,1200,1350,303.92,45,0,n,100
1339,I10700,1200,1000,930,414.14,45,2,n,100
3112,I25256,1600,1200,930,310.76,45,0,n,100
1100,I08792,1600,1200,930,307.13,45,0,n,100
4313,I35161,1200,1000,545,526.75,45,2,n,100
5957,I47904,1600,1200,930,356.2,45,0,n,100
3145,I25420,1600,1200,930,784.6,45,0,n,100
2270,I18190,1910,1200,1295,613.59,45,19,n,100
5265,I42347,1800,1400,1020,303.45,45,11,n,100
3108,I25246,1600,1200,930,356.2,45,0,n,100
2569,I20925,1600,1200,545,338.16,45,0,n,100
4462,I36432,1800,1400,1020,303.45,45,11,n,100
329,I02427,1800,1400,1020,303.45,45,11,n,100
3641,I29421,1200,1000,930,347.0,45,2,n,100
5486,I44243,1600,1200,930,551.56,45,0,n,100
4746,I38271,1600,1200,1350,303.92,45,0,n,100
4458,I36428,1800,1400,1020,303.45,45,11,n,100
1409,I11325,1200,1000,930,347.0,45,2,n,100
5715,I45885,1600,1200,1350,303.92,45,0,n,100
1978,I15702,1600,1200,930,356.56,45,0,n,100
43,I00402,1600,1200,930,547.3,45,0,n,100
6156,I49694,1910,1200,1295,613.59,45,19,n,100
719,I05372,1800,1200,1350,820.48,45,9,n,100
1928,I15192,1200,1000,975,329.77,45,2,n,100
5583,I44971,1600,1200,930,663.22,45,0,n,100
5201,I41788,1600,1200,930,370.78,45,0,n,100
3931,I32052,1600,1200,930,356.2,45,0,n,100
6020,I48472,1600,1200,930,547.3,45,0,n,100
2710,I21934,1600,1200,930,551.56,45,0,n,100
3377,I27449,1200,1000,975,329.77,45,2,n,100
4778,I38434,1600,1200,1350,303.92,45,0,n,100
2183,I17401,1800,1400,1020,303.45,45,11,n,100
4880,I39180,1600,1200,930,307.13,45,0,n,100
5245,I42128,1600,1200,930,307.13,45,0,n,100
979,I07544,1200,1000,975,401.2,45,2,n,100
3915,I31872,1600,1200,975,460.0,45,0,n,100
3208,I26126,1600,1200,930,307.13,45,0,n,100
421,I03219,1200,1000,975,329.77,45,2,n,100
1258,I10175,1800,1400,1020,303.45,45,11,n,100
4040,I33056,1600,1200,930,547.3,45,0,n,100
4432,I36229,1600,1200,1350,303.92,45,0,n,100
4550,I36980,1800,1400,1020,303.45,45,11,n,100
2464,I19980,1800,1400,1020,303.45,45,11,n,100
826,I06375,1800,1400,1020,303.45,45,11,n,100
148,I01253,1600,1200,930,307.13,45,0,n,100
6058,I48657,1600,1200,930,370.78,45,0,n,100
5765,I46205,1200,1000,930,345.29,45,2,n,100
6145,I49348,1600,1200,1350,303.92,45,0,n,100
3110,I25248,1600,1200,930,356.2,45,0,n,100
836,I06434,1200,1000,930,340.1,45,2,n,100
4783,I38467,1200,1000,750,318.7,45,2,n,100
1869,I14696,1600,1200,930,663.22,45,0,n,100
173,I01436,1200,1000,750,351.756,45,2,n,100
4205,I34466,1600,1200,975,611.224,45,0,n,100
2776,I22241,1200,1000,975,329.77,45,2,n,100
2929,I23558,1600,1200,930,551.56,45,0,n,100
3135,I25355,1800,1200,1350,820.48,45,9,n,100
4094,I33568,1600,1200,1350,303.92,45,0,n,100
1077,I08480,1600,1200,930,370.78,45,0,n,100
4931,I39680,1200,1000,1155,373.25,0,1,n,100
1656,I13107,1600,1200,545,338.16,45,0,n,100
3721,I29917,1600,1200,930,356.2,45,0,n,100
897,I06822,1910,1200,1295,613.59,45,19,n,100
4239,I34626,1910,1200,1295,613.59,45,19,n,100
5418,I43578,1600,1200,930,307.13,45,0,n,100
3821,I31002,1800,1400,1020,303.45,45,11,n,100
5280,I42574,1600,1200,930,356.56,45,0,n,100
4232,I34619,1910,1200,1295,613.59,45,19,n,100
4132,I33863,1600,1200,1350,303.92,45,0,n,100
520,I03892,1600,1200,930,356.2,45,0,n,100
3481,I28454,1910,1200,1295,613.59,45,19,n,100
1853,I14621,1600,1200,930,356.56,45,0,n,100
5659,I45504,1200,1000,975,329.77,45,2,n,100
4689,I37875,1600,1200,930,607.6,45,0,n,100
942,I07226,1200,1000,750,351.756,45,2,n,100
2164,I17298,1200,1000,930,704.36,45,2,n,100
2473,I20018,1600,1200,930,358.48,45,0,n,100
3949,I32214,1200,1000,750,351.756,45,2,n,100
2150,I17192,1800,1400,1020,303.45,45,11,n,100
2599,I21166,1200,1000,975,329.77,45,2,n,100
1954,I15441,1600,1200,930,784.6,45,0,n,100
3484,I28457,1910,1200,1295,613.59,45,19,n,100
4467,I36437,1600,1200,750,323.7,45,0,n,100
5004,I40115,1200,1000,750,318.7,45,2,n,100
2951,I23689,1800,1400,1020,303.45,45,11,n,100
4455,I36425,1800,1400,1020,303.45,45,11,n,100
6158,I49696,1910,1200,1295,613.59,45,19,n,100
550,I04141,1600,1200,930,356.2,45,0,n,100
5577,I44956,1600,1200,930,438.4,45,0,n,100
2508,I20318,1600,1200,1350,303.92,45,0,n,100
682,I04957,1200,1000,750,431.704,45,2,n,100
5170,I41436,1600,1200,930,356.56,45,0,n,100
5790,I46397,1600,1200,930,364.84,45,0,n,100
3993,I32704,1600,1200,930,396.2,45,0,n,100
4522,I36791,1600,1200,930,356.2,45,0,n,100
5914,I47740,1200,1000,930,347.0,45,2,n,100
929,I07084,1600,1200,930,551.56,45,0,n,100
2583,I21016,1600,1200,930,781.25,45,0,n,100
6179,I49717,1910,1200,1295,613.59,45,19,n,100
3810,I30834,1600,1200,930,307.13,45,0,n,100
5723,I45896,1200,1000,645,330.5,0,1,n,100
5674,I45630,1800,1400,1020,303.45,45,11,n,100
4335,I35484,1600,1200,930,307.13,45,0,n,100
5474,I44162,1200,1000,930,413.58,45,2,n,100
428,I03239,1900,1200,750,845.38,45,6,n,100
4083,I33434,1600,1200,930,438.4,45,0,n,100
2939,I23578,1800,1400,1020,303.45,45,11,n,100
4397,I35848,1600,1200,1350,303.92,45,0,n,100
1786,I13980,1200,1000,930,338.9,45,2,n,100
5393,I43309,1200,1000,975,329.77,45,2,n,100
3869,I31439,1200,1000,545,526.75,45,2,n,100
1761,I13720,1600,1200,930,784.6,45,0,n,100
750,I05780,1600,1200,1350,303.92,45,0,n,100
5941,I47810,1910,1200,1295,613.59,45,19,n,100
5810,I46612,2000,1200,2350,367.608,45,22,n,100
6152,I49579,1200,1000,930,340.0,45,2,n,100
549,I04140,1600,1200,930,356.2,45,0,n,100
5443,I43778,1600,1200,930,607.6,45,0,n,100
2781,I22285,1200,1000,930,345.29,45,2,n,100
3646,I29531,1600,1200,930,396.2,45,0,n,100
4970,I39858,1910,1200,1295,613.59,45,19,n,100
4773,I38415,1200,1000,975,329.77,45,2,n,100
2590,I21092,1600,1200,930,663.22,45,0,n,100
854,I06642,1600,1200,930,356.2,45,0,n,100
2796,I22416,1600,1200,975,460.0,45,0,n,100
1546,I12372,1600,1200,930,607.6,45,0,n,100
2925,I23499,1600,1200,930,514.24,45,0,n,100
581,I04465,1600,1200,930,356.2,45,0,n,100
2946,I23602,1600,1200,930,663.22,45,0,n,100
992,I07714,2000,1200,2350,367.608,45,22,n,100
4097,I33588,1200,1000,930,345.29,45,2,n,100
5528,I44556,1200,1000,975,329.77,45,2,n,100
4975,I39863,1910,1200,1295,613.59,45,19,n,100
6033,I48522,1600,1200,930,607.6,45,0,n,100
3176,I25866,1200,1000,750,305.32,45,2,n,100
4301,I35119,1800,1400,1020,303.45,45,11,n,100
1906,I14960,1600,1200,930,370.78,45,0,n,100
112,I01023,1600,1200,930,356.2,45,0,n,100
5504,I44381,1200,1000,750,351.944,45,2,n,100
3573,I29024,1600,1200,1350,303.92,45,0,n,100
4558,I37121,1600,1200,930,356.56,45,0,n,100
2340,I18685,1600,1200,930,313.0,45,0,n,100
316,I02282,1900,1200,750,845.38,45,6,n,100
4320,I35353,1600,1200,930,370.78,45,0,n,100
1369,I11049,1600,1200,930,364.84,45,0,n,100
5289,I42694,1600,1200,930,607.6,45,0,n,100
4630,I37426,2000,1200,2350,367.608,45,22,n,100
3072,I24795,1600,1200,930,356.2,45,0,n,100
1713,I13423,1600,1200,930,370.78,45,0,n,100
6203,I49865,1600,1200,930,387.3,45,0,n,100
935,I07114,1600,1200,930,370.78,45,0,n,100
2987,I23985,1200,1000,975,329.77,45,2,n,100
1323,I10549,1800,1400,1020,303.45,45,11,n,100
5383,I43196,1200,1000,545,526.75,45,2,n,100
3722,I29918,1600,1200,930,356.2,45,0,n,100
5851,I46945,1600,1200,930,663.22,45,0,n,100
3051,I24657,1600,1200,1350,303.92,45,0,n,100
96,I00830,1800,1400,1020,303.45,45,11,n,100
1833,I14439,1600,1200,930,438.4,45,0,n,100
3803,I30816,1600,1200,750,323.7,45,0,n,100
3733,I30068,1800,1200,1350,820.48,45,9,n,100
3599,I29116,2000,1200,2350,367.608,45,22,n,100
2965,I23762,1800,1400,1020,303.45,45,11,n,100
1009,I07827,1600,1200,545,338.16,45,0,n,100
3136,I25356,1600,1200,930,784.6,45,0,n,100
4299,I35117,1800,1400,1020,303.45,45,11,n,100
5858,I47000,1600,1200,930,396.2,45,0,n,100
1074,I08466,1200,1000,930,345.29,45,2,n,100
6219,I50048,1200,1000,930,413.58,45,2,n,100
2118,I16888,1600,1200,930,551.56,45,0,n,100
1748,I13645,1900,1200,750,713.62,45,6,n,100
1431,I11469,1600,1200,930,307.13,45,0,n,100
3694,I29701,1600,1200,930,356.56,45,0,n,100
5610,I45225,1600,1200,930,454.873,45,0,n,100
4358,I35655,1600,1200,930,356.2,45,0,n,100
1651,I13043,1200,1000,975,329.77,45,2,n,100
3044,I24535,1800,1200,1350,820.48,45,9,n,100
3624,I29319,1600,1200,750,323.7,45,0,n,100
1571,I12519,1600,1200,930,358.48,45,0,n,100
1223,I09927,1600,1200,930,607.6,45,0,n,100
3344,I27168,1200,1000,975,337.9,45,2,n,100
1237,I10073,2000,1200,2350,367.608,45,22,n,100
789,I06123,1910,1200,1295,613.59,45,19,n,100
5197,I41766,1600,1200,930,663.22,45,0,n,100
3591,I29096,1600,1200,930,307.13,45,0,n,100
5018,I40271,2000,1200,2350,367.608,45,22,n,100
5747,I46056,1600,1200,1350,312.72,45,0,n,100
4176,I34230,1200,1000,975,329.77,45,2,n,100
2623,I21351,1600,1200,1350,303.92,45,0,n,100
1215,I09832,1600,1200,930,356.56,45,0,n,100
1462,I11812,1200,1000,975,329.77,45,2,n,100
1826,I14410,1200,1000,930,704.12,45,2,n,100
3718,I29892,1600,1200,930,607.6,45,0,n,100
3351,I27273,1600,1200,930,607.6,45,0,n,100
5668,I45563,1600,1200,930,607.6,45,0,n,100
5688,I45707,1600,1200,930,356.2,45,0,n,100
5495,I44286,1200,1000,930,704.36,45,2,n,100
296,I02156,1600,1200,930,356.56,45,0,n,100
1113,I08912,1200,1000,545,526.75,45,2,n,100
2382,I19115,1200,1000,930,347.0,45,2,n,100
868,I06767,1800,1400,1020,303.45,45,11,n,100
1120,I08959,1600,1200,930,607.6,45,0,n,100
5761,I46093,1600,1200,930,514.24,45,0,n,100
4270,I34819,1200,1000,975,329.77,45,2,n,100
1434,I11477,1600,1200,930,356.2,45,0,n,100
4868,I38972,1600,1200,930,663.22,45,0,n,100
4414,I36015,1600,1200,930,356.2,45,0,n,100
4357,I35626,1600,1200,930,387.3,45,0,n,100
3007,I24123,1600,1200,1350,303.92,45,0,n,100
1542,I12339,1800,1400,1020,303.45,45,11,n,100
3423,I27956,1600,1200,930,364.84,45,0,n,100
4988,I39910,1200,1000,975,465.1,45,2,n,100
4204,I34465,1600,1200,975,611.224,45,0,n,100
4759,I38317,1600,1200,930,551.56,45,0,n,100
1177,I09355,1600,1200,750,323.7,45,0,n,100
4294,I35088,1200,1000,975,329.77,45,2,n,100
5351,I43088,1910,1200,1295,613.59,45,19,n,100
6201,I49863,1600,1200,930,364.84,45,0,n,100
75,I00699,1200,1000,975,336.7,45,2,n,100
19,I00244,1600,1200,930,607.6,45,0,n,100
5402,I43475,1600,1200,930,307.13,45,0,n,100
92,I00826,1800,1400,1020,303.45,45,11,n,100
2519,I20473,1800,1200,1350,820.48,45,9,n,100
4619,I37378,1600,1200,930,784.6,45,0,n,100
5102,I40977,1200,1000,545,729.5,45,2,n,100
2309,I18412,1600,1200,930,663.22,45,0,n,100
55,I00488,1600,1200,750,323.7,45,0,n,100
4050,I33244,1200,1000,975,329.77,45,2,n,100
2334,I18625,1200,1000,930,704.12,45,2,n,100
4573,I37208,1600,1200,930,358.48,45,0,n,100
4618,I37350,1600,1200,930,309.5,45,0,n,100
4104,I33604,1200,1000,975,329.77,45,2,n,100
5087,I40787,1600,1200,975,460.0,45,0,n,100
1971,I15480,1200,1000,975,336.7,45,2,n,100
57,I00515,1200,1000,975,329.77,45,2,n,100
3180,I25907,1600,1200,1350,303.92,45,0,n,100
4741,I38213,1200,1000,930,704.36,45,2,n,100
4510,I36724,1600,1200,1350,303.92,45,0,n,100
4221,I34608,1910,1200,1295,613.59,45,19,n,100
5811,I46613,2000,1200,2350,367.608,45,22,n,100
4285,I34988,1200,1000,930,414.14,45,2,n,100
3919,I31896,1600,1200,930,607.6,45,0,n,100
4430,I36225,1600,1200,545,338.16,45,0,n,100
1283,I10254,1600,1200,930,454.873,45,0,n,100
5142,I41234,1600,1200,930,364.84,45,0,n,100
1446,I11582,1600,1200,1350,303.92,45,0,n,100
3332,I27104,1600,1200,930,307.13,45,0,n,100
318,I02331,1600,1200,975,460.0,45,0,n,100
5755,I46072,1600,1200,930,547.3,45,0,n,100
995,I07717,2000,1200,2350,367.608,45,22,n,100
5879,I47369,1800,1200,1350,820.48,45,9,n,100
1275,I10239,1200,1000,930,340.1,45,2,n,100
2660,I21548,1600,1200,750,323.7,45,0,n,100
5927,I47796,1910,1200,1295,613.59,45,19,n,100
2547,I20702,1200,1000,930,345.29,45,2,n,100
6031,I48494,1600,1200,930,307.13,45,0,n,100
4507,I36721,1600,1200,1350,303.92,45,0,n,100
4544,I36955,1200,1000,975,329.77,45,2,n,100
1691,I13360,1600,1200,930,607.6,45,0,n,100
820,I06347,1600,1200,930,547.3,45,0,n,100
2854,I22943,1600,1200,930,547.3,45,0,n,100
5940,I47809,1910,1200,1295,613.59,45,19,n,100
3199,I26092,1600,1200,975,808.3,45,0,n,100
2463,I19969,1600,1200,930,364.84,45,0,n,100
4071,I33363,1600,1200,545,338.16,45,0,n,100
5171,I41483,1600,1200,930,370.78,45,0,n,100
3233,I26437,1600,1200,930,607.6,45,0,n,100
765,I05993,1600,1200,930,309.5,45,0,n,100
760,I05901,1600,1200,930,307.13,45,0,n,100
40,I00399,1600,1200,1350,303.92,45,0,n,100
59,I00517,1200,1000,975,329.77,45,2,n,100
5623,I45320,1600,1200,750,323.7,45,0,n,100
1094,I08770,1600,1200,930,358.48,45,0,n,100
1309,I10464,2000,1200,2350,367.608,45,22,n,100
4051,I33245,1200,1000,975,329.77,45,2,n,100
6041,I48533,1800,1400,1020,303.45,45,11,n,100
1382,I11106,1200,1000,975,329.77,45,2,n,100
355,I02620,1600,1200,930,781.25,45,0,n,100
662,I04851,2000,1200,545,408.88,45,5,n,100
1638,I12864,1600,1200,750,323.7,45,0,n,100
383,I02817,1800,1400,1020,303.45,45,11,n,100
303,I02171,1600,1200,930,663.22,45,0,n,100
2933,I23572,1800,1400,1020,303.45,45,11,n,100
2850,I22931,1800,1400,1020,303.45,45,11,n,100
4846,I38896,1600,1200,930,396.2,45,0,n,100
2275,I18195,1910,1200,1295,613.59,45,19,n,100
1311,I10466,2000,1200,2350,367.608,45,22,n,100
1400,I11283,1600,1200,930,663.22,45,0,n,100
647,I04787,1200,1000,545,526.75,45,2,n,100
2568,I20923,1200,1000,975,329.77,45,2,n,100
1415,I11349,1600,1200,1350,303.92,45,0,n,100
3581,I29051,2000,1200,2350,367.608,45,22,n,100
4739,I38205,1600,1200,930,438.4,45,0,n,100
1366,I10951,1600,1200,750,323.7,45,0,n,100
5598,I45049,1200,1000,930,704.12,45,2,n,100
1820,I14311,1200,1000,930,414.14,45,2,n,100
513,I03879,1600,1200,930,551.56,45,0,n,100
1059,I08358,1600,1200,930,356.56,45,0,n,100
332,I02430,1800,1400,1020,303.45,45,11,n,100
3171,I25815,1200,1000,930,414.14,45,2,n,100
1648,I12991,1600,1200,930,364.84,45,0,n,100
4857,I38947,2000,1200,2350,367.608,45,22,n,100
4332,I35472,1600,1200,750,323.7,45,0,n,100
1986,I15770,1200,1000,545,690.5,45,2,n,100
936,I07117,1600,1200,545,338.52,45,0,n,100
3866,I31424,1900,1200,750,713.62,45,6,n,100
1399,I11282,1600,1200,930,663.22,45,0,n,100
2433,I19710,1200,1000,750,318.7,45,2,n,100
1514,I12145,1800,1400,1020,303.45,45,11,n,100
651,I04796,1600,1200,1350,303.92,45,0,n,100
172,I01435,1200,1000,750,351.756,45,2,n,100
4686,I37848,1600,1200,930,387.3,45,0,n,100
1187,I09558,1600,1200,930,307.13,45,0,n,100
5557,I44730,1200,1000,975,329.77,45,2,n,100
3060,I24740,1600,1200,975,460.0,45,0,n,100
2950,I23688,1800,1400,1020,303.45,45,11,n,100
2585,I21047,1200,1000,545,690.5,45,2,n,100
2341,I18693,1600,1200,930,607.6,45,0,n,100
3113,I25257,1600,1200,930,313.0,45,0,n,100
5237,I42104,1600,1200,930,364.84,45,0,n,100
4895,I39268,1600,1200,930,307.13,45,0,n,100
2549,I20720,1600,1200,930,356.2,45,0,n,100
2912,I23379,1200,1000,975,329.77,45,2,n,100
1066,I08371,1200,1000,975,329.77,45,2,n,100
2922,I23435,1600,1200,1350,303.92,45,0,n,100
4532,I36842,1600,1200,930,663.22,45,0,n,100
284,I02062,1600,1200,930,307.13,45,0,n,100
1073,I08397,1600,1200,930,396.2,45,0,n,100
994,I07716,2000,1200,2350,367.608,45,22,n,100
5315,I42855,1600,1200,930,307.13,45,0,n,100
2826,I22799,1600,1200,1350,303.92,45,0,n,100
4375,I35757,1910,1200,1295,613.59,45,19,n,100
3293,I26802,1600,1200,930,358.48,45,0,n,100
2804,I22567,1800,1400,1020,303.45,45,11,n,100
4305,I35123,1800,1400,1020,303.45,45,11,n,100
1307,I10462,2000,1200,2350,367.608,45,22,n,100
2098,I16678,1200,1000,975,329.77,45,2,n,100
6257,I50468,1600,1200,930,307.13,45,0,n,100
5871,I47330,1600,1200,975,460.0,45,0,n,100
695,I05248,1200,1000,930,704.12,45,2,n,100
2404,I19300,1800,1400,1020,303.45,45,11,n,100
5690,I45767,1200,1000,750,305.32,45,2,n,100
2872,I23025,1200,1000,975,329.77,45,2,n,100
6238,I50246,1600,1200,1350,303.92,45,0,n,100
2008,I15946,1600,1200,930,663.22,45,0,n,100
1998,I15829,1600,1200,930,356.2,45,0,n,100
961,I07457,1600,1200,930,547.3,45,0,n,100
1513,I12144,1800,1400,1020,303.45,45,11,n,100
4168,I34189,1600,1200,930,307.13,45,0,n,100
3989,I32633,1600,1200,545,338.52,45,0,n,100
3746,I30252,1200,1000,750,305.32,45,2,n,100
4997,I40069,1600,1200,975,460.0,45,0,n,100
4850,I38934,2000,1200,2350,367.608,45,22,n,100
1729,I13595,1910,1200,1295,613.59,45,19,n,100
2496,I20284,1200,1000,975,652.0,45,2,n,100
4019,I32890,1600,1200,930,663.22,45,0,n,100
5453,I43866,1600,1200,1350,303.92,45,0,n,100
3152,I25600,1600,1200,750,323.7,45,0,n,100
2529,I20607,1600,1200,930,358.48,45,0,n,100
4370,I35735,1200,1000,930,338.9,45,2,n,100
3363,I27343,1600,1200,1350,303.92,45,0,n,100
1757,I13667,1800,1400,1020,303.45,45,11,n,100
1505,I12102,1200,1000,545,729.5,45,2,n,100
3018,I24176,1800,1400,1020,303.45,45,11,n,100
3816,I30901,1600,1200,930,396.2,45,0,n,100
6174,I49712,1910,1200,1295,613.59,45,19,n,100
4473,I36543,1600,1200,930,370.78,45,0,n,100
48,I00437,1600,1200,975,460.0,45,0,n,100
5823,I46650,1200,1000,975,337.9,45,2,n,100
3259,I26596,1600,1200,930,547.3,45,0,n,100
533,I04007,1200,1000,975,329.77,45,2,n,100
2810,I22616,1200,1000,930,345.29,45,2,n,100
1493,I11980,1600,1200,930,370.78,45,0,n,100
1447,I11583,1600,1200,1350,303.92,45,0,n,100
1770,I13851,1600,1200,930,663.22,45,0,n,100
1923,I15185,1600,1200,930,307.13,45,0,n,100
3693,I29697,1800,1400,1020,303.45,45,11,n,100
6260,I50510,1600,1200,930,356.2,45,0,n,100
2868,I23015,1600,1200,930,438.4,45,0,n,100
4226,I34613,1910,1200,1295,613.59,45,19,n,100
3126,I25310,1600,1200,930,356.2,45,0,n,100
2777,I22252,1600,1200,930,387.3,45,0,n,100
5998,I48195,1600,1200,930,307.13,45,0,n,100
6011,I48369,1600,1200,930,663.22,45,0,n,100
2351,I18815,1600,1200,930,547.3,45,0,n,100
4395,I35846,1600,1200,930,663.22,45,0,n,100
6234,I50192,1600,1200,930,356.2,45,0,n,100
926,I07070,1200,1000,545,526.75,45,2,n,100
3747,I30258,1200,1000,750,351.756,45,2,n,100
4110,I33666,1600,1200,930,364.84,45,0,n,100
2890,I23211,1200,1000,930,614.16,45,2,n,100
564,I04286,1600,1200,930,356.2,45,0,n,100
5731,I45963,1200,1000,975,329.77,45,2,n,100
4890,I39263,1600,1200,930,551.56,45,0,n,100
3031,I24341,1200,1000,930,319.1,45,2,n,100
4306,I35133,1600,1200,750,582.6,45,0,n,100
5098,I40919,2000,1200,2350,367.608,45,22,n,100
5509,I44388,1600,1200,930,307.13,45,0,n,100
5230,I42078,1600,1200,930,307.13,45,0,n,100
6088,I48897,1910,1200,1295,613.59,45,19,n,100
1129,I09004,1600,1200,750,323.7,45,0,n,100
1550,I12419,1600,1200,930,547.3,45,0,n,100
3037,I24470,1600,1200,930,358.48,45,0,n,100
817,I06344,1600,1200,930,547.3,45,0,n,100
722,I05375,1800,1200,1350,820.48,45,9,n,100
3405,I27769,1200,1000,1155,366.75,0,1,n,100
4199,I34411,1600,1200,975,460.0,45,0,n,100
1883,I14814,1600,1200,930,663.22,45,0,n,100
3607,I29191,1600,1200,930,356.56,45,0,n,100
3390,I27559,1200,1000,545,526.75,45,2,n,100
67,I00658,1200,1000,975,337.45,45,2,n,100
2797,I22417,1600,1200,975,460.0,45,0,n,100
2052,I16345,1800,1200,1350,820.48,45,9,n,100
3249,I26543,1200,1000,975,329.77,45,2,n,100
563,I04285,1600,1200,930,356.2,45,0,n,100
216,I01761,1600,1200,930,438.4,45,0,n,100
1282,I10253,1600,1200,930,454.873,45,0,n,100
953,I07414,1200,1000,750,431.704,45,2,n,100
1508,I12139,1800,1400,1020,303.45,45,11,n,100
2575,I20939,1200,1000,930,414.14,45,2,n,100
2709,I21931,1600,1200,975,460.0,45,0,n,100
3705,I29766,1200,1000,930,704.36,45,2,n,100
1355,I10911,1600,1200,1350,303.92,45,0,n,100
652,I04797,1600,1200,1350,303.92,45,0,n,100
3791,I30746,1600,1200,1350,310.16,45,0,n,100
5165,I41410,1200,1000,975,401.2,45,2,n,100
1467,I11840,1600,1200,1350,303.92,45,0,n,100
4636,I37444,1600,1200,930,358.48,45,0,n,100
3565,I28989,1600,1200,930,309.5,45,0,n,100
3814,I30875,1600,1200,930,551.56,45,0,n,100
3750,I30265,1600,1200,545,338.52,45,0,n,100
1093,I08769,1600,1200,930,358.48,45,0,n,100
2064,I16396,1200,1000,930,704.12,45,2,n,100
2592,I21144,1900,1200,750,713.62,45,6,n,100
5447,I43788,1600,1200,930,356.2,45,0,n,100
5908,I47674,1200,1000,750,305.32,45,2,n,100
3139,I25362,1600,1200,930,356.2,45,0,n,100
6211,I50006,1600,1200,930,454.873,45,0,n,100
3777,I30594,1600,1200,930,356.2,45,0,n,100
2654,I21501,1910,1200,1295,613.59,45,19,n,100
799,I06191,1600,1200,930,309.5,45,0,n,100
3864,I31339,1200,1000,930,340.0,45,2,n,100
5440,I43775,1600,1200,930,358.48,45,0,n,100
263,I01997,1910,1200,1295,613.59,45,19,n,100
243,I01972,1800,1400,1020,303.45,45,11,n,100
1269,I10202,1800,1400,1020,303.45,45,11,n,100
5205,I41884,1600,1200,930,358.48,45,0,n,100
1615,I12680,1600,1200,930,307.13,45,0,n,100
545,I04112,1600,1200,1350,303.92,45,0,n,100
1180,I09434,2000,1200,2350,367.608,45,22,n,100
10,I00163,1600,1200,930,356.2,45,0,n,100
1877,I14744,1200,1000,975,329.77,45,2,n,100
1255,I10158,1600,1200,1350,303.92,45,0,n,100
2883,I23053,1200,1000,1155,366.75,0,1,n,100
2536,I20656,1600,1200,930,784.6,45,0,n,100
1790,I14026,1600,1200,930,313.0,45,0,n,100
3437,I28003,1600,1200,930,356.2,45,0,n,100
340,I02461,1600,1200,930,663.22,45,0,n,100
1937,I15273,1200,1000,930,414.14,45,2,n,100
3279,I26670,1910,1200,1295,613.59,45,19,n,100
294,I02146,1200,1000,930,413.58,45,2,n,100
2383,I19126,1600,1200,930,356.56,45,0,n,100
3653,I29565,1600,1200,930,438.4,45,0,n,100
5726,I45927,1600,1200,930,551.56,45,0,n,100
1304,I10452,1600,1200,930,364.84,45,0,n,100
4024,I32944,1600,1200,930,307.13,45,0,n,100
2466,I19982,1800,1400,1020,303.45,45,11,n,100
794,I06128,1600,1200,930,784.6,45,0,n,100
2631,I21478,1910,1200,1295,613.59,45,19,n,100
1807,I14175,1600,1200,930,356.2,45,0,n,100
5878,I47368,1800,1200,1350,820.48,45,9,n,100
1186,I09546,1200,1000,930,413.58,45,2,n,100
1769,I13836,1600,1200,930,784.6,45,0,n,100
5095,I40916,2000,1200,2350,367.608,45,22,n,100
2949,I23687,1800,1400,1020,303.45,45,11,n,100
3080,I24841,1200,1000,930,704.12,45,2,n,100
3335,I27107,1600,1200,930,307.13,45,0,n,100
972,I07477,1600,1200,930,356.56,45,0,n,100
5911,I47694,1600,1200,930,307.13,45,0,n,100
1915,I15047,1600,1200,930,551.56,45,0,n,100
2734,I22013,1800,1400,1020,303.45,45,11,n,100
3411,I27864,2000,1200,2350,367.608,45,22,n,100
3140,I25372,1600,1200,930,358.48,45,0,n,100
2511,I20321,1600,1200,1350,303.92,45,0,n,100
420,I03218,1600,1200,930,356.56,45,0,n,100
2778,I22253,1600,1200,930,387.3,45,0,n,100
5803,I46566,1600,1200,930,307.13,45,0,n,100
3626,I29360,1200,1000,930,345.29,45,2,n,100
1525,I12172,1600,1200,545,338.52,45,0,n,100
790,I06124,1910,1200,1295,613.59,45,19,n,100
3787,I30693,1200,1000,750,351.944,45,2,n,100
3533,I28668,1600,1200,930,358.48,45,0,n,100
1763,I13744,1200,1000,930,413.58,45,2,n,100
4085,I33436,1600,1200,930,438.4,45,0,n,100
5159,I41310,1600,1200,750,582.6,45,0,n,100
2257,I18177,1910,1200,1295,613.59,45,19,n,100
803,I06254,2000,1200,2350,367.608,45,22,n,100
848,I06552,1600,1200,930,358.48,45,0,n,100
2144,I17167,1200,1000,975,329.77,45,2,n,100
1419,I11418,1200,1000,930,347.0,45,2,n,100
465,I03567,1600,1200,975,611.224,45,0,n,100
5535,I44661,1600,1200,1350,303.92,45,0,n,100
6027,I48490,1800,1400,1020,303.45,45,11,n,100
3331,I27103,1600,1200,930,307.13,45,0,n,100
2385,I19128,1600,1200,930,356.56,45,0,n,100
5208,I41914,1200,1000,750,431.704,45,2,n,100
5827,I46660,1600,1200,1350,303.92,45,0,n,100
1664,I13182,1800,1400,1020,303.45,45,11,n,100
3439,I28018,2000,1200,545,408.88,45,5,n,100
1856,I14647,1600,1200,545,338.16,45,0,n,100
3098,I25155,1600,1200,930,396.2,45,0,n,100
5523,I44504,1600,1200,930,663.22,45,0,n,100
4401,I35876,1800,1200,1350,820.48,45,9,n,100
2400,I19215,1600,1200,930,396.2,45,0,n,100
254,I01988,1910,1200,1295,613.59,45,19,n,100
5037,I40347,1600,1200,1350,303.92,45,0,n,100
3635,I29372,1600,1200,545,338.52,45,0,n,100
1140,I09091,1800,1400,1020,303.45,45,11,n,100
4240,I34627,1910,1200,1295,613.59,45,19,n,100
1506,I12137,1800,1400,1020,303.45,45,11,n,100
5459,I44092,1600,1200,930,358.48,45,0,n,100
4780,I38436,1600,1200,1350,303.92,45,0,n,100
6012,I48415,1600,1200,930,784.6,45,0,n,100
1762,I13721,1600,1200,930,784.6,45,0,n,100
5503,I44380,1200,1000,750,351.944,45,2,n,100
1909,I14970,1800,1200,1350,820.48,45,9,n,100
1453,I11637,1600,1200,1350,303.92,45,0,n,100
1620,I12770,1600,1200,930,784.6,45,0,n,100
87,I00821,1800,1400,1020,303.45,45,11,n,100
5534,I44646,1600,1200,1350,303.92,45,0,n,100
193,I01696,1200,1000,930,340.1,45,2,n,100
2036,I16185,1600,1200,930,313.0,45,0,n,100
1360,I10923,1600,1200,750,323.7,45,0,n,100
3480,I28453,1910,1200,1295,613.59,45,19,n,100
4275,I34864,1600,1200,1350,303.92,45,0,n,100
1375,I11090,1200,1000,975,329.77,45,2,n,100
2372,I19075,1900,1200,750,845.38,45,6,n,100
1781,I13968,1600,1200,930,358.48,45,0,n,100
6087,I48896,1910,1200,1295,613.59,45,19,n,100
5508,I44387,1600,1200,930,307.13,45,0,n,100
4256,I34695,1200,1000,975,329.77,45,2,n,100
2625,I21462,1800,1200,1350,820.48,45,9,n,100
3912,I31858,1600,1200,930,607.6,45,0,n,100
4223,I34610,1910,1200,1295,613.59,45,19,n,100
4153,I34095,1800,1400,1020,303.45,45,11,n,100
6080,I48889,1910,1200,1295,613.59,45,19,n,100
499,I03722,1600,1200,930,358.48,45,0,n,100
3328,I27076,1200,1000,930,340.1,45,2,n,100
126,I01048,1800,1400,1020,303.45,45,11,n,100
4139,I33941,1200,1000,975,329.77,45,2,n,100
1534,I12331,1800,1400,1020,303.45,45,11,n,100
4622,I37381,1600,1200,930,438.4,45,0,n,100
1792,I14028,1200,1000,930,704.12,45,2,n,100
1624,I12806,1200,1000,545,526.75,45,2,n,100
2080,I16555,1800,1400,1020,303.45,45,11,n,100
2542,I20684,1600,1200,545,338.52,45,0,n,100
4088,I33492,1600,1200,750,323.7,45,0,n,100
4444,I36274,1600,1200,1350,303.92,45,0,n,100
3637,I29375,1600,1200,975,460.0,45,0,n,100
5513,I44427,1200,1000,975,329.77,45,2,n,100
3944,I32181,1200,1000,930,413.58,45,2,n,100
266,I02000,1910,1200,1295,613.59,45,19,n,100
3590,I29095,1600,1200,930,307.13,45,0,n,100
4514,I36728,1600,1200,1350,303.92,45,0,n,100
4995,I40027,1200,1000,545,526.75,45,2,n,100
1173,I09351,1600,1200,930,387.3,45,0,n,100
3401,I27735,1600,1200,930,547.3,45,0,n,100
1717,I13531,1600,1200,930,454.873,45,0,n,100
3535,I28671,1800,1400,1020,303.45,45,11,n,100
1483,I11878,1600,1200,930,438.4,45,0,n,100
3879,I31525,1800,1400,1020,303.45,45,11,n,100
3751,I30285,1600,1200,930,454.873,45,0,n,100
629,I04732,1600,1200,930,387.3,45,0,n,100
1611,I12676,1600,1200,930,307.13,45,0,n,100
3555,I28790,1600,1200,930,663.22,45,0,n,100
5895,I47585,1600,1200,930,307.13,45,0,n,100
5395,I43311,1200,1000,975,329.77,45,2,n,100
655,I04816,1600,1200,930,547.3,45,0,n,100
4804,I38658,1800,1400,1020,303.45,45,11,n,100
5489,I44249,1600,1200,975,460.0,45,0,n,100
4592,I37265,1910,1200,1295,613.59,45,19,n,100
2218,I17823,1600,1200,1350,303.92,45,0,n,100
4881,I39181,1600,1200,930,307.13,45,0,n,100
4586,I37259,1910,1200,1295,613.59,45,19,n,100
1306,I10461,2000,1200,2350,367.608,45,22,n,100
2389,I19167,1600,1200,1350,303.92,45,0,n,100
2253,I18131,1600,1200,930,307.13,45,0,n,100
2806,I22569,1800,1400,1020,303.45,45,11,n,100
3836,I31067,1600,1200,930,607.6,45,0,n,100
939,I07120,1600,1200,1350,303.92,45,0,n,100
1297,I10445,1800,1400,1020,303.45,45,11,n,100
3109,I25247,1600,1200,930,356.2,45,0,n,100
1950,I15383,1600,1200,930,307.13,45,0,n,100
827,I06376,1800,1400,1020,303.45,45,11,n,100
785,I06119,1910,1200,1295,613.59,45,19,n,100
4082,I33433,1600,1200,930,438.4,45,0,n,100
5945,I47881,1600,1200,1350,303.92,45,0,n,100
4738,I38204,1600,1200,930,438.4,45,0,n,100
1138,I09089,1800,1400,1020,303.45,45,11,n,100
5041,I40375,1800,1400,1020,303.45,45,11,n,100
2297,I18252,1200,1000,975,329.77,45,2,n,100
683,I04969,1600,1200,930,364.84,45,0,n,100
2075,I16504,1200,1000,545,729.5,45,2,n,100
3100,I25164,2000,1200,545,408.88,45,5,n,100
1591,I12574,1600,1200,930,438.4,45,0,n,100
464,I03566,1900,1200,750,713.62,45,6,n,100
5460,I44109,1600,1200,930,784.6,45,0,n,100
1930,I15194,1200,1000,975,329.77,45,2,n,100
2955,I23703,1600,1200,930,551.56,45,0,n,100
4637,I37445,1600,1200,930,358.48,45,0,n,100
2676,I21642,1200,1000,975,329.77,45,2,n,100
5619,I45294,1600,1200,930,387.3,45,0,n,100
2567,I20922,1200,1000,975,329.77,45,2,n,100
1344,I10783,1200,1000,975,401.2,45,2,n,100
5565,I44804,1600,1200,930,784.6,45,0,n,100
1404,I11299,1600,1200,930,358.48,45,0,n,100
320,I02335,1200,1000,930,345.29,45,2,n,100
2184,I17402,1800,1400,1020,303.45,45,11,n,100
26,I00334,1200,1000,645,330.5,0,1,n,100
759,I05900,1600,1200,930,307.13,45,0,n,100
1803,I14123,1600,1200,930,356.56,45,0,n,100
3631,I29365,1600,1200,930,438.4,45,0,n,100
1039,I08094,1600,1200,750,323.7,45,0,n,100
4883,I39205,1200,1000,975,329.77,45,2,n,100
5640,I45424,2000,1200,2350,367.608,45,22,n,100
2574,I20938,1200,1000,930,414.14,45,2,n,100
1989,I15816,1900,1200,750,845.38,45,6,n,100
2823,I22776,1800,1200,1350,820.48,45,9,n,100
2001,I15834,1200,1000,975,329.77,45,2,n,100
4494,I36674,1600,1200,930,547.3,45,0,n,100
1273,I10214,1600,1200,930,307.13,45,0,n,100
3738,I30137,1200,1000,545,690.5,45,2,n,100
5999,I48196,1600,1200,1350,303.92,45,0,n,100
2879,I23034,1600,1200,930,551.56,45,0,n,100
5136,I41190,1800,1400,1020,303.45,45,11,n,100
5438,I43773,1600,1200,930,784.6,45,0,n,100
4452,I36371,1600,1200,930,551.56,45,0,n,100
417,I03208,1200,1000,750,431.704,45,2,n,100
2439,I19761,1600,1200,930,356.56,45,0,n,100
6217,I50040,1600,1200,930,607.6,45,0,n,100
1912,I14974,1600,1200,930,358.48,45,0,n,100
3082,I24896,1200,1000,545,729.5,45,2,n,100
1577,I12554,1800,1400,1020,303.45,45,11,n,100
1886,I14848,1200,1000,930,413.58,45,2,n,100
2640,I21487,1910,1200,1295,613.59,45,19,n,100
4981,I39869,1910,1200,1295,613.59,45,19,n,100
3301,I26850,1200,1000,545,729.5,45,2,n,100
3441,I28024,1200,1000,975,652.0,45,2,n,100
315,I02281,1800,1200,1350,820.48,45,9,n,100
4620,I37379,1600,1200,930,438.4,45,0,n,100
2559,I20819,1200,1000,930,413.58,45,2,n,100
5002,I40108,1600,1200,930,356.2,45,0,n,100
6202,I49864,1600,1200,930,387.3,45,0,n,100
877,I06802,1910,1200,1295,613.59,45,19,n,100
4523,I36792,1600,1200,930,356.2,45,0,n,100
3965,I32491,1600,1200,1350,303.92,45,0,n,100
3381,I27464,1800,1200,1350,820.48,45,9,n,100
3194,I26021,1600,1200,750,582.6,45,0,n,100
608,I04637,1600,1200,930,438.4,45,0,n,100
764,I05933,1200,1000,930,340.1,45,2,n,100
6056,I48650,1600,1200,930,387.3,45,0,n,100
1603,I12634,1600,1200,930,784.6,45,0,n,100
5612,I45250,1600,1200,750,323.7,45,0,n,100
5052,I40386,1600,1200,930,438.4,45,0,n,100
3811,I30835,1600,1200,930,307.13,45,0,n,100
604,I04627,1200,1000,975,401.2,45,2,n,100
6236,I50210,1600,1200,975,808.3,45,0,n,100
4502,I36682,1600,1200,930,547.3,45,0,n,100
833,I06382,1800,1400,1020,303.45,45,11,n,100
5687,I45683,1600,1200,750,582.6,45,0,n,100
2199,I17562,1600,1200,930,370.78,45,0,n,100
3045,I24589,1600,1200,930,546.3,45,0,n,100
5946,I47882,1600,1200,1350,303.92,45,0,n,100
2367,I19018,1200,1000,930,413.58,45,2,n,100
3313,I26933,1600,1200,930,551.56,45,0,n,100
2695,I21813,1600,1200,930,356.2,45,0,n,100
2420,I19548,1600,1200,930,307.13,45,0,n,100
1209,I09714,1600,1200,930,358.48,45,0,n,100
4938,I39695,1200,1000,975,329.77,45,2,n,100
446,I03396,2000,1200,545,408.88,45,5,n,100
5929,I47798,1910,1200,1295,613.59,45,19,n,100
3522,I28550,1600,1200,930,356.2,45,0,n,100
4543,I36949,1200,1000,930,413.58,45,2,n,100
1278,I10243,1600,1200,1350,303.92,45,0,n,100
4728,I38146,1600,1200,1350,303.92,45,0,n,100
3675,I29646,1600,1200,1350,303.92,45,0,n,100
5883,I47410,1600,1200,930,396.2,45,0,n,100
1336,I10675,1600,1200,930,387.3,45,0,n,100
5374,I43148,1600,1200,930,356.2,45,0,n,100
1983,I15754,1200,1000,975,308.76,45,2,n,100
3225,I26351,1200,1000,545,526.75,45,2,n,100
430,I03257,1200,1000,975,401.2,45,2,n,100
3023,I24200,1200,1000,545,526.75,45,2,n,100
5742,I46034,1600,1200,930,370.78,45,0,n,100
275,I02009,1910,1200,1295,613.59,45,19,n,100
5562,I44755,1200,1000,975,401.2,45,2,n,100
4025,I32945,1600,1200,930,307.13,45,0,n,100
2300,I18255,1600,1200,930,454.873,45,0,n,100
5916,I47752,1600,1200,930,358.48,45,0,n,100
445,I03366,1600,1200,930,307.13,45,0,n,100
1984,I15764,1600,1200,930,356.2,45,0,n,100
5958,I47905,1600,1200,930,356.2,45,0,n,100
5825,I46658,1600,1200,1350,303.92,45,0,n,100
4590,I37263,1910,1200,1295,613.59,45,19,n,100
5986,I48051,1600,1200,750,323.7,45,0,n,100
6034,I48526,1800,1400,1020,303.45,45,11,n,100
3133,I25322,1600,1200,930,356.56,45,0,n,100
4946,I39742,1800,1200,1350,820.48,45,9,n,100
3019,I24177,1800,1400,1020,303.45,45,11,n,100
840,I06447,1600,1200,1350,303.92,45,0,n,100
1357,I10913,1800,1400,1020,303.45,45,11,n,100
374,I02748,1600,1200,930,607.6,45,0,n,100
2927,I23516,1600,1200,930,356.2,45,0,n,100
5176,I41563,1200,1000,975,401.2,45,2,n,100
2284,I18204,1910,1200,1295,613.59,45,19,n,100
2281,I18201,1910,1200,1295,613.59,45,19,n,100
3652,I29559,1600,1200,930,309.5,45,0,n,100
32,I00346,1200,1000,975,401.2,45,2,n,100
5632,I45376,1200,1000,975,401.2,45,2,n,100
3472,I28425,1800,1400,1020,303.45,45,11,n,100
3494,I28467,1910,1200,1295,613.59,45,19,n,100
3742,I30141,1200,1000,930,413.58,45,2,n,100
2136,I17026,1200,1000,545,729.5,45,2,n,100
5233,I42081,1600,1200,930,307.13,45,0,n,100
2849,I22930,1800,1400,1020,303.45,45,11,n,100
4253,I34692,1200,1000,975,329.77,45,2,n,100
2834,I22819,1600,1200,930,358.48,45,0,n,100
641,I04778,1800,1400,1020,303.45,45,11,n,100
3764,I30393,1600,1200,750,582.6,45,0,n,100
4830,I38798,1600,1200,930,387.3,45,0,n,100
2213,I17765,1600,1200,930,356.2,45,0,n,100
2985,I23922,1600,1200,930,370.78,45,0,n,100
5365,I43102,1910,1200,1295,613.59,45,19,n,100
1566,I12504,1600,1200,930,607.6,45,0,n,100
4719,I38087,2000,1200,2350,367.608,45,22,n,100
782,I06080,1800,1400,1020,303.45,45,11,n,100
3116,I25297,1600,1200,930,547.3,45,0,n,100
5465,I44119,1600,1200,930,551.56,45,0,n,100
842,I06457,1600,1200,930,313.0,45,0,n,100
4431,I36226,1200,1000,750,431.704,45,2,n,100
2254,I18133,1600,1200,930,356.2,45,0,n,100
498,I03721,1600,1200,930,358.48,45,0,n,100
1683,I13281,1200,1000,975,329.77,45,2,n,100
492,I03703,1200,1000,750,431.704,45,2,n,100
82,I00800,1200,1000,750,305.32,45,2,n,100
1162,I09262,1800,1200,1350,820.48,45,9,n,100
1859,I14670,1200,1000,750,351.944,45,2,n,100
5196,I41765,1600,1200,930,358.48,45,0,n,100
1452,I11634,1600,1200,930,356.2,45,0,n,100
3531,I28579,1600,1200,930,370.78,45,0,n,100
784,I06082,1800,1400,1020,303.45,45,11,n,100
206,I01736,1200,1000,975,401.2,45,2,n,100
3067,I24766,1200,1000,975,329.77,45,2,n,100
6215,I50038,1600,1200,930,607.6,45,0,n,100
5601,I45055,1200,1000,975,329.77,45,2,n,100
3245,I26538,1600,1200,930,356.2,45,0,n,100
4347,I35571,1600,1200,930,356.56,45,0,n,100
1758,I13668,1800,1400,1020,303.45,45,11,n,100
2774,I22239,1200,1000,975,329.77,45,2,n,100
4224,I34611,1910,1200,1295,613.59,45,19,n,100
3644,I29495,1600,1200,930,387.3,45,0,n,100
2299,I18254,1600,1200,930,454.873,45,0,n,100
3882,I31528,1800,1400,1020,303.45,45,11,n,100
4999,I40105,1600,1200,1350,303.92,45,0,n,100
2506,I20305,1200,1000,930,413.58,45,2,n,100
2647,I21494,1910,1200,1295,613.59,45,19,n,100
964,I07467,1600,1200,930,607.6,45,0,n,100
1956,I15451,1200,1000,930,413.58,45,2,n,100
2145,I17187,1800,1400,1020,303.45,45,11,n,100
1101,I08795,1600,1200,930,551.56,45,0,n,100
4721,I38089,2000,1200,2350,367.608,45,22,n,100
1361,I10927,1600,1200,930,784.6,45,0,n,100
6245,I50367,1200,1000,930,319.1,45,2,n,100
2352,I18816,1600,1200,930,547.3,45,0,n,100
1125,I08982,2000,1200,2350,367.608,45,22,n,100
1078,I08482,1600,1200,750,323.7,45,0,n,100
3903,I31767,1800,1200,1350,820.48,45,9,n,100
3512,I28485,1910,1200,1295,613.59,45,19,n,100
2381,I19114,1200,1000,930,347.0,45,2,n,100
6232,I50190,1200,1000,930,413.58,45,2,n,100
1080,I08489,1600,1200,930,358.48,45,0,n,100
1667,I13185,1800,1400,1020,303.45,45,11,n,100
1207,I09712,1600,1200,930,364.84,45,0,n,100
3243,I26536,1600,1200,930,356.2,45,0,n,100
4011,I32835,1600,1200,930,307.13,45,0,n,100
2222,I17851,1600,1200,930,356.2,45,0,n,100
2365,I19010,1200,1000,750,351.944,45,2,n,100
5270,I42425,1600,1200,930,356.2,45,0,n,100
272,I02006,1910,1200,1295,613.59,45,19,n,100
5982,I48035,1600,1200,1350,303.92,45,0,n,100
5752,I46069,1600,1200,930,547.3,45,0,n,100
4262,I34762,1600,1200,930,370.78,45,0,n,100
568,I04351,1200,1000,975,329.77,45,2,n,100
6119,I49067,1600,1200,930,356.56,45,0,n,100
369,I02688,1600,1200,930,387.3,45,0,n,100
4144,I33998,1600,1200,975,346.52,45,0,n,100
2620,I21348,1600,1200,1350,303.92,45,0,n,100
4130,I33861,1600,1200,975,460.0,45,0,n,100
5186,I41673,1600,1200,975,460.0,45,0,n,100
93,I00827,1800,1400,1020,303.45,45,11,n,100
4334,I35483,1600,1200,930,307.13,45,0,n,100
5892,I47524,1600,1200,930,663.22,45,0,n,100
4376,I35758,1910,1200,1295,613.59,45,19,n,100
2841,I22882,1800,1200,1350,820.48,45,9,n,100
4844,I38894,1600,1200,1350,303.92,45,0,n,100
754,I05795,1600,1200,750,323.7,45,0,n,100
5837,I46828,1800,1200,1350,820.48,45,9,n,100
4014,I32838,1600,1200,930,307.13,45,0,n,100
300,I02160,1600,1200,545,338.16,45,0,n,100
3213,I26168,1600,1200,930,607.6,45,0,n,100
3085,I24923,1600,1200,930,830.32,45,0,n,100
532,I04006,1200,1000,975,329.77,45,2,n,100
1090,I08605,1200,1000,930,347.0,45,2,n,100
5865,I47226,1600,1200,975,808.3,45,0,n,100
4058,I33272,1600,1200,930,663.22,45,0,n,100
1458,I11712,1600,1200,930,358.48,45,0,n,100
1652,I13044,1200,1000,975,329.77,45,2,n,100
5857,I46998,1600,1200,930,781.25,45,0,n,100
4157,I34104,1600,1200,930,663.22,45,0,n,100
3254,I26585,1600,1200,930,364.84,45,0,n,100
4331,I35471,1600,1200,750,323.7,45,0,n,100
5251,I42190,1800,1400,1020,303.45,45,11,n,100
1131,I09029,1600,1200,930,396.2,45,0,n,100
1636,I12854,1600,1200,930,364.84,45,0,n,100
924,I07068,1600,1200,1350,303.92,45,0,n,100
1,I00020,1600,1200,930,781.25,45,0,n,100
1716,I13530,1600,1200,930,454.873,45,0,n,100
5900,I47617,1200,1000,975,401.2,45,2,n,100
3217,I26290,1600,1200,930,364.84,45,0,n,100
811,I06295,1600,1200,975,460.0,45,0,n,100
3305,I26854,1600,1200,930,438.4,45,0,n,100
3885,I31531,1200,1000,1155,366.75,0,1,n,100
190,I01646,1200,1000,975,329.77,45,2,n,100
571,I04404,1600,1200,930,307.13,45,0,n,100
1674,I13221,1600,1200,930,663.22,45,0,n,100
5744,I46049,1800,1200,1350,820.48,45,9,n,100
4267,I34807,1200,1000,545,526.75,45,2,n,100
2839,I22873,1600,1200,930,607.6,45,0,n,100
3120,I25301,1600,1200,930,547.3,45,0,n,100
4303,I35121,1800,1400,1020,303.45,45,11,n,100
4801,I38655,1800,1400,1020,303.45,45,11,n,100
2794,I22398,1600,1200,930,358.48,45,0,n,100
508,I03783,1600,1200,930,547.3,45,0,n,100
1231,I10033,1600,1200,930,551.56,45,0,n,100
4690,I37876,1600,1200,930,607.6,45,0,n,100
467,I03571,1600,1200,930,396.2,45,0,n,100
3813,I30837,1600,1200,930,307.13,45,0,n,100
4533,I36881,1900,1200,750,845.38,45,6,n,100
2095,I16674,1600,1200,930,313.0,45,0,n,100
2957,I23717,1200,1000,975,336.7,45,2,n,100
117,I01039,1800,1400,1020,303.45,45,11,n,100
4578,I37213,1200,1000,975,329.77,45,2,n,100
5387,I43243,1200,1000,750,431.704,45,2,n,100
5141,I41205,1600,1200,930,358.48,45,0,n,100
1967,I15476,1200,1000,975,336.7,45,2,n,100
4768,I38343,1200,1000,975,329.77,45,2,n,100
6249,I50415,1200,1000,975,329.77,45,2,n,100
4422,I36140,1900,1200,750,845.38,45,6,n,100
2336,I18636,1600,1200,930,551.56,45,0,n,100
2793,I22397,1600,1200,930,607.6,45,0,n,100
3800,I30799,1600,1200,930,356.2,45,0,n,100
2242,I17995,1600,1200,930,309.5,45,0,n,100
6078,I48887,1910,1200,1295,613.59,45,19,n,100
5882,I47403,1600,1200,930,370.78,45,0,n,100
1658,I13148,1600,1200,750,323.7,45,0,n,100
2884,I23055,1200,1000,975,329.77,45,2,n,100
3698,I29725,1600,1200,930,356.2,45,0,n,100
5428,I43657,1600,1200,930,309.5,45,0,n,100
2408,I19314,1600,1200,930,396.2,45,0,n,100
2548,I20707,1800,1200,1350,820.48,45,9,n,100
3017,I24175,1800,1400,1020,303.45,45,11,n,100
5089,I40816,1200,1000,975,401.2,45,2,n,100
3317,I26941,1600,1200,930,356.2,45,0,n,100
3518,I28500,1600,1200,1350,303.92,45,0,n,100
2147,I17189,1800,1400,1020,303.45,45,11,n,100
3184,I25911,1600,1200,1350,303.92,45,0,n,100
3132,I25321,1600,1200,930,356.56,45,0,n,100
2131,I17019,1600,1200,750,582.6,45,0,n,100
6274,I50613,1200,1000,975,329.77,45,2,n,100
1779,I13960,1600,1200,930,551.56,45,0,n,100
539,I04060,1600,1200,930,663.22,45,0,n,100
3611,I29198,1200,1000,975,329.77,45,2,n,100
724,I05379,1200,1000,750,318.7,45,2,n,100
5359,I43096,1910,1200,1295,613.59,45,19,n,100
3891,I31636,1600,1200,930,663.22,45,0,n,100
6114,I49005,1600,1200,930,307.13,45,0,n,100
435,I03273,1800,1400,1020,303.45,45,11,n,100
39,I00398,1600,1200,1350,303.92,45,0,n,100
2878,I23032,1600,1200,750,323.7,45,0,n,100
2209,I17705,1600,1200,930,356.2,45,0,n,100
3755,I30318,1200,1000,975,401.2,45,2,n,100
527,I03968,1600,1200,750,582.6,45,0,n,100
1640,I12896,1200,1000,975,329.77,45,2,n,100
2043,I16260,1600,1200,930,547.3,45,0,n,100
4049,I33170,1600,1200,1350,303.92,45,0,n,100
2815,I22717,1200,1000,975,329.77,45,2,n,100
4583,I37256,1910,1200,1295,613.59,45,19,n,100
3462,I28333,1600,1200,1350,303.92,45,0,n,100
1836,I14442,1600,1200,930,438.4,45,0,n,100
155,I01319,1600,1200,930,370.78,45,0,n,100
4612,I37315,1600,1200,1350,303.92,45,0,n,100
15,I00225,1200,1000,975,329.77,45,2,n,100
3553,I28783,1600,1200,975,460.0,45,0,n,100
5735,I45976,1200,1000,975,652.0,45,2,n,100
3477,I28450,1910,1200,1295,613.59,45,19,n,100
1793,I14029,1200,1000,930,347.0,45,2,n,100
4705,I37973,1600,1200,930,358.48,45,0,n,100
5925,I47794,1910,1200,1295,613.59,45,19,n,100
1455,I11682,1200,1000,545,526.75,45,2,n,100
5620,I45295,1800,1200,1350,820.48,45,9,n,100
3296,I26821,1600,1200,930,309.5,45,0,n,100
1879,I14746,1200,1000,975,329.77,45,2,n,100
2831,I22810,1200,1000,975,329.77,45,2,n,100
4888,I39257,1600,1200,750,582.6,45,0,n,100
4535,I36898,1600,1200,930,830.32,45,0,n,100
4580,I37221,1200,1000,930,319.1,45,2,n,100
3790,I30715,1200,1000,545,729.5,45,2,n,100
1774,I13954,1600,1200,930,356.2,45,0,n,100
4803,I38657,1800,1400,1020,303.45,45,11,n,100
3111,I25254,1600,1200,930,396.2,45,0,n,100
2123,I16939,2000,1200,545,408.88,45,5,n,100
5993,I48155,1600,1200,930,358.48,45,0,n,100
267,I02001,1910,1200,1295,613.59,45,19,n,100
2847,I22928,1800,1400,1020,303.45,45,11,n,100
844,I06548,1600,1200,930,663.22,45,0,n,100
2820,I22771,1600,1200,750,582.6,45,0,n,100
6264,I50520,1600,1200,1350,303.92,45,0,n,100
4163,I34120,1900,1200,750,713.62,45,6,n,100
923,I07061,1600,1200,750,323.7,45,0,n,100
2891,I23218,1600,1200,1350,303.92,45,0,n,100
6196,I49784,1600,1200,1350,303.92,45,0,n,100
4898,I39310,1200,1000,975,329.77,45,2,n,100
2488,I20156,1600,1200,930,364.84,45,0,n,100
3550,I28731,1200,1000,975,401.2,45,2,n,100
5226,I42068,1200,1000,930,413.58,45,2,n,100
4717,I38085,2000,1200,2350,367.608,45,22,n,100
2677,I21695,1600,1200,930,663.22,45,0,n,100
2694,I21812,1600,1200,930,356.2,45,0,n,100
5494,I44283,1600,1200,930,438.4,45,0,n,100
1490,I11971,1200,1000,545,729.5,45,2,n,100
4022,I32942,1600,1200,930,396.2,45,0,n,100
101,I00952,1600,1200,930,663.22,45,0,n,100
5295,I42759,1200,1000,975,336.7,45,2,n,100
5889,I47501,1600,1200,975,808.3,45,0,n,100
984,I07610,1200,1000,975,329.77,45,2,n,100
4923,I39606,1600,1200,750,323.7,45,0,n,100
534,I04035,1600,1200,930,364.84,45,0,n,100
37,I00372,1600,1200,930,387.3,45,0,n,100
2196,I17480,1600,1200,930,313.0,45,0,n,100
1516,I12147,1800,1400,1020,303.45,45,11,n,100
2524,I20561,1600,1200,930,514.24,45,0,n,100
2132,I17022,1200,1000,930,340.1,45,2,n,100
4609,I37312,1600,1200,930,387.3,45,0,n,100
3775,I30576,1600,1200,930,663.22,45,0,n,100
3257,I26594,1600,1200,930,547.3,45,0,n,100
894,I06819,1910,1200,1295,613.59,45,19,n,100
2604,I21283,1600,1200,545,338.52,45,0,n,100
98,I00877,1600,1200,750,582.6,45,0,n,100
5266,I42348,1800,1400,1020,303.45,45,11,n,100
6139,I49329,1600,1200,930,364.84,45,0,n,100
3006,I24095,1200,1000,930,345.29,45,2,n,100
3772,I30546,1600,1200,1350,303.92,45,0,n,100
4574,I37209,1600,1200,930,358.48,45,0,n,100
3034,I24367,1800,1200,1350,820.48,45,9,n,100
3616,I29285,1200,1000,750,431.704,45,2,n,100
4151,I34093,1800,1400,1020,303.45,45,11,n,100
5913,I47720,1600,1200,930,396.2,45,0,n,100
5653,I45459,1600,1200,930,356.2,45,0,n,100
5397,I43385,1600,1200,930,784.6,45,0,n,100
5737,I46025,1800,1400,1020,303.45,45,11,n,100
956,I07452,1600,1200,930,547.3,45,0,n,100
5987,I48058,1600,1200,545,338.16,45,0,n,100
3228,I26387,1600,1200,930,663.22,45,0,n,100
1643,I12980,1600,1200,930,370.78,45,0,n,100
3865,I31374,1600,1200,930,663.22,45,0,n,100
4672,I37763,1600,1200,975,460.0,45,0,n,100
86,I00818,1600,1200,545,338.16,45,0,n,100
442,I03358,1200,1000,930,413.58,45,2,n,100
2387,I19141,1600,1200,930,356.56,45,0,n,100
4742,I38221,1600,1200,930,784.6,45,0,n,100
4405,I35887,1600,1200,930,356.2,45,0,n,100
2819,I22745,1600,1200,930,607.6,45,0,n,100
1608,I12659,1600,1200,930,387.3,45,0,n,100
763,I05932,1200,1000,545,526.75,45,2,n,100
410,I03076,1200,1000,975,337.9,45,2,n,100
642,I04780,1600,1200,750,582.6,45,0,n,100
3387,I27548,1600,1200,930,307.13,45,0,n,100
142,I01241,1200,1000,975,329.77,45,2,n,100
2733,I22012,1800,1400,1020,303.45,45,11,n,100
5153,I41276,1600,1200,750,323.7,45,0,n,100
4517,I36742,1600,1200,930,607.6,45,0,n,100
5017,I40270,2000,1200,2350,367.608,45,22,n,100
2947,I23605,1200,1000,975,401.2,45,2,n,100
5169,I41428,1200,1000,930,617.24,45,2,n,100
2930,I23560,1600,1200,930,356.56,45,0,n,100
3012,I24132,1900,1200,750,713.62,45,6,n,100
3605,I29183,1200,1000,930,345.29,45,2,n,100
6141,I49331,1600,1200,930,370.78,45,0,n,100
1108,I08866,1800,1400,1020,303.45,45,11,n,100
1155,I09180,1600,1200,750,323.7,45,0,n,100
2205,I17636,1200,1000,1155,375.0,0,1,n,100
1714,I13455,1200,1000,975,329.77,45,2,n,100
2228,I17874,1600,1200,930,356.56,45,0,n,100
4066,I33357,1800,1400,1020,303.45,45,11,n,100
1875,I14728,1600,1200,930,356.2,45,0,n,100
4866,I38961,1600,1200,930,663.22,45,0,n,100
5642,I45426,2000,1200,2350,367.608,45,22,n,100
2645,I21492,1910,1200,1295,613.59,45,19,n,100
1110,I08868,1800,1400,1020,303.45,45,11,n,100
2678,I21705,2000,1200,545,408.88,45,5,n,100
4897,I39292,1600,1200,930,663.22,45,0,n,100
384,I02818,1800,1400,1020,303.45,45,11,n,100
6220,I50067,1600,1200,750,582.6,45,0,n,100
2154,I17196,1200,1000,930,340.0,45,2,n,100
3760,I30343,1200,1000,975,401.2,45,2,n,100
2581,I20966,1600,1200,1350,303.92,45,0,n,100
2594,I21149,1600,1200,930,454.873,45,0,n,100
4037,I33049,1200,1000,975,329.77,45,2,n,100
4539,I36913,1200,1000,975,329.77,45,2,n,100
4566,I37173,1800,1400,1020,303.45,45,11,n,100
4295,I35089,1200,1000,975,329.77,45,2,n,100
5930,I47799,1910,1200,1295,613.59,45,19,n,100
5541,I44697,2000,1200,545,408.88,45,5,n,100
3794,I30783,1600,1200,930,438.4,45,0,n,100
5722,I45894,1600,1200,930,307.13,45,0,n,100
6221,I50091,1600,1200,930,387.3,45,0,n,100
5905,I47632,1600,1200,750,323.7,45,0,n,100
1087,I08570,1200,1000,930,340.0,45,2,n,100
1780,I13967,1600,1200,930,358.48,45,0,n,100
3220,I26338,1800,1400,1020,303.45,45,11,n,100
2426,I19622,1600,1200,930,663.22,45,0,n,100
6149,I49361,2000,1200,545,408.88,45,5,n,100
2101,I16715,1600,1200,930,663.22,45,0,n,100
2982,I23854,1200,1000,975,329.77,45,2,n,100
4965,I39825,1600,1200,930,356.56,45,0,n,100
2171,I17337,1600,1200,1350,303.92,45,0,n,100
162,I01375,1600,1200,975,460.0,45,0,n,100
5589,I45009,1800,1400,1020,303.45,45,11,n,100
3197,I26047,1200,1000,975,329.77,45,2,n,100
3739,I30138,1200,1000,545,690.5,45,2,n,100
4317,I35207,1200,1000,545,526.75,45,2,n,100
3143,I25375,1600,1200,930,607.6,45,0,n,100
1709,I13403,1600,1200,930,356.56,45,0,n,100
702,I05308,1600,1200,750,582.6,45,0,n,100
3300,I26846,1600,1200,930,551.56,45,0,n,100
3343,I27167,2000,1200,545,408.88,45,5,n,100
3465,I28390,1600,1200,1350,303.92,45,0,n,100
3076,I24813,1600,1200,930,356.2,45,0,n,100
5849,I46915,2000,1200,2350,367.608,45,22,n,100
3345,I27204,1200,1000,750,405.72,45,2,n,100
5430,I43678,2000,1200,2350,367.608,45,22,n,100
2753,I22130,1600,1200,930,356.2,45,0,n,100
3928,I32040,1600,1200,930,396.2,45,0,n,100
381,I02815,1800,1400,1020,303.45,45,11,n,100
5605,I45164,1600,1200,930,356.2,45,0,n,100
1204,I09638,1200,1000,975,329.77,45,2,n,100
1290,I10372,1600,1200,545,338.16,45,0,n,100
6047,I48582,1200,1000,545,729.5,45,2,n,100
1830,I14433,1200,1000,975,329.77,45,2,n,100
618,I04661,1200,1000,930,347.0,45,2,n,100
2425,I19621,1600,1200,930,387.3,45,0,n,100
2180,I17398,1800,1400,1020,303.45,45,11,n,100
6117,I49046,1600,1200,930,356.2,45,0,n,100
89,I00823,1800,1400,1020,303.45,45,11,n,100
1036,I08091,1600,1200,930,307.13,45,0,n,100
1600,I12612,1600,1200,750,323.7,45,0,n,100
3610,I29197,1200,1000,975,329.77,45,2,n,100
626,I04729,1600,1200,930,663.22,45,0,n,100
1496,I12006,1600,1200,930,356.2,45,0,n,100
4230,I34617,1910,1200,1295,613.59,45,19,n,100
2723,I21996,1200,1000,975,329.77,45,2,n,100
5036,I40344,1600,1200,930,438.4,45,0,n,100
1081,I08515,1600,1200,930,370.78,45,0,n,100
481,I03658,1600,1200,930,307.13,45,0,n,100
5466,I44120,1600,1200,930,551.56,45,0,n,100
1469,I11842,1600,1200,1350,303.92,45,0,n,100
3824,I31005,1800,1400,1020,303.45,45,11,n,100
4135,I33907,1600,1200,975,808.3,45,0,n,100
3715,I29864,1200,1000,975,329.77,45,2,n,100
2635,I21482,1910,1200,1295,613.59,45,19,n,100
4435,I36259,1600,1200,930,438.4,45,0,n,100
403,I02986,1200,1000,750,351.944,45,2,n,100
4415,I36016,1600,1200,930,356.2,45,0,n,100
3330,I27091,1600,1200,930,387.3,45,0,n,100
5666,I45561,1600,1200,930,607.6,45,0,n,100
847,I06551,1600,1200,930,358.48,45,0,n,100
3339,I27116,1200,1000,930,704.36,45,2,n,100
1754,I13664,1800,1400,1020,303.45,45,11,n,100
5436,I43684,2000,1200,2350,367.608,45,22,n,100
2256,I18176,1910,1200,1295,613.59,45,19,n,100
952,I07396,1600,1200,930,307.13,45,0,n,100
5839,I46837,1200,1000,930,413.58,45,2,n,100
3529,I28569,2000,1200,2350,367.608,45,22,n,100
4311,I35159,1200,1000,750,318.7,45,2,n,100
3218,I26336,1800,1400,1020,303.45,45,11,n,100
5239,I42106,1200,1000,930,414.14,45,2,n,100
3707,I29771,1800,1200,1350,820.48,45,9,n,100
3713,I29842,1600,1200,930,387.3,45,0,n,100
4911,I39516,1800,1400,1020,303.45,45,11,n,100
3799,I30798,1600,1200,930,784.6,45,0,n,100
5799,I46561,1800,1400,1020,303.45,45,11,n,100
1389,I11116,1600,1200,930,370.78,45,0,n,100
5515,I44446,1200,1000,975,329.77,45,2,n,100
452,I03443,1600,1200,1350,303.92,45,0,n,100
2510,I20320,1600,1200,1350,303.92,45,0,n,100
4735,I38201,1600,1200,930,438.4,45,0,n,100
3450,I28129,1200,1000,975,329.77,45,2,n,100
2225,I17859,1600,1200,750,323.7,45,0,n,100
2646,I21493,1910,1200,1295,613.59,45,19,n,100
424,I03224,1600,1200,1350,303.92,45,0,n,100
5759,I46089,1800,1400,1020,303.45,45,11,n,100
6263,I50513,1200,1000,975,652.0,45,2,n,100
2332,I18580,1600,1200,930,781.25,45,0,n,100
3825,I31030,1200,1000,975,329.77,45,2,n,100
2835,I22853,1600,1200,930,356.2,45,0,n,100
6241,I50276,1200,1000,975,329.77,45,2,n,100
5053,I40399,1200,1000,930,340.1,45,2,n,100
6090,I48899,1910,1200,1295,613.59,45,19,n,100
1891,I14860,1800,1400,1020,303.45,45,11,n,100
1501,I12060,1600,1200,930,356.56,45,0,n,100
738,I05606,1200,1000,975,329.77,45,2,n,100
704,I05321,1600,1200,930,551.56,45,0,n,100
459,I03519,1200,1000,930,338.9,45,2,n,100
387,I02823,1600,1200,930,781.25,45,0,n,100
4084,I33435,1600,1200,930,438.4,45,0,n,100
1782,I13969,1600,1200,930,358.48,45,0,n,100
3349,I27254,1600,1200,930,781.25,45,0,n,100
5540,I44675,1600,1200,930,607.6,45,0,n,100
1662,I13180,1800,1400,1020,303.45,45,11,n,100
5808,I46594,1200,1000,545,729.5,45,2,n,100
3310,I26905,1600,1200,930,784.6,45,0,n,100
4973,I39861,1910,1200,1295,613.59,45,19,n,100
3917,I31877,1600,1200,930,370.78,45,0,n,100
1011,I07859,1600,1200,975,460.0,45,0,n,100
1397,I11277,1200,1000,545,526.75,45,2,n,100
6098,I48907,1910,1200,1295,613.59,45,19,n,100
3642,I29493,1600,1200,930,387.3,45,0,n,100
5392,I43308,1200,1000,975,329.77,45,2,n,100
4416,I36017,1600,1200,930,356.2,45,0,n,100
2783,I22312,1600,1200,930,663.22,45,0,n,100
2134,I17024,1600,1200,930,396.2,45,0,n,100
3788,I30712,1200,1000,750,431.704,45,2,n,100
3918,I31879,2000,1200,545,408.88,45,5,n,100
941,I07167,1600,1200,930,830.32,45,0,n,100
2156,I17201,1600,1200,975,460.0,45,0,n,100
2553,I20730,2400,1200,1490,340.5,45,24,n,5
2325,I18544,1600,1200,1350,303.92,45,0,n,100
648,I04793,1600,1200,1350,303.92,45,0,n,100
1222,I09926,1600,1200,930,607.6,45,0,n,100
3043,I24534,1800,1200,1350,820.48,45,9,n,100
5182,I41611,1900,1200,750,713.62,45,6,n,100
1260,I10177,1800,1400,1020,303.45,45,11,n,100
6107,I48916,1600,1200,930,307.13,45,0,n,100
674,I04946,1200,1000,975,329.77,45,2,n,100
5026,I40289,1200,1000,930,345.29,45,2,n,100
1732,I13598,1910,1200,1295,613.59,45,19,n,100
5394,I43310,1200,1000,975,329.77,45,2,n,100
5417,I43571,1600,1200,930,307.13,45,0,n,100
4424,I36148,1200,1000,930,347.0,45,2,n,100
3554,I28784,1600,1200,975,460.0,45,0,n,100
4333,I35482,1600,1200,930,307.13,45,0,n,100
1367,I10952,1600,1200,750,323.7,45,0,n,100
5367,I43104,1910,1200,1295,613.59,45,19,n,100
271,I02005,1910,1200,1295,613.59,45,19,n,100
4137,I33911,1600,1200,930,358.48,45,0,n,100
1626,I12809,1200,1000,750,318.7,45,2,n,100
4714,I38074,1200,1000,750,351.756,45,2,n,100
4060,I33351,1800,1400,1020,303.45,45,11,n,100
1354,I10910,1600,1200,1350,303.92,45,0,n,100
85,I00809,1200,1000,750,318.7,45,2,n,100
5264,I42346,1800,1400,1020,303.45,45,11,n,100
1103,I08797,1600,1200,930,551.56,45,0,n,100
2540,I20681,1800,1200,1350,820.48,45,9,n,100
391,I02875,1600,1200,1350,303.92,45,0,n,100
5792,I46422,1600,1200,930,663.22,45,0,n,100
4474,I36544,1600,1200,930,370.78,45,0,n,100
221,I01786,1600,1200,930,607.6,45,0,n,100
2814,I22716,1200,1000,975,329.77,45,2,n,100
314,I02266,1200,1000,1155,366.75,0,1,n,100
1528,I12175,1600,1200,930,356.2,45,0,n,100
1116,I08915,1200,1000,750,351.756,45,2,n,100
5555,I44728,1200,1000,975,329.77,45,2,n,100
2895,I23222,1600,1200,1350,303.92,45,0,n,100
3884,I31530,1800,1400,1020,303.45,45,11,n,100
4178,I34232,1200,1000,930,340.0,45,2,n,100
4884,I39206,1200,1000,975,329.77,45,2,n,100
1934,I15254,1600,1200,1350,303.92,45,0,n,100
859,I06662,1800,1400,1020,303.45,45,11,n,100
2479,I20118,1600,1200,930,663.22,45,0,n,100
5739,I46027,1800,1400,1020,303.45,45,11,n,100
378,I02812,1800,1400,1020,303.45,45,11,n,100
5846,I46910,1600,1200,930,356.2,45,0,n,100
1492,I11973,1600,1200,930,607.6,45,0,n,100
3324,I27048,1200,1000,930,347.0,45,2,n,100
974,I07483,1200,1000,930,414.14,45,2,n,100
3168,I25794,1800,1400,1020,303.45,45,11,n,100
4563,I37170,1800,1400,1020,303.45,45,11,n,100
1156,I09222,1200,1000,930,413.58,45,2,n,100
1148,I09157,1200,1000,975,329.77,45,2,n,100
4529,I36815,1600,1200,930,663.22,45,0,n,100
2686,I21736,1600,1200,1350,303.92,45,0,n,100
4114,I33673,1600,1200,1350,312.72,45,0,n,100
1006,I07779,1600,1200,1350,303.92,45,0,n,100
2885,I23056,1200,1000,545,690.5,45,2,n,100
1630,I12815,1600,1200,930,663.22,45,0,n,100
3129,I25318,1200,1000,975,329.77,45,2,n,100
5193,I41708,1600,1200,930,607.6,45,0,n,100
1267,I10200,1800,1400,1020,303.45,45,11,n,100
2153,I17195,1800,1400,1020,303.45,45,11,n,100
1628,I12813,1600,1200,930,396.2,45,0,n,100
235,I01950,1600,1200,975,460.0,45,0,n,100
5104,I40997,1200,1000,975,384.74,45,2,n,100
3890,I31600,1200,1000,930,614.16,45,2,n,100
5166,I41420,1600,1200,930,387.3,45,0,n,100
3368,I27372,1600,1200,930,551.56,45,0,n,100
5232,I42080,1600,1200,930,307.13,45,0,n,100
4711,I38068,2000,1200,545,408.88,45,5,n,100
79,I00780,1200,1000,975,329.77,45,2,n,100
3524,I28564,2000,1200,2350,367.608,45,22,n,100
2938,I23577,1800,1400,1020,303.45,45,11,n,100
4984,I39872,1910,1200,1295,613.59,45,19,n,100
380,I02814,1800,1400,1020,303.45,45,11,n,100
1294,I10442,1800,1400,1020,303.45,45,11,n,100
5373,I43147,1600,1200,930,356.2,45,0,n,100
6189,I49774,1800,1200,1350,820.48,45,9,n,100
2641,I21488,1910,1200,1295,613.59,45,19,n,100
3704,I29765,1200,1000,930,413.58,45,2,n,100
2246,I18087,1200,1000,930,704.36,45,2,n,100
5381,I43187,1600,1200,1350,303.92,45,0,n,100
3400,I27734,1600,1200,930,547.3,45,0,n,100
3077,I24814,1600,1200,930,356.2,45,0,n,100
3551,I28732,1200,1000,975,401.2,45,2,n,100
5657,I45494,1200,1000,930,413.58,45,2,n,100
3640,I29413,1200,1000,930,345.29,45,2,n,100
1001,I07749,1600,1200,930,607.6,45,0,n,100
489,I03673,1600,1200,930,358.48,45,0,n,100
4642,I37496,1600,1200,930,547.3,45,0,n,100
5247,I42186,1800,1400,1020,303.45,45,11,n,100
5923,I47768,1600,1200,750,323.7,45,0,n,100
5168,I41425,1600,1200,1350,303.92,45,0,n,100
5288,I42658,2000,1200,545,408.88,45,5,n,100
4679,I37810,1600,1200,930,370.78,45,0,n,100
25,I00309,1600,1200,930,387.3,45,0,n,100
4584,I37257,1910,1200,1295,613.59,45,19,n,100
829,I06378,1800,1400,1020,303.45,45,11,n,100
2555,I20755,1600,1200,545,338.16,45,0,n,100
3953,I32315,1800,1200,1350,820.48,45,9,n,100
2430,I19628,1600,1200,930,663.22,45,0,n,100
5327,I42916,1600,1200,930,307.13,45,0,n,100
3708,I29795,1200,1000,930,414.14,45,2,n,100
3559,I28894,1200,1000,750,351.756,45,2,n,100
2908,I23295,1200,1000,975,329.77,45,2,n,100
3157,I25737,1200,1000,750,351.756,45,2,n,100
5163,I41401,2400,1200,1490,340.5,45,24,n,5
3499,I28472,1910,1200,1295,613.59,45,19,n,100
801,I06232,1600,1200,1350,303.92,45,0,n,100
1587,I12570,1800,1200,1350,820.48,45,9,n,100
2848,I22929,1800,1400,1020,303.45,45,11,n,100
5133,I41187,1800,1400,1020,303.45,45,11,n,100
3166,I25792,1800,1400,1020,303.45,45,11,n,100
3451,I28130,1200,1000,975,329.77,45,2,n,100
4770,I38412,1200,1000,975,329.77,45,2,n,100
3404,I27738,1600,1200,930,547.3,45,0,n,100
2487,I20155,1200,1000,750,351.944,45,2,n,100
2068,I16470,1600,1200,545,338.52,45,0,n,100
466,I03570,1200,1000,930,414.14,45,2,n,100
2263,I18183,1910,1200,1295,613.59,45,19,n,100
3575,I29034,1600,1200,930,309.5,45,0,n,100
2210,I17762,1600,1200,930,356.2,45,0,n,100
2049,I16335,1200,1000,545,690.5,45,2,n,100
12,I00171,1600,1200,930,551.56,45,0,n,100
1944,I15368,1600,1200,930,607.6,45,0,n,100
3766,I30406,1600,1200,930,663.22,45,0,n,100
3429,I27991,1800,1400,1020,303.45,45,11,n,100
2829,I22802,1200,1000,930,340.0,45,2,n,100
5219,I41994,1200,1000,545,526.75,45,2,n,100
6223,I50128,1200,1000,975,337.45,45,2,n,100
3432,I27994,1800,1400,1020,303.45,45,11,n,100
5385,I43219,1600,1200,545,338.16,45,0,n,100
5369,I43106,1600,1200,930,607.6,45,0,n,100
3589,I29094,1600,1200,930,307.13,45,0,n,100
2279,I18199,1910,1200,1295,613.59,45,19,n,100
5483,I44232,1200,1000,975,708.0,45,2,n,100
712,I05349,1800,1400,1020,303.45,45,11,n,100
1829,I14432,1200,1000,975,329.77,45,2,n,100
2679,I21716,1200,1000,930,347.0,45,2,n,100
4372,I35751,1200,1000,930,345.29,45,2,n,100
1374,I11089,1600,1200,930,454.873,45,0,n,100
4559,I37143,1200,1000,975,401.2,45,2,n,100
5877,I47367,1200,1000,930,704.36,45,2,n,100
5631,I45375,1200,1000,975,401.2,45,2,n,100
1171,I09324,1600,1200,930,356.2,45,0,n,100
2719,I21989,1200,1000,975,329.77,45,2,n,100
1688,I13353,1200,1000,930,347.0,45,2,n,100
490,I03690,1200,1000,975,329.77,45,2,n,100
1411,I11327,1600,1200,930,356.2,45,0,n,100
4516,I36731,1600,1200,1350,303.92,45,0,n,100
3489,I28462,1910,1200,1295,613.59,45,19,n,100
2718,I21983,1200,1000,975,329.77,45,2,n,100
276,I02010,1910,1200,1295,613.59,45,19,n,100
2266,I18186,1910,1200,1295,613.59,45,19,n,100
160,I01369,1200,1000,930,704.36,45,2,n,100
5756,I46073,1600,1200,930,547.3,45,0,n,100
5082,I40754,1600,1200,750,323.7,45,0,n,100
3029,I24301,1600,1200,750,323.7,45,0,n,100
5244,I42127,1600,1200,930,307.13,45,0,n,100
4720,I38088,2000,1200,2350,367.608,45,22,n,100
4565,I37172,1800,1400,1020,303.45,45,11,n,100
2235,I17945,1600,1200,750,323.7,45,0,n,100
4079,I33430,1900,1200,750,845.38,45,6,n,100
1047,I08189,1200,1000,545,526.75,45,2,n,100
1798,I14045,1200,1000,975,329.77,45,2,n,100
4374,I35756,1910,1200,1295,613.59,45,19,n,100
1201,I09620,1200,1000,975,329.77,45,2,n,100
4145,I34054,1600,1200,930,313.0,45,0,n,100
743,I05732,1600,1200,750,323.7,45,0,n,100
3537,I28673,1800,1400,1020,303.45,45,11,n,100
5079,I40686,1200,1000,930,345.29,45,2,n,100
4044,I33060,1600,1200,930,547.3,45,0,n,100
2329,I18552,1200,1000,975,401.2,45,2,n,100
4797,I38651,1800,1400,1020,303.45,45,11,n,100
1663,I13181,1800,1400,1020,303.45,45,11,n,100
4794,I38556,1200,1000,975,329.77,45,2,n,100
3570,I29021,1600,1200,1350,303.92,45,0,n,100
863,I06761,1600,1200,930,356.2,45,0,n,100
1957,I15452,1600,1200,750,582.6,45,0,n,100
6190,I49775,1800,1200,1350,820.48,45,9,n,100
3840,I31126,1600,1200,930,356.2,45,0,n,100
6050,I48591,1600,1200,930,547.3,45,0,n,100
697,I05289,1600,1200,930,784.6,45,0,n,100
902,I06827,1910,1200,1295,613.59,45,19,n,100
6085,I48894,1910,1200,1295,613.59,45,19,n,100
3198,I26059,1200,1000,975,384.74,45,2,n,100
6172,I49710,1910,1200,1295,613.59,45,19,n,100
4511,I36725,1600,1200,1350,303.92,45,0,n,100
874,I06799,1910,1200,1295,613.59,45,19,n,100
3676,I29650,1600,1200,930,607.6,45,0,n,100
5530,I44564,1200,1000,750,305.32,45,2,n,100
4092,I33507,1600,1200,930,551.56,45,0,n,100
4170,I34191,1600,1200,930,307.13,45,0,n,100
1340,I10760,1600,1200,930,358.48,45,0,n,100
6267,I50534,1600,1200,930,309.5,45,0,n,100
3689,I29693,1800,1400,1020,303.45,45,11,n,100
336,I02442,1600,1200,930,356.2,45,0,n,100
6046,I48579,1800,1200,1350,820.48,45,9,n,100
1654,I13048,1600,1200,545,338.16,45,0,n,100
1042,I08147,1600,1200,545,338.16,45,0,n,100
5074,I40562,1600,1200,930,356.2,45,0,n,100
3099,I25163,2000,1200,545,408.88,45,5,n,100
2418,I19537,1200,1000,1155,375.0,0,1,n,100
4657,I37578,1200,1000,930,614.16,45,2,n,100
328,I02426,1800,1400,1020,303.45,45,11,n,100
344,I02529,1600,1200,930,356.2,45,0,n,100
256,I01990,1910,1200,1295,613.59,45,19,n,100
1363,I10930,2000,1200,2350,367.608,45,22,n,100
4033,I33039,1200,1000,930,704.12,45,2,n,100
2614,I21315,2000,1200,2350,367.608,45,22,n,100
4788,I38512,1200,1000,750,405.72,45,2,n,100
3528,I28568,2000,1200,2350,367.608,45,22,n,100
2072,I16499,1600,1200,930,356.2,45,0,n,100
3976,I32527,2000,1200,2350,367.608,45,22,n,100
4469,I36439,1600,1200,930,356.2,45,0,n,100
4662,I37691,1200,1000,645,330.5,0,1,n,100
1597,I12580,1600,1200,930,438.4,45,0,n,100
2513,I20323,1600,1200,1350,303.92,45,0,n,100
5758,I46088,1800,1400,1020,303.45,45,11,n,100
1242,I10085,1200,1000,1155,366.75,0,1,n,100
4541,I36917,1600,1200,930,356.2,45,0,n,100
2241,I17965,1600,1200,1350,303.92,45,0,n,100
5414,I43565,1200,1000,930,414.14,45,2,n,100
3513,I28486,1910,1200,1295,613.59,45,19,n,100
4140,I33970,1600,1200,930,370.78,45,0,n,100
1342,I10780,1600,1200,1350,303.92,45,0,n,100
3909,I31853,1600,1200,930,454.873,45,0,n,100
4208,I34533,1200,1000,750,351.756,45,2,n,100
1559,I12444,1200,1000,750,351.756,45,2,n,100
5299,I42771,1600,1200,930,547.3,45,0,n,100
1973,I15494,1600,1200,750,582.6,45,0,n,100
3634,I29368,1600,1200,930,438.4,45,0,n,100
3286,I26758,1600,1200,975,808.3,45,0,n,100
4515,I36730,1600,1200,1350,303.92,45,0,n,100
2173,I17339,1600,1200,1350,303.92,45,0,n,100
524,I03956,1600,1200,930,784.6,45,0,n,100
2974,I23817,1600,1200,930,547.3,45,0,n,100
4655,I37574,1600,1200,930,358.48,45,0,n,100
5371,I43112,1800,1200,1350,820.48,45,9,n,100
3015,I24173,1800,1400,1020,303.45,45,11,n,100
4449,I36333,1200,1000,975,329.77,45,2,n,100
4966,I39847,1600,1200,930,396.2,45,0,n,100
2740,I22019,1600,1200,930,356.2,45,0,n,100
3038,I24519,2000,1200,545,408.88,45,5,n,100
2429,I19627,1600,1200,930,663.22,45,0,n,100
2851,I22932,1800,1400,1020,303.45,45,11,n,100
6222,I50126,1600,1200,930,358.48,45,0,n,100
773,I06068,1600,1200,930,356.2,45,0,n,100
5754,I46071,1600,1200,930,547.3,45,0,n,100
6271,I50610,1600,1200,930,830.32,45,0,n,100
4281,I34942,1200,1000,545,526.75,45,2,n,100
4765,I38338,1200,1000,975,329.77,45,2,n,100
1083,I08541,1600,1200,930,364.84,45,0,n,100
960,I07456,1600,1200,930,547.3,45,0,n,100
3795,I30784,1600,1200,930,438.4,45,0,n,100
2358,I18884,1600,1200,930,356.56,45,0,n,100
3396,I27685,1600,1200,930,358.48,45,0,n,100
5578,I44957,1600,1200,930,438.4,45,0,n,100
1609,I12670,1200,1000,930,414.14,45,2,n,100
739,I05607,1200,1000,750,351.756,45,2,n,100
1787,I13996,1600,1200,930,387.3,45,0,n,100
3752,I30286,1600,1200,930,454.873,45,0,n,100
3647,I29532,1600,1200,930,396.2,45,0,n,100
5061,I40467,1600,1200,930,438.4,45,0,n,100
3796,I30785,1600,1200,930,438.4,45,0,n,100
3549,I28721,1600,1200,930,607.6,45,0,n,100
5585,I44999,1600,1200,1350,303.92,45,0,n,100
1995,I15823,1600,1200,1350,303.92,45,0,n,100
2039,I16229,1600,1200,975,460.0,45,0,n,100
223,I01832,1800,1400,1020,303.45,45,11,n,100
3697,I29709,1600,1200,545,338.52,45,0,n,100
5467,I44121,1600,1200,930,551.56,45,0,n,100
3210,I26144,1600,1200,930,356.56,45,0,n,100
1573,I12524,1200,1000,975,329.77,45,2,n,100
361,I02639,1600,1200,930,547.3,45,0,n,100
1018,I07913,1800,1400,1020,303.45,45,11,n,100
1872,I14724,1600,1200,930,514.24,45,0,n,100
5480,I44219,1600,1200,930,307.13,45,0,n,100
2493,I20234,1200,1000,930,704.36,45,2,n,100
495,I03718,1800,1400,1020,303.45,45,11,n,100
1356,I10912,1800,1400,1020,303.45,45,11,n,100
5887,I47440,1200,1000,930,414.14,45,2,n,100
2934,I23573,1800,1400,1020,303.45,45,11,n,100
4427,I36221,1600,1200,930,551.56,45,0,n,100
4503,I36683,1600,1200,930,547.3,45,0,n,100
3828,I31034,1200,1000,975,337.45,45,2,n,100
4950,I39781,1600,1200,930,358.48,45,0,n,100
4745,I38270,1600,1200,1350,303.92,45,0,n,100
1049,I08192,1200,1000,975,329.77,45,2,n,100
5548,I44721,1600,1200,930,438.4,45,0,n,100
1314,I10469,2000,1200,2350,367.608,45,22,n,100
2140,I17139,1200,1000,930,340.1,45,2,n,100
2874,I23028,1600,1200,930,356.2,45,0,n,100
3804,I30817,1600,1200,750,323.7,45,0,n,100
1184,I09519,2000,1200,545,408.88,45,5,n,100
2882,I23039,1200,1000,930,340.1,45,2,n,100
4356,I35621,1600,1200,930,356.56,45,0,n,100
2323,I18532,1600,1200,930,358.48,45,0,n,100
1595,I12578,1600,1200,930,438.4,45,0,n,100
4747,I38272,1600,1200,1350,303.92,45,0,n,100
3576,I29046,2000,1200,2350,367.608,45,22,n,100
4302,I35120,1800,1400,1020,303.45,45,11,n,100
5040,I40350,1200,1000,975,329.77,45,2,n,100
4371,I35738,1200,1000,750,405.72,45,2,n,100
2627,I21474,1910,1200,1295,613.59,45,19,n,100
4446,I36279,1200,1000,975,401.2,45,2,n,100
2108,I16729,1800,1400,1020,303.45,45,11,n,100
1834,I14440,1600,1200,930,438.4,45,0,n,100
5707,I45872,1600,1200,930,438.4,45,0,n,100
4056,I33270,1200,1000,545,729.5,45,2,n,100
4477,I36571,1800,1200,1350,820.48,45,9,n,100
2607,I21294,1200,1000,930,413.58,45,2,n,100
3438,I28004,1600,1200,930,356.2,45,0,n,100
2648,I21495,1910,1200,1295,613.59,45,19,n,100
6173,I49711,1910,1200,1295,613.59,45,19,n,100
