,id_item,length,width,height,weight,nesting_height,stackability_code,forced_orientation,max_stackability
3236,I3236,1400,1200,1450,179.4,45,3,n,100
2288,I2288,1600,1200,1350,207.72,45,4,n,100
1366,I1366,1400,1200,1450,179.4,45,3,n,100
6458,I6458,1600,1200,1350,207.72,45,4,n,100
2428,I2428,1400,1200,1450,179.4,45,3,n,100
1395,I1395,1400,1200,1450,179.4,45,3,n,100
4617,I4617,1400,1200,1450,179.4,45,3,n,100
7456,I7456,1400,1225,1160,278.5,0,2,n,100
7173,I7173,1600,1200,930,454.873,45,4,n,100
1250,I1250,1400,1200,1450,179.4,45,3,n,100
5071,I5071,1200,1000,975,527.4,45,1,n,100
447,I0447,1400,1200,1450,179.4,45,3,n,100
2587,I2587,1600,1200,1350,207.72,45,4,n,100
1045,I1045,1200,1000,975,336.7,45,1,n,100
4349,I4349,1600,1200,1350,207.72,45,4,n,100
5140,I5140,1400,1200,1450,179.4,45,3,n,100
1110,I1110,1200,1000,975,293.32,45,1,n,100
5167,I5167,1200,1000,750,229.88,45,1,n,100
6950,I6950,780,570,478,100.96,47,0,w,4
2069,I2069,1200,1000,750,227.528,45,1,n,100
221,I0221,1400,1200,1450,179.4,45,3,n,100
4435,I4435,1600,1200,1350,207.72,45,4,n,100
674,I0674,1400,1200,1450,179.4,45,3,n,100
1259,I1259,1200,1000,975,169.0,45,1,n,100
7477,I7477,1200,1000,359,70.016,0,6,n,100
840,I0840,1600,1200,1350,303.92,45,4,n,100
3102,I3102,1600,1200,975,180.2,45,4,n,100
4417,I4417,1200,1000,975,169.0,45,1,n,100
2638,I2638,1900,1200,750,713.62,45,5,n,100
678,I0678,1400,1200,1450,179.4,45,3,n,100
1475,I1475,1200,1000,975,293.32,45,1,n,100
1224,I1224,1400,1200,1450,179.4,45,3,n,100
3431,I3431,1600,1200,930,547.3,45,4,n,100
675,I0675,1400,1200,1450,179.4,45,3,n,100
4685,I4685,1600,1200,930,438.4,45,4,n,100
3761,I3761,780,570,478,81.72,47,0,w,4
519,I0519,1400,1200,1450,179.4,45,3,n,100
2164,I2164,1600,1200,1350,207.72,45,4,n,100
4009,I4009,780,570,478,160.56,47,0,w,4
5048,I5048,1200,1000,1057,164.04,0,6,n,100
3449,I3449,1200,1000,975,293.32,45,1,n,100
6593,I6593,1600,1200,1350,205.16,45,4,n,100
5091,I5091,1600,1200,930,277.828,45,4,n,100
1108,I1108,1200,1000,975,293.32,45,1,n,100
6287,I6287,1400,1225,1160,278.5,0,2,n,100
5915,I5915,1400,1200,1450,179.4,45,3,n,100
215,I0215,1600,1200,930,438.4,45,4,n,100
6634,I6634,1400,1200,1450,179.4,45,3,n,100
1663,I1663,1600,1200,1350,207.72,45,4,n,100
4533,I4533,1400,1200,1450,179.4,45,3,n,100
7803,I7803,1600,1200,930,438.4,45,4,n,100
2190,I2190,1600,1200,1350,207.72,45,4,n,100
1752,I1752,1600,1200,1350,303.92,45,4,n,100
2689,I2689,1400,1200,1450,179.4,45,3,n,100
3100,I3100,1600,1200,975,180.2,45,4,n,100
936,I0936,1400,1200,1450,179.4,45,3,n,100
283,I0283,1200,1000,359,29.38,0,6,n,100
4908,I4908,1400,1200,1450,179.4,45,3,n,100
1463,I1463,1200,1000,975,293.32,45,1,n,100
7017,I7017,1600,1200,1350,207.72,45,4,n,100
6905,I6905,1400,1225,1160,317.0,0,2,n,100
5533,I5533,1600,1200,1350,205.16,45,4,n,100
7476,I7476,1400,1225,1160,317.0,0,2,n,100
5396,I5396,1600,1200,1350,303.92,45,4,n,100
7349,I7349,1400,1200,1450,179.4,45,3,n,100
6306,I6306,1200,1000,645,330.5,0,6,n,100
7756,I7756,1400,1225,1160,278.5,0,2,n,100
4276,I4276,1600,1200,1350,303.92,45,4,n,100
3087,I3087,1600,1200,1350,303.92,45,4,n,100
6894,I6894,1200,1000,975,577.8,45,1,n,100
3973,I3973,1400,1200,1450,179.4,45,3,n,100
3823,I3823,780,570,478,82.32,47,0,w,4
5501,I5501,1200,1000,975,225.6,45,1,n,100
399,I0399,1200,1000,1057,164.04,0,6,n,100
4848,I4848,1400,1200,1450,179.4,45,3,n,100
4664,I4664,1600,1200,1350,303.92,45,4,n,100
7495,I7495,1400,1200,1450,179.4,45,3,n,100
3999,I3999,1400,1200,1450,179.4,45,3,n,100
4984,I4984,1200,1000,975,225.6,45,1,n,100
5807,I5807,1200,1000,975,156.15,45,1,n,100
5265,I5265,1200,1000,975,246.0,45,1,n,100
8123,I8123,780,570,478,48.896,47,0,w,4
5206,I5206,1600,1200,1350,207.72,45,4,n,100
821,I0821,1400,1200,1450,179.4,45,3,n,100
2655,I2655,1200,1000,975,248.88,45,1,n,100
2179,I2179,1600,1200,1350,207.72,45,4,n,100
1025,I1025,1200,1000,1155,366.75,0,6,n,100
6324,I6324,1600,1200,975,180.2,45,4,n,100
6192,I6192,1400,1225,1160,317.0,0,2,n,100
6385,I6385,1400,1225,1160,278.5,0,2,n,100
6528,I6528,1400,1200,1450,179.4,45,3,n,100
8256,I8256,780,570,478,100.96,47,0,w,4
4717,I4717,1400,1200,1450,179.4,45,3,n,100
5080,I5080,1600,1200,930,438.4,45,4,n,100
4133,I4133,1200,1000,750,229.88,45,1,n,100
5535,I5535,1600,1200,1350,205.16,45,4,n,100
891,I0891,1400,1200,1450,179.4,45,3,n,100
2329,I2329,1600,1200,1350,303.92,45,4,n,100
6660,I6660,1200,1000,1057,179.85,0,6,n,100
3163,I3163,1400,1225,1160,278.5,0,2,n,100
7397,I7397,1600,1200,1350,207.72,45,4,n,100
6108,I6108,1400,1200,1450,179.4,45,3,n,100
6776,I6776,780,570,478,81.72,47,0,w,4
2356,I2356,1200,1000,750,229.88,45,1,n,100
8154,I8154,1400,1200,1450,179.4,45,3,n,100
7416,I7416,780,570,478,82.32,47,0,w,4
5481,I5481,1200,1000,750,267.8,45,1,n,100
4125,I4125,1200,1000,750,405.72,45,1,n,100
4510,I4510,1600,1200,930,438.4,45,4,n,100
7541,I7541,1600,1200,1350,205.16,45,4,n,100
4936,I4936,1900,1200,750,713.62,45,5,n,100
6061,I6061,1600,1200,975,180.2,45,4,n,100
6213,I6213,1400,1225,1160,278.5,0,2,n,100
1272,I1272,1200,1000,975,169.0,45,1,n,100
1719,I1719,1400,1225,1160,317.0,0,2,n,100
623,I0623,1400,1200,1450,179.4,45,3,n,100
7445,I7445,1400,1225,1160,317.0,0,2,n,100
514,I0514,1200,1000,750,351.756,45,1,n,100
2929,I2929,1400,1225,1160,278.5,0,2,n,100
564,I0564,1200,1000,750,351.756,45,1,n,100
5209,I5209,1600,1200,1350,207.72,45,4,n,100
5302,I5302,1600,1200,975,180.2,45,4,n,100
4293,I4293,1400,1225,1160,317.0,0,2,n,100
6019,I6019,1400,1225,1160,317.0,0,2,n,100
4935,I4935,1200,1000,750,227.528,45,1,n,100
2100,I2100,1200,1000,750,305.32,45,1,n,100
7539,I7539,1600,1200,1350,205.16,45,4,n,100
6255,I6255,1400,1200,1450,179.4,45,3,n,100
6891,I6891,780,570,478,101.52,47,0,w,4
4391,I4391,1200,1000,975,169.0,45,1,n,100
5870,I5870,1600,1200,1350,303.92,45,4,n,100
8160,I8160,1400,1200,1450,179.4,45,3,n,100
5077,I5077,1600,1200,930,438.4,45,4,n,100
3131,I3131,780,570,478,170.28,47,0,w,4
646,I0646,1400,1225,1160,278.5,0,2,n,100
2507,I2507,1400,1200,1450,179.4,45,3,n,100
2171,I2171,1900,1200,750,713.62,45,5,n,100
883,I0883,1400,1200,1450,179.4,45,3,n,100
2005,I2005,1600,1200,1350,207.72,45,4,n,100
7706,I7706,1400,1225,1160,317.0,0,2,n,100
7944,I7944,1200,1000,975,293.32,45,1,n,100
6364,I6364,1400,1225,1160,278.5,0,2,n,100
4047,I4047,1200,1000,975,169.0,45,1,n,100
343,I0343,1200,1000,750,229.88,45,1,n,100
6033,I6033,1600,1200,1350,303.92,45,4,n,100
4677,I4677,1600,1200,1350,207.72,45,4,n,100
2893,I2893,1600,1200,930,277.828,45,4,n,100
2202,I2202,1200,1000,975,577.8,45,1,n,100
4163,I4163,1200,1000,975,336.7,45,1,n,100
7410,I7410,1600,1200,1350,303.92,45,4,n,100
1969,I1969,780,570,478,100.96,47,0,w,4
4164,I4164,1200,1000,975,336.7,45,1,n,100
2418,I2418,1400,1200,1450,179.4,45,3,n,100
3635,I3635,1600,1200,1350,205.16,45,4,n,100
5413,I5413,1200,1000,1057,164.04,0,6,n,100
6964,I6964,1600,1200,1350,303.92,45,4,n,100
6284,I6284,1400,1225,1160,278.5,0,2,n,100
2583,I2583,780,570,478,170.28,47,0,w,4
5390,I5390,780,570,478,100.96,47,0,w,4
7156,I7156,1200,1000,930,324.1,45,1,n,100
3107,I3107,1600,1200,975,180.2,45,4,n,100
847,I0847,1600,1200,930,547.3,45,4,n,100
3602,I3602,1200,1000,975,577.8,45,1,n,100
2342,I2342,1200,1000,930,343.9,45,1,n,100
7338,I7338,1400,1200,1450,179.4,45,3,n,100
1294,I1294,1400,1200,1450,179.4,45,3,n,100
7110,I7110,1400,1200,1450,179.4,45,3,n,100
1438,I1438,780,570,478,170.28,47,0,w,4
7955,I7955,1900,1200,750,845.38,45,5,n,100
5527,I5527,1200,1000,1155,366.75,0,6,n,100
4887,I4887,1200,1000,975,336.7,45,1,n,100
5365,I5365,1400,1200,1450,179.4,45,3,n,100
1645,I1645,1400,1200,1450,179.4,45,3,n,100
3530,I3530,1600,1200,930,438.4,45,4,n,100
4312,I4312,1600,1200,1350,207.72,45,4,n,100
7298,I7298,780,570,478,100.96,47,0,w,4
7870,I7870,780,570,478,82.32,47,0,w,4
7106,I7106,1600,1200,930,547.3,45,4,n,100
2274,I2274,1200,1000,750,405.72,45,1,n,100
7709,I7709,1400,1225,1160,317.0,0,2,n,100
7351,I7351,1400,1200,1450,179.4,45,3,n,100
7437,I7437,1400,1225,1160,317.0,0,2,n,100
4384,I4384,1200,1000,975,169.0,45,1,n,100
6369,I6369,1400,1225,1160,278.5,0,2,n,100
4831,I4831,1200,1000,975,336.7,45,1,n,100
3167,I3167,1400,1225,1160,278.5,0,2,n,100
6017,I6017,1400,1225,1160,317.0,0,2,n,100
6468,I6468,1600,1200,930,547.3,45,4,n,100
5816,I5816,1200,1000,750,229.88,45,1,n,100
5525,I5525,1200,1000,975,248.88,45,1,n,100
7317,I7317,1400,1225,1160,278.5,0,2,n,100
1107,I1107,1200,1000,975,293.32,45,1,n,100
3229,I3229,1400,1200,1450,179.4,45,3,n,100
3185,I3185,780,570,478,81.72,47,0,w,4
7171,I7171,1600,1200,930,454.873,45,4,n,100
1764,I1764,780,570,478,100.96,47,0,w,4
2783,I2783,1600,1200,1350,207.72,45,4,n,100
4112,I4112,1400,1225,1160,317.0,0,2,n,100
7064,I7064,1600,1200,1350,207.72,45,4,n,100
1239,I1239,1400,1200,1450,179.4,45,3,n,100
2880,I2880,1400,1200,1450,179.4,45,3,n,100
3885,I3885,1400,1225,1160,278.5,0,2,n,100
7649,I7649,1600,1200,975,180.2,45,4,n,100
4633,I4633,1400,1200,1450,179.4,45,3,n,100
761,I0761,1200,1000,975,293.32,45,1,n,100
6632,I6632,1400,1200,1450,179.4,45,3,n,100
6153,I6153,1200,1000,750,351.756,45,1,n,100
3690,I3690,1600,1200,975,180.2,45,4,n,100
5217,I5217,1600,1200,1350,207.72,45,4,n,100
3877,I3877,1200,1000,975,293.32,45,1,n,100
4245,I4245,1400,1225,1160,278.5,0,2,n,100
7733,I7733,1900,1200,750,845.38,45,5,n,100
3539,I3539,1200,1000,545,729.5,45,1,n,100
1701,I1701,1200,1000,750,227.528,45,1,n,100
5673,I5673,1600,1200,1350,205.16,45,4,n,100
5154,I5154,780,570,478,100.96,47,0,w,4
4065,I4065,1200,1000,975,169.0,45,1,n,100
5806,I5806,1200,1000,359,70.016,0,6,n,100
8336,I8336,1400,1225,1160,317.0,0,2,n,100
6494,I6494,1200,1000,750,500.86,45,1,n,100
7176,I7176,1400,1225,1160,278.5,0,2,n,100
6864,I6864,1400,1200,1450,179.4,45,3,n,100
2549,I2549,1400,1200,1450,179.4,45,3,n,100
3562,I3562,1400,1225,1160,278.5,0,2,n,100
2434,I2434,1400,1200,1450,179.4,45,3,n,100
1529,I1529,1600,1200,1350,303.92,45,4,n,100
7318,I7318,1400,1225,1160,278.5,0,2,n,100
8138,I8138,1200,1000,975,527.4,45,1,n,100
3262,I3262,1600,1200,930,438.4,45,4,n,100
53,I0053,1400,1200,1450,179.4,45,3,n,100
3696,I3696,1600,1200,975,180.2,45,4,n,100
330,I0330,1200,1000,750,405.72,45,1,n,100
7967,I7967,1600,1200,1350,205.16,45,4,n,100
251,I0251,1400,1200,1450,179.4,45,3,n,100
7044,I7044,1200,1000,975,183.84,45,1,n,100
3381,I3381,1400,1200,1450,179.4,45,3,n,100
562,I0562,780,570,478,100.96,47,0,w,4
3934,I3934,780,570,478,104.768,47,0,w,4
1079,I1079,1600,1200,1350,207.72,45,4,n,100
7526,I7526,1600,1200,1350,303.92,45,4,n,100
8002,I8002,1600,1200,1350,205.16,45,4,n,100
1098,I1098,1200,1000,975,293.32,45,1,n,100
4306,I4306,1600,1200,1350,207.72,45,4,n,100
1208,I1208,1600,1200,975,180.2,45,4,n,100
5512,I5512,1600,1200,1350,303.92,45,4,n,100
5531,I5531,1600,1200,1350,205.16,45,4,n,100
2152,I2152,1600,1200,930,547.3,45,4,n,100
6791,I6791,1600,1200,930,438.4,45,4,n,100
101,I0101,1200,1000,750,229.88,45,1,n,100
7118,I7118,1400,1200,1450,179.4,45,3,n,100
2924,I2924,1400,1225,1160,278.5,0,2,n,100
7691,I7691,1200,1000,975,577.8,45,1,n,100
4757,I4757,780,570,478,104.768,47,0,w,4
680,I0680,1400,1200,1450,179.4,45,3,n,100
3984,I3984,1400,1200,1450,179.4,45,3,n,100
6211,I6211,1400,1225,1160,278.5,0,2,n,100
1151,I1151,1200,1000,545,690.5,45,1,n,100
4710,I4710,1400,1200,1450,179.4,45,3,n,100
938,I0938,1400,1200,1450,179.4,45,3,n,100
480,I0480,1200,1000,975,165.375,45,1,n,100
4297,I4297,1200,1000,558,136.704,0,6,n,100
3536,I3536,1600,1200,930,547.3,45,4,n,100
5470,I5470,1400,1225,1160,317.0,0,2,n,100
3105,I3105,1600,1200,975,180.2,45,4,n,100
5690,I5690,1900,1200,750,713.62,45,5,n,100
6843,I6843,1400,1200,1450,179.4,45,3,n,100
2056,I2056,1400,1200,1450,179.4,45,3,n,100
4586,I4586,1400,1225,1160,278.5,0,2,n,100
3547,I3547,1600,1200,1350,207.72,45,4,n,100
2841,I2841,1400,1200,1450,179.4,45,3,n,100
5987,I5987,1600,1200,1350,207.72,45,4,n,100
8285,I8285,780,570,478,100.96,47,0,w,4
610,I0610,1400,1225,1160,278.5,0,2,n,100
7782,I7782,1400,1200,1450,179.4,45,3,n,100
6999,I6999,1400,1200,1450,179.4,45,3,n,100
66,I0066,1400,1225,1160,317.0,0,2,n,100
5011,I5011,1600,1200,930,310.76,45,4,n,100
459,I0459,1200,1000,975,577.8,45,1,n,100
7873,I7873,1200,1000,975,527.4,45,1,n,100
7415,I7415,780,570,478,82.32,47,0,w,4
1460,I1460,1200,1000,975,293.32,45,1,n,100
7627,I7627,1400,1200,1450,179.4,45,3,n,100
3776,I3776,780,570,478,100.96,47,0,w,4
4072,I4072,1400,1200,1450,179.4,45,3,n,100
8240,I8240,1600,1200,1350,303.92,45,4,n,100
6554,I6554,1200,1000,750,229.88,45,1,n,100
523,I0523,1400,1200,1450,179.4,45,3,n,100
7737,I7737,780,570,478,81.72,47,0,w,4
3094,I3094,1400,1225,1160,317.0,0,2,n,100
4317,I4317,1600,1200,1350,207.72,45,4,n,100
4795,I4795,1600,1200,1350,207.72,45,4,n,100
6851,I6851,1400,1200,1450,179.4,45,3,n,100
5513,I5513,1600,1200,1350,303.92,45,4,n,100
259,I0259,1600,1200,1350,303.92,45,4,n,100
6329,I6329,1600,1200,975,180.2,45,4,n,100
65,I0065,1400,1225,1160,317.0,0,2,n,100
4530,I4530,1400,1200,1450,179.4,45,3,n,100
4027,I4027,780,570,478,100.96,47,0,w,4
2810,I2810,1200,1000,975,527.4,45,1,n,100
2559,I2559,1400,1200,1450,179.4,45,3,n,100
1723,I1723,1400,1225,1160,317.0,0,2,n,100
1511,I1511,1200,1000,975,156.15,45,1,n,100
6446,I6446,1600,1200,1350,207.72,45,4,n,100
1801,I1801,780,570,478,82.32,47,0,w,4
2489,I2489,1400,1200,1450,179.4,45,3,n,100
1260,I1260,1200,1000,975,169.0,45,1,n,100
3423,I3423,1600,1200,1350,303.92,45,4,n,100
2067,I2067,1600,1200,975,1471.6,45,4,n,100
3133,I3133,780,570,478,170.28,47,0,w,4
1772,I1772,1200,1000,750,229.88,45,1,n,100
457,I0457,1600,1200,930,454.873,45,4,n,100
679,I0679,1400,1200,1450,179.4,45,3,n,100
4028,I4028,780,570,478,100.96,47,0,w,4
6436,I6436,1400,1225,1160,278.5,0,2,n,100
5908,I5908,1200,1000,545,729.5,45,1,n,100
4205,I4205,1600,1200,930,277.828,45,4,n,100
6604,I6604,1600,1200,1350,205.16,45,4,n,100
2196,I2196,1600,1200,1350,207.72,45,4,n,100
3046,I3046,1200,1000,975,293.32,45,1,n,100
846,I0846,1600,1200,930,547.3,45,4,n,100
2121,I2121,1600,1200,930,547.3,45,4,n,100
7096,I7096,780,570,478,96.256,47,0,w,4
640,I0640,1400,1200,1450,179.4,45,3,n,100
266,I0266,1200,1000,975,165.375,45,1,n,100
2916,I2916,780,570,478,101.52,47,0,w,4
8008,I8008,1200,1000,359,72.704,0,6,n,100
4267,I4267,1400,1225,1160,278.5,0,2,n,100
6376,I6376,1600,1200,1350,205.16,45,4,n,100
2964,I2964,1600,1200,1350,207.72,45,4,n,100
5245,I5245,1400,1200,1450,179.4,45,3,n,100
5258,I5258,1600,1200,1350,310.16,45,4,n,100
3676,I3676,1600,1200,975,180.2,45,4,n,100
5540,I5540,1600,1200,1350,205.16,45,4,n,100
112,I0112,1400,1200,1450,179.4,45,3,n,100
5566,I5566,1600,1200,1350,207.72,45,4,n,100
544,I0544,1400,1200,1450,179.4,45,3,n,100
1713,I1713,1400,1225,1160,317.0,0,2,n,100
3114,I3114,1600,1200,975,180.2,45,4,n,100
2479,I2479,1400,1225,1160,278.5,0,2,n,100
317,I0317,1400,1200,1450,179.4,45,3,n,100
4337,I4337,1600,1200,1350,207.72,45,4,n,100
1371,I1371,1400,1200,1450,179.4,45,3,n,100
2150,I2150,1200,1000,975,156.15,45,1,n,100
4165,I4165,1400,1225,1160,278.5,0,2,n,100
3552,I3552,1600,1200,930,438.4,45,4,n,100
7769,I7769,1400,1225,1160,317.0,0,2,n,100
6650,I6650,1400,1200,1450,179.4,45,3,n,100
5410,I5410,1200,1000,750,267.8,45,1,n,100
5062,I5062,1900,1200,750,713.62,45,5,n,100
3948,I3948,1400,1200,1450,179.4,45,3,n,100
7500,I7500,1200,1000,750,227.528,45,1,n,100
140,I0140,1400,1200,1450,179.4,45,3,n,100
389,I0389,1400,1225,1160,317.0,0,2,n,100
1909,I1909,1200,1000,975,169.0,45,1,n,100
4573,I4573,1400,1225,1160,278.5,0,2,n,100
6469,I6469,1600,1200,930,547.3,45,4,n,100
1379,I1379,1400,1200,1450,179.4,45,3,n,100
2856,I2856,1400,1200,1450,179.4,45,3,n,100
5648,I5648,1600,1200,930,547.3,45,4,n,100
2379,I2379,1400,1225,1160,317.0,0,2,n,100
2517,I2517,1400,1200,1450,179.4,45,3,n,100
5800,I5800,1600,1200,1350,303.92,45,4,n,100
5102,I5102,1600,1200,1350,207.72,45,4,n,100
2687,I2687,1400,1200,1450,179.4,45,3,n,100
1567,I1567,1600,1200,975,180.2,45,4,n,100
947,I0947,1400,1200,1450,179.4,45,3,n,100
2660,I2660,780,570,478,100.96,47,0,w,4
6043,I6043,1600,1200,975,180.2,45,4,n,100
3990,I3990,1400,1200,1450,179.4,45,3,n,100
1637,I1637,1400,1200,1450,179.4,45,3,n,100
1609,I1609,1200,1000,930,343.9,45,1,n,100
1205,I1205,1600,1200,975,180.2,45,4,n,100
7980,I7980,1200,1000,975,156.15,45,1,n,100
2271,I2271,1400,1200,1450,179.4,45,3,n,100
1989,I1989,1200,1000,975,336.7,45,1,n,100
755,I0755,1400,1200,1450,179.4,45,3,n,100
7280,I7280,1600,1200,1350,303.92,45,4,n,100
7775,I7775,1400,1225,1160,317.0,0,2,n,100
242,I0242,1400,1200,1450,179.4,45,3,n,100
1158,I1158,1200,1000,750,351.944,45,1,n,100
4005,I4005,1400,1225,1160,317.0,0,2,n,100
8050,I8050,780,570,478,170.28,47,0,w,4
7682,I7682,1600,1200,1350,207.72,45,4,n,100
6760,I6760,1600,1200,1350,205.16,45,4,n,100
1763,I1763,780,570,478,100.96,47,0,w,4
8122,I8122,1600,1200,1350,303.92,45,4,n,100
5343,I5343,1600,1200,1350,207.72,45,4,n,100
4124,I4124,1200,1000,750,227.528,45,1,n,100
6578,I6578,780,570,478,82.32,47,0,w,4
4299,I4299,1200,1000,750,305.32,45,1,n,100
5236,I5236,1200,1000,750,227.528,45,1,n,100
5723,I5723,1200,1000,750,305.32,45,1,n,100
839,I0839,1400,1200,1450,179.4,45,3,n,100
4652,I4652,1200,1000,1057,164.04,0,6,n,100
2318,I2318,1400,1200,1450,179.4,45,3,n,100
4295,I4295,1400,1225,1160,317.0,0,2,n,100
3881,I3881,1200,1000,750,176.5,45,1,n,100
5793,I5793,1600,1200,1350,303.92,45,4,n,100
5887,I5887,1400,1225,1160,278.5,0,2,n,100
2739,I2739,1200,1000,975,337.45,45,1,n,100
8236,I8236,1200,1000,975,248.88,45,1,n,100
6300,I6300,1400,1200,1450,179.4,45,3,n,100
6685,I6685,1400,1200,1450,179.4,45,3,n,100
1932,I1932,780,570,478,81.72,47,0,w,4
1745,I1745,1400,1225,1160,317.0,0,2,n,100
3414,I3414,1400,1225,1160,278.5,0,2,n,100
1430,I1430,780,570,478,82.32,47,0,w,4
76,I0076,1200,1000,750,227.528,45,1,n,100
7562,I7562,1200,1000,750,229.88,45,1,n,100
8019,I8019,1200,1000,750,229.88,45,1,n,100
6044,I6044,1600,1200,975,180.2,45,4,n,100
7719,I7719,1600,1200,1350,205.16,45,4,n,100
962,I0962,780,570,478,160.56,47,0,w,4
881,I0881,1400,1200,1450,179.4,45,3,n,100
4694,I4694,1400,1200,1450,179.4,45,3,n,100
5170,I5170,1200,1000,750,229.88,45,1,n,100
1599,I1599,1200,1000,975,225.6,45,1,n,100
7358,I7358,780,570,478,82.32,47,0,w,4
144,I0144,1400,1200,1450,179.4,45,3,n,100
5493,I5493,1200,1000,975,183.84,45,1,n,100
1855,I1855,1600,1200,1350,303.92,45,4,n,100
6834,I6834,1400,1200,1450,179.4,45,3,n,100
5008,I5008,1400,1200,1450,179.4,45,3,n,100
6041,I6041,1600,1200,975,180.2,45,4,n,100
6893,I6893,1200,1000,750,500.86,45,1,n,100
6084,I6084,1600,1200,1350,207.72,45,4,n,100
996,I0996,1200,1000,975,156.15,45,1,n,100
5160,I5160,1600,1200,1350,303.92,45,4,n,100
2224,I2224,1200,1000,750,227.528,45,1,n,100
272,I0272,780,570,478,96.256,47,0,w,4
2040,I2040,1600,1200,1350,207.72,45,4,n,100
2600,I2600,1600,1200,1350,303.92,45,4,n,100
7957,I7957,1600,1200,1350,205.16,45,4,n,100
5880,I5880,780,570,478,104.768,47,0,w,4
5328,I5328,1200,1000,645,330.5,0,6,n,100
2560,I2560,1400,1200,1450,179.4,45,3,n,100
4743,I4743,1600,1200,1350,303.92,45,4,n,100
2116,I2116,780,570,478,81.72,47,0,w,4
2792,I2792,1600,1200,1350,207.72,45,4,n,100
2749,I2749,1600,1200,1350,207.72,45,4,n,100
1385,I1385,1400,1200,1450,179.4,45,3,n,100
2796,I2796,1600,1200,1350,207.72,45,4,n,100
5516,I5516,1600,1200,1350,303.92,45,4,n,100
1232,I1232,1400,1200,1450,179.4,45,3,n,100
8280,I8280,780,570,478,100.96,47,0,w,4
922,I0922,1400,1200,1450,179.4,45,3,n,100
8164,I8164,1400,1200,1450,179.4,45,3,n,100
7948,I7948,1200,1000,975,293.32,45,1,n,100
759,I0759,1200,1000,359,70.016,0,6,n,100
5547,I5547,780,570,478,81.72,47,0,w,4
6242,I6242,1400,1200,1450,179.4,45,3,n,100
1397,I1397,1400,1200,1450,179.4,45,3,n,100
7664,I7664,1600,1200,1350,207.72,45,4,n,100
3789,I3789,1200,1000,1155,375.0,0,6,n,100
717,I0717,1600,1200,1350,205.16,45,4,n,100
5947,I5947,780,570,478,104.768,47,0,w,4
346,I0346,1200,1000,750,351.756,45,1,n,100
3733,I3733,1200,1000,930,324.1,45,1,n,100
3693,I3693,1600,1200,975,180.2,45,4,n,100
2766,I2766,780,570,478,81.72,47,0,w,4
7855,I7855,1400,1225,1160,278.5,0,2,n,100
2928,I2928,1400,1225,1160,278.5,0,2,n,100
6268,I6268,1400,1200,1450,179.4,45,3,n,100
1570,I1570,1600,1200,975,180.2,45,4,n,100
3792,I3792,1600,1200,930,547.3,45,4,n,100
295,I0295,1200,1000,930,324.1,45,1,n,100
7599,I7599,1400,1225,1160,317.0,0,2,n,100
4721,I4721,1400,1200,1450,179.4,45,3,n,100
867,I0867,1200,1000,975,527.4,45,1,n,100
3160,I3160,1400,1225,1160,278.5,0,2,n,100
3517,I3517,1600,1200,1350,310.16,45,4,n,100
2807,I2807,1200,1000,975,527.4,45,1,n,100
4765,I4765,1200,1000,1057,179.85,0,6,n,100
8184,I8184,1200,1000,975,708.0,45,1,n,100
5913,I5913,1400,1200,1450,179.4,45,3,n,100
501,I0501,780,570,478,100.96,47,0,w,4
60,I0060,1600,1200,1350,303.92,45,4,n,100
2048,I2048,1200,1000,975,527.4,45,1,n,100
4659,I4659,1600,1200,1350,303.92,45,4,n,100
2270,I2270,1400,1200,1450,179.4,45,3,n,100
2010,I2010,1600,1200,1350,207.72,45,4,n,100
376,I0376,1600,1200,1350,303.92,45,4,n,100
655,I0655,1400,1200,1450,179.4,45,3,n,100
7233,I7233,1400,1200,1450,179.4,45,3,n,100
2547,I2547,1400,1200,1450,179.4,45,3,n,100
3561,I3561,1400,1225,1160,278.5,0,2,n,100
7364,I7364,780,570,478,81.72,47,0,w,4
4610,I4610,1600,1200,1350,303.92,45,4,n,100
5247,I5247,1400,1200,1450,179.4,45,3,n,100
4141,I4141,1200,1000,975,156.15,45,1,n,100
174,I0174,1400,1200,1450,179.4,45,3,n,100
6818,I6818,1400,1200,1450,179.4,45,3,n,100
3476,I3476,1200,1000,975,293.32,45,1,n,100
6393,I6393,1600,1200,1350,207.72,45,4,n,100
7388,I7388,1600,1200,1350,207.72,45,4,n,100
6086,I6086,1600,1200,1350,207.72,45,4,n,100
7254,I7254,1400,1200,1450,179.4,45,3,n,100
3120,I3120,1600,1200,975,180.2,45,4,n,100
2858,I2858,1400,1200,1450,179.4,45,3,n,100
6635,I6635,1400,1200,1450,179.4,45,3,n,100
5942,I5942,1200,1000,975,183.84,45,1,n,100
3313,I3313,1200,1000,975,293.32,45,1,n,100
1040,I1040,1200,1000,975,336.7,45,1,n,100
1597,I1597,780,570,478,160.56,47,0,w,4
2723,I2723,1400,1225,1160,317.0,0,2,n,100
2055,I2055,1400,1200,1450,179.4,45,3,n,100
4227,I4227,1400,1200,1450,179.4,45,3,n,100
1450,I1450,1200,1000,975,293.32,45,1,n,100
5734,I5734,1200,1000,975,527.4,45,1,n,100
555,I0555,780,570,478,100.96,47,0,w,4
5879,I5879,780,570,478,104.768,47,0,w,4
2200,I2200,1200,1000,975,577.8,45,1,n,100
707,I0707,1600,1200,1350,303.92,45,4,n,100
1201,I1201,1600,1200,975,180.2,45,4,n,100
3782,I3782,780,570,478,170.28,47,0,w,4
2015,I2015,1600,1200,1350,207.72,45,4,n,100
1656,I1656,1200,1000,750,229.88,45,1,n,100
2219,I2219,1200,1000,975,259.6,45,1,n,100
6757,I6757,1200,1000,750,229.88,45,1,n,100
5023,I5023,1400,1225,1160,317.0,0,2,n,100
2070,I2070,1400,1200,1450,179.4,45,3,n,100
6987,I6987,1600,1200,1350,207.72,45,4,n,100
2996,I2996,1600,1200,1350,207.72,45,4,n,100
5412,I5412,1200,1000,1057,164.04,0,6,n,100
534,I0534,1400,1200,1450,179.4,45,3,n,100
7143,I7143,1400,1225,1160,317.0,0,2,n,100
3838,I3838,1200,1000,750,305.32,45,1,n,100
4104,I4104,1400,1200,1450,179.4,45,3,n,100
6527,I6527,1400,1200,1450,179.4,45,3,n,100
7852,I7852,1400,1225,1160,278.5,0,2,n,100
4622,I4622,1400,1200,1450,179.4,45,3,n,100
4290,I4290,1400,1225,1160,317.0,0,2,n,100
6526,I6526,1400,1200,1450,179.4,45,3,n,100
5137,I5137,1400,1200,1450,179.4,45,3,n,100
3644,I3644,1400,1225,1160,317.0,0,2,n,100
4171,I4171,1400,1225,1160,278.5,0,2,n,100
6907,I6907,1400,1225,1160,317.0,0,2,n,100
7066,I7066,780,570,478,104.768,47,0,w,4
6636,I6636,1400,1200,1450,179.4,45,3,n,100
3764,I3764,780,570,478,81.72,47,0,w,4
2382,I2382,1400,1225,1160,317.0,0,2,n,100
3344,I3344,1200,1000,975,225.6,45,1,n,100
985,I0985,780,570,478,170.28,47,0,w,4
4372,I4372,1600,1200,930,277.828,45,4,n,100
7806,I7806,1200,1000,1155,373.25,0,6,n,100
7698,I7698,1400,1225,1160,317.0,0,2,n,100
124,I0124,1600,1200,1350,303.92,45,4,n,100
6002,I6002,1200,1000,975,156.15,45,1,n,100
3608,I3608,1200,1000,975,183.84,45,1,n,100
1610,I1610,1200,1000,975,165.375,45,1,n,100
8095,I8095,1400,1200,1450,179.4,45,3,n,100
5422,I5422,1600,1200,1350,303.92,45,4,n,100
1422,I1422,1200,1000,750,229.88,45,1,n,100
4679,I4679,1600,1200,1350,207.72,45,4,n,100
1524,I1524,780,570,478,82.32,47,0,w,4
2523,I2523,1400,1200,1450,179.4,45,3,n,100
6737,I6737,1200,1000,975,527.4,45,1,n,100
4983,I4983,1200,1000,975,225.6,45,1,n,100
290,I0290,1600,1200,1350,303.92,45,4,n,100
7868,I7868,780,570,478,82.32,47,0,w,4
4377,I4377,1600,1200,1350,207.72,45,4,n,100
2779,I2779,1600,1200,1350,207.72,45,4,n,100
6189,I6189,780,570,478,82.32,47,0,w,4
3451,I3451,1200,1000,975,293.32,45,1,n,100
502,I0502,780,570,478,100.96,47,0,w,4
1951,I1951,1200,1000,750,229.88,45,1,n,100
5488,I5488,1200,1000,975,248.88,45,1,n,100
6204,I6204,1400,1225,1160,317.0,0,2,n,100
5596,I5596,1200,1000,975,384.74,45,1,n,100
578,I0578,780,570,478,100.96,47,0,w,4
6414,I6414,1900,1200,750,845.38,45,5,n,100
7583,I7583,1200,1000,975,248.88,45,1,n,100
39,I0039,1400,1200,1450,179.4,45,3,n,100
5779,I5779,1600,1200,1350,207.72,45,4,n,100
5725,I5725,780,570,478,160.56,47,0,w,4
3750,I3750,1600,1200,1350,303.92,45,4,n,100
1505,I1505,1600,1200,930,438.4,45,4,n,100
8211,I8211,1600,1200,1350,303.92,45,4,n,100
7794,I7794,1400,1200,1450,179.4,45,3,n,100
3350,I3350,1200,1000,975,225.6,45,1,n,100
700,I0700,1600,1200,1350,207.72,45,4,n,100
7326,I7326,1200,1000,750,229.88,45,1,n,100
6868,I6868,780,570,478,170.28,47,0,w,4
4353,I4353,1600,1200,1350,303.92,45,4,n,100
4159,I4159,1200,1000,975,336.7,45,1,n,100
6506,I6506,1200,1000,975,165.375,45,1,n,100
2052,I2052,1400,1200,1450,179.4,45,3,n,100
1443,I1443,1200,1000,975,165.375,45,1,n,100
6547,I6547,780,570,478,100.96,47,0,w,4
4683,I4683,1600,1200,930,438.4,45,4,n,100
2411,I2411,1400,1225,1160,278.5,0,2,n,100
1698,I1698,1600,1200,1350,207.72,45,4,n,100
4199,I4199,1200,1000,750,229.88,45,1,n,100
1180,I1180,1600,1200,975,180.2,45,4,n,100
6520,I6520,1400,1200,1450,179.4,45,3,n,100
3691,I3691,1600,1200,975,180.2,45,4,n,100
6175,I6175,1600,1200,1350,303.92,45,4,n,100
6858,I6858,1400,1200,1450,179.4,45,3,n,100
6435,I6435,1400,1225,1160,278.5,0,2,n,100
654,I0654,1400,1200,1450,179.4,45,3,n,100
1254,I1254,1200,1000,975,169.0,45,1,n,100
7341,I7341,1400,1200,1450,179.4,45,3,n,100
1261,I1261,1200,1000,975,169.0,45,1,n,100
6822,I6822,1400,1200,1450,179.4,45,3,n,100
4274,I4274,1600,1200,1350,303.92,45,4,n,100
4961,I4961,1600,1200,1350,205.16,45,4,n,100
7559,I7559,1200,1000,750,229.88,45,1,n,100
6884,I6884,1600,1200,1350,205.16,45,4,n,100
3865,I3865,1200,1000,975,293.32,45,1,n,100
5982,I5982,1400,1200,1450,179.4,45,3,n,100
5564,I5564,1600,1200,1350,207.72,45,4,n,100
7998,I7998,1600,1200,1350,303.92,45,4,n,100
7504,I7504,780,570,478,82.32,47,0,w,4
8286,I8286,780,570,478,100.96,47,0,w,4
2551,I2551,1200,1000,750,176.5,45,1,n,100
5844,I5844,1400,1200,1450,179.4,45,3,n,100
7823,I7823,1200,1000,975,577.8,45,1,n,100
4948,I4948,1600,1200,1350,207.72,45,4,n,100
6337,I6337,1600,1200,975,180.2,45,4,n,100
6954,I6954,780,570,478,104.768,47,0,w,4
1950,I1950,1200,1000,750,229.88,45,1,n,100
6344,I6344,1600,1200,975,180.2,45,4,n,100
4953,I4953,1600,1200,1350,207.72,45,4,n,100
4179,I4179,1200,1000,750,351.756,45,1,n,100
2879,I2879,1400,1200,1450,179.4,45,3,n,100
2752,I2752,1600,1200,1350,303.92,45,4,n,100
4796,I4796,1600,1200,1350,207.72,45,4,n,100
2635,I2635,1200,1000,975,527.4,45,1,n,100
7274,I7274,1600,1200,930,547.3,45,4,n,100
3900,I3900,1400,1225,1160,317.0,0,2,n,100
4103,I4103,1400,1200,1450,179.4,45,3,n,100
8322,I8322,1200,1000,975,293.32,45,1,n,100
6784,I6784,1600,1200,1350,303.92,45,4,n,100
4309,I4309,1600,1200,1350,207.72,45,4,n,100
902,I0902,1400,1200,1450,179.4,45,3,n,100
2465,I2465,1600,1200,1350,207.72,45,4,n,100
6922,I6922,1600,1200,1350,207.72,45,4,n,100
923,I0923,1400,1200,1450,179.4,45,3,n,100
1624,I1624,1200,1000,975,246.0,45,1,n,100
825,I0825,1400,1200,1450,179.4,45,3,n,100
3492,I3492,1400,1225,1160,317.0,0,2,n,100
3707,I3707,1400,1200,1450,179.4,45,3,n,100
3886,I3886,1400,1225,1160,278.5,0,2,n,100
7383,I7383,1600,1200,1350,207.72,45,4,n,100
4892,I4892,1600,1200,930,514.24,45,4,n,100
8352,I8352,1200,1000,975,225.6,45,1,n,100
712,I0712,1600,1200,1350,303.92,45,4,n,100
7725,I7725,1200,1000,975,577.8,45,1,n,100
3101,I3101,1600,1200,975,180.2,45,4,n,100
5989,I5989,1600,1200,1350,207.72,45,4,n,100
1334,I1334,1400,1225,1160,278.5,0,2,n,100
3665,I3665,1200,1000,1155,375.0,0,6,n,100
3587,I3587,1400,1225,1160,278.5,0,2,n,100
721,I0721,1600,1200,1350,205.16,45,4,n,100
2647,I2647,1200,1000,750,229.88,45,1,n,100
5394,I5394,780,570,478,100.96,47,0,w,4
3006,I3006,1600,1200,1350,207.72,45,4,n,100
3941,I3941,1400,1200,1450,179.4,45,3,n,100
3281,I3281,1200,1000,975,293.32,45,1,n,100
6484,I6484,1600,1200,930,438.4,45,4,n,100
4672,I4672,780,570,478,82.32,47,0,w,4
5653,I5653,1200,1000,975,183.84,45,1,n,100
4746,I4746,780,570,478,170.28,47,0,w,4
4258,I4258,1400,1225,1160,278.5,0,2,n,100
3980,I3980,1400,1200,1450,179.4,45,3,n,100
6136,I6136,1400,1200,1450,179.4,45,3,n,100
7001,I7001,1400,1200,1450,179.4,45,3,n,100
5621,I5621,780,570,478,170.28,47,0,w,4
170,I0170,1600,1200,1350,207.72,45,4,n,100
5826,I5826,1200,1000,750,229.88,45,1,n,100
2236,I2236,1400,1200,1450,179.4,45,3,n,100
6165,I6165,1400,1225,1160,317.0,0,2,n,100
4910,I4910,1400,1200,1450,179.4,45,3,n,100
1030,I1030,1200,1000,750,229.88,45,1,n,100
5502,I5502,1200,1000,975,225.6,45,1,n,100
799,I0799,1900,1200,750,713.62,45,5,n,100
3768,I3768,1200,1000,975,337.9,45,1,n,100
1119,I1119,1200,1000,975,293.32,45,1,n,100
3589,I3589,1400,1225,1160,278.5,0,2,n,100
7150,I7150,1400,1225,1160,317.0,0,2,n,100
7563,I7563,1200,1000,750,229.88,45,1,n,100
6600,I6600,1600,1200,1350,205.16,45,4,n,100
4053,I4053,1200,1000,975,169.0,45,1,n,100
431,I0431,1400,1200,1450,179.4,45,3,n,100
241,I0241,1400,1200,1450,179.4,45,3,n,100
3797,I3797,1600,1200,930,547.3,45,4,n,100
1590,I1590,1600,1200,1350,303.92,45,4,n,100
5169,I5169,1200,1000,750,229.88,45,1,n,100
2778,I2778,1600,1200,1350,303.92,45,4,n,100
4701,I4701,1200,1000,750,229.88,45,1,n,100
5269,I5269,1400,1225,1160,278.5,0,2,n,100
1245,I1245,1400,1200,1450,179.4,45,3,n,100
2074,I2074,1400,1200,1450,179.4,45,3,n,100
6404,I6404,1200,1000,545,690.5,45,1,n,100
6441,I6441,1400,1225,1160,278.5,0,2,n,100
5852,I5852,1400,1200,1450,179.4,45,3,n,100
3816,I3816,1600,1200,1350,207.72,45,4,n,100
1725,I1725,1400,1225,1160,317.0,0,2,n,100
7124,I7124,1400,1200,1450,179.4,45,3,n,100
342,I0342,1200,1000,750,229.88,45,1,n,100
1372,I1372,1400,1200,1450,179.4,45,3,n,100
5433,I5433,1400,1200,1450,179.4,45,3,n,100
5407,I5407,1600,1200,1350,303.92,45,4,n,100
6609,I6609,1400,1200,1450,179.4,45,3,n,100
5416,I5416,1600,1200,1350,205.16,45,4,n,100
552,I0552,780,570,478,100.96,47,0,w,4
771,I0771,1200,1000,975,293.32,45,1,n,100
6218,I6218,1600,1200,930,454.873,45,4,n,100
2787,I2787,1600,1200,1350,207.72,45,4,n,100
8132,I8132,780,570,478,82.32,47,0,w,4
7339,I7339,1400,1200,1450,179.4,45,3,n,100
6365,I6365,1400,1225,1160,278.5,0,2,n,100
6298,I6298,1400,1200,1450,179.4,45,3,n,100
3355,I3355,1600,1200,930,438.4,45,4,n,100
1578,I1578,1600,1200,975,180.2,45,4,n,100
7119,I7119,1400,1200,1450,179.4,45,3,n,100
8341,I8341,1400,1225,1160,317.0,0,2,n,100
3509,I3509,1400,1225,1160,317.0,0,2,n,100
200,I0200,1400,1200,1450,179.4,45,3,n,100
3658,I3658,1600,1200,930,547.3,45,4,n,100
3346,I3346,1200,1000,975,225.6,45,1,n,100
297,I0297,1900,1200,750,845.38,45,5,n,100
8119,I8119,1200,1000,750,351.944,45,1,n,100
1184,I1184,1600,1200,975,180.2,45,4,n,100
3011,I3011,1600,1200,1350,207.72,45,4,n,100
8163,I8163,1400,1200,1450,179.4,45,3,n,100
918,I0918,1200,1000,975,527.4,45,1,n,100
4138,I4138,1200,1000,975,156.15,45,1,n,100
5555,I5555,1600,1200,1350,207.72,45,4,n,100
3703,I3703,1400,1200,1450,179.4,45,3,n,100
5623,I5623,1200,1000,750,405.72,45,1,n,100
7780,I7780,1400,1200,1450,179.4,45,3,n,100
3628,I3628,1600,1200,1350,205.16,45,4,n,100
3439,I3439,1400,1225,1160,317.0,0,2,n,100
7938,I7938,1200,1000,975,293.32,45,1,n,100
5739,I5739,780,570,478,170.28,47,0,w,4
8252,I8252,780,570,478,160.56,47,0,w,4
2771,I2771,1600,1200,1350,303.92,45,4,n,100
2415,I2415,1400,1200,1450,179.4,45,3,n,100
6892,I6892,780,570,478,269.32,47,0,w,4
8242,I8242,1600,1200,1350,303.92,45,4,n,100
1462,I1462,1200,1000,975,293.32,45,1,n,100
2632,I2632,1200,1000,975,527.4,45,1,n,100
6524,I6524,1400,1200,1450,179.4,45,3,n,100
1387,I1387,1400,1200,1450,179.4,45,3,n,100
8151,I8151,1400,1200,1450,179.4,45,3,n,100
6588,I6588,1600,1200,1350,303.92,45,4,n,100
8321,I8321,1200,1000,975,293.32,45,1,n,100
3254,I3254,1400,1200,1450,179.4,45,3,n,100
4346,I4346,1600,1200,1350,207.72,45,4,n,100
1444,I1444,1200,1000,975,165.375,45,1,n,100
5962,I5962,1600,1200,1350,207.72,45,4,n,100
7333,I7333,1400,1200,1450,179.4,45,3,n,100
1661,I1661,1200,1000,558,127.408,0,6,n,100
7547,I7547,1200,1000,1057,164.04,0,6,n,100
7849,I7849,1200,1000,750,229.88,45,1,n,100
5691,I5691,1400,1225,1160,317.0,0,2,n,100
2611,I2611,1400,1225,1160,317.0,0,2,n,100
2633,I2633,1200,1000,975,527.4,45,1,n,100
659,I0659,1400,1200,1450,179.4,45,3,n,100
5681,I5681,1400,1200,1450,179.4,45,3,n,100
7217,I7217,780,570,478,104.768,47,0,w,4
3621,I3621,780,570,478,104.768,47,0,w,4
6626,I6626,1200,1000,975,183.84,45,1,n,100
1915,I1915,1400,1225,1160,278.5,0,2,n,100
720,I0720,1600,1200,1350,205.16,45,4,n,100
2240,I2240,1400,1200,1450,179.4,45,3,n,100
1290,I1290,1600,1200,1350,205.16,45,4,n,100
7323,I7323,1400,1225,1160,278.5,0,2,n,100
1072,I1072,1600,1200,1350,207.72,45,4,n,100
3466,I3466,1200,1000,975,293.32,45,1,n,100
4898,I4898,1400,1200,1450,179.4,45,3,n,100
2606,I2606,1600,1200,930,547.3,45,4,n,100
395,I0395,1400,1225,1160,317.0,0,2,n,100
5573,I5573,1600,1200,1350,207.72,45,4,n,100
1087,I1087,1600,1200,1350,207.72,45,4,n,100
4891,I4891,1200,1000,975,336.7,45,1,n,100
1879,I1879,1600,1200,1350,207.72,45,4,n,100
3818,I3818,1600,1200,1350,207.72,45,4,n,100
4569,I4569,1400,1225,1160,278.5,0,2,n,100
1936,I1936,780,570,478,100.96,47,0,w,4
800,I0800,1900,1200,750,713.62,45,5,n,100
2432,I2432,1400,1200,1450,179.4,45,3,n,100
5083,I5083,1200,1000,1155,373.25,0,6,n,100
3329,I3329,1400,1225,1160,317.0,0,2,n,100
2096,I2096,780,570,478,104.768,47,0,w,4
3861,I3861,1200,1000,975,293.32,45,1,n,100
6622,I6622,1200,1000,975,336.7,45,1,n,100
714,I0714,1600,1200,1350,303.92,45,4,n,100
6319,I6319,1600,1200,975,180.2,45,4,n,100
5705,I5705,1400,1225,1160,317.0,0,2,n,100
3688,I3688,1600,1200,975,180.2,45,4,n,100
6320,I6320,1600,1200,975,180.2,45,4,n,100
4127,I4127,1600,1200,1350,205.16,45,4,n,100
498,I0498,1200,1000,975,165.375,45,1,n,100
3784,I3784,780,570,478,82.32,47,0,w,4
4605,I4605,1600,1200,930,547.3,45,4,n,100
6089,I6089,1400,1200,1450,179.4,45,3,n,100
5399,I5399,1600,1200,1350,303.92,45,4,n,100
7809,I7809,1600,1200,1350,303.92,45,4,n,100
6928,I6928,1400,1225,1160,278.5,0,2,n,100
4067,I4067,1200,1000,975,169.0,45,1,n,100
6166,I6166,1400,1225,1160,317.0,0,2,n,100
5711,I5711,1400,1225,1160,317.0,0,2,n,100
2834,I2834,780,570,478,96.256,47,0,w,4
8053,I8053,1600,1200,1350,303.92,45,4,n,100
7773,I7773,1400,1225,1160,317.0,0,2,n,100
6530,I6530,1400,1200,1450,179.4,45,3,n,100
7564,I7564,1200,1000,750,229.88,45,1,n,100
2862,I2862,1400,1200,1450,179.4,45,3,n,100
6969,I6969,1400,1200,1450,179.4,45,3,n,100
1091,I1091,1200,1000,975,293.32,45,1,n,100
1409,I1409,1200,1000,750,229.88,45,1,n,100
2844,I2844,1400,1200,1450,179.4,45,3,n,100
2607,I2607,780,570,478,270.08,47,0,w,4
7645,I7645,1600,1200,975,180.2,45,4,n,100
827,I0827,1400,1200,1450,179.4,45,3,n,100
4609,I4609,1600,1200,1350,303.92,45,4,n,100
5702,I5702,1400,1225,1160,317.0,0,2,n,100
4968,I4968,1200,1000,975,577.8,45,1,n,100
518,I0518,1400,1200,1450,179.4,45,3,n,100
197,I0197,1400,1200,1450,179.4,45,3,n,100
1968,I1968,780,570,478,100.96,47,0,w,4
5871,I5871,1600,1200,1350,303.92,45,4,n,100
2140,I2140,1200,1000,750,229.88,45,1,n,100
6451,I6451,1600,1200,1350,207.72,45,4,n,100
8055,I8055,780,570,478,100.96,47,0,w,4
1084,I1084,1600,1200,1350,207.72,45,4,n,100
2940,I2940,1400,1225,1160,317.0,0,2,n,100
3659,I3659,1600,1200,930,547.3,45,4,n,100
2848,I2848,1400,1200,1450,179.4,45,3,n,100
141,I0141,1400,1200,1450,179.4,45,3,n,100
8111,I8111,1400,1200,1450,179.4,45,3,n,100
2535,I2535,1400,1200,1450,179.4,45,3,n,100
7842,I7842,1600,1200,1350,303.92,45,4,n,100
1862,I1862,1600,1200,1350,207.72,45,4,n,100
5279,I5279,1200,1000,975,246.0,45,1,n,100
1063,I1063,1200,1000,975,259.6,45,1,n,100
5766,I5766,1400,1200,1450,179.4,45,3,n,100
1305,I1305,1600,1200,1350,207.72,45,4,n,100
5397,I5397,1600,1200,1350,303.92,45,4,n,100
2209,I2209,1600,1200,1350,303.92,45,4,n,100
4564,I4564,1400,1225,1160,278.5,0,2,n,100
6641,I6641,1400,1200,1450,179.4,45,3,n,100
3991,I3991,1400,1200,1450,179.4,45,3,n,100
4342,I4342,1600,1200,1350,207.72,45,4,n,100
8180,I8180,780,570,478,81.72,47,0,w,4
7103,I7103,1600,1200,930,547.3,45,4,n,100
6116,I6116,1400,1200,1450,179.4,45,3,n,100
8085,I8085,1600,1200,1350,207.72,45,4,n,100
2212,I2212,1600,1200,1350,207.72,45,4,n,100
3428,I3428,1600,1200,975,1471.6,45,4,n,100
6445,I6445,1600,1200,1350,207.72,45,4,n,100
7642,I7642,1600,1200,975,180.2,45,4,n,100
641,I0641,1400,1200,1450,179.4,45,3,n,100
7068,I7068,780,570,478,104.768,47,0,w,4
5121,I5121,1600,1200,1350,303.92,45,4,n,100
5435,I5435,1400,1200,1450,179.4,45,3,n,100
4734,I4734,1400,1200,1450,179.4,45,3,n,100
3841,I3841,1600,1200,930,514.24,45,4,n,100
4919,I4919,1200,1000,750,351.944,45,1,n,100
6877,I6877,1200,1000,975,527.4,45,1,n,100
8350,I8350,1400,1225,1160,317.0,0,2,n,100
4913,I4913,1400,1200,1450,179.4,45,3,n,100
5764,I5764,1400,1200,1450,179.4,45,3,n,100
5282,I5282,1600,1200,975,611.224,45,4,n,100
1449,I1449,1200,1000,975,293.32,45,1,n,100
5230,I5230,1600,1200,1350,207.72,45,4,n,100
2672,I2672,1400,1200,1450,179.4,45,3,n,100
6697,I6697,1400,1200,1450,179.4,45,3,n,100
4800,I4800,780,570,478,81.72,47,0,w,4
3560,I3560,1400,1225,1160,278.5,0,2,n,100
4134,I4134,1200,1000,750,229.88,45,1,n,100
2079,I2079,780,570,478,81.72,47,0,w,4
3227,I3227,1400,1200,1450,179.4,45,3,n,100
1861,I1861,1600,1200,1350,207.72,45,4,n,100
5598,I5598,1200,1000,975,248.88,45,1,n,100
6193,I6193,1400,1225,1160,317.0,0,2,n,100
5571,I5571,1600,1200,1350,207.72,45,4,n,100
4472,I4472,1200,1000,975,577.8,45,1,n,100
5587,I5587,1200,1000,750,227.528,45,1,n,100
4928,I4928,1400,1200,1450,179.4,45,3,n,100
8289,I8289,1200,1000,545,729.5,45,1,n,100
5692,I5692,1400,1225,1160,317.0,0,2,n,100
651,I0651,1400,1225,1160,278.5,0,2,n,100
3672,I3672,1200,1000,359,70.016,0,6,n,100
1983,I1983,1600,1200,1350,303.92,45,4,n,100
4083,I4083,1400,1200,1450,179.4,45,3,n,100
3021,I3021,1200,1000,975,183.84,45,1,n,100
4645,I4645,1400,1200,1450,179.4,45,3,n,100
24,I0024,780,570,478,100.96,47,0,w,4
7458,I7458,1400,1225,1160,278.5,0,2,n,100
1793,I1793,1200,1000,975,248.88,45,1,n,100
589,I0589,1200,1000,750,351.756,45,1,n,100
1378,I1378,1400,1200,1450,179.4,45,3,n,100
3772,I3772,780,570,478,100.96,47,0,w,4
4188,I4188,1200,1000,750,229.88,45,1,n,100
3961,I3961,1400,1200,1450,179.4,45,3,n,100
1473,I1473,1200,1000,975,293.32,45,1,n,100
1255,I1255,1200,1000,975,169.0,45,1,n,100
3297,I3297,1200,1000,975,293.32,45,1,n,100
4136,I4136,1200,1000,750,229.88,45,1,n,100
6402,I6402,1600,1200,930,454.873,45,4,n,100
6370,I6370,1200,1000,975,652.0,45,1,n,100
4172,I4172,1400,1225,1160,278.5,0,2,n,100
1672,I1672,1200,1000,750,229.88,45,1,n,100
7381,I7381,1600,1200,1350,207.72,45,4,n,100
7606,I7606,1900,1200,750,713.62,45,5,n,100
4849,I4849,1400,1200,1450,179.4,45,3,n,100
7525,I7525,1600,1200,1350,303.92,45,4,n,100
6558,I6558,1200,1000,750,229.88,45,1,n,100
5272,I5272,1400,1225,1160,278.5,0,2,n,100
4433,I4433,1600,1200,1350,207.72,45,4,n,100
7332,I7332,1400,1200,1450,179.4,45,3,n,100
6264,I6264,1400,1200,1450,179.4,45,3,n,100
2293,I2293,780,570,478,82.32,47,0,w,4
6832,I6832,1400,1200,1450,179.4,45,3,n,100
3060,I3060,1200,1000,975,293.32,45,1,n,100
2306,I2306,1600,1200,1350,303.92,45,4,n,100
5857,I5857,780,570,478,100.96,47,0,w,4
7875,I7875,1200,1000,975,527.4,45,1,n,100
8251,I8251,780,570,478,160.56,47,0,w,4
3386,I3386,1400,1200,1450,179.4,45,3,n,100
5997,I5997,1200,1000,975,248.88,45,1,n,100
4674,I4674,1600,1200,1350,207.72,45,4,n,100
6644,I6644,1400,1200,1450,179.4,45,3,n,100
7462,I7462,1400,1225,1160,278.5,0,2,n,100
4093,I4093,1400,1200,1450,179.4,45,3,n,100
4140,I4140,1200,1000,975,156.15,45,1,n,100
5443,I5443,1200,1000,750,351.944,45,1,n,100
8366,I8366,1200,1000,545,690.5,45,1,n,100
3810,I3810,1400,1200,1450,179.4,45,3,n,100
2332,I2332,1600,1200,1350,303.92,45,4,n,100
398,I0398,1400,1225,1160,317.0,0,2,n,100
315,I0315,1400,1200,1450,179.4,45,3,n,100
214,I0214,1600,1200,930,438.4,45,4,n,100
8081,I8081,1600,1200,1350,207.72,45,4,n,100
6395,I6395,1600,1200,1350,207.72,45,4,n,100
7283,I7283,1400,1225,1160,278.5,0,2,n,100
3558,I3558,780,570,478,82.32,47,0,w,4
1434,I1434,1600,1200,1350,303.92,45,4,n,100
6410,I6410,1200,1000,1057,179.85,0,6,n,100
7202,I7202,1200,1000,750,351.756,45,1,n,100
5241,I5241,1400,1200,1450,179.4,45,3,n,100
3748,I3748,1600,1200,1350,303.92,45,4,n,100
1907,I1907,1200,1000,1155,375.0,0,6,n,100
697,I0697,1600,1200,1350,207.72,45,4,n,100
7092,I7092,1200,1000,545,690.5,45,1,n,100
5049,I5049,1200,1000,1155,366.75,0,6,n,100
467,I0467,1600,1200,1350,207.72,45,4,n,100
7195,I7195,1200,1000,975,225.6,45,1,n,100
5703,I5703,1400,1225,1160,317.0,0,2,n,100
4394,I4394,1200,1000,975,169.0,45,1,n,100
4376,I4376,1600,1200,1350,207.72,45,4,n,100
2059,I2059,1400,1200,1450,179.4,45,3,n,100
1376,I1376,1400,1200,1450,179.4,45,3,n,100
6608,I6608,1400,1200,1450,179.4,45,3,n,100
1975,I1975,1600,1200,1350,303.92,45,4,n,100
2047,I2047,1200,1000,975,527.4,45,1,n,100
2511,I2511,1400,1200,1450,179.4,45,3,n,100
2908,I2908,780,570,478,170.28,47,0,w,4
1726,I1726,1400,1225,1160,317.0,0,2,n,100
483,I0483,1600,1200,1350,303.92,45,4,n,100
7264,I7264,1600,1200,1350,303.92,45,4,n,100
4084,I4084,1400,1200,1450,179.4,45,3,n,100
7144,I7144,1400,1225,1160,317.0,0,2,n,100
8260,I8260,780,570,478,260.25,47,0,w,4
7273,I7273,780,570,478,100.96,47,0,w,4
5446,I5446,1200,1000,750,500.86,45,1,n,100
3202,I3202,1600,1200,1350,207.72,45,4,n,100
3820,I3820,1600,1200,1350,207.72,45,4,n,100
7444,I7444,1400,1225,1160,317.0,0,2,n,100
3680,I3680,1600,1200,975,180.2,45,4,n,100
48,I0048,1400,1200,1450,179.4,45,3,n,100
6657,I6657,1200,1000,750,229.88,45,1,n,100
7767,I7767,1400,1225,1160,317.0,0,2,n,100
3920,I3920,1400,1225,1160,278.5,0,2,n,100
7856,I7856,1400,1225,1160,278.5,0,2,n,100
7637,I7637,1400,1200,1450,179.4,45,3,n,100
8136,I8136,1200,1000,975,527.4,45,1,n,100
7879,I7879,1200,1000,975,527.4,45,1,n,100
2731,I2731,780,570,478,81.72,47,0,w,4
71,I0071,1400,1225,1160,317.0,0,2,n,100
4315,I4315,1600,1200,1350,207.72,45,4,n,100
3652,I3652,1600,1200,1350,303.92,45,4,n,100
5761,I5761,1400,1200,1450,179.4,45,3,n,100
6886,I6886,1900,1200,750,845.38,45,5,n,100
5589,I5589,1200,1000,975,255.0,45,1,n,100
7448,I7448,1400,1225,1160,317.0,0,2,n,100
4232,I4232,780,570,478,170.28,47,0,w,4
7864,I7864,780,570,478,82.32,47,0,w,4
5054,I5054,780,570,478,100.96,47,0,w,4
3757,I3757,780,570,478,81.72,47,0,w,4
6003,I6003,1200,1000,975,156.15,45,1,n,100
4655,I4655,1200,1000,645,330.5,0,6,n,100
7665,I7665,1600,1200,1350,207.72,45,4,n,100
3375,I3375,1400,1200,1450,179.4,45,3,n,100
1358,I1358,1600,1200,930,438.4,45,4,n,100
5974,I5974,1200,1000,975,246.0,45,1,n,100
1806,I1806,1200,1000,975,652.0,45,1,n,100
1129,I1129,1200,1000,750,229.88,45,1,n,100
1680,I1680,1400,1200,1450,179.4,45,3,n,100
1131,I1131,1200,1000,750,229.88,45,1,n,100
2571,I2571,1400,1200,1450,179.4,45,3,n,100
3286,I3286,1200,1000,975,293.32,45,1,n,100
1838,I1838,1600,1200,930,277.828,45,4,n,100
2970,I2970,1600,1200,1350,207.72,45,4,n,100
7866,I7866,780,570,478,82.32,47,0,w,4
6912,I6912,1400,1225,1160,317.0,0,2,n,100
366,I0366,1400,1225,1160,317.0,0,2,n,100
6979,I6979,1400,1200,1450,179.4,45,3,n,100
4539,I4539,1200,1000,1155,373.25,0,6,n,100
5726,I5726,1200,1000,975,259.6,45,1,n,100
3730,I3730,1400,1200,1450,179.4,45,3,n,100
2159,I2159,1600,1200,1350,207.72,45,4,n,100
5602,I5602,1900,1200,750,845.38,45,5,n,100
6842,I6842,1400,1200,1450,179.4,45,3,n,100
1580,I1580,1600,1200,975,180.2,45,4,n,100
8076,I8076,1600,1200,1350,207.72,45,4,n,100
3627,I3627,1600,1200,1350,205.16,45,4,n,100
7294,I7294,780,570,478,100.96,47,0,w,4
844,I0844,1600,1200,930,547.3,45,4,n,100
5335,I5335,1600,1200,1350,207.72,45,4,n,100
4002,I4002,1400,1225,1160,317.0,0,2,n,100
6064,I6064,780,570,478,170.28,47,0,w,4
4926,I4926,1400,1200,1450,179.4,45,3,n,100
6696,I6696,1400,1200,1450,179.4,45,3,n,100
965,I0965,1200,1000,750,351.944,45,1,n,100
4292,I4292,1400,1225,1160,317.0,0,2,n,100
1919,I1919,1400,1225,1160,278.5,0,2,n,100
470,I0470,1200,1000,750,229.88,45,1,n,100
1586,I1586,1600,1200,1350,303.92,45,4,n,100
4875,I4875,1400,1200,1450,179.4,45,3,n,100
7662,I7662,1600,1200,975,180.2,45,4,n,100
3076,I3076,1200,1000,975,293.32,45,1,n,100
1015,I1015,780,570,478,96.256,47,0,w,4
4506,I4506,1600,1200,930,438.4,45,4,n,100
209,I0209,1600,1200,930,438.4,45,4,n,100
5732,I5732,1200,1000,975,527.4,45,1,n,100
3059,I3059,1200,1000,975,293.32,45,1,n,100
4379,I4379,1200,1000,975,183.84,45,1,n,100
5320,I5320,1600,1200,1350,207.72,45,4,n,100
4521,I4521,1400,1200,1450,179.4,45,3,n,100
4201,I4201,1200,1000,750,229.88,45,1,n,100
7898,I7898,1400,1200,1450,179.4,45,3,n,100
6497,I6497,1200,1000,975,577.8,45,1,n,100
192,I0192,1400,1200,1450,179.4,45,3,n,100
4016,I4016,1200,1000,975,156.15,45,1,n,100
7336,I7336,1400,1200,1450,179.4,45,3,n,100
5719,I5719,1600,1200,1350,303.92,45,4,n,100
7624,I7624,1400,1200,1450,179.4,45,3,n,100
2422,I2422,1400,1200,1450,179.4,45,3,n,100
7094,I7094,780,570,478,96.256,47,0,w,4
1189,I1189,1600,1200,975,180.2,45,4,n,100
585,I0585,1200,1000,975,336.7,45,1,n,100
4620,I4620,1400,1200,1450,179.4,45,3,n,100
58,I0058,1600,1200,1350,303.92,45,4,n,100
3634,I3634,1600,1200,1350,205.16,45,4,n,100
2113,I2113,1400,1225,1160,278.5,0,2,n,100
7067,I7067,780,570,478,104.768,47,0,w,4
2347,I2347,1600,1200,1350,303.92,45,4,n,100
4959,I4959,1600,1200,1350,205.16,45,4,n,100
7474,I7474,1400,1225,1160,317.0,0,2,n,100
4129,I4129,1600,1200,1350,205.16,45,4,n,100
781,I0781,1200,1000,975,293.32,45,1,n,100
4977,I4977,1400,1225,1160,278.5,0,2,n,100
7935,I7935,1200,1000,975,293.32,45,1,n,100
5565,I5565,1600,1200,1350,207.72,45,4,n,100
3111,I3111,1600,1200,975,180.2,45,4,n,100
7034,I7034,1600,1200,1350,207.72,45,4,n,100
3450,I3450,1200,1000,975,293.32,45,1,n,100
2784,I2784,1600,1200,1350,207.72,45,4,n,100
2992,I2992,1600,1200,1350,207.72,45,4,n,100
7121,I7121,1400,1200,1450,179.4,45,3,n,100
4345,I4345,1600,1200,1350,207.72,45,4,n,100
7261,I7261,1400,1200,1450,179.4,45,3,n,100
6770,I6770,1600,1200,1350,205.16,45,4,n,100
8045,I8045,780,570,478,170.28,47,0,w,4
3494,I3494,1400,1225,1160,317.0,0,2,n,100
665,I0665,1400,1200,1450,179.4,45,3,n,100
8327,I8327,1200,1000,975,293.32,45,1,n,100
7777,I7777,1200,1000,558,127.408,0,6,n,100
7647,I7647,1600,1200,975,180.2,45,4,n,100
3786,I3786,780,570,478,82.32,47,0,w,4
5478,I5478,1200,1000,975,259.6,45,1,n,100
1808,I1808,1200,1000,975,527.4,45,1,n,100
1435,I1435,1600,1200,1350,303.92,45,4,n,100
2009,I2009,1600,1200,1350,207.72,45,4,n,100
6902,I6902,1400,1225,1160,317.0,0,2,n,100
8219,I8219,1600,1200,1350,205.16,45,4,n,100
6820,I6820,1400,1200,1450,179.4,45,3,n,100
750,I0750,1400,1200,1450,179.4,45,3,n,100
2865,I2865,1400,1200,1450,179.4,45,3,n,100
5760,I5760,1400,1200,1450,179.4,45,3,n,100
3007,I3007,1600,1200,1350,207.72,45,4,n,100
3458,I3458,1200,1000,975,293.32,45,1,n,100
4119,I4119,1400,1225,1160,317.0,0,2,n,100
1125,I1125,1200,1000,750,500.86,45,1,n,100
6859,I6859,1400,1200,1450,179.4,45,3,n,100
326,I0326,1400,1200,1450,179.4,45,3,n,100
6624,I6624,1200,1000,975,183.84,45,1,n,100
3334,I3334,1600,1200,1350,303.92,45,4,n,100
6151,I6151,1200,1000,558,127.408,0,6,n,100
4775,I4775,1200,1000,750,229.88,45,1,n,100
6078,I6078,1600,1200,1350,303.92,45,4,n,100
8378,I8378,1400,1225,1160,278.5,0,2,n,100
3514,I3514,780,570,478,81.72,47,0,w,4
6872,I6872,1200,1000,1155,366.75,0,6,n,100
637,I0637,1400,1200,1450,179.4,45,3,n,100
195,I0195,1400,1200,1450,179.4,45,3,n,100
4003,I4003,1400,1225,1160,317.0,0,2,n,100
4708,I4708,1400,1200,1450,179.4,45,3,n,100
2907,I2907,780,570,478,170.28,47,0,w,4
8258,I8258,780,570,478,100.96,47,0,w,4
8395,I8395,1200,1000,545,729.5,45,1,n,100
1428,I1428,780,570,478,96.256,47,0,w,4
7404,I7404,1600,1200,930,547.3,45,4,n,100
1655,I1655,1200,1000,750,229.88,45,1,n,100
7029,I7029,1600,1200,1350,207.72,45,4,n,100
3427,I3427,780,570,478,269.32,47,0,w,4
4100,I4100,1400,1200,1450,179.4,45,3,n,100
5215,I5215,1600,1200,1350,207.72,45,4,n,100
4567,I4567,1400,1225,1160,278.5,0,2,n,100
6601,I6601,1600,1200,1350,205.16,45,4,n,100
4741,I4741,1600,1200,1350,303.92,45,4,n,100
4705,I4705,1400,1200,1450,179.4,45,3,n,100
6195,I6195,1400,1225,1160,317.0,0,2,n,100
6036,I6036,1600,1200,975,180.2,45,4,n,100
7335,I7335,1400,1200,1450,179.4,45,3,n,100
563,I0563,1200,1000,750,351.756,45,1,n,100
3851,I3851,1200,1000,975,293.32,45,1,n,100
7166,I7166,1200,1000,975,527.4,45,1,n,100
7651,I7651,1600,1200,975,180.2,45,4,n,100
6282,I6282,1400,1225,1160,278.5,0,2,n,100
7878,I7878,1200,1000,975,527.4,45,1,n,100
3744,I3744,1600,1200,1350,303.92,45,4,n,100
6865,I6865,1400,1200,1450,179.4,45,3,n,100
743,I0743,780,570,478,81.72,47,0,w,4
2243,I2243,1400,1200,1450,179.4,45,3,n,100
5839,I5839,1400,1200,1450,179.4,45,3,n,100
4797,I4797,1600,1200,1350,207.72,45,4,n,100
3052,I3052,1200,1000,975,293.32,45,1,n,100
3047,I3047,1200,1000,975,293.32,45,1,n,100
2978,I2978,1600,1200,1350,207.72,45,4,n,100
777,I0777,1200,1000,975,293.32,45,1,n,100
2063,I2063,1400,1200,1450,179.4,45,3,n,100
4562,I4562,1400,1225,1160,278.5,0,2,n,100
1251,I1251,1400,1200,1450,179.4,45,3,n,100
8107,I8107,1400,1200,1450,179.4,45,3,n,100
6182,I6182,1600,1200,1350,303.92,45,4,n,100
2737,I2737,1600,1200,1350,303.92,45,4,n,100
5202,I5202,1600,1200,1350,312.72,45,4,n,100
284,I0284,1600,1200,1350,303.92,45,4,n,100
1086,I1086,1600,1200,1350,207.72,45,4,n,100
4946,I4946,1600,1200,1350,207.72,45,4,n,100
861,I0861,1200,1000,975,293.08,45,1,n,100
7584,I7584,1400,1225,1160,278.5,0,2,n,100
509,I0509,780,570,478,100.96,47,0,w,4
3278,I3278,1600,1200,1350,207.72,45,4,n,100
5848,I5848,1400,1200,1450,179.4,45,3,n,100
2226,I2226,1200,1000,1155,373.25,0,6,n,100
4318,I4318,1600,1200,1350,207.72,45,4,n,100
157,I0157,1600,1200,1350,207.72,45,4,n,100
1321,I1321,1200,1000,359,77.352,0,6,n,100
8128,I8128,780,570,478,82.32,47,0,w,4
5321,I5321,1600,1200,1350,207.72,45,4,n,100
5822,I5822,1600,1200,1350,205.16,45,4,n,100
1225,I1225,1400,1200,1450,179.4,45,3,n,100
843,I0843,1600,1200,930,547.3,45,4,n,100
4750,I4750,1200,1000,975,304.12,45,1,n,100
7054,I7054,1600,1200,1350,207.72,45,4,n,100
4691,I4691,1400,1200,1450,179.4,45,3,n,100
1193,I1193,1600,1200,975,180.2,45,4,n,100
1722,I1722,1400,1225,1160,317.0,0,2,n,100
5288,I5288,1600,1200,975,180.2,45,4,n,100
3867,I3867,1200,1000,975,293.32,45,1,n,100
2213,I2213,1600,1200,1350,207.72,45,4,n,100
6777,I6777,780,570,478,81.72,47,0,w,4
7889,I7889,1400,1200,1450,179.4,45,3,n,100
6540,I6540,1600,1200,1350,207.72,45,4,n,100
8020,I8020,1200,1000,750,229.88,45,1,n,100
4088,I4088,1400,1200,1450,179.4,45,3,n,100
2532,I2532,1400,1200,1450,179.4,45,3,n,100
2881,I2881,1600,1200,1350,303.92,45,4,n,100
2502,I2502,1600,1200,1350,303.92,45,4,n,100
6803,I6803,1200,1000,975,165.375,45,1,n,100
5299,I5299,1600,1200,975,180.2,45,4,n,100
1858,I1858,1600,1200,1350,303.92,45,4,n,100
5058,I5058,1200,1000,975,337.45,45,1,n,100
3620,I3620,780,570,478,260.25,47,0,w,4
6926,I6926,1400,1225,1160,278.5,0,2,n,100
997,I0997,1200,1000,975,156.15,45,1,n,100
4673,I4673,1600,1200,1350,207.72,45,4,n,100
762,I0762,1200,1000,975,293.32,45,1,n,100
653,I0653,1400,1225,1160,278.5,0,2,n,100
1704,I1704,1200,1000,975,183.84,45,1,n,100
6849,I6849,1400,1200,1450,179.4,45,3,n,100
3271,I3271,1600,1200,1350,303.92,45,4,n,100
4331,I4331,1200,1000,750,229.88,45,1,n,100
3117,I3117,1600,1200,975,180.2,45,4,n,100
7320,I7320,1400,1225,1160,278.5,0,2,n,100
2500,I2500,1600,1200,1350,303.92,45,4,n,100
8245,I8245,1600,1200,1350,303.92,45,4,n,100
4601,I4601,1600,1200,930,547.3,45,4,n,100
3496,I3496,1400,1225,1160,317.0,0,2,n,100
7683,I7683,1600,1200,1350,207.72,45,4,n,100
5626,I5626,1600,1200,1350,207.72,45,4,n,100
7385,I7385,1600,1200,1350,207.72,45,4,n,100
1281,I1281,1900,1200,750,845.38,45,5,n,100
405,I0405,1200,1000,1057,179.85,0,6,n,100
8069,I8069,1600,1200,1350,303.92,45,4,n,100
454,I0454,1200,1000,1057,164.04,0,6,n,100
1027,I1027,1200,1000,750,227.528,45,1,n,100
3902,I3902,1400,1225,1160,317.0,0,2,n,100
5919,I5919,1400,1200,1450,179.4,45,3,n,100
3923,I3923,780,570,478,81.72,47,0,w,4
5367,I5367,1400,1200,1450,179.4,45,3,n,100
3121,I3121,1600,1200,975,180.2,45,4,n,100
3268,I3268,1600,1200,930,438.4,45,4,n,100
2129,I2129,1600,1200,930,547.3,45,4,n,100
5067,I5067,780,570,478,96.256,47,0,w,4
6291,I6291,1600,1200,1350,207.72,45,4,n,100
176,I0176,1400,1200,1450,179.4,45,3,n,100
1192,I1192,1600,1200,975,180.2,45,4,n,100
4142,I4142,1200,1000,975,156.15,45,1,n,100
6783,I6783,1600,1200,1350,303.92,45,4,n,100
6862,I6862,1400,1200,1450,179.4,45,3,n,100
4411,I4411,1200,1000,975,169.0,45,1,n,100
7551,I7551,1200,1000,750,227.528,45,1,n,100
4793,I4793,1600,1200,1350,207.72,45,4,n,100
38,I0038,1400,1200,1450,179.4,45,3,n,100
2690,I2690,1400,1200,1450,179.4,45,3,n,100
219,I0219,1400,1200,1450,179.4,45,3,n,100
5799,I5799,1600,1200,1350,303.92,45,4,n,100
3486,I3486,1200,1000,975,293.32,45,1,n,100
7927,I7927,1200,1000,975,293.32,45,1,n,100
7375,I7375,1600,1200,1350,303.92,45,4,n,100
8396,I8396,1600,1200,930,454.873,45,4,n,100
3674,I3674,1600,1200,975,180.2,45,4,n,100
6518,I6518,1400,1200,1450,179.4,45,3,n,100
8101,I8101,1400,1200,1450,179.4,45,3,n,100
593,I0593,1200,1000,750,351.944,45,1,n,100
1553,I1553,1200,1000,975,169.0,45,1,n,100
766,I0766,1200,1000,975,293.32,45,1,n,100
7582,I7582,1200,1000,975,248.88,45,1,n,100
7735,I7735,780,570,478,81.72,47,0,w,4
8036,I8036,1200,1000,975,156.15,45,1,n,100
2302,I2302,1600,1200,1350,303.92,45,4,n,100
2808,I2808,1200,1000,975,527.4,45,1,n,100
3018,I3018,1200,1000,975,183.84,45,1,n,100
1780,I1780,1400,1200,1450,179.4,45,3,n,100
1986,I1986,780,570,478,170.28,47,0,w,4
941,I0941,1400,1200,1450,179.4,45,3,n,100
3290,I3290,1200,1000,975,293.32,45,1,n,100
5963,I5963,1600,1200,1350,207.72,45,4,n,100
6085,I6085,1600,1200,1350,207.72,45,4,n,100
279,I0279,1200,1000,975,577.8,45,1,n,100
8363,I8363,1600,1200,1350,205.16,45,4,n,100
54,I0054,1400,1200,1450,179.4,45,3,n,100
7677,I7677,1600,1200,1350,207.72,45,4,n,100
6742,I6742,1600,1200,930,547.3,45,4,n,100
1771,I1771,1200,1000,750,229.88,45,1,n,100
6848,I6848,1400,1200,1450,179.4,45,3,n,100
344,I0344,1200,1000,750,229.88,45,1,n,100
2505,I2505,1400,1200,1450,179.4,45,3,n,100
6063,I6063,780,570,478,170.28,47,0,w,4
4814,I4814,1200,1000,975,165.375,45,1,n,100
103,I0103,1200,1000,750,229.88,45,1,n,100
6792,I6792,1600,1200,930,438.4,45,4,n,100
8009,I8009,780,570,478,160.56,47,0,w,4
1970,I1970,780,570,478,100.96,47,0,w,4
6412,I6412,1900,1200,750,845.38,45,5,n,100
5448,I5448,1200,1000,750,405.72,45,1,n,100
2789,I2789,1600,1200,1350,207.72,45,4,n,100
728,I0728,1600,1200,1350,205.16,45,4,n,100
374,I0374,1400,1225,1160,317.0,0,2,n,100
789,I0789,1200,1000,975,293.32,45,1,n,100
2775,I2775,1600,1200,1350,303.92,45,4,n,100
7011,I7011,780,570,478,104.768,47,0,w,4
5696,I5696,1400,1225,1160,317.0,0,2,n,100
6913,I6913,1400,1225,1160,317.0,0,2,n,100
5226,I5226,1600,1200,1350,207.72,45,4,n,100
32,I0032,1400,1200,1450,179.4,45,3,n,100
2966,I2966,1600,1200,1350,207.72,45,4,n,100
4761,I4761,780,570,478,160.56,47,0,w,4
2058,I2058,1400,1200,1450,179.4,45,3,n,100
5978,I5978,1400,1200,1450,179.4,45,3,n,100
3308,I3308,1200,1000,975,293.32,45,1,n,100
6475,I6475,1200,1000,975,336.7,45,1,n,100
2466,I2466,1600,1200,1350,207.72,45,4,n,100
4313,I4313,1600,1200,1350,207.72,45,4,n,100
7502,I7502,780,570,478,82.32,47,0,w,4
4755,I4755,780,570,478,81.72,47,0,w,4
1582,I1582,1200,1000,750,176.5,45,1,n,100
6687,I6687,1400,1200,1450,179.4,45,3,n,100
5644,I5644,1600,1200,930,547.3,45,4,n,100
2210,I2210,1200,1000,750,351.756,45,1,n,100
7816,I7816,1600,1200,1350,207.72,45,4,n,100
5838,I5838,780,570,478,270.08,47,0,w,4
6498,I6498,1200,1000,975,577.8,45,1,n,100
3137,I3137,1200,1000,750,229.88,45,1,n,100
4647,I4647,1400,1200,1450,179.4,45,3,n,100
3946,I3946,1400,1200,1450,179.4,45,3,n,100
2049,I2049,1400,1200,1450,179.4,45,3,n,100
6613,I6613,1400,1200,1450,179.4,45,3,n,100
2833,I2833,1600,1200,1350,303.92,45,4,n,100
6103,I6103,1400,1200,1450,179.4,45,3,n,100
1940,I1940,780,570,478,100.96,47,0,w,4
1470,I1470,1200,1000,975,293.32,45,1,n,100
2830,I2830,780,570,478,81.72,47,0,w,4
7218,I7218,1600,1200,1350,303.92,45,4,n,100
2348,I2348,1600,1200,1350,303.92,45,4,n,100
429,I0429,1400,1200,1450,179.4,45,3,n,100
4841,I4841,1600,1200,1350,303.92,45,4,n,100
4344,I4344,1600,1200,1350,207.72,45,4,n,100
3533,I3533,1600,1200,930,547.3,45,4,n,100
2624,I2624,1600,1200,1350,303.92,45,4,n,100
3230,I3230,1400,1200,1450,179.4,45,3,n,100
7890,I7890,1400,1200,1450,179.4,45,3,n,100
785,I0785,1200,1000,975,293.32,45,1,n,100
6277,I6277,1200,1000,750,227.528,45,1,n,100
2366,I2366,1200,1000,1057,164.04,0,6,n,100
4660,I4660,1600,1200,1350,303.92,45,4,n,100
6276,I6276,1200,1000,750,227.528,45,1,n,100
940,I0940,1400,1200,1450,179.4,45,3,n,100
2022,I2022,1600,1200,1350,207.72,45,4,n,100
3495,I3495,1400,1225,1160,317.0,0,2,n,100
7521,I7521,1200,1000,975,183.84,45,1,n,100
2528,I2528,1400,1200,1450,179.4,45,3,n,100
7435,I7435,1400,1225,1160,317.0,0,2,n,100
899,I0899,1400,1200,1450,179.4,45,3,n,100
6500,I6500,1200,1000,975,577.8,45,1,n,100
4219,I4219,1200,1000,975,156.15,45,1,n,100
1352,I1352,780,570,478,104.768,47,0,w,4
2503,I2503,780,570,478,160.56,47,0,w,4
6537,I6537,1600,1200,1350,207.72,45,4,n,100
26,I0026,780,570,478,100.96,47,0,w,4
5678,I5678,1400,1200,1450,179.4,45,3,n,100
1256,I1256,1200,1000,975,169.0,45,1,n,100
8348,I8348,1400,1225,1160,317.0,0,2,n,100
5741,I5741,780,570,478,170.28,47,0,w,4
926,I0926,1400,1200,1450,179.4,45,3,n,100
2254,I2254,1400,1200,1450,179.4,45,3,n,100
8087,I8087,1600,1200,1350,207.72,45,4,n,100
5345,I5345,1600,1200,1350,207.72,45,4,n,100
3413,I3413,1400,1225,1160,278.5,0,2,n,100
3484,I3484,1200,1000,975,293.32,45,1,n,100
3387,I3387,1400,1200,1450,179.4,45,3,n,100
1768,I1768,780,570,478,100.96,47,0,w,4
6581,I6581,1200,1000,975,165.375,45,1,n,100
568,I0568,1600,1200,1350,303.92,45,4,n,100
3949,I3949,1400,1200,1450,179.4,45,3,n,100
5043,I5043,1200,1000,975,165.375,45,1,n,100
1697,I1697,1600,1200,1350,207.72,45,4,n,100
3429,I3429,1600,1200,930,547.3,45,4,n,100
5877,I5877,1600,1200,1350,303.92,45,4,n,100
1541,I1541,1600,1200,1350,303.92,45,4,n,100
8364,I8364,1200,1000,975,294.46,45,1,n,100
1325,I1325,1200,1000,545,729.5,45,1,n,100
2994,I2994,1600,1200,1350,207.72,45,4,n,100
7625,I7625,1400,1200,1450,179.4,45,3,n,100
5964,I5964,1600,1200,930,438.4,45,4,n,100
6719,I6719,1400,1200,1450,179.4,45,3,n,100
2290,I2290,780,570,478,82.32,47,0,w,4
4554,I4554,1400,1225,1160,278.5,0,2,n,100
3434,I3434,1600,1200,930,547.3,45,4,n,100
1532,I1532,1600,1200,1350,303.92,45,4,n,100
550,I0550,780,570,478,100.96,47,0,w,4
4993,I4993,1400,1200,1450,179.4,45,3,n,100
8334,I8334,1200,1000,975,293.32,45,1,n,100
4206,I4206,780,570,478,82.32,47,0,w,4
3506,I3506,1400,1225,1160,317.0,0,2,n,100
206,I0206,1600,1200,930,438.4,45,4,n,100
6844,I6844,1400,1200,1450,179.4,45,3,n,100
1993,I1993,1200,1000,975,336.7,45,1,n,100
4079,I4079,1400,1200,1450,179.4,45,3,n,100
3595,I3595,1400,1225,1160,278.5,0,2,n,100
258,I0258,1600,1200,1350,303.92,45,4,n,100
7518,I7518,1200,1000,975,183.84,45,1,n,100
4190,I4190,1200,1000,750,229.88,45,1,n,100
7895,I7895,1400,1200,1450,179.4,45,3,n,100
4912,I4912,1400,1200,1450,179.4,45,3,n,100
1257,I1257,1200,1000,975,169.0,45,1,n,100
3503,I3503,1400,1225,1160,317.0,0,2,n,100
2501,I2501,1600,1200,1350,303.92,45,4,n,100
7884,I7884,1400,1200,1450,179.4,45,3,n,100
7472,I7472,1400,1225,1160,317.0,0,2,n,100
3178,I3178,1900,1200,750,713.62,45,5,n,100
3194,I3194,1200,1000,975,577.8,45,1,n,100
3016,I3016,1600,1200,1350,207.72,45,4,n,100
2621,I2621,1600,1200,1350,303.92,45,4,n,100
2044,I2044,1200,1000,975,527.4,45,1,n,100
3585,I3585,1600,1200,930,547.3,45,4,n,100
7754,I7754,1400,1225,1160,278.5,0,2,n,100
1496,I1496,780,570,478,81.72,47,0,w,4
6483,I6483,1600,1200,930,438.4,45,4,n,100
2542,I2542,1400,1200,1450,179.4,45,3,n,100
6747,I6747,1600,1200,930,547.3,45,4,n,100
1405,I1405,1200,1000,750,229.88,45,1,n,100
3788,I3788,780,570,478,82.32,47,0,w,4
2927,I2927,1400,1225,1160,278.5,0,2,n,100
7515,I7515,1200,1000,975,183.84,45,1,n,100
5157,I5157,1400,1225,1160,317.0,0,2,n,100
5085,I5085,1600,1200,1350,303.92,45,4,n,100
7825,I7825,1200,1000,975,577.8,45,1,n,100
2594,I2594,1600,1200,1350,207.72,45,4,n,100
3448,I3448,1200,1000,975,293.32,45,1,n,100
446,I0446,1400,1200,1450,179.4,45,3,n,100
3802,I3802,1400,1200,1450,179.4,45,3,n,100
725,I0725,1600,1200,1350,205.16,45,4,n,100
5428,I5428,1200,1000,975,246.0,45,1,n,100
6361,I6361,1400,1225,1160,278.5,0,2,n,100
6174,I6174,1600,1200,1350,303.92,45,4,n,100
4914,I4914,1400,1200,1450,179.4,45,3,n,100
3854,I3854,1200,1000,975,293.32,45,1,n,100
3593,I3593,1400,1225,1160,278.5,0,2,n,100
3836,I3836,1200,1000,750,176.5,45,1,n,100
991,I0991,1600,1200,930,438.4,45,4,n,100
1710,I1710,1400,1225,1160,317.0,0,2,n,100
1177,I1177,1600,1200,975,180.2,45,4,n,100
3403,I3403,1200,1000,975,165.375,45,1,n,100
5736,I5736,1600,1200,1350,312.72,45,4,n,100
3250,I3250,1400,1200,1450,179.4,45,3,n,100
3568,I3568,1200,1000,750,176.5,45,1,n,100
7877,I7877,1200,1000,975,527.4,45,1,n,100
1168,I1168,1600,1200,975,180.2,45,4,n,100
7532,I7532,1600,1200,1350,205.16,45,4,n,100
5529,I5529,1200,1000,750,305.32,45,1,n,100
5572,I5572,1600,1200,1350,207.72,45,4,n,100
1916,I1916,1400,1225,1160,278.5,0,2,n,100
1814,I1814,1200,1000,975,527.4,45,1,n,100
3528,I3528,1600,1200,930,438.4,45,4,n,100
5698,I5698,1400,1225,1160,317.0,0,2,n,100
4810,I4810,1600,1200,1350,303.92,45,4,n,100
8281,I8281,780,570,478,100.96,47,0,w,4
6552,I6552,780,570,478,100.96,47,0,w,4
1172,I1172,1600,1200,975,180.2,45,4,n,100
3752,I3752,1200,1000,975,183.84,45,1,n,100
4044,I4044,1200,1000,975,169.0,45,1,n,100
7452,I7452,1400,1225,1160,278.5,0,2,n,100
5956,I5956,1400,1225,1160,317.0,0,2,n,100
7311,I7311,780,570,478,270.08,47,0,w,4
5856,I5856,1400,1200,1450,179.4,45,3,n,100
4513,I4513,1600,1200,1350,303.92,45,4,n,100
4110,I4110,1400,1225,1160,317.0,0,2,n,100
2314,I2314,1400,1200,1450,179.4,45,3,n,100
1103,I1103,1200,1000,975,293.32,45,1,n,100
2354,I2354,1200,1000,545,690.5,45,1,n,100
7791,I7791,1400,1200,1450,179.4,45,3,n,100
1619,I1619,1600,1200,930,438.4,45,4,n,100
6861,I6861,1400,1200,1450,179.4,45,3,n,100
7088,I7088,780,570,478,100.96,47,0,w,4
2612,I2612,1400,1225,1160,317.0,0,2,n,100
6387,I6387,1400,1225,1160,278.5,0,2,n,100
5899,I5899,1400,1225,1160,317.0,0,2,n,100
4747,I4747,780,570,478,269.32,47,0,w,4
5934,I5934,1400,1200,1450,179.4,45,3,n,100
1060,I1060,1200,1000,750,229.88,45,1,n,100
1833,I1833,1200,1000,545,729.5,45,1,n,100
3444,I3444,1200,1000,1155,366.75,0,6,n,100
4096,I4096,1400,1200,1450,179.4,45,3,n,100
4865,I4865,1400,1200,1450,179.4,45,3,n,100
2603,I2603,1600,1200,930,547.3,45,4,n,100
2303,I2303,1600,1200,1350,303.92,45,4,n,100
4367,I4367,1200,1000,975,165.375,45,1,n,100
686,I0686,1600,1200,930,454.873,45,4,n,100
4542,I4542,1400,1200,1450,179.4,45,3,n,100
1776,I1776,1200,1000,750,229.88,45,1,n,100
4732,I4732,1400,1200,1450,179.4,45,3,n,100
3892,I3892,1400,1225,1160,278.5,0,2,n,100
5405,I5405,1600,1200,1350,303.92,45,4,n,100
3713,I3713,1400,1200,1450,179.4,45,3,n,100
4512,I4512,1600,1200,1350,303.92,45,4,n,100
2278,I2278,1200,1000,750,229.88,45,1,n,100
3557,I3557,780,570,478,82.32,47,0,w,4
147,I0147,1400,1200,1450,179.4,45,3,n,100
3092,I3092,1400,1225,1160,317.0,0,2,n,100
3932,I3932,780,570,478,104.768,47,0,w,4
3239,I3239,1400,1200,1450,179.4,45,3,n,100
4401,I4401,1200,1000,975,169.0,45,1,n,100
260,I0260,1200,1000,750,227.528,45,1,n,100
2336,I2336,1600,1200,930,454.873,45,4,n,100
4943,I4943,1600,1200,1350,207.72,45,4,n,100
4678,I4678,1600,1200,1350,207.72,45,4,n,100
986,I0986,780,570,478,170.28,47,0,w,4
7337,I7337,1400,1200,1450,179.4,45,3,n,100
1092,I1092,1200,1000,975,293.32,45,1,n,100
7953,I7953,1200,1000,750,351.756,45,1,n,100
6978,I6978,1400,1200,1450,179.4,45,3,n,100
3482,I3482,1200,1000,975,293.32,45,1,n,100
3326,I3326,1400,1225,1160,317.0,0,2,n,100
3614,I3614,780,570,478,100.96,47,0,w,4
375,I0375,1600,1200,975,1471.6,45,4,n,100
1946,I1946,1200,1000,750,229.88,45,1,n,100
6831,I6831,1400,1200,1450,179.4,45,3,n,100
3053,I3053,1200,1000,975,293.32,45,1,n,100
6178,I6178,1600,1200,1350,303.92,45,4,n,100
2728,I2728,780,570,478,81.72,47,0,w,4
7132,I7132,1400,1200,1450,179.4,45,3,n,100
1370,I1370,1400,1200,1450,179.4,45,3,n,100
7546,I7546,780,570,478,160.56,47,0,w,4
5101,I5101,1600,1200,1350,207.72,45,4,n,100
6668,I6668,1200,1000,975,294.46,45,1,n,100
5090,I5090,1600,1200,930,277.828,45,4,n,100
927,I0927,1400,1200,1450,179.4,45,3,n,100
8077,I8077,1600,1200,1350,207.72,45,4,n,100
8098,I8098,1400,1200,1450,179.4,45,3,n,100
178,I0178,1400,1200,1450,179.4,45,3,n,100
5466,I5466,1400,1225,1160,317.0,0,2,n,100
3320,I3320,1200,1000,1057,164.04,0,6,n,100
7592,I7592,1400,1225,1160,278.5,0,2,n,100
705,I0705,1600,1200,1350,303.92,45,4,n,100
7297,I7297,780,570,478,100.96,47,0,w,4
1813,I1813,1200,1000,975,527.4,45,1,n,100
4592,I4592,1200,1000,975,527.4,45,1,n,100
2195,I2195,1600,1200,1350,207.72,45,4,n,100
5361,I5361,1400,1200,1450,179.4,45,3,n,100
1055,I1055,1200,1000,750,229.88,45,1,n,100
8089,I8089,1600,1200,1350,207.72,45,4,n,100
3771,I3771,780,570,478,100.96,47,0,w,4
5464,I5464,1400,1225,1160,317.0,0,2,n,100
5864,I5864,780,570,478,100.96,47,0,w,4
538,I0538,1400,1200,1450,179.4,45,3,n,100
8199,I8199,780,570,478,100.96,47,0,w,4
7432,I7432,780,570,478,96.256,47,0,w,4
3288,I3288,1200,1000,975,293.32,45,1,n,100
5953,I5953,1400,1225,1160,317.0,0,2,n,100
7880,I7880,1600,1200,1350,207.72,45,4,n,100
2659,I2659,780,570,478,100.96,47,0,w,4
2894,I2894,1600,1200,930,277.828,45,4,n,100
5239,I5239,1400,1200,1450,179.4,45,3,n,100
8016,I8016,1200,1000,750,227.528,45,1,n,100
7966,I7966,1600,1200,1350,205.16,45,4,n,100
3084,I3084,1600,1200,975,1471.6,45,4,n,100
3109,I3109,1600,1200,975,180.2,45,4,n,100
8074,I8074,1600,1200,1350,207.72,45,4,n,100
2799,I2799,1200,1000,975,169.0,45,1,n,100
4073,I4073,1400,1200,1450,179.4,45,3,n,100
6495,I6495,1600,1200,1350,303.92,45,4,n,100
3108,I3108,1600,1200,975,180.2,45,4,n,100
4545,I4545,1400,1200,1450,179.4,45,3,n,100
3633,I3633,1600,1200,1350,205.16,45,4,n,100
515,I0515,1600,1200,930,514.24,45,4,n,100
7631,I7631,1400,1200,1450,179.4,45,3,n,100
4802,I4802,780,570,478,81.72,47,0,w,4
7714,I7714,1600,1200,1350,205.16,45,4,n,100
1249,I1249,1400,1200,1450,179.4,45,3,n,100
6706,I6706,1400,1200,1450,179.4,45,3,n,100
3207,I3207,1200,1000,750,229.88,45,1,n,100
3485,I3485,1200,1000,975,293.32,45,1,n,100
5259,I5259,1600,1200,1350,310.16,45,4,n,100
1784,I1784,1400,1200,1450,179.4,45,3,n,100
5009,I5009,1200,1000,750,227.528,45,1,n,100
3242,I3242,1400,1200,1450,179.4,45,3,n,100
7457,I7457,1400,1225,1160,278.5,0,2,n,100
5888,I5888,1400,1225,1160,278.5,0,2,n,100
7672,I7672,1600,1200,1350,207.72,45,4,n,100
6183,I6183,1600,1200,1350,303.92,45,4,n,100
202,I0202,1400,1200,1450,179.4,45,3,n,100
7231,I7231,1400,1200,1450,179.4,45,3,n,100
3246,I3246,1400,1200,1450,179.4,45,3,n,100
2666,I2666,780,570,478,160.56,47,0,w,4
6855,I6855,1400,1200,1450,179.4,45,3,n,100
8167,I8167,1400,1200,1450,179.4,45,3,n,100
1831,I1831,1600,1200,1350,303.92,45,4,n,100
7987,I7987,1200,1000,975,183.84,45,1,n,100
7451,I7451,1400,1225,1160,278.5,0,2,n,100
6143,I6143,1400,1200,1450,179.4,45,3,n,100
5142,I5142,1400,1200,1450,179.4,45,3,n,100
6367,I6367,1400,1225,1160,278.5,0,2,n,100
1550,I1550,780,570,478,100.96,47,0,w,4
61,I0061,1600,1200,1350,303.92,45,4,n,100
6386,I6386,1400,1225,1160,278.5,0,2,n,100
1452,I1452,1200,1000,975,293.32,45,1,n,100
7093,I7093,1200,1000,1155,375.0,0,6,n,100
5909,I5909,1900,1200,750,713.62,45,5,n,100
4175,I4175,1400,1225,1160,278.5,0,2,n,100
4107,I4107,780,570,478,104.768,47,0,w,4
3641,I3641,1400,1225,1160,317.0,0,2,n,100
2492,I2492,1400,1200,1450,179.4,45,3,n,100
2829,I2829,780,570,478,81.72,47,0,w,4
6098,I6098,1400,1200,1450,179.4,45,3,n,100
5161,I5161,780,570,478,270.08,47,0,w,4
7578,I7578,1200,1000,750,500.86,45,1,n,100
4950,I4950,1600,1200,1350,207.72,45,4,n,100
4264,I4264,1400,1225,1160,278.5,0,2,n,100
6901,I6901,1200,1000,975,577.8,45,1,n,100
7442,I7442,1400,1225,1160,317.0,0,2,n,100
6420,I6420,1400,1225,1160,317.0,0,2,n,100
6009,I6009,1200,1000,975,156.15,45,1,n,100
7365,I7365,780,570,478,81.72,47,0,w,4
4607,I4607,1600,1200,930,547.3,45,4,n,100
348,I0348,1600,1200,930,547.3,45,4,n,100
3575,I3575,1600,1200,1350,303.92,45,4,n,100
6725,I6725,1400,1200,1450,179.4,45,3,n,100
4608,I4608,1600,1200,1350,303.92,45,4,n,100
8133,I8133,1200,1000,975,308.76,45,1,n,100
243,I0243,1400,1200,1450,179.4,45,3,n,100
7702,I7702,1400,1225,1160,317.0,0,2,n,100
1269,I1269,1200,1000,975,169.0,45,1,n,100
2476,I2476,1400,1225,1160,278.5,0,2,n,100
5199,I5199,1600,1200,1350,303.92,45,4,n,100
6210,I6210,1400,1225,1160,278.5,0,2,n,100
1037,I1037,780,570,478,104.768,47,0,w,4
13,I0013,1400,1225,1160,278.5,0,2,n,100
1566,I1566,1600,1200,975,180.2,45,4,n,100
18,I0018,1400,1225,1160,278.5,0,2,n,100
5570,I5570,1600,1200,1350,207.72,45,4,n,100
249,I0249,1400,1200,1450,179.4,45,3,n,100
4483,I4483,780,570,478,81.72,47,0,w,4
3440,I3440,1400,1225,1160,317.0,0,2,n,100
3287,I3287,1200,1000,975,293.32,45,1,n,100
3588,I3588,1400,1225,1160,278.5,0,2,n,100
3412,I3412,1400,1225,1160,278.5,0,2,n,100
6574,I6574,1200,1000,750,229.88,45,1,n,100
4041,I4041,1200,1000,975,169.0,45,1,n,100
426,I0426,1400,1200,1450,179.4,45,3,n,100
5306,I5306,1600,1200,975,180.2,45,4,n,100
7282,I7282,1400,1225,1160,278.5,0,2,n,100
7694,I7694,1200,1000,975,577.8,45,1,n,100
503,I0503,780,570,478,100.96,47,0,w,4
7604,I7604,1400,1225,1160,317.0,0,2,n,100
8017,I8017,1200,1000,750,229.88,45,1,n,100
3013,I3013,1600,1200,1350,207.72,45,4,n,100
4625,I4625,1400,1200,1450,179.4,45,3,n,100
3510,I3510,780,570,478,81.72,47,0,w,4
5207,I5207,1600,1200,1350,207.72,45,4,n,100
57,I0057,1600,1200,1350,303.92,45,4,n,100
7626,I7626,1400,1200,1450,179.4,45,3,n,100
4972,I4972,1400,1225,1160,278.5,0,2,n,100
7057,I7057,1600,1200,1350,207.72,45,4,n,100
505,I0505,780,570,478,100.96,47,0,w,4
1313,I1313,1600,1200,1350,303.92,45,4,n,100
2352,I2352,1600,1200,1350,303.92,45,4,n,100
7192,I7192,1200,1000,975,225.6,45,1,n,100
2217,I2217,1200,1000,975,259.6,45,1,n,100
5061,I5061,1900,1200,750,713.62,45,5,n,100
6720,I6720,1400,1200,1450,179.4,45,3,n,100
2870,I2870,1400,1200,1450,179.4,45,3,n,100
7680,I7680,1600,1200,1350,207.72,45,4,n,100
6899,I6899,1200,1000,975,577.8,45,1,n,100
442,I0442,1400,1200,1450,179.4,45,3,n,100
2205,I2205,1200,1000,975,577.8,45,1,n,100
1073,I1073,1600,1200,1350,207.72,45,4,n,100
3301,I3301,1200,1000,975,293.32,45,1,n,100
1231,I1231,1400,1200,1450,179.4,45,3,n,100
7523,I7523,1600,1200,1350,303.92,45,4,n,100
4272,I4272,1600,1200,1350,303.92,45,4,n,100
2451,I2451,1600,1200,930,438.4,45,4,n,100
150,I0150,1400,1200,1450,179.4,45,3,n,100
7847,I7847,1200,1000,750,267.8,45,1,n,100
7204,I7204,1200,1000,750,351.944,45,1,n,100
7644,I7644,1600,1200,975,180.2,45,4,n,100
4540,I4540,1400,1200,1450,179.4,45,3,n,100
5893,I5893,780,570,478,104.768,47,0,w,4
4880,I4880,1600,1200,1350,207.72,45,4,n,100
4408,I4408,1200,1000,975,169.0,45,1,n,100
165,I0165,1600,1200,1350,207.72,45,4,n,100
7860,I7860,1200,1000,1057,164.04,0,6,n,100
852,I0852,1400,1225,1160,278.5,0,2,n,100
8175,I8175,1400,1200,1450,179.4,45,3,n,100
6047,I6047,1600,1200,975,180.2,45,4,n,100
1937,I1937,780,570,478,100.96,47,0,w,4
5976,I5976,1400,1200,1450,179.4,45,3,n,100
3328,I3328,1400,1225,1160,317.0,0,2,n,100
2552,I2552,1600,1200,930,277.828,45,4,n,100
3184,I3184,780,570,478,81.72,47,0,w,4
6646,I6646,1400,1200,1450,179.4,45,3,n,100
8206,I8206,1600,1200,1350,303.92,45,4,n,100
3824,I3824,780,570,478,82.32,47,0,w,4
6627,I6627,1200,1000,975,183.84,45,1,n,100
3906,I3906,1400,1225,1160,317.0,0,2,n,100
3002,I3002,1600,1200,1350,207.72,45,4,n,100
6172,I6172,1400,1225,1160,317.0,0,2,n,100
6330,I6330,1600,1200,975,180.2,45,4,n,100
4695,I4695,1400,1200,1450,179.4,45,3,n,100
3331,I3331,1400,1225,1160,317.0,0,2,n,100
5881,I5881,780,570,478,104.768,47,0,w,4
3034,I3034,1200,1000,1057,164.04,0,6,n,100
6734,I6734,1200,1000,975,527.4,45,1,n,100
2815,I2815,1200,1000,975,527.4,45,1,n,100
7308,I7308,780,570,478,170.28,47,0,w,4
4448,I4448,1200,1000,750,227.528,45,1,n,100
1441,I1441,1200,1000,975,165.375,45,1,n,100
7986,I7986,1200,1000,975,183.84,45,1,n,100
370,I0370,1400,1225,1160,317.0,0,2,n,100
1530,I1530,1600,1200,1350,303.92,45,4,n,100
3922,I3922,1400,1225,1160,278.5,0,2,n,100
6963,I6963,1600,1200,1350,303.92,45,4,n,100
4130,I4130,1200,1000,359,72.704,0,6,n,100
4031,I4031,780,570,478,100.96,47,0,w,4
6957,I6957,780,570,478,270.08,47,0,w,4
1774,I1774,1200,1000,750,229.88,45,1,n,100
306,I0306,1400,1200,1450,179.4,45,3,n,100
3159,I3159,1400,1225,1160,278.5,0,2,n,100
5149,I5149,780,570,478,100.96,47,0,w,4
2472,I2472,1600,1200,1350,207.72,45,4,n,100
1898,I1898,1200,1000,975,156.15,45,1,n,100
1046,I1046,1600,1200,1350,303.92,45,4,n,100
3535,I3535,1600,1200,930,547.3,45,4,n,100
577,I0577,780,570,478,100.96,47,0,w,4
1947,I1947,1200,1000,750,229.88,45,1,n,100
1525,I1525,780,570,478,82.32,47,0,w,4
6135,I6135,1400,1200,1450,179.4,45,3,n,100
984,I0984,780,570,478,170.28,47,0,w,4
6932,I6932,1400,1225,1160,278.5,0,2,n,100
3404,I3404,1200,1000,975,165.375,45,1,n,100
3260,I3260,1600,1200,1350,303.92,45,4,n,100
1028,I1028,1200,1000,750,227.528,45,1,n,100
4616,I4616,1400,1200,1450,179.4,45,3,n,100
2493,I2493,1400,1200,1450,179.4,45,3,n,100
6391,I6391,1400,1225,1160,278.5,0,2,n,100
737,I0737,1600,1200,1350,207.72,45,4,n,100
2377,I2377,1400,1225,1160,317.0,0,2,n,100
8323,I8323,1200,1000,975,293.32,45,1,n,100
4091,I4091,1400,1200,1450,179.4,45,3,n,100
7785,I7785,1400,1200,1450,179.4,45,3,n,100
6209,I6209,1400,1225,1160,278.5,0,2,n,100
2282,I2282,1600,1200,1350,207.72,45,4,n,100
7795,I7795,1400,1200,1450,179.4,45,3,n,100
2896,I2896,1600,1200,930,438.4,45,4,n,100
1577,I1577,1600,1200,975,180.2,45,4,n,100
6614,I6614,1400,1200,1450,179.4,45,3,n,100
5233,I5233,1600,1200,930,454.873,45,4,n,100
7242,I7242,1400,1200,1450,179.4,45,3,n,100
5146,I5146,780,570,478,100.96,47,0,w,4
6739,I6739,1200,1000,975,527.4,45,1,n,100
5449,I5449,1200,1000,750,229.88,45,1,n,100
4727,I4727,1400,1200,1450,179.4,45,3,n,100
2126,I2126,1600,1200,930,547.3,45,4,n,100
3942,I3942,1400,1200,1450,179.4,45,3,n,100
2353,I2353,1200,1000,975,384.74,45,1,n,100
7091,I7091,1200,1000,1155,375.0,0,6,n,100
1169,I1169,1600,1200,975,180.2,45,4,n,100
4662,I4662,1600,1200,1350,303.92,45,4,n,100
4696,I4696,1400,1200,1450,179.4,45,3,n,100
624,I0624,1400,1200,1450,179.4,45,3,n,100
5851,I5851,1400,1200,1450,179.4,45,3,n,100
4782,I4782,1200,1000,975,156.15,45,1,n,100
3356,I3356,1600,1200,930,438.4,45,4,n,100
7041,I7041,1600,1200,1350,303.92,45,4,n,100
6461,I6461,1200,1000,750,267.8,45,1,n,100
2641,I2641,1600,1200,1350,303.92,45,4,n,100
5866,I5866,780,570,478,100.96,47,0,w,4
1809,I1809,1200,1000,975,527.4,45,1,n,100
2565,I2565,1400,1200,1450,179.4,45,3,n,100
8288,I8288,780,570,478,100.96,47,0,w,4
3904,I3904,1400,1225,1160,317.0,0,2,n,100
7248,I7248,1400,1200,1450,179.4,45,3,n,100
7925,I7925,1200,1000,975,293.32,45,1,n,100
4879,I4879,1600,1200,1350,207.72,45,4,n,100
2498,I2498,1400,1200,1450,179.4,45,3,n,100
7671,I7671,1600,1200,1350,207.72,45,4,n,100
5954,I5954,1400,1225,1160,317.0,0,2,n,100
803,I0803,1200,1000,975,337.45,45,1,n,100
3214,I3214,1400,1200,1450,179.4,45,3,n,100
7921,I7921,1200,1000,975,293.32,45,1,n,100
4363,I4363,1200,1000,750,267.8,45,1,n,100
8238,I8238,1600,1200,1350,303.92,45,4,n,100
1404,I1404,1400,1200,1450,179.4,45,3,n,100
1720,I1720,1400,1225,1160,317.0,0,2,n,100
5174,I5174,1200,1000,975,225.6,45,1,n,100
8041,I8041,1200,1000,1057,179.85,0,6,n,100
404,I0404,1200,1000,750,500.86,45,1,n,100
8096,I8096,1400,1200,1450,179.4,45,3,n,100
5308,I5308,1600,1200,975,180.2,45,4,n,100
6507,I6507,1200,1000,975,165.375,45,1,n,100
2965,I2965,1600,1200,1350,207.72,45,4,n,100
1703,I1703,1200,1000,975,183.84,45,1,n,100
1696,I1696,1600,1200,1350,207.72,45,4,n,100
1800,I1800,780,570,478,82.32,47,0,w,4
7760,I7760,1400,1225,1160,278.5,0,2,n,100
7684,I7684,1200,1000,750,305.32,45,1,n,100
7361,I7361,1600,1200,1350,303.92,45,4,n,100
795,I0795,1200,1000,975,293.32,45,1,n,100
252,I0252,1600,1200,1350,303.92,45,4,n,100
6030,I6030,1600,1200,1350,303.92,45,4,n,100
2014,I2014,780,570,478,269.32,47,0,w,4
1782,I1782,1400,1200,1450,179.4,45,3,n,100
1220,I1220,1400,1200,1450,179.4,45,3,n,100
6121,I6121,1400,1200,1450,179.4,45,3,n,100
2435,I2435,1400,1200,1450,179.4,45,3,n,100
5139,I5139,1400,1200,1450,179.4,45,3,n,100
7916,I7916,1200,1000,975,293.32,45,1,n,100
7487,I7487,1400,1200,1450,179.4,45,3,n,100
4520,I4520,1400,1200,1450,179.4,45,3,n,100
810,I0810,1200,1000,545,729.5,45,1,n,100
5425,I5425,780,570,478,269.32,47,0,w,4
3209,I3209,1200,1000,750,229.88,45,1,n,100
2376,I2376,1400,1225,1160,317.0,0,2,n,100
4001,I4001,1400,1225,1160,317.0,0,2,n,100
6778,I6778,780,570,478,81.72,47,0,w,4
4105,I4105,1600,1200,1350,207.72,45,4,n,100
2180,I2180,1600,1200,1350,207.72,45,4,n,100
8399,I8399,1600,1200,930,454.873,45,4,n,100
6571,I6571,1200,1000,975,246.0,45,1,n,100
8255,I8255,780,570,478,100.96,47,0,w,4
1955,I1955,1200,1000,975,337.45,45,1,n,100
7653,I7653,1600,1200,975,180.2,45,4,n,100
6717,I6717,1400,1200,1450,179.4,45,3,n,100
5820,I5820,1600,1200,1350,205.16,45,4,n,100
2300,I2300,1600,1200,1350,303.92,45,4,n,100
7577,I7577,1600,1200,1350,303.92,45,4,n,100
689,I0689,1600,1200,1350,303.92,45,4,n,100
2646,I2646,1200,1000,750,229.88,45,1,n,100
3061,I3061,1200,1000,975,293.32,45,1,n,100
1691,I1691,1400,1200,1450,179.4,45,3,n,100
22,I0022,780,570,478,100.96,47,0,w,4
273,I0273,780,570,478,96.256,47,0,w,4
1176,I1176,1600,1200,975,180.2,45,4,n,100
5521,I5521,1600,1200,930,547.3,45,4,n,100
583,I0583,1200,1000,975,336.7,45,1,n,100
6110,I6110,1400,1200,1450,179.4,45,3,n,100
4305,I4305,1600,1200,1350,207.72,45,4,n,100
2438,I2438,1400,1200,1450,179.4,45,3,n,100
1446,I1446,780,570,478,160.56,47,0,w,4
2969,I2969,1600,1200,1350,207.72,45,4,n,100
7048,I7048,1600,1200,1350,303.92,45,4,n,100
205,I0205,1400,1200,1450,179.4,45,3,n,100
8086,I8086,1600,1200,1350,207.72,45,4,n,100
2986,I2986,1600,1200,975,1471.6,45,4,n,100
139,I0139,1400,1200,1450,179.4,45,3,n,100
6065,I6065,780,570,478,170.28,47,0,w,4
2414,I2414,1400,1200,1450,179.4,45,3,n,100
8210,I8210,1600,1200,1350,303.92,45,4,n,100
682,I0682,1400,1200,1450,179.4,45,3,n,100
6231,I6231,1600,1200,1350,207.72,45,4,n,100
8359,I8359,1200,1000,975,225.6,45,1,n,100
491,I0491,1600,1200,1350,303.92,45,4,n,100
3257,I3257,1600,1200,1350,303.92,45,4,n,100
7947,I7947,1200,1000,975,293.32,45,1,n,100
5280,I5280,1200,1000,750,267.8,45,1,n,100
6356,I6356,1400,1225,1160,278.5,0,2,n,100
1761,I1761,780,570,478,100.96,47,0,w,4
6147,I6147,1400,1200,1450,179.4,45,3,n,100
1295,I1295,1400,1200,1450,179.4,45,3,n,100
4233,I4233,780,570,478,170.28,47,0,w,4
1733,I1733,780,570,478,170.28,47,0,w,4
3553,I3553,1600,1200,930,438.4,45,4,n,100
5518,I5518,1600,1200,1350,303.92,45,4,n,100
2614,I2614,780,570,478,104.768,47,0,w,4
1051,I1051,1600,1200,1350,303.92,45,4,n,100
5489,I5489,1200,1000,975,248.88,45,1,n,100
6674,I6674,1400,1200,1450,179.4,45,3,n,100
7636,I7636,1400,1200,1450,179.4,45,3,n,100
5156,I5156,1400,1225,1160,317.0,0,2,n,100
3522,I3522,1200,1000,975,577.8,45,1,n,100
2483,I2483,1200,1000,1057,179.85,0,6,n,100
2721,I2721,1400,1225,1160,317.0,0,2,n,100
7153,I7153,1400,1225,1160,317.0,0,2,n,100
4020,I4020,780,570,478,100.96,47,0,w,4
173,I0173,1200,1000,750,267.8,45,1,n,100
576,I0576,1600,1200,930,454.873,45,4,n,100
6661,I6661,1200,1000,975,239.52,45,1,n,100
1191,I1191,1600,1200,975,180.2,45,4,n,100
6366,I6366,1400,1225,1160,278.5,0,2,n,100
5082,I5082,1600,1200,930,438.4,45,4,n,100
3226,I3226,1400,1200,1450,179.4,45,3,n,100
4457,I4457,1200,1000,975,336.7,45,1,n,100
4495,I4495,1400,1225,1160,317.0,0,2,n,100
1792,I1792,1200,1000,975,248.88,45,1,n,100
4918,I4918,1200,1000,750,351.944,45,1,n,100
990,I0990,1600,1200,1350,312.72,45,4,n,100
1229,I1229,1400,1200,1450,179.4,45,3,n,100
5148,I5148,780,570,478,100.96,47,0,w,4
7315,I7315,1400,1225,1160,278.5,0,2,n,100
3039,I3039,1200,1000,1057,179.85,0,6,n,100
4436,I4436,1600,1200,1350,207.72,45,4,n,100
3324,I3324,1400,1225,1160,317.0,0,2,n,100
7485,I7485,1400,1200,1450,179.4,45,3,n,100
1167,I1167,1600,1200,975,180.2,45,4,n,100
234,I0234,1400,1200,1450,179.4,45,3,n,100
3147,I3147,780,570,478,96.256,47,0,w,4
471,I0471,1200,1000,750,229.88,45,1,n,100
186,I0186,1400,1200,1450,179.4,45,3,n,100
3940,I3940,1400,1200,1450,179.4,45,3,n,100
6453,I6453,1600,1200,1350,207.72,45,4,n,100
5341,I5341,1600,1200,1350,207.72,45,4,n,100
4453,I4453,1200,1000,750,229.88,45,1,n,100
5182,I5182,1200,1000,975,225.6,45,1,n,100
7021,I7021,1600,1200,1350,207.72,45,4,n,100
6167,I6167,1400,1225,1160,317.0,0,2,n,100
3044,I3044,1200,1000,975,293.32,45,1,n,100
7063,I7063,1600,1200,1350,207.72,45,4,n,100
4544,I4544,1400,1200,1450,179.4,45,3,n,100
5274,I5274,1400,1225,1160,278.5,0,2,n,100
6381,I6381,780,570,478,96.256,47,0,w,4
2984,I2984,780,570,478,270.08,47,0,w,4
151,I0151,1400,1200,1450,179.4,45,3,n,100
3546,I3546,1600,1200,1350,207.72,45,4,n,100
7101,I7101,1600,1200,930,547.3,45,4,n,100
6721,I6721,1400,1200,1450,179.4,45,3,n,100
4947,I4947,1600,1200,1350,207.72,45,4,n,100
959,I0959,1600,1200,1350,207.72,45,4,n,100
3515,I3515,780,570,478,81.72,47,0,w,4
1769,I1769,1200,1000,750,229.88,45,1,n,100
2530,I2530,1400,1200,1450,179.4,45,3,n,100
3232,I3232,1400,1200,1450,179.4,45,3,n,100
6452,I6452,1600,1200,1350,207.72,45,4,n,100
34,I0034,1400,1200,1450,179.4,45,3,n,100
3912,I3912,1600,1200,975,611.224,45,4,n,100
5721,I5721,1200,1000,750,351.944,45,1,n,100
479,I0479,1200,1000,975,165.375,45,1,n,100
4039,I4039,1200,1000,975,169.0,45,1,n,100
2954,I2954,1600,1200,1350,303.92,45,4,n,100
6081,I6081,780,570,478,270.08,47,0,w,4
285,I0285,1600,1200,1350,303.92,45,4,n,100
430,I0430,1400,1200,1450,179.4,45,3,n,100
1685,I1685,1400,1200,1450,179.4,45,3,n,100
5034,I5034,780,570,478,82.32,47,0,w,4
8326,I8326,1200,1000,975,293.32,45,1,n,100
7971,I7971,1600,1200,1350,205.16,45,4,n,100
5611,I5611,1600,1200,975,1471.6,45,4,n,100
5874,I5874,1600,1200,1350,303.92,45,4,n,100
992,I0992,1600,1200,930,438.4,45,4,n,100
4501,I4501,1400,1225,1160,317.0,0,2,n,100
4986,I4986,1200,1000,975,225.6,45,1,n,100
5214,I5214,1600,1200,1350,207.72,45,4,n,100
6384,I6384,1400,1225,1160,278.5,0,2,n,100
6921,I6921,1600,1200,1350,207.72,45,4,n,100
7858,I7858,1400,1225,1160,278.5,0,2,n,100
2358,I2358,1200,1000,750,229.88,45,1,n,100
2033,I2033,1600,1200,1350,207.72,45,4,n,100
3899,I3899,1400,1225,1160,317.0,0,2,n,100
2426,I2426,1400,1200,1450,179.4,45,3,n,100
3625,I3625,1600,1200,1350,205.16,45,4,n,100
7497,I7497,1400,1200,1450,179.4,45,3,n,100
3913,I3913,1400,1225,1160,278.5,0,2,n,100
660,I0660,1400,1200,1450,179.4,45,3,n,100
3965,I3965,1400,1200,1450,179.4,45,3,n,100
23,I0023,780,570,478,100.96,47,0,w,4
605,I0605,1400,1225,1160,278.5,0,2,n,100
2533,I2533,1400,1200,1450,179.4,45,3,n,100
7954,I7954,1200,1000,750,351.756,45,1,n,100
2247,I2247,1400,1200,1450,179.4,45,3,n,100
7207,I7207,780,570,478,81.72,47,0,w,4
676,I0676,1400,1200,1450,179.4,45,3,n,100
8104,I8104,1400,1200,1450,179.4,45,3,n,100
5754,I5754,1400,1200,1450,179.4,45,3,n,100
3540,I3540,1900,1200,750,845.38,45,5,n,100
6550,I6550,780,570,478,100.96,47,0,w,4
588,I0588,1200,1000,975,336.7,45,1,n,100
6814,I6814,1400,1225,1160,317.0,0,2,n,100
5152,I5152,780,570,478,100.96,47,0,w,4
3150,I3150,1200,1000,359,72.704,0,6,n,100
3573,I3573,1600,1200,1350,303.92,45,4,n,100
6732,I6732,1200,1000,975,527.4,45,1,n,100
3347,I3347,1200,1000,975,225.6,45,1,n,100
4602,I4602,1600,1200,930,547.3,45,4,n,100
3554,I3554,1600,1200,930,438.4,45,4,n,100
3305,I3305,1200,1000,975,293.32,45,1,n,100
3826,I3826,1600,1200,1350,303.92,45,4,n,100
2932,I2932,1400,1225,1160,317.0,0,2,n,100
5094,I5094,1600,1200,1350,207.72,45,4,n,100
5595,I5595,1200,1000,558,136.704,0,6,n,100
451,I0451,1200,1000,975,384.74,45,1,n,100
2960,I2960,1600,1200,1350,207.72,45,4,n,100
5730,I5730,1200,1000,975,527.4,45,1,n,100
4890,I4890,1200,1000,975,336.7,45,1,n,100
5767,I5767,1400,1200,1450,179.4,45,3,n,100
3247,I3247,1400,1200,1450,179.4,45,3,n,100
4474,I4474,1400,1225,1160,317.0,0,2,n,100
5920,I5920,1400,1200,1450,179.4,45,3,n,100
4654,I4654,1200,1000,750,305.32,45,1,n,100
7912,I7912,1400,1200,1450,179.4,45,3,n,100
1186,I1186,1600,1200,975,180.2,45,4,n,100
3082,I3082,1200,1000,975,246.0,45,1,n,100
299,I0299,1400,1200,1450,179.4,45,3,n,100
3088,I3088,1600,1200,1350,303.92,45,4,n,100
1187,I1187,1600,1200,975,180.2,45,4,n,100
7289,I7289,1400,1225,1160,278.5,0,2,n,100
7345,I7345,1400,1200,1450,179.4,45,3,n,100
3200,I3200,1600,1200,1350,207.72,45,4,n,100
2343,I2343,780,570,478,160.56,47,0,w,4
5304,I5304,1600,1200,975,180.2,45,4,n,100
4748,I4748,1200,1000,975,304.12,45,1,n,100
2388,I2388,1400,1225,1160,278.5,0,2,n,100
5630,I5630,1600,1200,1350,207.72,45,4,n,100
7774,I7774,1400,1225,1160,317.0,0,2,n,100
1219,I1219,1600,1200,975,180.2,45,4,n,100
3401,I3401,1200,1000,975,165.375,45,1,n,100
1415,I1415,1200,1000,975,248.88,45,1,n,100
4942,I4942,1600,1200,1350,207.72,45,4,n,100
1872,I1872,1600,1200,1350,207.72,45,4,n,100
3048,I3048,1200,1000,975,293.32,45,1,n,100
1819,I1819,1200,1000,359,29.38,0,6,n,100
5819,I5819,1200,1000,750,229.88,45,1,n,100
2241,I2241,1400,1200,1450,179.4,45,3,n,100
1852,I1852,1600,1200,1350,303.92,45,4,n,100
2524,I2524,1400,1200,1450,179.4,45,3,n,100
549,I0549,780,570,478,100.96,47,0,w,4
4260,I4260,1400,1225,1160,278.5,0,2,n,100
333,I0333,1600,1200,1350,207.72,45,4,n,100
5937,I5937,1400,1200,1450,179.4,45,3,n,100
3340,I3340,1600,1200,1350,303.92,45,4,n,100
7595,I7595,1400,1225,1160,317.0,0,2,n,100
1431,I1431,1200,1000,750,305.32,45,1,n,100
1501,I1501,1600,1200,930,438.4,45,4,n,100
7712,I7712,1400,1225,1160,317.0,0,2,n,100
5482,I5482,1600,1200,1350,303.92,45,4,n,100
4809,I4809,1600,1200,1350,303.92,45,4,n,100
6230,I6230,1600,1200,1350,207.72,45,4,n,100
854,I0854,1400,1225,1160,278.5,0,2,n,100
4388,I4388,1200,1000,975,169.0,45,1,n,100
316,I0316,1400,1200,1450,179.4,45,3,n,100
5923,I5923,1400,1200,1450,179.4,45,3,n,100
2194,I2194,1600,1200,1350,207.72,45,4,n,100
622,I0622,1400,1200,1450,179.4,45,3,n,100
7292,I7292,1900,1200,750,845.38,45,5,n,100
2934,I2934,1400,1225,1160,317.0,0,2,n,100
4415,I4415,1200,1000,975,169.0,45,1,n,100
5406,I5406,1600,1200,1350,303.92,45,4,n,100
5676,I5676,1600,1200,930,514.24,45,4,n,100
5444,I5444,1200,1000,750,351.756,45,1,n,100
7932,I7932,1200,1000,975,293.32,45,1,n,100
2291,I2291,780,570,478,82.32,47,0,w,4
6304,I6304,1400,1200,1450,179.4,45,3,n,100
2473,I2473,1600,1200,1350,207.72,45,4,n,100
5667,I5667,1600,1200,1350,205.16,45,4,n,100
2941,I2941,1400,1225,1160,317.0,0,2,n,100
1018,I1018,1200,1000,975,156.15,45,1,n,100
7753,I7753,1400,1225,1160,278.5,0,2,n,100
685,I0685,1600,1200,930,454.873,45,4,n,100
7087,I7087,780,570,478,100.96,47,0,w,4
2714,I2714,1400,1225,1160,317.0,0,2,n,100
62,I0062,1600,1200,1350,303.92,45,4,n,100
2307,I2307,1600,1200,1350,207.72,45,4,n,100
2654,I2654,1200,1000,975,248.88,45,1,n,100
7704,I7704,1400,1225,1160,317.0,0,2,n,100
5373,I5373,1600,1200,1350,207.72,45,4,n,100
6154,I6154,1200,1000,750,351.756,45,1,n,100
1883,I1883,1200,1000,975,165.375,45,1,n,100
3138,I3138,1200,1000,750,229.88,45,1,n,100
3582,I3582,1600,1200,930,547.3,45,4,n,100
3619,I3619,780,570,478,100.96,47,0,w,4
511,I0511,1600,1200,1350,207.72,45,4,n,100
3049,I3049,1200,1000,975,293.32,45,1,n,100
2715,I2715,1400,1225,1160,317.0,0,2,n,100
5713,I5713,780,570,478,96.256,47,0,w,4
1457,I1457,1200,1000,975,293.32,45,1,n,100
3513,I3513,780,570,478,81.72,47,0,w,4
1471,I1471,1200,1000,975,293.32,45,1,n,100
5028,I5028,1400,1225,1160,317.0,0,2,n,100
8208,I8208,1600,1200,1350,303.92,45,4,n,100
1188,I1188,1600,1200,975,180.2,45,4,n,100
5961,I5961,1600,1200,1350,207.72,45,4,n,100
4684,I4684,1600,1200,930,438.4,45,4,n,100
7109,I7109,1400,1200,1450,179.4,45,3,n,100
6962,I6962,1600,1200,1350,303.92,45,4,n,100
6977,I6977,1400,1200,1450,179.4,45,3,n,100
4398,I4398,1200,1000,975,169.0,45,1,n,100
5606,I5606,1200,1000,750,229.88,45,1,n,100
3725,I3725,1400,1200,1450,179.4,45,3,n,100
6111,I6111,1400,1200,1450,179.4,45,3,n,100
5658,I5658,780,570,478,170.28,47,0,w,4
1830,I1830,1600,1200,1350,303.92,45,4,n,100
1972,I1972,1200,1000,930,324.1,45,1,n,100
2981,I2981,780,570,478,96.256,47,0,w,4
8159,I8159,1400,1200,1450,179.4,45,3,n,100
5608,I5608,1200,1000,750,229.88,45,1,n,100
5643,I5643,1600,1200,930,547.3,45,4,n,100
4393,I4393,1200,1000,975,169.0,45,1,n,100
1282,I1282,1200,1000,975,577.8,45,1,n,100
1149,I1149,1200,1000,975,183.84,45,1,n,100
8368,I8368,1400,1225,1160,278.5,0,2,n,100
8328,I8328,1200,1000,975,293.32,45,1,n,100
848,I0848,1600,1200,930,547.3,45,4,n,100
2183,I2183,1600,1200,1350,207.72,45,4,n,100
1474,I1474,1200,1000,975,293.32,45,1,n,100
237,I0237,1400,1200,1450,179.4,45,3,n,100
4235,I4235,1600,1200,1350,303.92,45,4,n,100
3971,I3971,1400,1200,1450,179.4,45,3,n,100
8212,I8212,1600,1200,1350,303.92,45,4,n,100
1884,I1884,1200,1000,975,165.375,45,1,n,100
6611,I6611,1400,1200,1450,179.4,45,3,n,100
7700,I7700,1400,1225,1160,317.0,0,2,n,100
4348,I4348,1600,1200,1350,207.72,45,4,n,100
7917,I7917,1200,1000,975,293.32,45,1,n,100
5781,I5781,1600,1200,1350,303.92,45,4,n,100
7018,I7018,1600,1200,1350,207.72,45,4,n,100
3666,I3666,1600,1200,1350,207.72,45,4,n,100
1794,I1794,780,570,478,82.32,47,0,w,4
3116,I3116,1600,1200,975,180.2,45,4,n,100
2375,I2375,1400,1225,1160,317.0,0,2,n,100
5975,I5975,1400,1200,1450,179.4,45,3,n,100
8342,I8342,1400,1225,1160,317.0,0,2,n,100
4740,I4740,780,570,478,160.56,47,0,w,4
68,I0068,1400,1225,1160,317.0,0,2,n,100
1157,I1157,1600,1200,975,611.224,45,4,n,100
3238,I3238,1400,1200,1450,179.4,45,3,n,100
2120,I2120,1200,1000,975,337.45,45,1,n,100
1962,I1962,780,570,478,100.96,47,0,w,4
8230,I8230,1600,1200,1350,205.16,45,4,n,100
2886,I2886,780,570,478,160.56,47,0,w,4
4347,I4347,1600,1200,1350,207.72,45,4,n,100
4680,I4680,1600,1200,1350,207.72,45,4,n,100
3198,I3198,1600,1200,1350,207.72,45,4,n,100
4492,I4492,1400,1225,1160,317.0,0,2,n,100
960,I0960,1900,1200,750,845.38,45,5,n,100
7510,I7510,1600,1200,1350,207.72,45,4,n,100
1583,I1583,1200,1000,750,176.5,45,1,n,100
980,I0980,780,570,478,170.28,47,0,w,4
4194,I4194,1200,1000,975,165.375,45,1,n,100
4798,I4798,1600,1200,1350,207.72,45,4,n,100
911,I0911,1200,1000,975,527.4,45,1,n,100
4560,I4560,1400,1225,1160,278.5,0,2,n,100
5213,I5213,1600,1200,1350,207.72,45,4,n,100
396,I0396,1400,1225,1160,317.0,0,2,n,100
4387,I4387,1200,1000,975,169.0,45,1,n,100
5392,I5392,780,570,478,100.96,47,0,w,4
4256,I4256,1400,1225,1160,278.5,0,2,n,100
4781,I4781,1200,1000,975,156.15,45,1,n,100
4911,I4911,1400,1200,1450,179.4,45,3,n,100
2550,I2550,1400,1200,1450,179.4,45,3,n,100
412,I0412,1600,1200,930,454.873,45,4,n,100
7605,I7605,1200,1000,750,305.32,45,1,n,100
3639,I3639,780,570,478,96.256,47,0,w,4
7272,I7272,780,570,478,100.96,47,0,w,4
7517,I7517,1200,1000,975,183.84,45,1,n,100
8027,I8027,1600,1200,1350,207.72,45,4,n,100
3079,I3079,1200,1000,975,293.32,45,1,n,100
7961,I7961,1600,1200,1350,205.16,45,4,n,100
133,I0133,1400,1200,1450,179.4,45,3,n,100
5471,I5471,1400,1225,1160,317.0,0,2,n,100
5457,I5457,1600,1200,930,547.3,45,4,n,100
2032,I2032,1600,1200,1350,207.72,45,4,n,100
7147,I7147,1400,1225,1160,317.0,0,2,n,100
5686,I5686,1400,1200,1450,179.4,45,3,n,100
2450,I2450,1200,1000,1155,375.0,0,6,n,100
7439,I7439,1400,1225,1160,317.0,0,2,n,100
4482,I4482,780,570,478,81.72,47,0,w,4
1271,I1271,1200,1000,975,169.0,45,1,n,100
4253,I4253,1400,1225,1160,278.5,0,2,n,100
5408,I5408,1200,1000,1155,366.75,0,6,n,100
5460,I5460,1400,1225,1160,317.0,0,2,n,100
6785,I6785,1600,1200,1350,303.92,45,4,n,100
286,I0286,1600,1200,1350,303.92,45,4,n,100
4443,I4443,1200,1000,975,165.375,45,1,n,100
7039,I7039,1600,1200,1350,303.92,45,4,n,100
6911,I6911,1400,1225,1160,317.0,0,2,n,100
415,I0415,1600,1200,930,454.873,45,4,n,100
3211,I3211,1400,1200,1450,179.4,45,3,n,100
5652,I5652,1200,1000,975,183.84,45,1,n,100
3737,I3737,1600,1200,1350,303.92,45,4,n,100
2910,I2910,1200,1000,975,577.8,45,1,n,100
2396,I2396,1400,1225,1160,278.5,0,2,n,100
6035,I6035,1600,1200,975,180.2,45,4,n,100
4066,I4066,1200,1000,975,169.0,45,1,n,100
6990,I6990,1200,1000,750,227.528,45,1,n,100
809,I0809,1200,1000,975,165.375,45,1,n,100
7414,I7414,780,570,478,160.56,47,0,w,4
382,I0382,1200,1000,750,405.72,45,1,n,100
601,I0601,1400,1225,1160,278.5,0,2,n,100
4024,I4024,780,570,478,100.96,47,0,w,4
2095,I2095,1200,1000,975,308.76,45,1,n,100
3799,I3799,1400,1200,1450,179.4,45,3,n,100
128,I0128,1400,1200,1450,179.4,45,3,n,100
4029,I4029,780,570,478,100.96,47,0,w,4
2763,I2763,780,570,478,81.72,47,0,w,4
845,I0845,1600,1200,930,547.3,45,4,n,100
2262,I2262,1400,1200,1450,179.4,45,3,n,100
2263,I2263,1400,1200,1450,179.4,45,3,n,100
8317,I8317,1200,1000,975,293.32,45,1,n,100
8092,I8092,1200,1000,750,176.5,45,1,n,100
5419,I5419,1600,1200,930,277.828,45,4,n,100
2563,I2563,1400,1200,1450,179.4,45,3,n,100
2197,I2197,1600,1200,1350,207.72,45,4,n,100
8383,I8383,1600,1200,930,547.3,45,4,n,100
2088,I2088,1600,1200,930,438.4,45,4,n,100
5657,I5657,780,570,478,170.28,47,0,w,4
2413,I2413,1400,1200,1450,179.4,45,3,n,100
2713,I2713,1400,1225,1160,317.0,0,2,n,100
7023,I7023,1600,1200,1350,207.72,45,4,n,100
6169,I6169,1400,1225,1160,317.0,0,2,n,100
6699,I6699,1400,1200,1450,179.4,45,3,n,100
2512,I2512,1400,1200,1450,179.4,45,3,n,100
1357,I1357,1600,1200,930,438.4,45,4,n,100
7524,I7524,1600,1200,1350,303.92,45,4,n,100
5491,I5491,1200,1000,975,183.84,45,1,n,100
6053,I6053,1600,1200,975,180.2,45,4,n,100
1174,I1174,1600,1200,975,180.2,45,4,n,100
6331,I6331,1600,1200,975,180.2,45,4,n,100
671,I0671,1400,1200,1450,179.4,45,3,n,100
6091,I6091,1400,1200,1450,179.4,45,3,n,100
4667,I4667,1900,1200,750,845.38,45,5,n,100
658,I0658,1400,1200,1450,179.4,45,3,n,100
5002,I5002,1400,1200,1450,179.4,45,3,n,100
6449,I6449,1600,1200,1350,207.72,45,4,n,100
3712,I3712,1400,1200,1450,179.4,45,3,n,100
6789,I6789,1600,1200,930,438.4,45,4,n,100
7830,I7830,1600,1200,930,514.24,45,4,n,100
746,I0746,1400,1200,1450,179.4,45,3,n,100
2943,I2943,1400,1225,1160,317.0,0,2,n,100
126,I0126,1400,1200,1450,179.4,45,3,n,100
7832,I7832,1200,1000,975,259.6,45,1,n,100
527,I0527,1400,1200,1450,179.4,45,3,n,100
5833,I5833,1200,1000,750,229.88,45,1,n,100
15,I0015,1400,1225,1160,278.5,0,2,n,100
5837,I5837,1600,1200,1350,207.72,45,4,n,100
1406,I1406,1200,1000,750,229.88,45,1,n,100
4559,I4559,1400,1225,1160,278.5,0,2,n,100
579,I0579,780,570,478,100.96,47,0,w,4
6062,I6062,780,570,478,170.28,47,0,w,4
6560,I6560,1600,1200,1350,310.16,45,4,n,100
2885,I2885,1200,1000,750,227.528,45,1,n,100
2975,I2975,1600,1200,1350,207.72,45,4,n,100
5319,I5319,1600,1200,1350,207.72,45,4,n,100
7765,I7765,1400,1225,1160,317.0,0,2,n,100
2142,I2142,1200,1000,750,229.88,45,1,n,100
4866,I4866,1400,1200,1450,179.4,45,3,n,100
5748,I5748,1400,1200,1450,179.4,45,3,n,100
3132,I3132,780,570,478,170.28,47,0,w,4
2124,I2124,1600,1200,930,547.3,45,4,n,100
841,I0841,1600,1200,1350,303.92,45,4,n,100
4697,I4697,1400,1200,1450,179.4,45,3,n,100
4279,I4279,1200,1000,545,729.5,45,1,n,100
4804,I4804,780,570,478,81.72,47,0,w,4
2310,I2310,1600,1200,975,611.224,45,4,n,100
4553,I4553,1400,1200,1450,179.4,45,3,n,100
4703,I4703,1400,1200,1450,179.4,45,3,n,100
5553,I5553,1600,1200,1350,207.72,45,4,n,100
1323,I1323,1200,1000,750,405.72,45,1,n,100
7040,I7040,1600,1200,1350,303.92,45,4,n,100
5854,I5854,1400,1200,1450,179.4,45,3,n,100
1412,I1412,1200,1000,750,229.88,45,1,n,100
465,I0465,1600,1200,1350,207.72,45,4,n,100
7401,I7401,1600,1200,930,547.3,45,4,n,100
436,I0436,1400,1200,1450,179.4,45,3,n,100
229,I0229,1400,1200,1450,179.4,45,3,n,100
3036,I3036,1200,1000,750,229.88,45,1,n,100
2874,I2874,1400,1200,1450,179.4,45,3,n,100
7632,I7632,1400,1200,1450,179.4,45,3,n,100
5932,I5932,1400,1200,1450,179.4,45,3,n,100
5366,I5366,1400,1200,1450,179.4,45,3,n,100
1005,I1005,1200,1000,750,229.88,45,1,n,100
1297,I1297,1400,1200,1450,179.4,45,3,n,100
4990,I4990,1400,1200,1450,179.4,45,3,n,100
7744,I7744,1200,1000,1057,164.04,0,6,n,100
6781,I6781,1900,1200,750,713.62,45,5,n,100
906,I0906,1400,1200,1450,179.4,45,3,n,100
7305,I7305,780,570,478,170.28,47,0,w,4
3293,I3293,1200,1000,975,293.32,45,1,n,100
81,I0081,1600,1200,930,454.873,45,4,n,100
6985,I6985,1600,1200,1350,207.72,45,4,n,100
1264,I1264,1200,1000,975,169.0,45,1,n,100
3500,I3500,1400,1225,1160,317.0,0,2,n,100
2962,I2962,1600,1200,1350,207.72,45,4,n,100
6529,I6529,1400,1200,1450,179.4,45,3,n,100
6771,I6771,1600,1200,1350,205.16,45,4,n,100
5825,I5825,1200,1000,750,229.88,45,1,n,100
5129,I5129,1400,1200,1450,179.4,45,3,n,100
6534,I6534,1400,1200,1450,179.4,45,3,n,100
554,I0554,780,570,478,100.96,47,0,w,4
434,I0434,1400,1200,1450,179.4,45,3,n,100
8191,I8191,1600,1200,1350,207.72,45,4,n,100
5459,I5459,1400,1225,1160,317.0,0,2,n,100
4178,I4178,1200,1000,750,351.756,45,1,n,100
3963,I3963,1400,1200,1450,179.4,45,3,n,100
1345,I1345,1400,1225,1160,278.5,0,2,n,100
6279,I6279,1200,1000,750,351.756,45,1,n,100
3812,I3812,1400,1200,1450,179.4,45,3,n,100
5353,I5353,1200,1000,975,225.6,45,1,n,100
8185,I8185,1200,1000,359,77.352,0,6,n,100
4787,I4787,1200,1000,975,156.15,45,1,n,100
3551,I3551,1600,1200,930,438.4,45,4,n,100
5097,I5097,1600,1200,1350,207.72,45,4,n,100
4818,I4818,1200,1000,558,136.704,0,6,n,100
3243,I3243,1400,1200,1450,179.4,45,3,n,100
1138,I1138,1600,1200,1350,207.72,45,4,n,100
2566,I2566,1400,1200,1450,179.4,45,3,n,100
1526,I1526,780,570,478,82.32,47,0,w,4
1798,I1798,780,570,478,82.32,47,0,w,4
2694,I2694,1400,1200,1450,179.4,45,3,n,100
3012,I3012,1600,1200,1350,207.72,45,4,n,100
2753,I2753,1600,1200,1350,303.92,45,4,n,100
4062,I4062,1200,1000,975,169.0,45,1,n,100
3570,I3570,1600,1200,930,514.24,45,4,n,100
5001,I5001,1400,1200,1450,179.4,45,3,n,100
2403,I2403,1400,1225,1160,278.5,0,2,n,100
6619,I6619,1200,1000,975,336.7,45,1,n,100
6510,I6510,1400,1200,1450,179.4,45,3,n,100
1034,I1034,780,570,478,101.52,47,0,w,4
1270,I1270,1200,1000,975,169.0,45,1,n,100
6542,I6542,780,570,478,100.96,47,0,w,4
5128,I5128,1400,1200,1450,179.4,45,3,n,100
7499,I7499,1600,1200,975,611.224,45,4,n,100
2531,I2531,1400,1200,1450,179.4,45,3,n,100
4690,I4690,780,570,478,96.256,47,0,w,4
939,I0939,1400,1200,1450,179.4,45,3,n,100
6454,I6454,1600,1200,1350,207.72,45,4,n,100
8012,I8012,1600,1200,930,547.3,45,4,n,100
3067,I3067,1200,1000,975,293.32,45,1,n,100
8332,I8332,1200,1000,975,293.32,45,1,n,100
3864,I3864,1200,1000,975,293.32,45,1,n,100
1934,I1934,780,570,478,81.72,47,0,w,4
7973,I7973,1600,1200,1350,205.16,45,4,n,100
2207,I2207,1600,1200,1350,303.92,45,4,n,100
5788,I5788,1600,1200,1350,303.92,45,4,n,100
114,I0114,1400,1200,1450,179.4,45,3,n,100
5912,I5912,1400,1200,1450,179.4,45,3,n,100
2340,I2340,1200,1000,545,690.5,45,1,n,100
3447,I3447,1200,1000,975,293.32,45,1,n,100
198,I0198,1400,1200,1450,179.4,45,3,n,100
6239,I6239,1600,1200,930,438.4,45,4,n,100
6880,I6880,1200,1000,975,527.4,45,1,n,100
7479,I7479,1600,1200,1350,303.92,45,4,n,100
1593,I1593,1600,1200,1350,303.92,45,4,n,100
3538,I3538,1200,1000,545,729.5,45,1,n,100
4338,I4338,1600,1200,1350,207.72,45,4,n,100
2118,I2118,780,570,478,81.72,47,0,w,4
477,I0477,1200,1000,975,183.84,45,1,n,100
2372,I2372,1400,1225,1160,317.0,0,2,n,100
7373,I7373,1200,1000,750,229.88,45,1,n,100
5895,I5895,780,570,478,104.768,47,0,w,4
6406,I6406,1200,1000,750,217.45,45,1,n,100
2043,I2043,1200,1000,975,527.4,45,1,n,100
7158,I7158,1600,1200,1350,303.92,45,4,n,100
597,I0597,1400,1225,1160,278.5,0,2,n,100
6616,I6616,1400,1200,1450,179.4,45,3,n,100
4824,I4824,1200,1000,975,527.4,45,1,n,100
6992,I6992,1200,1000,545,690.5,45,1,n,100
5063,I5063,1900,1200,750,713.62,45,5,n,100
2439,I2439,1400,1200,1450,179.4,45,3,n,100
7184,I7184,1400,1225,1160,278.5,0,2,n,100
1485,I1485,1200,1000,975,293.32,45,1,n,100
7262,I7262,1400,1200,1450,179.4,45,3,n,100
7081,I7081,780,570,478,100.96,47,0,w,4
944,I0944,1400,1200,1450,179.4,45,3,n,100
2311,I2311,1200,1000,750,227.528,45,1,n,100
8259,I8259,1200,1000,975,384.74,45,1,n,100
1416,I1416,1200,1000,975,248.88,45,1,n,100
3958,I3958,1400,1200,1450,179.4,45,3,n,100
6020,I6020,1400,1225,1160,317.0,0,2,n,100
5377,I5377,1200,1000,750,229.88,45,1,n,100
764,I0764,1200,1000,975,293.32,45,1,n,100
453,I0453,1200,1000,1057,164.04,0,6,n,100
5432,I5432,1400,1200,1450,179.4,45,3,n,100
8047,I8047,780,570,478,170.28,47,0,w,4
2861,I2861,1400,1200,1450,179.4,45,3,n,100
381,I0381,1600,1200,930,277.828,45,4,n,100
5780,I5780,1600,1200,1350,303.92,45,4,n,100
5125,I5125,1600,1200,930,514.24,45,4,n,100
6512,I6512,1400,1200,1450,179.4,45,3,n,100
2284,I2284,1600,1200,1350,207.72,45,4,n,100
7438,I7438,1400,1225,1160,317.0,0,2,n,100
4658,I4658,1600,1200,1350,303.92,45,4,n,100
4494,I4494,1400,1225,1160,317.0,0,2,n,100
1228,I1228,1400,1200,1450,179.4,45,3,n,100
1319,I1319,1600,1200,1350,303.92,45,4,n,100
2911,I2911,1200,1000,975,577.8,45,1,n,100
1343,I1343,1400,1225,1160,278.5,0,2,n,100
8362,I8362,1200,1000,975,225.6,45,1,n,100
619,I0619,1400,1200,1450,179.4,45,3,n,100
5000,I5000,1400,1200,1450,179.4,45,3,n,100
4907,I4907,1400,1200,1450,179.4,45,3,n,100
4464,I4464,1200,1000,975,336.7,45,1,n,100
4321,I4321,780,570,478,82.32,47,0,w,4
2982,I2982,780,570,478,96.256,47,0,w,4
2295,I2295,780,570,478,82.32,47,0,w,4
4327,I4327,1600,1200,930,438.4,45,4,n,100
6751,I6751,1200,1000,930,324.1,45,1,n,100
4872,I4872,1400,1200,1450,179.4,45,3,n,100
5878,I5878,780,570,478,104.768,47,0,w,4
1148,I1148,1200,1000,975,183.84,45,1,n,100
3225,I3225,1400,1200,1450,179.4,45,3,n,100
7811,I7811,1600,1200,1350,303.92,45,4,n,100
7291,I7291,1400,1225,1160,278.5,0,2,n,100
6162,I6162,1400,1225,1160,317.0,0,2,n,100
6014,I6014,1400,1225,1160,317.0,0,2,n,100
6354,I6354,1400,1225,1160,278.5,0,2,n,100
3791,I3791,1200,1000,750,227.528,45,1,n,100
3022,I3022,1200,1000,750,267.8,45,1,n,100
3189,I3189,1200,1000,750,176.5,45,1,n,100
311,I0311,1400,1200,1450,179.4,45,3,n,100
5438,I5438,1400,1200,1450,179.4,45,3,n,100
7148,I7148,1400,1225,1160,317.0,0,2,n,100
828,I0828,1400,1200,1450,179.4,45,3,n,100
4498,I4498,1400,1225,1160,317.0,0,2,n,100
6470,I6470,1600,1200,930,547.3,45,4,n,100
566,I0566,1200,1000,359,77.352,0,6,n,100
4082,I4082,1400,1200,1450,179.4,45,3,n,100
8290,I8290,1200,1000,545,729.5,45,1,n,100
3699,I3699,1600,1200,975,180.2,45,4,n,100
5965,I5965,1600,1200,930,438.4,45,4,n,100
3480,I3480,1200,1000,975,293.32,45,1,n,100
2800,I2800,1200,1000,975,169.0,45,1,n,100
2030,I2030,1200,1000,975,259.6,45,1,n,100
5253,I5253,1400,1200,1450,179.4,45,3,n,100
475,I0475,1200,1000,975,183.84,45,1,n,100
1440,I1440,1600,1200,1350,207.72,45,4,n,100
1130,I1130,1200,1000,750,229.88,45,1,n,100
7251,I7251,1400,1200,1450,179.4,45,3,n,100
2475,I2475,1400,1225,1160,278.5,0,2,n,100
6326,I6326,1600,1200,975,180.2,45,4,n,100
6612,I6612,1400,1200,1450,179.4,45,3,n,100
5996,I5996,1200,1000,975,248.88,45,1,n,100
5581,I5581,1600,1200,975,611.224,45,4,n,100
4535,I4535,1400,1200,1450,179.4,45,3,n,100
7174,I7174,1600,1200,930,454.873,45,4,n,100
6900,I6900,1200,1000,975,577.8,45,1,n,100
3862,I3862,1200,1000,975,293.32,45,1,n,100
1765,I1765,780,570,478,100.96,47,0,w,4
1734,I1734,780,570,478,170.28,47,0,w,4
807,I0807,1200,1000,975,165.375,45,1,n,100
877,I0877,1400,1200,1450,179.4,45,3,n,100
4366,I4366,1200,1000,975,165.375,45,1,n,100
7122,I7122,1400,1200,1450,179.4,45,3,n,100
3155,I3155,1400,1225,1160,278.5,0,2,n,100
6643,I6643,1400,1200,1450,179.4,45,3,n,100
6297,I6297,1400,1200,1450,179.4,45,3,n,100
1900,I1900,1200,1000,975,156.15,45,1,n,100
8387,I8387,1600,1200,930,547.3,45,4,n,100
6837,I6837,1400,1200,1450,179.4,45,3,n,100
481,I0481,1200,1000,975,165.375,45,1,n,100
5331,I5331,1600,1200,930,438.4,45,4,n,100
4722,I4722,1400,1200,1450,179.4,45,3,n,100
402,I0402,780,570,478,82.32,47,0,w,4
2203,I2203,1200,1000,975,577.8,45,1,n,100
6274,I6274,1400,1200,1450,179.4,45,3,n,100
8398,I8398,1600,1200,930,454.873,45,4,n,100
3372,I3372,1400,1200,1450,179.4,45,3,n,100
4169,I4169,1400,1225,1160,278.5,0,2,n,100
2936,I2936,1400,1225,1160,317.0,0,2,n,100
4404,I4404,1200,1000,975,169.0,45,1,n,100
5699,I5699,1400,1225,1160,317.0,0,2,n,100
1014,I1014,1200,1000,975,156.15,45,1,n,100
7548,I7548,1200,1000,1057,164.04,0,6,n,100
4120,I4120,1400,1225,1160,317.0,0,2,n,100
4176,I4176,780,570,478,160.56,47,0,w,4
3241,I3241,1400,1200,1450,179.4,45,3,n,100
7393,I7393,1600,1200,1350,207.72,45,4,n,100
7012,I7012,1600,1200,1350,207.72,45,4,n,100
368,I0368,1400,1225,1160,317.0,0,2,n,100
5310,I5310,1600,1200,975,180.2,45,4,n,100
3910,I3910,1200,1000,975,708.0,45,1,n,100
6083,I6083,1200,1000,545,690.5,45,1,n,100
1620,I1620,1600,1200,930,438.4,45,4,n,100
1938,I1938,780,570,478,100.96,47,0,w,4
778,I0778,1200,1000,975,293.32,45,1,n,100
8032,I8032,1200,1000,975,156.15,45,1,n,100
4476,I4476,1400,1225,1160,317.0,0,2,n,100
462,I0462,1200,1000,975,577.8,45,1,n,100
6509,I6509,1400,1200,1450,179.4,45,3,n,100
7080,I7080,780,570,478,100.96,47,0,w,4
7408,I7408,1600,1200,1350,303.92,45,4,n,100
7194,I7194,1200,1000,975,225.6,45,1,n,100
2168,I2168,1600,1200,1350,207.72,45,4,n,100
5087,I5087,1600,1200,1350,303.92,45,4,n,100
1676,I1676,1400,1200,1450,179.4,45,3,n,100
1488,I1488,1200,1000,975,225.6,45,1,n,100
7266,I7266,1600,1200,1350,303.92,45,4,n,100
2946,I2946,1400,1225,1160,317.0,0,2,n,100
4927,I4927,1400,1200,1450,179.4,45,3,n,100
5193,I5193,1400,1225,1160,278.5,0,2,n,100
5677,I5677,1400,1200,1450,179.4,45,3,n,100
8346,I8346,1400,1225,1160,317.0,0,2,n,100
1448,I1448,1200,1000,975,293.32,45,1,n,100
6327,I6327,1600,1200,975,180.2,45,4,n,100
1508,I1508,1200,1000,975,156.15,45,1,n,100
7697,I7697,1400,1225,1160,317.0,0,2,n,100
6711,I6711,1400,1200,1450,179.4,45,3,n,100
1161,I1161,1600,1200,975,180.2,45,4,n,100
8337,I8337,1400,1225,1160,317.0,0,2,n,100
1327,I1327,1400,1225,1160,278.5,0,2,n,100
7633,I7633,1400,1200,1450,179.4,45,3,n,100
1565,I1565,1600,1200,975,180.2,45,4,n,100
267,I0267,1600,1200,930,277.828,45,4,n,100
2719,I2719,1400,1225,1160,317.0,0,2,n,100
78,I0078,780,570,478,270.08,47,0,w,4
5348,I5348,1200,1000,975,225.6,45,1,n,100
3607,I3607,1200,1000,975,183.84,45,1,n,100
4204,I4204,1600,1200,930,277.828,45,4,n,100
7907,I7907,1400,1200,1450,179.4,45,3,n,100
466,I0466,1600,1200,1350,207.72,45,4,n,100
937,I0937,1400,1200,1450,179.4,45,3,n,100
445,I0445,1400,1200,1450,179.4,45,3,n,100
4894,I4894,1200,1000,975,246.0,45,1,n,100
1288,I1288,1200,1000,975,577.8,45,1,n,100
3777,I3777,780,570,478,100.96,47,0,w,4
4960,I4960,1600,1200,1350,205.16,45,4,n,100
11,I0011,1200,1000,975,577.8,45,1,n,100
7988,I7988,780,570,478,170.28,47,0,w,4
2054,I2054,1400,1200,1450,179.4,45,3,n,100
4441,I4441,1600,1200,1350,303.92,45,4,n,100
3351,I3351,1600,1200,930,438.4,45,4,n,100
371,I0371,1400,1225,1160,317.0,0,2,n,100
3882,I3882,1400,1225,1160,278.5,0,2,n,100
2201,I2201,1200,1000,975,577.8,45,1,n,100
1848,I1848,1200,1000,750,351.944,45,1,n,100
6935,I6935,1400,1225,1160,278.5,0,2,n,100
886,I0886,1400,1200,1450,179.4,45,3,n,100
2527,I2527,1400,1200,1450,179.4,45,3,n,100
6882,I6882,1600,1200,1350,207.72,45,4,n,100
2922,I2922,1400,1225,1160,278.5,0,2,n,100
3218,I3218,1400,1200,1450,179.4,45,3,n,100
5327,I5327,1200,1000,545,729.5,45,1,n,100
3970,I3970,1400,1200,1450,179.4,45,3,n,100
5847,I5847,1400,1200,1450,179.4,45,3,n,100
8213,I8213,1600,1200,1350,303.92,45,4,n,100
3311,I3311,1200,1000,975,293.32,45,1,n,100
4656,I4656,1600,1200,975,611.224,45,4,n,100
7958,I7958,1600,1200,1350,205.16,45,4,n,100
2275,I2275,1200,1000,975,337.9,45,1,n,100
2073,I2073,1400,1200,1450,179.4,45,3,n,100
5903,I5903,1400,1225,1160,317.0,0,2,n,100
4320,I4320,780,570,478,82.32,47,0,w,4
7978,I7978,1200,1000,975,156.15,45,1,n,100
729,I0729,1600,1200,1350,205.16,45,4,n,100
5892,I5892,1400,1225,1160,278.5,0,2,n,100
2688,I2688,1400,1200,1450,179.4,45,3,n,100
4340,I4340,1600,1200,1350,207.72,45,4,n,100
5122,I5122,1600,1200,1350,303.92,45,4,n,100
5510,I5510,1600,1200,1350,303.92,45,4,n,100
1796,I1796,780,570,478,82.32,47,0,w,4
5415,I5415,1600,1200,1350,205.16,45,4,n,100
3903,I3903,1400,1225,1160,317.0,0,2,n,100
8084,I8084,1600,1200,1350,207.72,45,4,n,100
2384,I2384,1400,1225,1160,278.5,0,2,n,100
7598,I7598,1400,1225,1160,317.0,0,2,n,100
8174,I8174,1400,1200,1450,179.4,45,3,n,100
1368,I1368,1400,1200,1450,179.4,45,3,n,100
5618,I5618,1200,1000,750,176.5,45,1,n,100
2657,I2657,780,570,478,100.96,47,0,w,4
870,I0870,1200,1000,975,527.4,45,1,n,100
2923,I2923,1400,1225,1160,278.5,0,2,n,100
820,I0820,1400,1200,1450,179.4,45,3,n,100
7355,I7355,1400,1200,1450,179.4,45,3,n,100
1393,I1393,1400,1200,1450,179.4,45,3,n,100
6146,I6146,1400,1200,1450,179.4,45,3,n,100
3779,I3779,780,570,478,100.96,47,0,w,4
6106,I6106,1400,1200,1450,179.4,45,3,n,100
2602,I2602,1600,1200,930,547.3,45,4,n,100
5210,I5210,1600,1200,1350,207.72,45,4,n,100
7561,I7561,1200,1000,750,229.88,45,1,n,100
188,I0188,1400,1200,1450,179.4,45,3,n,100
6429,I6429,1400,1225,1160,317.0,0,2,n,100
5773,I5773,1400,1200,1450,179.4,45,3,n,100
6888,I6888,1200,1000,930,324.1,45,1,n,100
5898,I5898,1400,1225,1160,317.0,0,2,n,100
547,I0547,1600,1200,930,277.828,45,4,n,100
7652,I7652,1600,1200,975,180.2,45,4,n,100
2797,I2797,1200,1000,975,169.0,45,1,n,100
1760,I1760,780,570,478,100.96,47,0,w,4
2863,I2863,1400,1200,1450,179.4,45,3,n,100
7597,I7597,1400,1225,1160,317.0,0,2,n,100
6887,I6887,1900,1200,750,845.38,45,5,n,100
4181,I4181,1600,1200,1350,303.92,45,4,n,100
1558,I1558,1600,1200,975,180.2,45,4,n,100
1390,I1390,1400,1200,1450,179.4,45,3,n,100
4811,I4811,780,570,478,170.28,47,0,w,4
7440,I7440,1400,1225,1160,317.0,0,2,n,100
1429,I1429,780,570,478,82.32,47,0,w,4
308,I0308,1400,1200,1450,179.4,45,3,n,100
3817,I3817,1600,1200,1350,207.72,45,4,n,100
2169,I2169,1600,1200,930,514.24,45,4,n,100
5133,I5133,1400,1200,1450,179.4,45,3,n,100
5557,I5557,1600,1200,1350,207.72,45,4,n,100
492,I0492,1600,1200,1350,303.92,45,4,n,100
46,I0046,1400,1200,1450,179.4,45,3,n,100
1451,I1451,1200,1000,975,293.32,45,1,n,100
1920,I1920,1400,1225,1160,278.5,0,2,n,100
5940,I5940,780,570,478,270.08,47,0,w,4
7610,I7610,1200,1000,750,351.756,45,1,n,100
5487,I5487,1600,1200,1350,303.92,45,4,n,100
6074,I6074,780,570,478,82.32,47,0,w,4
3640,I3640,780,570,478,96.256,47,0,w,4
5716,I5716,1200,1000,975,248.88,45,1,n,100
2837,I2837,1200,1000,975,259.6,45,1,n,100
5827,I5827,1200,1000,750,229.88,45,1,n,100
7924,I7924,1200,1000,975,293.32,45,1,n,100
289,I0289,1600,1200,1350,303.92,45,4,n,100
7275,I7275,1600,1200,930,547.3,45,4,n,100
5325,I5325,1600,1200,1350,207.72,45,4,n,100
1868,I1868,1600,1200,1350,207.72,45,4,n,100
152,I0152,1400,1200,1450,179.4,45,3,n,100
4932,I4932,1600,1200,975,611.224,45,4,n,100
7659,I7659,1600,1200,975,180.2,45,4,n,100
4215,I4215,1200,1000,975,156.15,45,1,n,100
7002,I7002,1400,1200,1450,179.4,45,3,n,100
5450,I5450,1200,1000,750,229.88,45,1,n,100
6670,I6670,1400,1225,1160,278.5,0,2,n,100
3684,I3684,1600,1200,975,180.2,45,4,n,100
5277,I5277,1200,1000,750,500.86,45,1,n,100
47,I0047,1400,1200,1450,179.4,45,3,n,100
6970,I6970,1400,1200,1450,179.4,45,3,n,100
7674,I7674,1600,1200,1350,207.72,45,4,n,100
1982,I1982,1600,1200,1350,303.92,45,4,n,100
2918,I2918,1200,1000,645,330.5,0,6,n,100
1117,I1117,1200,1000,975,293.32,45,1,n,100
7956,I7956,1900,1200,750,845.38,45,5,n,100
5427,I5427,1200,1000,750,351.756,45,1,n,100
592,I0592,1600,1200,975,611.224,45,4,n,100
7731,I7731,780,570,478,81.72,47,0,w,4
5057,I5057,780,570,478,100.96,47,0,w,4
1031,I1031,1200,1000,750,229.88,45,1,n,100
3380,I3380,1400,1200,1450,179.4,45,3,n,100
5797,I5797,1600,1200,1350,303.92,45,4,n,100
885,I0885,1400,1200,1450,179.4,45,3,n,100
7046,I7046,1200,1000,975,183.84,45,1,n,100
8217,I8217,1200,1000,750,227.528,45,1,n,100
7229,I7229,1200,1000,558,136.704,0,6,n,100
6564,I6564,1600,1200,1350,303.92,45,4,n,100
782,I0782,1200,1000,975,293.32,45,1,n,100
166,I0166,1600,1200,1350,207.72,45,4,n,100
2642,I2642,1600,1200,1350,303.92,45,4,n,100
261,I0261,1600,1200,1350,207.72,45,4,n,100
8141,I8141,1200,1000,975,527.4,45,1,n,100
7762,I7762,1400,1225,1160,278.5,0,2,n,100
4852,I4852,1400,1200,1450,179.4,45,3,n,100
3058,I3058,1200,1000,975,293.32,45,1,n,100
1865,I1865,1600,1200,1350,207.72,45,4,n,100
2266,I2266,1400,1200,1450,179.4,45,3,n,100
950,I0950,1400,1200,1450,179.4,45,3,n,100
10,I0010,1200,1000,975,577.8,45,1,n,100
321,I0321,1400,1200,1450,179.4,45,3,n,100
7208,I7208,780,570,478,81.72,47,0,w,4
4588,I4588,1200,1000,750,227.528,45,1,n,100
3237,I3237,1400,1200,1450,179.4,45,3,n,100
8344,I8344,1400,1225,1160,317.0,0,2,n,100
3966,I3966,1400,1200,1450,179.4,45,3,n,100
1038,I1038,1200,1000,975,336.7,45,1,n,100
3870,I3870,1200,1000,975,293.32,45,1,n,100
2167,I2167,1600,1200,1350,207.72,45,4,n,100
3348,I3348,1200,1000,975,225.6,45,1,n,100
1965,I1965,780,570,478,100.96,47,0,w,4
2478,I2478,1400,1225,1160,278.5,0,2,n,100
2083,I2083,1600,1200,930,438.4,45,4,n,100
7367,I7367,780,570,478,81.72,47,0,w,4
1847,I1847,1600,1200,1350,303.92,45,4,n,100
6109,I6109,1400,1200,1450,179.4,45,3,n,100
5988,I5988,1600,1200,1350,207.72,45,4,n,100
5052,I5052,780,570,478,100.96,47,0,w,4
4126,I4126,1600,1200,1350,205.16,45,4,n,100
913,I0913,1200,1000,975,527.4,45,1,n,100
7934,I7934,1200,1000,975,293.32,45,1,n,100
4723,I4723,1400,1200,1450,179.4,45,3,n,100
3261,I3261,1600,1200,1350,303.92,45,4,n,100
1144,I1144,780,570,478,81.72,47,0,w,4
5720,I5720,1600,1200,1350,303.92,45,4,n,100
722,I0722,1600,1200,1350,205.16,45,4,n,100
1604,I1604,1200,1000,975,225.6,45,1,n,100
3651,I3651,1600,1200,1350,303.92,45,4,n,100
2319,I2319,1400,1200,1450,179.4,45,3,n,100
464,I0464,1200,1000,975,652.0,45,1,n,100
7102,I7102,1600,1200,930,547.3,45,4,n,100
7611,I7611,1200,1000,750,351.756,45,1,n,100
7190,I7190,1200,1000,975,225.6,45,1,n,100
7897,I7897,1400,1200,1450,179.4,45,3,n,100
2317,I2317,1400,1200,1450,179.4,45,3,n,100
142,I0142,1400,1200,1450,179.4,45,3,n,100
8187,I8187,1600,1200,1350,207.72,45,4,n,100
4792,I4792,1200,1000,930,343.9,45,1,n,100
1337,I1337,1400,1225,1160,278.5,0,2,n,100
4078,I4078,1400,1200,1450,179.4,45,3,n,100
7901,I7901,1400,1200,1450,179.4,45,3,n,100
2920,I2920,1200,1000,750,267.8,45,1,n,100
4007,I4007,1400,1225,1160,317.0,0,2,n,100
3475,I3475,1200,1000,975,293.32,45,1,n,100
3255,I3255,1400,1200,1450,179.4,45,3,n,100
3550,I3550,1600,1200,1350,207.72,45,4,n,100
2154,I2154,1600,1200,930,547.3,45,4,n,100
3718,I3718,1400,1200,1450,179.4,45,3,n,100
6587,I6587,1200,1000,750,227.528,45,1,n,100
4173,I4173,1400,1225,1160,278.5,0,2,n,100
1640,I1640,1400,1200,1450,179.4,45,3,n,100
3436,I3436,1900,1200,750,845.38,45,5,n,100
520,I0520,1400,1200,1450,179.4,45,3,n,100
711,I0711,1600,1200,1350,303.92,45,4,n,100
2513,I2513,1400,1200,1450,179.4,45,3,n,100
95,I0095,1600,1200,1350,303.92,45,4,n,100
571,I0571,780,570,478,160.56,47,0,w,4
3077,I3077,1200,1000,975,293.32,45,1,n,100
1625,I1625,1200,1000,930,324.1,45,1,n,100
921,I0921,1400,1200,1450,179.4,45,3,n,100
2725,I2725,1400,1225,1160,317.0,0,2,n,100
2111,I2111,1400,1225,1160,278.5,0,2,n,100
2895,I2895,1600,1200,930,438.4,45,4,n,100
8028,I8028,1600,1200,1350,207.72,45,4,n,100
620,I0620,1400,1200,1450,179.4,45,3,n,100
472,I0472,1200,1000,750,229.88,45,1,n,100
231,I0231,1400,1200,1450,179.4,45,3,n,100
226,I0226,1400,1200,1450,179.4,45,3,n,100
2786,I2786,1600,1200,1350,207.72,45,4,n,100
6876,I6876,1200,1000,975,527.4,45,1,n,100
3003,I3003,1600,1200,1350,207.72,45,4,n,100
6917,I6917,1200,1000,975,337.9,45,1,n,100
4663,I4663,1600,1200,1350,303.92,45,4,n,100
1398,I1398,1400,1200,1450,179.4,45,3,n,100
4036,I4036,1600,1200,1350,207.72,45,4,n,100
1895,I1895,1200,1000,975,156.15,45,1,n,100
6774,I6774,1600,1200,1350,205.16,45,4,n,100
6352,I6352,1400,1225,1160,278.5,0,2,n,100
7480,I7480,1600,1200,1350,303.92,45,4,n,100
4735,I4735,1400,1200,1450,179.4,45,3,n,100
5617,I5617,1600,1200,1350,205.16,45,4,n,100
1740,I1740,1400,1225,1160,317.0,0,2,n,100
2214,I2214,1600,1200,1350,207.72,45,4,n,100
7511,I7511,1600,1200,1350,207.72,45,4,n,100
4933,I4933,780,570,478,270.08,47,0,w,4
4406,I4406,1200,1000,975,169.0,45,1,n,100
4962,I4962,1600,1200,1350,205.16,45,4,n,100
7278,I7278,1600,1200,1350,303.92,45,4,n,100
3086,I3086,1600,1200,1350,303.92,45,4,n,100
7558,I7558,1200,1000,750,229.88,45,1,n,100
6346,I6346,1200,1000,975,169.0,45,1,n,100
3388,I3388,1400,1200,1450,179.4,45,3,n,100
2389,I2389,1400,1225,1160,278.5,0,2,n,100
3896,I3896,1400,1225,1160,317.0,0,2,n,100
94,I0094,1600,1200,930,547.3,45,4,n,100
3613,I3613,1900,1200,750,713.62,45,5,n,100
1012,I1012,1200,1000,975,156.15,45,1,n,100
2906,I2906,780,570,478,170.28,47,0,w,4
5783,I5783,1200,1000,545,729.5,45,1,n,100
5100,I5100,1600,1200,1350,207.72,45,4,n,100
6299,I6299,1400,1200,1450,179.4,45,3,n,100
5704,I5704,1400,1225,1160,317.0,0,2,n,100
2008,I2008,1600,1200,1350,207.72,45,4,n,100
2094,I2094,1200,1000,750,351.944,45,1,n,100
964,I0964,1200,1000,975,337.9,45,1,n,100
3491,I3491,1400,1225,1160,317.0,0,2,n,100
2683,I2683,1400,1200,1450,179.4,45,3,n,100
864,I0864,1200,1000,750,227.528,45,1,n,100
6206,I6206,1400,1225,1160,278.5,0,2,n,100
5875,I5875,1600,1200,1350,303.92,45,4,n,100
7827,I7827,1200,1000,975,577.8,45,1,n,100
2401,I2401,1400,1225,1160,278.5,0,2,n,100
6546,I6546,780,570,478,100.96,47,0,w,4
6072,I6072,780,570,478,82.32,47,0,w,4
1675,I1675,1400,1200,1450,179.4,45,3,n,100
7062,I7062,1600,1200,1350,207.72,45,4,n,100
2696,I2696,1400,1200,1450,179.4,45,3,n,100
2399,I2399,1400,1225,1160,278.5,0,2,n,100
692,I0692,1600,1200,1350,303.92,45,4,n,100
7591,I7591,1400,1225,1160,278.5,0,2,n,100
2872,I2872,1400,1200,1450,179.4,45,3,n,100
8196,I8196,780,570,478,100.96,47,0,w,4
7641,I7641,1600,1200,975,180.2,45,4,n,100
2185,I2185,1600,1200,1350,207.72,45,4,n,100
1477,I1477,1200,1000,975,293.32,45,1,n,100
6159,I6159,1400,1225,1160,317.0,0,2,n,100
6248,I6248,1400,1200,1450,179.4,45,3,n,100
4035,I4035,1600,1200,1350,207.72,45,4,n,100
6094,I6094,1400,1200,1450,179.4,45,3,n,100
2103,I2103,1200,1000,1155,375.0,0,6,n,100
1200,I1200,1600,1200,975,180.2,45,4,n,100
4223,I4223,1400,1200,1450,179.4,45,3,n,100
8170,I8170,1400,1200,1450,179.4,45,3,n,100
931,I0931,1400,1200,1450,179.4,45,3,n,100
5579,I5579,780,570,478,82.32,47,0,w,4
3263,I3263,1600,1200,930,438.4,45,4,n,100
4574,I4574,1400,1225,1160,278.5,0,2,n,100
7464,I7464,1400,1225,1160,317.0,0,2,n,100
3967,I3967,1400,1200,1450,179.4,45,3,n,100
5290,I5290,1600,1200,975,180.2,45,4,n,100
4010,I4010,780,570,478,160.56,47,0,w,4
8373,I8373,1400,1225,1160,278.5,0,2,n,100
6127,I6127,1400,1200,1450,179.4,45,3,n,100
6152,I6152,1200,1000,750,500.86,45,1,n,100
2724,I2724,1400,1225,1160,317.0,0,2,n,100
4515,I4515,1600,1200,1350,303.92,45,4,n,100
2822,I2822,1200,1000,750,229.88,45,1,n,100
4192,I4192,1200,1000,975,165.375,45,1,n,100
7214,I7214,1200,1000,359,29.38,0,6,n,100
7834,I7834,1200,1000,975,259.6,45,1,n,100
3134,I3134,1200,1000,750,229.88,45,1,n,100
5357,I5357,1400,1200,1450,179.4,45,3,n,100
1302,I1302,1400,1200,1450,179.4,45,3,n,100
3332,I3332,1400,1225,1160,317.0,0,2,n,100
4380,I4380,1200,1000,975,183.84,45,1,n,100
727,I0727,1600,1200,1350,205.16,45,4,n,100
6592,I6592,1600,1200,1350,205.16,45,4,n,100
4514,I4514,1600,1200,1350,303.92,45,4,n,100
5684,I5684,1400,1200,1450,179.4,45,3,n,100
7846,I7846,1600,1200,975,1471.6,45,4,n,100
7942,I7942,1200,1000,975,293.32,45,1,n,100
5993,I5993,1600,1200,1350,207.72,45,4,n,100
3399,I3399,1600,1200,1350,303.92,45,4,n,100
5665,I5665,1600,1200,1350,205.16,45,4,n,100
2658,I2658,780,570,478,100.96,47,0,w,4
6924,I6924,1400,1225,1160,278.5,0,2,n,100
3106,I3106,1600,1200,975,180.2,45,4,n,100
7403,I7403,1600,1200,930,547.3,45,4,n,100
6246,I6246,1400,1200,1450,179.4,45,3,n,100
401,I0401,780,570,478,82.32,47,0,w,4
6577,I6577,780,570,478,82.32,47,0,w,4
6881,I6881,1200,1000,975,527.4,45,1,n,100
3719,I3719,1400,1200,1450,179.4,45,3,n,100
6673,I6673,1400,1200,1450,179.4,45,3,n,100
3894,I3894,1400,1225,1160,317.0,0,2,n,100
7206,I7206,1200,1000,750,351.944,45,1,n,100
355,I0355,1200,1000,975,156.15,45,1,n,100
608,I0608,1400,1225,1160,278.5,0,2,n,100
4720,I4720,1400,1200,1450,179.4,45,3,n,100
3319,I3319,1200,1000,1057,164.04,0,6,n,100
3775,I3775,780,570,478,100.96,47,0,w,4
8264,I8264,1200,1000,975,156.15,45,1,n,100
573,I0573,1200,1000,545,690.5,45,1,n,100
4929,I4929,1400,1200,1450,179.4,45,3,n,100
5081,I5081,1600,1200,930,438.4,45,4,n,100
2755,I2755,1600,1200,1350,303.92,45,4,n,100
1853,I1853,1600,1200,1350,303.92,45,4,n,100
7843,I7843,1200,1000,558,136.704,0,6,n,100
2421,I2421,1400,1200,1450,179.4,45,3,n,100
1331,I1331,1400,1225,1160,278.5,0,2,n,100
16,I0016,1400,1225,1160,278.5,0,2,n,100
7382,I7382,1600,1200,1350,207.72,45,4,n,100
4598,I4598,1200,1000,975,527.4,45,1,n,100
3985,I3985,1400,1200,1450,179.4,45,3,n,100
1048,I1048,1600,1200,1350,303.92,45,4,n,100
2957,I2957,1600,1200,1350,303.92,45,4,n,100
3668,I3668,1600,1200,1350,207.72,45,4,n,100
1077,I1077,1600,1200,1350,207.72,45,4,n,100
2791,I2791,1600,1200,1350,207.72,45,4,n,100
6171,I6171,1400,1225,1160,317.0,0,2,n,100
7741,I7741,1600,1200,930,454.873,45,4,n,100
217,I0217,1400,1200,1450,179.4,45,3,n,100
6196,I6196,1400,1225,1160,317.0,0,2,n,100
212,I0212,1600,1200,930,438.4,45,4,n,100
3028,I3028,1200,1000,975,248.88,45,1,n,100
271,I0271,780,570,478,96.256,47,0,w,4
2717,I2717,1400,1225,1160,317.0,0,2,n,100
1432,I1432,1600,1200,1350,303.92,45,4,n,100
3361,I3361,1400,1200,1450,179.4,45,3,n,100
7822,I7822,1200,1000,975,577.8,45,1,n,100
5050,I5050,1600,1200,930,454.873,45,4,n,100
100,I0100,1600,1200,1350,303.92,45,4,n,100
4511,I4511,1600,1200,1350,303.92,45,4,n,100
952,I0952,1400,1200,1450,179.4,45,3,n,100
6070,I6070,780,570,478,82.32,47,0,w,4
1662,I1662,1600,1200,1350,207.72,45,4,n,100
1242,I1242,1400,1200,1450,179.4,45,3,n,100
4867,I4867,1400,1200,1450,179.4,45,3,n,100
2369,I2369,1600,1200,1350,205.16,45,4,n,100
7639,I7639,1600,1200,975,180.2,45,4,n,100
3322,I3322,1400,1225,1160,317.0,0,2,n,100
1312,I1312,1600,1200,1350,303.92,45,4,n,100
2950,I2950,1600,1200,930,454.873,45,4,n,100
5465,I5465,1400,1225,1160,317.0,0,2,n,100
3382,I3382,1400,1200,1450,179.4,45,3,n,100
948,I0948,1400,1200,1450,179.4,45,3,n,100
2504,I2504,1400,1200,1450,179.4,45,3,n,100
2742,I2742,1200,1000,750,351.944,45,1,n,100
1664,I1664,1600,1200,1350,207.72,45,4,n,100
1454,I1454,1200,1000,975,293.32,45,1,n,100
2458,I2458,1600,1200,1350,207.72,45,4,n,100
3701,I3701,1600,1200,975,180.2,45,4,n,100
3276,I3276,1200,1000,750,267.8,45,1,n,100
8004,I8004,1600,1200,1350,205.16,45,4,n,100
6840,I6840,780,570,478,48.896,47,0,w,4
8316,I8316,1200,1000,975,293.32,45,1,n,100
7566,I7566,1200,1000,975,156.15,45,1,n,100
7390,I7390,1600,1200,1350,207.72,45,4,n,100
6138,I6138,1400,1200,1450,179.4,45,3,n,100
8093,I8093,1400,1200,1450,179.4,45,3,n,100
3734,I3734,780,570,478,96.256,47,0,w,4
543,I0543,1400,1200,1450,179.4,45,3,n,100
5181,I5181,1200,1000,975,225.6,45,1,n,100
7997,I7997,1600,1200,1350,303.92,45,4,n,100
2781,I2781,1600,1200,1350,207.72,45,4,n,100
4996,I4996,1400,1200,1450,179.4,45,3,n,100
7707,I7707,1400,1225,1160,317.0,0,2,n,100
6836,I6836,1400,1200,1450,179.4,45,3,n,100
7995,I7995,1600,1200,1350,303.92,45,4,n,100
575,I0575,1600,1200,930,454.873,45,4,n,100
3457,I3457,1200,1000,975,293.32,45,1,n,100
17,I0017,1400,1225,1160,278.5,0,2,n,100
5655,I5655,1600,1200,1350,303.92,45,4,n,100
3511,I3511,780,570,478,81.72,47,0,w,4
3493,I3493,1400,1225,1160,317.0,0,2,n,100
2809,I2809,1200,1000,975,527.4,45,1,n,100
7969,I7969,1600,1200,1350,205.16,45,4,n,100
3605,I3605,1200,1000,975,577.8,45,1,n,100
2273,I2273,1400,1200,1450,179.4,45,3,n,100
635,I0635,1400,1200,1450,179.4,45,3,n,100
2806,I2806,1200,1000,1057,179.85,0,6,n,100
3545,I3545,1600,1200,1350,207.72,45,4,n,100
3930,I3930,1200,1000,750,351.756,45,1,n,100
5333,I5333,1600,1200,930,438.4,45,4,n,100
6943,I6943,1400,1225,1160,278.5,0,2,n,100
4903,I4903,1400,1200,1450,179.4,45,3,n,100
1514,I1514,1200,1000,975,156.15,45,1,n,100
8189,I8189,1600,1200,1350,207.72,45,4,n,100
3085,I3085,1200,1000,750,500.86,45,1,n,100
5374,I5374,1600,1200,1350,207.72,45,4,n,100
951,I0951,1400,1200,1450,179.4,45,3,n,100
4350,I4350,1600,1200,1350,207.72,45,4,n,100
70,I0070,1400,1225,1160,317.0,0,2,n,100
3017,I3017,1900,1200,750,713.62,45,5,n,100
8000,I8000,1600,1200,1350,303.92,45,4,n,100
8266,I8266,1200,1000,975,156.15,45,1,n,100
4596,I4596,1200,1000,975,527.4,45,1,n,100
3266,I3266,1600,1200,930,438.4,45,4,n,100
6140,I6140,1400,1200,1450,179.4,45,3,n,100
3193,I3193,1200,1000,975,577.8,45,1,n,100
4641,I4641,1400,1200,1450,179.4,45,3,n,100
5337,I5337,1600,1200,1350,207.72,45,4,n,100
2754,I2754,1600,1200,1350,303.92,45,4,n,100
2330,I2330,1600,1200,1350,303.92,45,4,n,100
7790,I7790,1400,1200,1450,179.4,45,3,n,100
1515,I1515,1200,1000,975,156.15,45,1,n,100
3051,I3051,1200,1000,975,293.32,45,1,n,100
2162,I2162,1600,1200,1350,207.72,45,4,n,100
4405,I4405,1200,1000,975,169.0,45,1,n,100
3765,I3765,1200,1000,359,29.38,0,6,n,100
606,I0606,1400,1225,1160,278.5,0,2,n,100
7221,I7221,1600,1200,1350,303.92,45,4,n,100
20,I0020,1400,1225,1160,278.5,0,2,n,100
4844,I4844,1600,1200,975,611.224,45,4,n,100
4851,I4851,1400,1200,1450,179.4,45,3,n,100
6289,I6289,1400,1225,1160,278.5,0,2,n,100
2538,I2538,1400,1200,1450,179.4,45,3,n,100
8116,I8116,1400,1200,1450,179.4,45,3,n,100
246,I0246,1400,1200,1450,179.4,45,3,n,100
3394,I3394,1600,1200,1350,303.92,45,4,n,100
1348,I1348,1200,1000,975,246.0,45,1,n,100
3244,I3244,1400,1200,1450,179.4,45,3,n,100
1602,I1602,1200,1000,975,225.6,45,1,n,100
3520,I3520,1200,1000,975,577.8,45,1,n,100
3083,I3083,1200,1000,975,246.0,45,1,n,100
3098,I3098,1600,1200,975,180.2,45,4,n,100
3272,I3272,1600,1200,1350,303.92,45,4,n,100
595,I0595,1400,1225,1160,278.5,0,2,n,100
2730,I2730,780,570,478,81.72,47,0,w,4
2983,I2983,1600,1200,1350,303.92,45,4,n,100
1465,I1465,1200,1000,975,293.32,45,1,n,100
3756,I3756,1200,1000,975,183.84,45,1,n,100
904,I0904,1400,1200,1450,179.4,45,3,n,100
2782,I2782,1600,1200,1350,207.72,45,4,n,100
7557,I7557,1200,1000,750,229.88,45,1,n,100
4421,I4421,1200,1000,975,169.0,45,1,n,100
6544,I6544,780,570,478,100.96,47,0,w,4
4877,I4877,1600,1200,1350,207.72,45,4,n,100
8057,I8057,780,570,478,100.96,47,0,w,4
7493,I7493,1400,1200,1450,179.4,45,3,n,100
5569,I5569,1600,1200,1350,207.72,45,4,n,100
1827,I1827,1600,1200,1350,303.92,45,4,n,100
2613,I2613,1400,1225,1160,317.0,0,2,n,100
3452,I3452,1200,1000,975,293.32,45,1,n,100
3443,I3443,1200,1000,1155,366.75,0,6,n,100
5901,I5901,1400,1225,1160,317.0,0,2,n,100
4488,I4488,1200,1000,975,165.375,45,1,n,100
6216,I6216,1400,1225,1160,278.5,0,2,n,100
3298,I3298,1200,1000,975,293.32,45,1,n,100
4265,I4265,1400,1225,1160,278.5,0,2,n,100
7019,I7019,1600,1200,1350,207.72,45,4,n,100
7378,I7378,1600,1200,1350,207.72,45,4,n,100
5897,I5897,1400,1225,1160,317.0,0,2,n,100
2021,I2021,1600,1200,1350,207.72,45,4,n,100
4444,I4444,1200,1000,975,165.375,45,1,n,100
3181,I3181,1600,1200,1350,303.92,45,4,n,100
5266,I5266,1200,1000,975,246.0,45,1,n,100
1714,I1714,1400,1225,1160,317.0,0,2,n,100
4407,I4407,1200,1000,975,169.0,45,1,n,100
5620,I5620,780,570,478,170.28,47,0,w,4
3645,I3645,1400,1225,1160,317.0,0,2,n,100
7690,I7690,1200,1000,975,577.8,45,1,n,100
4859,I4859,1400,1200,1450,179.4,45,3,n,100
6288,I6288,1400,1225,1160,278.5,0,2,n,100
4180,I4180,1200,1000,750,351.756,45,1,n,100
1560,I1560,1600,1200,975,180.2,45,4,n,100
4298,I4298,1600,1200,1350,312.72,45,4,n,100
4270,I4270,1200,1000,645,330.5,0,6,n,100
1139,I1139,1600,1200,1350,207.72,45,4,n,100
6983,I6983,1600,1200,1350,207.72,45,4,n,100
7130,I7130,1400,1200,1450,179.4,45,3,n,100
5886,I5886,1400,1225,1160,278.5,0,2,n,100
5635,I5635,1600,1200,1350,207.72,45,4,n,100
6701,I6701,1400,1200,1450,179.4,45,3,n,100
1842,I1842,1600,1200,1350,303.92,45,4,n,100
268,I0268,1600,1200,1350,207.72,45,4,n,100
4888,I4888,1200,1000,975,336.7,45,1,n,100
4707,I4707,1400,1200,1450,179.4,45,3,n,100
2591,I2591,1600,1200,1350,207.72,45,4,n,100
8056,I8056,780,570,478,100.96,47,0,w,4
5472,I5472,1400,1225,1160,317.0,0,2,n,100
4974,I4974,1400,1225,1160,278.5,0,2,n,100
8182,I8182,1200,1000,750,176.5,45,1,n,100
8382,I8382,1600,1200,930,547.3,45,4,n,100
3020,I3020,1200,1000,975,183.84,45,1,n,100
7951,I7951,1600,1200,1350,303.92,45,4,n,100
5166,I5166,1200,1000,750,229.88,45,1,n,100
2985,I2985,1200,1000,359,70.016,0,6,n,100
5452,I5452,1200,1000,750,229.88,45,1,n,100
7965,I7965,1600,1200,1350,205.16,45,4,n,100
5958,I5958,1400,1225,1160,317.0,0,2,n,100
1106,I1106,1200,1000,975,293.32,45,1,n,100
5117,I5117,1200,1000,1057,164.04,0,6,n,100
5084,I5084,1600,1200,1350,303.92,45,4,n,100
6465,I6465,1600,1200,930,547.3,45,4,n,100
7253,I7253,1400,1200,1450,179.4,45,3,n,100
4941,I4941,1600,1200,1350,207.72,45,4,n,100
5303,I5303,1600,1200,975,180.2,45,4,n,100
4251,I4251,1400,1225,1160,278.5,0,2,n,100
3472,I3472,1200,1000,975,293.32,45,1,n,100
3359,I3359,1400,1200,1450,179.4,45,3,n,100
6672,I6672,1400,1200,1450,179.4,45,3,n,100
2629,I2629,1200,1000,975,527.4,45,1,n,100
673,I0673,1400,1200,1450,179.4,45,3,n,100
4828,I4828,1900,1200,750,713.62,45,5,n,100
2803,I2803,780,570,478,160.56,47,0,w,4
8179,I8179,780,570,478,81.72,47,0,w,4
7267,I7267,1200,1000,975,652.0,45,1,n,100
5601,I5601,1200,1000,750,267.8,45,1,n,100
8287,I8287,780,570,478,100.96,47,0,w,4
2225,I2225,1200,1000,1155,373.25,0,6,n,100
6005,I6005,1200,1000,975,156.15,45,1,n,100
706,I0706,1600,1200,1350,303.92,45,4,n,100
798,I0798,1200,1000,750,500.86,45,1,n,100
756,I0756,1400,1200,1450,179.4,45,3,n,100
3374,I3374,1400,1200,1450,179.4,45,3,n,100
7628,I7628,1400,1200,1450,179.4,45,3,n,100
7083,I7083,780,570,478,100.96,47,0,w,4
2873,I2873,1400,1200,1450,179.4,45,3,n,100
2529,I2529,1400,1200,1450,179.4,45,3,n,100
1267,I1267,1200,1000,975,169.0,45,1,n,100
4536,I4536,1400,1200,1450,179.4,45,3,n,100
4556,I4556,1400,1225,1160,278.5,0,2,n,100
2709,I2709,1600,1200,1350,207.72,45,4,n,100
8171,I8171,1400,1200,1450,179.4,45,3,n,100
3220,I3220,1400,1200,1450,179.4,45,3,n,100
8302,I8302,1200,1000,975,293.32,45,1,n,100
5859,I5859,780,570,478,100.96,47,0,w,4
2664,I2664,1600,1200,1350,303.92,45,4,n,100
3814,I3814,1600,1200,1350,207.72,45,4,n,100
4426,I4426,1900,1200,750,845.38,45,5,n,100
6076,I6076,1600,1200,1350,303.92,45,4,n,100
7750,I7750,1400,1225,1160,278.5,0,2,n,100
6265,I6265,1400,1200,1450,179.4,45,3,n,100
7384,I7384,1600,1200,1350,207.72,45,4,n,100
137,I0137,1400,1200,1450,179.4,45,3,n,100
3223,I3223,1400,1200,1450,179.4,45,3,n,100
3343,I3343,1200,1000,975,225.6,45,1,n,100
3945,I3945,1400,1200,1450,179.4,45,3,n,100
3269,I3269,1600,1200,930,438.4,45,4,n,100
2668,I2668,1400,1200,1450,179.4,45,3,n,100
907,I0907,1400,1200,1450,179.4,45,3,n,100
7888,I7888,1400,1200,1450,179.4,45,3,n,100
741,I0741,780,570,478,81.72,47,0,w,4
3267,I3267,1600,1200,930,438.4,45,4,n,100
1487,I1487,1200,1000,975,225.6,45,1,n,100
391,I0391,1400,1225,1160,317.0,0,2,n,100
3096,I3096,1600,1200,975,180.2,45,4,n,100
7128,I7128,1400,1200,1450,179.4,45,3,n,100
4817,I4817,1200,1000,975,165.375,45,1,n,100
7425,I7425,1900,1200,750,713.62,45,5,n,100
1437,I1437,780,570,478,170.28,47,0,w,4
441,I0441,1400,1200,1450,179.4,45,3,n,100
3901,I3901,1400,1225,1160,317.0,0,2,n,100
5096,I5096,1600,1200,1350,207.72,45,4,n,100
3406,I3406,1600,1200,930,438.4,45,4,n,100
7977,I7977,1200,1000,975,156.15,45,1,n,100
4493,I4493,1400,1225,1160,317.0,0,2,n,100
87,I0087,1600,1200,1350,303.92,45,4,n,100
752,I0752,1400,1200,1450,179.4,45,3,n,100
4144,I4144,1200,1000,975,156.15,45,1,n,100
420,I0420,780,570,478,269.32,47,0,w,4
5218,I5218,1600,1200,1350,303.92,45,4,n,100
3855,I3855,1200,1000,975,293.32,45,1,n,100
3692,I3692,1600,1200,975,180.2,45,4,n,100
2020,I2020,1600,1200,1350,207.72,45,4,n,100
3956,I3956,1400,1200,1450,179.4,45,3,n,100
898,I0898,1400,1200,1450,179.4,45,3,n,100
1585,I1585,1600,1200,1350,303.92,45,4,n,100
2644,I2644,1200,1000,750,229.88,45,1,n,100
4289,I4289,1400,1225,1160,317.0,0,2,n,100
1882,I1882,1600,1200,1350,207.72,45,4,n,100
4815,I4815,1200,1000,975,165.375,45,1,n,100
7325,I7325,1200,1000,750,229.88,45,1,n,100
1957,I1957,1200,1000,975,183.84,45,1,n,100
4777,I4777,1200,1000,750,229.88,45,1,n,100
7170,I7170,1200,1000,545,690.5,45,1,n,100
526,I0526,1400,1200,1450,179.4,45,3,n,100
2933,I2933,1400,1225,1160,317.0,0,2,n,100
4786,I4786,1200,1000,975,156.15,45,1,n,100
6271,I6271,1400,1200,1450,179.4,45,3,n,100
1995,I1995,1200,1000,750,305.32,45,1,n,100
1007,I1007,1200,1000,750,229.88,45,1,n,100
8097,I8097,1400,1200,1450,179.4,45,3,n,100
2346,I2346,1600,1200,1350,303.92,45,4,n,100
6433,I6433,1200,1000,975,652.0,45,1,n,100
207,I0207,1600,1200,930,438.4,45,4,n,100
4229,I4229,1600,1200,1350,207.72,45,4,n,100
1523,I1523,1600,1200,1350,303.92,45,4,n,100
4170,I4170,1400,1225,1160,278.5,0,2,n,100
7660,I7660,1600,1200,975,180.2,45,4,n,100
