,id_item,length,width,height,weight,nesting_height,stackability_code,forced_orientation,max_stackability
3102,I25168,1600,1200,750,323.7,45,0,n,100
5215,I41954,1600,1200,930,356.56,45,0,n,100
2751,I22121,1600,1200,930,387.3,45,0,n,100
3771,I30506,1600,1200,930,356.2,45,0,n,100
4565,I37172,1800,1400,1020,303.45,45,11,n,100
3708,I29795,1200,1000,930,414.14,45,2,n,100
2743,I22053,1200,1000,975,336.7,45,2,n,100
220,I01766,1600,1200,930,784.6,45,0,n,100
845,I06549,1600,1200,930,663.22,45,0,n,100
5721,I45893,1600,1200,930,307.13,45,0,n,100
4266,I34767,1900,1200,750,713.62,45,6,n,100
4325,I35358,1600,1200,1350,303.92,45,0,n,100
702,I05308,1600,1200,750,582.6,45,0,n,100
5938,I47807,1910,1200,1295,613.59,45,19,n,100
5227,I42069,1200,1000,930,413.58,45,2,n,100
4663,I37710,1200,1000,930,347.0,45,2,n,100
2619,I21345,1600,1200,930,396.2,45,0,n,100
2288,I18219,1600,1200,930,307.13,45,0,n,100
4482,I36606,1600,1200,930,387.3,45,0,n,100
157,I01321,1600,1200,930,551.56,45,0,n,100
725,I05381,1200,1000,975,708.0,45,2,n,100
6086,I48895,1910,1200,1295,613.59,45,19,n,100
3155,I25714,1200,1000,975,401.2,45,2,n,100
4522,I36791,1600,1200,930,356.2,45,0,n,100
2054,I16347,1800,1200,1350,820.48,45,9,n,100
1004,I07777,1200,1000,930,413.58,45,2,n,100
1088,I08592,1600,1200,930,358.48,45,0,n,100
2821,I22772,1600,1200,930,784.6,45,0,n,100
4176,I34230,1200,1000,975,329.77,45,2,n,100
2633,I21480,1910,1200,1295,613.59,45,19,n,100
2519,I20473,1800,1200,1350,820.48,45,9,n,100
923,I07061,1600,1200,750,323.7,45,0,n,100
3393,I27636,1600,1200,930,663.22,45,0,n,100
1036,I08091,1600,1200,930,307.13,45,0,n,100
1472,I11847,1800,1200,1350,820.48,45,9,n,100
1675,I13230,1200,1000,930,340.0,45,2,n,100
3338,I27113,1600,1200,930,784.6,45,0,n,100
1392,I11179,1600,1200,975,808.3,45,0,n,100
4708,I38065,1600,1200,930,454.873,45,0,n,100
2301,I18256,1600,1200,930,663.22,45,0,n,100
1240,I10076,2000,1200,2350,367.608,45,22,n,100
5302,I42774,1600,1200,930,784.6,45,0,n,100
4884,I39206,1200,1000,975,329.77,45,2,n,100
1116,I08915,1200,1000,750,351.756,45,2,n,100
5960,I47961,1600,1200,930,663.22,45,0,n,100
3431,I27993,1800,1400,1020,303.45,45,11,n,100
847,I06551,1600,1200,930,358.48,45,0,n,100
4439,I36263,1600,1200,930,438.4,45,0,n,100
2399,I19214,1600,1200,930,396.2,45,0,n,100
3893,I31638,1600,1200,930,663.22,45,0,n,100
1278,I10243,1600,1200,1350,303.92,45,0,n,100
1267,I10200,1800,1400,1020,303.45,45,11,n,100
4783,I38467,1200,1000,750,318.7,45,2,n,100
1793,I14029,1200,1000,930,347.0,45,2,n,100
589,I04519,1600,1200,930,356.2,45,0,n,100
4471,I36470,1600,1200,930,781.25,45,0,n,100
1273,I10214,1600,1200,930,307.13,45,0,n,100
1621,I12771,1600,1200,930,784.6,45,0,n,100
2412,I19391,1200,1000,930,704.36,45,2,n,100
4676,I37806,1200,1000,975,329.77,45,2,n,100
5204,I41817,1200,1000,930,340.0,45,2,n,100
5113,I41034,1600,1200,930,547.3,45,0,n,100
2625,I21462,1800,1200,1350,820.48,45,9,n,100
1350,I10880,1200,1000,975,401.2,45,2,n,100
4836,I38807,1600,1200,1350,303.92,45,0,n,100
5640,I45424,2000,1200,2350,367.608,45,22,n,100
3582,I29052,2000,1200,2350,367.608,45,22,n,100
4337,I35486,1600,1200,930,356.2,45,0,n,100
5336,I42937,1600,1200,930,364.84,45,0,n,100
2329,I18552,1200,1000,975,401.2,45,2,n,100
252,I01986,1910,1200,1295,613.59,45,19,n,100
825,I06374,1800,1400,1020,303.45,45,11,n,100
3177,I25868,1600,1200,545,338.52,45,0,n,100
798,I06177,1200,1000,930,340.1,45,2,n,100
172,I01435,1200,1000,750,351.756,45,2,n,100
1491,I11972,1600,1200,930,607.6,45,0,n,100
3241,I26532,1600,1200,930,663.22,45,0,n,100
5893,I47552,1600,1200,930,356.56,45,0,n,100
4981,I39869,1910,1200,1295,613.59,45,19,n,100
357,I02634,2000,1200,545,408.88,45,5,n,100
1900,I14922,1600,1200,930,358.48,45,0,n,100
2110,I16731,1800,1400,1020,303.45,45,11,n,100
4259,I34757,1600,1200,930,356.2,45,0,n,100
5800,I46562,1800,1400,1020,303.45,45,11,n,100
1806,I14174,1600,1200,930,356.2,45,0,n,100
5951,I47887,1200,1000,975,336.7,45,2,n,100
520,I03892,1600,1200,930,356.2,45,0,n,100
5005,I40116,1200,1000,750,318.7,45,2,n,100
6079,I48888,1910,1200,1295,613.59,45,19,n,100
2811,I22704,1600,1200,930,356.2,45,0,n,100
2915,I23401,1200,1000,645,330.5,0,1,n,100
5905,I47632,1600,1200,750,323.7,45,0,n,100
4175,I34217,1600,1200,930,663.22,45,0,n,100
5466,I44120,1600,1200,930,551.56,45,0,n,100
2298,I18253,1600,1200,930,454.873,45,0,n,100
1098,I08790,1600,1200,930,307.13,45,0,n,100
5494,I44283,1600,1200,930,438.4,45,0,n,100
4209,I34536,1600,1200,930,356.56,45,0,n,100
4254,I34693,1200,1000,975,329.77,45,2,n,100
582,I04471,1600,1200,930,784.6,45,0,n,100
4869,I38973,1600,1200,930,663.22,45,0,n,100
3620,I29305,1600,1200,930,356.56,45,0,n,100
3448,I28124,1600,1200,930,607.6,45,0,n,100
2820,I22771,1600,1200,750,582.6,45,0,n,100
1773,I13892,1200,1000,545,526.75,45,2,n,100
4494,I36674,1600,1200,930,547.3,45,0,n,100
2669,I21591,1800,1200,1350,820.48,45,9,n,100
5000,I40106,1600,1200,1350,303.92,45,0,n,100
6029,I48492,1600,1200,930,307.13,45,0,n,100
6106,I48915,1600,1200,930,307.13,45,0,n,100
3609,I29196,1200,1000,975,329.77,45,2,n,100
746,I05768,1600,1200,930,356.56,45,0,n,100
4127,I33858,1800,1400,1020,303.45,45,11,n,100
1822,I14324,1200,1000,930,345.29,45,2,n,100
5539,I44674,1600,1200,930,607.6,45,0,n,100
2959,I23719,1200,1000,975,336.7,45,2,n,100
2154,I17196,1200,1000,930,340.0,45,2,n,100
5289,I42694,1600,1200,930,607.6,45,0,n,100
463,I03565,1900,1200,750,713.62,45,6,n,100
117,I01039,1800,1400,1020,303.45,45,11,n,100
677,I04952,1200,1000,975,652.0,45,2,n,100
497,I03720,1800,1400,1020,303.45,45,11,n,100
2,I00021,2000,1200,545,408.88,45,5,n,100
4387,I35769,1910,1200,1295,613.59,45,19,n,100
6265,I50521,1600,1200,1350,303.92,45,0,n,100
2587,I21049,1200,1000,930,704.12,45,2,n,100
3767,I30407,1600,1200,930,663.22,45,0,n,100
5405,I43485,1600,1200,930,663.22,45,0,n,100
2080,I16555,1800,1400,1020,303.45,45,11,n,100
2568,I20923,1200,1000,975,329.77,45,2,n,100
2818,I22744,1600,1200,930,607.6,45,0,n,100
2368,I19059,1600,1200,1350,303.92,45,0,n,100
5503,I44380,1200,1000,750,351.944,45,2,n,100
4572,I37203,1200,1000,750,351.756,45,2,n,100
4164,I34140,1600,1200,1350,303.92,45,0,n,100
3341,I27165,1600,1200,930,551.56,45,0,n,100
2957,I23717,1200,1000,975,336.7,45,2,n,100
4479,I36593,1600,1200,930,396.2,45,0,n,100
2788,I22357,1600,1200,930,551.56,45,0,n,100
5210,I41948,2000,1200,545,408.88,45,5,n,100
5887,I47440,1200,1000,930,414.14,45,2,n,100
6012,I48415,1600,1200,930,784.6,45,0,n,100
4619,I37378,1600,1200,930,784.6,45,0,n,100
745,I05767,1600,1200,930,356.56,45,0,n,100
2144,I17167,1200,1000,975,329.77,45,2,n,100
3398,I27732,1200,1000,750,351.756,45,2,n,100
1882,I14813,1600,1200,930,663.22,45,0,n,100
3997,I32730,1600,1200,930,607.6,45,0,n,100
404,I03028,1600,1200,930,387.3,45,0,n,100
731,I05496,1600,1200,930,663.22,45,0,n,100
2322,I18531,1600,1200,930,358.48,45,0,n,100
3922,I31899,1600,1200,930,607.6,45,0,n,100
3860,I31297,1600,1200,930,396.2,45,0,n,100
141,I01240,1200,1000,975,329.77,45,2,n,100
2618,I21322,1600,1200,930,551.56,45,0,n,100
4406,I35890,2000,1200,545,408.88,45,5,n,100
5784,I46333,1200,1000,1155,375.0,0,1,n,100
4485,I36611,1600,1200,930,387.3,45,0,n,100
2542,I20684,1600,1200,545,338.52,45,0,n,100
3408,I27809,1200,1000,930,704.36,45,2,n,100
3081,I24868,1600,1200,930,356.2,45,0,n,100
1861,I14672,1200,1000,975,329.77,45,2,n,100
2994,I24038,1600,1200,930,551.56,45,0,n,100
2762,I22153,1600,1200,1350,303.92,45,0,n,100
4296,I35113,1200,1000,750,351.944,45,2,n,100
4469,I36439,1600,1200,930,356.2,45,0,n,100
2929,I23558,1600,1200,930,551.56,45,0,n,100
3648,I29534,1600,1200,930,356.56,45,0,n,100
5238,I42105,1600,1200,930,364.84,45,0,n,100
1574,I12544,1200,1000,975,401.2,45,2,n,100
2837,I22871,1600,1200,930,607.6,45,0,n,100
1107,I08865,1800,1400,1020,303.45,45,11,n,100
879,I06804,1910,1200,1295,613.59,45,19,n,100
1883,I14814,1600,1200,930,663.22,45,0,n,100
561,I04281,1200,1000,930,345.29,45,2,n,100
6254,I50465,1600,1200,930,307.13,45,0,n,100
6025,I48488,1800,1400,1020,303.45,45,11,n,100
486,I03664,1600,1200,930,551.56,45,0,n,100
3896,I31690,1600,1200,930,358.48,45,0,n,100
2958,I23718,1200,1000,975,336.7,45,2,n,100
3397,I27708,1600,1200,930,830.32,45,0,n,100
641,I04778,1800,1400,1020,303.45,45,11,n,100
3967,I32506,1600,1200,750,582.6,45,0,n,100
100,I00895,1600,1200,930,370.78,45,0,n,100
795,I06160,2000,1200,545,408.88,45,5,n,100
2350,I18814,1600,1200,930,547.3,45,0,n,100
2392,I19190,1600,1200,930,307.13,45,0,n,100
3208,I26126,1600,1200,930,307.13,45,0,n,100
3592,I29097,1600,1200,930,307.13,45,0,n,100
3954,I32316,1800,1200,1350,820.48,45,9,n,100
1954,I15441,1600,1200,930,784.6,45,0,n,100
905,I06830,1800,1200,1350,820.48,45,9,n,100
4560,I37149,1600,1200,930,387.3,45,0,n,100
423,I03221,1200,1000,975,329.77,45,2,n,100
1879,I14746,1200,1000,975,329.77,45,2,n,100
6120,I49068,1600,1200,930,356.56,45,0,n,100
3011,I24127,1600,1200,1350,303.92,45,0,n,100
2446,I19839,1600,1200,930,307.13,45,0,n,100
3315,I26939,1600,1200,930,356.2,45,0,n,100
5856,I46977,1600,1200,930,514.24,45,0,n,100
4422,I36140,1900,1200,750,845.38,45,6,n,100
1006,I07779,1600,1200,1350,303.92,45,0,n,100
1154,I09179,1600,1200,750,323.7,45,0,n,100
4018,I32884,1600,1200,975,460.0,45,0,n,100
4480,I36597,1600,1200,930,551.56,45,0,n,100
4639,I37483,1600,1200,750,323.7,45,0,n,100
1725,I13591,1910,1200,1295,613.59,45,19,n,100
6081,I48890,1910,1200,1295,613.59,45,19,n,100
5719,I45891,1600,1200,545,338.16,45,0,n,100
4327,I35361,1200,1000,975,329.77,45,2,n,100
941,I07167,1600,1200,930,830.32,45,0,n,100
2186,I17404,1600,1200,930,607.6,45,0,n,100
3068,I24767,1200,1000,975,329.77,45,2,n,100
374,I02748,1600,1200,930,607.6,45,0,n,100
3857,I31279,1600,1200,1350,303.92,45,0,n,100
928,I07083,1600,1200,930,551.56,45,0,n,100
2339,I18643,1200,1000,930,319.1,45,2,n,100
4408,I35912,1800,1200,1350,820.48,45,9,n,100
2469,I19985,1800,1400,1020,303.45,45,11,n,100
3425,I27959,1900,1200,750,845.38,45,6,n,100
2636,I21483,1910,1200,1295,613.59,45,19,n,100
2851,I22932,1800,1400,1020,303.45,45,11,n,100
1536,I12333,1800,1400,1020,303.45,45,11,n,100
3772,I30546,1600,1200,1350,303.92,45,0,n,100
147,I01247,1600,1200,930,396.2,45,0,n,100
1761,I13720,1600,1200,930,784.6,45,0,n,100
3769,I30504,1600,1200,930,356.2,45,0,n,100
5866,I47227,1600,1200,975,808.3,45,0,n,100
789,I06123,1910,1200,1295,613.59,45,19,n,100
5604,I45117,1200,1000,930,345.29,45,2,n,100
1762,I13721,1600,1200,930,784.6,45,0,n,100
5135,I41189,1800,1400,1020,303.45,45,11,n,100
2988,I24024,1200,1000,545,690.5,45,2,n,100
4492,I36672,1600,1200,930,547.3,45,0,n,100
2000,I15833,1200,1000,975,329.77,45,2,n,100
6162,I49700,1910,1200,1295,613.59,45,19,n,100
5908,I47674,1200,1000,750,305.32,45,2,n,100
2104,I16725,1600,1200,930,784.6,45,0,n,100
411,I03156,1600,1200,930,364.84,45,0,n,100
1561,I12468,1900,1200,750,713.62,45,6,n,100
5696,I45797,1600,1200,930,356.2,45,0,n,100
5007,I40141,1200,1000,545,729.5,45,2,n,100
863,I06761,1600,1200,930,356.2,45,0,n,100
1567,I12505,1600,1200,930,607.6,45,0,n,100
4824,I38785,2000,1200,545,408.88,45,5,n,100
4677,I37807,1600,1200,930,607.6,45,0,n,100
3184,I25911,1600,1200,1350,303.92,45,0,n,100
2307,I18386,1200,1000,930,345.29,45,2,n,100
3498,I28471,1910,1200,1295,613.59,45,19,n,100
6008,I48330,1900,1200,750,713.62,45,6,n,100
833,I06382,1800,1400,1020,303.45,45,11,n,100
4252,I34691,1600,1200,930,370.78,45,0,n,100
3388,I27549,1600,1200,930,307.13,45,0,n,100
1579,I12556,1800,1400,1020,303.45,45,11,n,100
4796,I38650,1800,1400,1020,303.45,45,11,n,100
4709,I38066,1600,1200,930,454.873,45,0,n,100
5481,I44220,1600,1200,930,307.13,45,0,n,100
166,I01402,1600,1200,930,356.56,45,0,n,100
3681,I29671,1600,1200,930,307.13,45,0,n,100
3206,I26124,1600,1200,930,307.13,45,0,n,100
3200,I26108,1600,1200,930,607.6,45,0,n,100
5509,I44388,1600,1200,930,307.13,45,0,n,100
5737,I46025,1800,1400,1020,303.45,45,11,n,100
3583,I29053,2000,1200,2350,367.608,45,22,n,100
951,I07395,1600,1200,930,307.13,45,0,n,100
4553,I36983,1800,1400,1020,303.45,45,11,n,100
2033,I16175,1900,1200,750,713.62,45,6,n,100
4242,I34629,1910,1200,1295,613.59,45,19,n,100
1571,I12519,1600,1200,930,358.48,45,0,n,100
5743,I46044,1200,1000,930,347.0,45,2,n,100
774,I06069,1600,1200,930,356.2,45,0,n,100
2948,I23637,1800,1200,1350,820.48,45,9,n,100
553,I04210,1200,1000,975,401.2,45,2,n,100
2217,I17822,1600,1200,1350,303.92,45,0,n,100
4887,I39256,1200,1000,975,329.77,45,2,n,100
5507,I44385,1200,1000,975,329.77,45,2,n,100
2369,I19060,1600,1200,1350,303.92,45,0,n,100
4181,I34268,1600,1200,750,582.6,45,0,n,100
1370,I11083,1600,1200,930,830.32,45,0,n,100
4579,I37214,1200,1000,975,329.77,45,2,n,100
4359,I35678,1200,1000,545,690.5,45,2,n,100
2367,I19018,1200,1000,930,413.58,45,2,n,100
6167,I49705,1910,1200,1295,613.59,45,19,n,100
3589,I29094,1600,1200,930,307.13,45,0,n,100
1289,I10354,1200,1000,975,329.77,45,2,n,100
5782,I46309,1200,1000,545,526.75,45,2,n,100
1590,I12573,1200,1000,975,401.2,45,2,n,100
3358,I27287,1200,1000,975,329.77,45,2,n,100
652,I04797,1600,1200,1350,303.92,45,0,n,100
5554,I44727,1600,1200,930,438.4,45,0,n,100
2027,I16157,1600,1200,1350,303.92,45,0,n,100
2527,I20605,1600,1200,930,358.48,45,0,n,100
1912,I14974,1600,1200,930,358.48,45,0,n,100
263,I01997,1910,1200,1295,613.59,45,19,n,100
6,I00073,1200,1000,750,405.72,45,2,n,100
4722,I38090,2000,1200,2350,367.608,45,22,n,100
4941,I39698,1600,1200,930,310.76,45,0,n,100
195,I01703,1900,1200,750,845.38,45,6,n,100
4653,I37570,1600,1200,930,551.56,45,0,n,100
5987,I48058,1600,1200,545,338.16,45,0,n,100
488,I03672,1600,1200,930,358.48,45,0,n,100
2940,I23579,1800,1400,1020,303.45,45,11,n,100
3107,I25218,1600,1200,930,607.6,45,0,n,100
481,I03658,1600,1200,930,307.13,45,0,n,100
372,I02698,1600,1200,930,356.2,45,0,n,100
4103,I33603,1200,1000,975,329.77,45,2,n,100
159,I01356,1200,1000,930,414.14,45,2,n,100
5153,I41276,1600,1200,750,323.7,45,0,n,100
2912,I23379,1200,1000,975,329.77,45,2,n,100
2454,I19901,1200,1000,750,431.704,45,2,n,100
2390,I19188,1600,1200,930,307.13,45,0,n,100
1927,I15191,1900,1200,750,713.62,45,6,n,100
3760,I30343,1200,1000,975,401.2,45,2,n,100
5082,I40754,1600,1200,750,323.7,45,0,n,100
3812,I30836,1600,1200,930,307.13,45,0,n,100
3215,I26205,1200,1000,930,345.29,45,2,n,100
858,I06661,1800,1400,1020,303.45,45,11,n,100
1142,I09093,1200,1000,930,347.0,45,2,n,100
5883,I47410,1600,1200,930,396.2,45,0,n,100
5568,I44817,1600,1200,975,808.3,45,0,n,100
3670,I29609,1600,1200,1350,303.92,45,0,n,100
4923,I39606,1600,1200,750,323.7,45,0,n,100
1290,I10372,1600,1200,545,338.16,45,0,n,100
3586,I29056,2000,1200,2350,367.608,45,22,n,100
4936,I39692,1200,1000,930,347.0,45,2,n,100
2891,I23218,1600,1200,1350,303.92,45,0,n,100
1724,I13590,1910,1200,1295,613.59,45,19,n,100
1159,I09237,2000,1200,545,408.88,45,5,n,100
5984,I48038,1600,1200,930,370.78,45,0,n,100
2024,I16154,1600,1200,1350,303.92,45,0,n,100
152,I01304,1600,1200,930,396.2,45,0,n,100
4427,I36221,1600,1200,930,551.56,45,0,n,100
1997,I15828,1600,1200,930,356.2,45,0,n,100
1163,I09263,1800,1200,1350,820.48,45,9,n,100
4093,I33567,1600,1200,1350,303.92,45,0,n,100
777,I06075,1800,1400,1020,303.45,45,11,n,100
2442,I19791,1200,1000,930,414.14,45,2,n,100
6266,I50522,1600,1200,1350,303.92,45,0,n,100
4143,I33993,1200,1000,1155,366.75,0,1,n,100
973,I07478,1600,1200,930,356.56,45,0,n,100
992,I07714,2000,1200,2350,367.608,45,22,n,100
139,I01156,1200,1000,545,526.75,45,2,n,100
4173,I34194,1600,1200,930,396.2,45,0,n,100
6133,I49222,1600,1200,930,784.6,45,0,n,100
3897,I31707,1600,1200,545,338.52,45,0,n,100
2170,I17336,1600,1200,1350,303.92,45,0,n,100
1915,I15047,1600,1200,930,551.56,45,0,n,100
5226,I42068,1200,1000,930,413.58,45,2,n,100
5321,I42910,1600,1200,930,663.22,45,0,n,100
2487,I20155,1200,1000,750,351.944,45,2,n,100
1696,I13365,1600,1200,930,307.13,45,0,n,100
4713,I38073,1200,1000,750,351.756,45,2,n,100
3022,I24199,1200,1000,975,329.77,45,2,n,100
1117,I08916,1200,1000,750,351.756,45,2,n,100
1694,I13363,1600,1200,930,307.13,45,0,n,100
4680,I37822,1200,1000,975,384.74,45,2,n,100
4050,I33244,1200,1000,975,329.77,45,2,n,100
1819,I14266,1600,1200,930,364.84,45,0,n,100
4890,I39263,1600,1200,930,551.56,45,0,n,100
2323,I18532,1600,1200,930,358.48,45,0,n,100
322,I02349,1200,1000,930,413.58,45,2,n,100
1824,I14367,1200,1000,930,340.1,45,2,n,100
2282,I18202,1910,1200,1295,613.59,45,19,n,100
545,I04112,1600,1200,1350,303.92,45,0,n,100
1711,I13415,1600,1200,545,338.16,45,0,n,100
4812,I38721,2000,1200,2350,367.608,45,22,n,100
3142,I25374,1600,1200,930,607.6,45,0,n,100
5334,I42930,1600,1200,930,356.2,45,0,n,100
5051,I40385,1600,1200,930,438.4,45,0,n,100
5772,I46269,1600,1200,930,358.48,45,0,n,100
882,I06807,1910,1200,1295,613.59,45,19,n,100
2112,I16733,1800,1400,1020,303.45,45,11,n,100
2998,I24057,1600,1200,930,781.25,45,0,n,100
5933,I47802,1910,1200,1295,613.59,45,19,n,100
3364,I27344,1600,1200,1350,303.92,45,0,n,100
5240,I42107,1200,1000,930,414.14,45,2,n,100
6089,I48898,1910,1200,1295,613.59,45,19,n,100
2055,I16358,1600,1200,930,356.2,45,0,n,100
4421,I36045,1200,1000,545,729.5,45,2,n,100
3640,I29413,1200,1000,930,345.29,45,2,n,100
3964,I32490,1600,1200,1350,303.92,45,0,n,100
3907,I31803,1600,1200,930,784.6,45,0,n,100
6220,I50067,1600,1200,750,582.6,45,0,n,100
1395,I11273,1600,1200,930,313.0,45,0,n,100
5759,I46089,1800,1400,1020,303.45,45,11,n,100
4290,I35057,1600,1200,930,358.48,45,0,n,100
679,I04954,1200,1000,545,690.5,45,2,n,100
2118,I16888,1600,1200,930,551.56,45,0,n,100
5087,I40787,1600,1200,975,460.0,45,0,n,100
5603,I45116,1200,1000,975,652.0,45,2,n,100
4196,I34358,1600,1200,930,364.84,45,0,n,100
1853,I14621,1600,1200,930,356.56,45,0,n,100
2005,I15915,1200,1000,545,526.75,45,2,n,100
3843,I31129,1600,1200,1350,303.92,45,0,n,100
2346,I18810,1600,1200,1350,303.92,45,0,n,100
2496,I20284,1200,1000,975,652.0,45,2,n,100
1808,I14176,1600,1200,930,356.2,45,0,n,100
3900,I31756,1600,1200,750,582.6,45,0,n,100
6260,I50510,1600,1200,930,356.2,45,0,n,100
754,I05795,1600,1200,750,323.7,45,0,n,100
1945,I15372,1200,1000,1155,366.75,0,1,n,100
3980,I32577,1200,1000,930,347.0,45,2,n,100
3515,I28496,1600,1200,930,387.3,45,0,n,100
3950,I32227,1200,1000,975,401.2,45,2,n,100
5137,I41191,1800,1400,1020,303.45,45,11,n,100
6070,I48849,1600,1200,1350,303.92,45,0,n,100
3889,I31586,1600,1200,930,781.25,45,0,n,100
4523,I36792,1600,1200,930,356.2,45,0,n,100
3947,I32186,1600,1200,930,364.84,45,0,n,100
4362,I35712,1600,1200,975,611.224,45,0,n,100
4206,I34467,1200,1000,750,318.7,45,2,n,100
3105,I25203,1800,1200,1350,820.48,45,9,n,100
2693,I21798,1600,1200,545,338.52,45,0,n,100
5401,I43474,1600,1200,930,307.13,45,0,n,100
4681,I37824,1200,1000,930,345.29,45,2,n,100
2253,I18131,1600,1200,930,307.13,45,0,n,100
3939,I32156,1600,1200,930,663.22,45,0,n,100
4462,I36432,1800,1400,1020,303.45,45,11,n,100
3651,I29537,1600,1200,930,356.56,45,0,n,100
5599,I45053,1200,1000,975,329.77,45,2,n,100
4525,I36807,1600,1200,930,356.56,45,0,n,100
3038,I24519,2000,1200,545,408.88,45,5,n,100
749,I05776,1600,1200,930,370.78,45,0,n,100
4657,I37578,1200,1000,930,614.16,45,2,n,100
2490,I20159,1600,1200,750,323.7,45,0,n,100
1172,I09325,1600,1200,930,356.2,45,0,n,100
3649,I29535,1600,1200,930,356.56,45,0,n,100
3829,I31040,1200,1000,975,401.2,45,2,n,100
1145,I09098,1600,1200,1350,303.92,45,0,n,100
890,I06815,1910,1200,1295,613.59,45,19,n,100
1960,I15465,1600,1200,750,323.7,45,0,n,100
5146,I41246,1800,1400,1020,303.45,45,11,n,100
4007,I32813,1600,1200,930,356.2,45,0,n,100
4350,I35597,1600,1200,930,364.84,45,0,n,100
2846,I22927,1800,1400,1020,303.45,45,11,n,100
4977,I39865,1910,1200,1295,613.59,45,19,n,100
3621,I29316,1600,1200,930,784.6,45,0,n,100
4649,I37507,1600,1200,930,356.2,45,0,n,100
1549,I12417,1900,1200,750,713.62,45,6,n,100
1788,I14017,1900,1200,750,713.62,45,6,n,100
4846,I38896,1600,1200,930,396.2,45,0,n,100
4114,I33673,1600,1200,1350,312.72,45,0,n,100
1964,I15473,1600,1200,930,784.6,45,0,n,100
1371,I11084,1600,1200,930,396.2,45,0,n,100
5475,I44164,1200,1000,930,347.0,45,2,n,100
5583,I44971,1600,1200,930,663.22,45,0,n,100
4053,I33267,1600,1200,1350,303.92,45,0,n,100
6264,I50520,1600,1200,1350,303.92,45,0,n,100
760,I05901,1600,1200,930,307.13,45,0,n,100
4792,I38547,1600,1200,930,307.13,45,0,n,100
3785,I30662,1600,1200,930,364.84,45,0,n,100
282,I02051,1600,1200,930,356.56,45,0,n,100
6173,I49711,1910,1200,1295,613.59,45,19,n,100
3622,I29317,1600,1200,750,323.7,45,0,n,100
4169,I34190,1600,1200,930,307.13,45,0,n,100
5541,I44697,2000,1200,545,408.88,45,5,n,100
1096,I08772,1600,1200,930,358.48,45,0,n,100
4545,I36975,1200,1000,975,708.0,45,2,n,100
5586,I45000,1600,1200,1350,303.92,45,0,n,100
571,I04404,1600,1200,930,307.13,45,0,n,100
1871,I14723,1600,1200,975,808.3,45,0,n,100
4800,I38654,1800,1400,1020,303.45,45,11,n,100
2152,I17194,1800,1400,1020,303.45,45,11,n,100
1134,I09085,1800,1400,1020,303.45,45,11,n,100
1627,I12812,1600,1200,930,396.2,45,0,n,100
6195,I49783,1600,1200,1350,303.92,45,0,n,100
5523,I44504,1600,1200,930,663.22,45,0,n,100
4837,I38815,1200,1000,930,414.14,45,2,n,100
4512,I36726,1600,1200,1350,303.92,45,0,n,100
2709,I21931,1600,1200,975,460.0,45,0,n,100
4299,I35117,1800,1400,1020,303.45,45,11,n,100
4700,I37925,1600,1200,930,551.56,45,0,n,100
4022,I32942,1600,1200,930,396.2,45,0,n,100
523,I03950,1600,1200,930,396.2,45,0,n,100
4599,I37275,1600,1200,930,364.84,45,0,n,100
429,I03240,1900,1200,750,845.38,45,6,n,100
2744,I22054,1200,1000,975,336.7,45,2,n,100
330,I02428,1800,1400,1020,303.45,45,11,n,100
3657,I29569,1600,1200,930,438.4,45,0,n,100
2445,I19832,1600,1200,930,370.78,45,0,n,100
4064,I33355,1800,1400,1020,303.45,45,11,n,100
5233,I42081,1600,1200,930,307.13,45,0,n,100
146,I01246,1600,1200,930,396.2,45,0,n,100
1610,I12671,1200,1000,930,414.14,45,2,n,100
5518,I44496,1200,1000,975,329.77,45,2,n,100
303,I02171,1600,1200,930,663.22,45,0,n,100
4032,I33021,1600,1200,930,784.6,45,0,n,100
4166,I34187,1600,1200,930,307.13,45,0,n,100
939,I07120,1600,1200,1350,303.92,45,0,n,100
6072,I48852,1600,1200,975,460.0,45,0,n,100
5427,I43656,1200,1000,545,729.5,45,2,n,100
3154,I25651,1200,1000,930,413.58,45,2,n,100
683,I04969,1600,1200,930,364.84,45,0,n,100
311,I02223,1200,1000,975,329.77,45,2,n,100
4945,I39728,1600,1200,930,551.56,45,0,n,100
3370,I27374,1200,1000,975,652.0,45,2,n,100
6187,I49772,1600,1200,930,387.3,45,0,n,100
4598,I37272,1600,1200,930,396.2,45,0,n,100
6201,I49863,1600,1200,930,364.84,45,0,n,100
3189,I25957,1200,1000,750,431.704,45,2,n,100
4168,I34189,1600,1200,930,307.13,45,0,n,100
1461,I11794,1600,1200,930,396.2,45,0,n,100
1326,I10552,1800,1400,1020,303.45,45,11,n,100
4468,I36438,1600,1200,545,338.52,45,0,n,100
5201,I41788,1600,1200,930,370.78,45,0,n,100
1877,I14744,1200,1000,975,329.77,45,2,n,100
3953,I32315,1800,1200,1350,820.48,45,9,n,100
2554,I20752,1600,1200,750,323.7,45,0,n,100
2014,I16086,1800,1200,1350,820.48,45,9,n,100
5280,I42574,1600,1200,930,356.56,45,0,n,100
3347,I27227,1600,1200,930,358.48,45,0,n,100
2438,I19760,1600,1200,930,356.56,45,0,n,100
5775,I46272,2000,1200,545,408.88,45,5,n,100
5262,I42334,1600,1200,975,611.224,45,0,n,100
5393,I43309,1200,1000,975,329.77,45,2,n,100
6274,I50613,1200,1000,975,329.77,45,2,n,100
4297,I35115,1800,1400,1020,303.45,45,11,n,100
4868,I38972,1600,1200,930,663.22,45,0,n,100
4125,I33856,1800,1400,1020,303.45,45,11,n,100
1747,I13631,1600,1200,930,364.84,45,0,n,100
477,I03654,1600,1200,930,438.4,45,0,n,100
4249,I34659,1200,1000,930,414.14,45,2,n,100
3917,I31877,1600,1200,930,370.78,45,0,n,100
4817,I38733,1200,1000,930,345.29,45,2,n,100
5985,I48039,1600,1200,930,370.78,45,0,n,100
5199,I41777,1600,1200,975,460.0,45,0,n,100
4561,I37168,1800,1400,1020,303.45,45,11,n,100
3735,I30072,1900,1200,750,713.62,45,6,n,100
726,I05386,1600,1200,975,460.0,45,0,n,100
5327,I42916,1600,1200,930,307.13,45,0,n,100
3153,I25608,1200,1000,750,405.72,45,2,n,100
4610,I37313,1600,1200,930,387.3,45,0,n,100
3,I00033,1600,1200,930,356.2,45,0,n,100
1177,I09355,1600,1200,750,323.7,45,0,n,100
2914,I23381,1600,1200,930,370.78,45,0,n,100
1272,I10213,1600,1200,930,307.13,45,0,n,100
807,I06258,2000,1200,2350,367.608,45,22,n,100
2173,I17339,1600,1200,1350,303.92,45,0,n,100
4128,I33859,1800,1400,1020,303.45,45,11,n,100
1841,I14507,1200,1000,750,318.7,45,2,n,100
1874,I14727,1600,1200,930,356.2,45,0,n,100
4498,I36678,1600,1200,930,547.3,45,0,n,100
5230,I42078,1600,1200,930,307.13,45,0,n,100
4262,I34762,1600,1200,930,370.78,45,0,n,100
1248,I10116,1600,1200,1350,303.92,45,0,n,100
5801,I46563,1800,1400,1020,303.45,45,11,n,100
4838,I38832,1200,1000,545,526.75,45,2,n,100
4386,I35768,1910,1200,1295,613.59,45,19,n,100
2534,I20635,1200,1000,930,617.24,45,2,n,100
5293,I42757,1200,1000,975,336.7,45,2,n,100
5551,I44724,1600,1200,930,438.4,45,0,n,100
2260,I18180,1910,1200,1295,613.59,45,19,n,100
5948,I47884,1200,1000,545,690.5,45,2,n,100
267,I02001,1910,1200,1295,613.59,45,19,n,100
1778,I13959,1600,1200,930,551.56,45,0,n,100
2737,I22016,1800,1400,1020,303.45,45,11,n,100
307,I02189,1600,1200,930,356.2,45,0,n,100
919,I07042,1600,1200,930,370.78,45,0,n,100
709,I05337,1200,1000,930,704.12,45,2,n,100
1745,I13620,1600,1200,930,309.5,45,0,n,100
824,I06365,1600,1200,930,370.78,45,0,n,100
634,I04771,1800,1400,1020,303.45,45,11,n,100
739,I05607,1200,1000,750,351.756,45,2,n,100
3635,I29372,1600,1200,545,338.52,45,0,n,100
3696,I29703,1600,1200,930,356.56,45,0,n,100
1958,I15456,1200,1000,975,708.0,45,2,n,100
2549,I20720,1600,1200,930,356.2,45,0,n,100
5354,I43091,1910,1200,1295,613.59,45,19,n,100
2731,I22010,1800,1400,1020,303.45,45,11,n,100
1106,I08864,1800,1400,1020,303.45,45,11,n,100
1532,I12324,2000,1200,545,408.88,45,5,n,100
989,I07653,1600,1200,930,663.22,45,0,n,100
1071,I08381,1600,1200,930,607.6,45,0,n,100
221,I01786,1600,1200,930,607.6,45,0,n,100
5755,I46072,1600,1200,930,547.3,45,0,n,100
2321,I18530,1600,1200,930,358.48,45,0,n,100
1676,I13231,1200,1000,975,384.74,45,2,n,100
2402,I19242,1600,1200,930,307.13,45,0,n,100
1084,I08542,1200,1000,930,340.0,45,2,n,100
1363,I10930,2000,1200,2350,367.608,45,22,n,100
137,I01148,1900,1200,750,845.38,45,6,n,100
5513,I44427,1200,1000,975,329.77,45,2,n,100
1562,I12469,1900,1200,750,713.62,45,6,n,100
3187,I25938,1600,1200,930,356.56,45,0,n,100
316,I02282,1900,1200,750,845.38,45,6,n,100
759,I05900,1600,1200,930,307.13,45,0,n,100
3522,I28550,1600,1200,930,356.2,45,0,n,100
4192,I34330,1200,1000,750,305.32,45,2,n,100
2315,I18458,1200,1000,975,401.2,45,2,n,100
1512,I12143,1800,1400,1020,303.45,45,11,n,100
2018,I16099,1200,1000,975,329.77,45,2,n,100
5064,I40478,1600,1200,930,309.5,45,0,n,100
5106,I41015,1600,1200,930,551.56,45,0,n,100
4185,I34295,1200,1000,930,338.9,45,2,n,100
2241,I17965,1600,1200,1350,303.92,45,0,n,100
630,I04740,1600,1200,930,781.25,45,0,n,100
1956,I15451,1200,1000,930,413.58,45,2,n,100
3824,I31005,1800,1400,1020,303.45,45,11,n,100
3390,I27559,1200,1000,545,526.75,45,2,n,100
2852,I22933,1800,1400,1020,303.45,45,11,n,100
3597,I29114,2000,1200,2350,367.608,45,22,n,100
3432,I27994,1800,1400,1020,303.45,45,11,n,100
4895,I39268,1600,1200,930,307.13,45,0,n,100
1786,I13980,1200,1000,930,338.9,45,2,n,100
6135,I49244,1200,1000,975,337.45,45,2,n,100
3914,I31860,1600,1200,975,611.224,45,0,n,100
6083,I48892,1910,1200,1295,613.59,45,19,n,100
227,I01837,1200,1000,930,614.16,45,2,n,100
4293,I35087,1200,1000,975,329.77,45,2,n,100
3891,I31636,1600,1200,930,663.22,45,0,n,100
5211,I41949,1200,1000,545,526.75,45,2,n,100
1890,I14859,1800,1400,1020,303.45,45,11,n,100
2266,I18186,1910,1200,1295,613.59,45,19,n,100
4451,I36370,1600,1200,930,551.56,45,0,n,100
3503,I28476,1910,1200,1295,613.59,45,19,n,100
510,I03785,1600,1200,930,547.3,45,0,n,100
3677,I29651,1600,1200,930,607.6,45,0,n,100
2452,I19886,1600,1200,1350,303.92,45,0,n,100
1757,I13667,1800,1400,1020,303.45,45,11,n,100
2294,I18237,1600,1200,930,551.56,45,0,n,100
61,I00539,1600,1200,930,356.56,45,0,n,100
543,I04110,1600,1200,1350,303.92,45,0,n,100
2903,I23256,1800,1400,1020,303.45,45,11,n,100
3856,I31278,1600,1200,1350,303.92,45,0,n,100
3044,I24535,1800,1200,1350,820.48,45,9,n,100
2533,I20633,1600,1200,930,551.56,45,0,n,100
5747,I46056,1600,1200,1350,312.72,45,0,n,100
204,I01728,1200,1000,930,345.29,45,2,n,100
3171,I25815,1200,1000,930,414.14,45,2,n,100
4360,I35704,1600,1200,975,460.0,45,0,n,100
4205,I34466,1600,1200,975,611.224,45,0,n,100
5119,I41040,1200,1000,930,413.58,45,2,n,100
3565,I28989,1600,1200,930,309.5,45,0,n,100
1529,I12225,1600,1200,750,582.6,45,0,n,100
1526,I12173,1600,1200,930,356.2,45,0,n,100
5885,I47412,1600,1200,930,356.2,45,0,n,100
2478,I20116,1200,1000,975,465.1,45,2,n,100
1421,I11432,1600,1200,930,358.48,45,0,n,100
6191,I49776,1200,1000,975,329.77,45,2,n,100
2949,I23687,1800,1400,1020,303.45,45,11,n,100
4394,I35845,1600,1200,930,309.5,45,0,n,100
2326,I18545,1200,1000,750,305.32,45,2,n,100
5358,I43095,1910,1200,1295,613.59,45,19,n,100
1523,I12166,1600,1200,1350,303.92,45,0,n,100
2388,I19166,1600,1200,1350,303.92,45,0,n,100
5097,I40918,2000,1200,2350,367.608,45,22,n,100
2623,I21351,1600,1200,1350,303.92,45,0,n,100
1629,I12814,1600,1200,930,663.22,45,0,n,100
1337,I10693,1600,1200,545,338.16,45,0,n,100
3933,I32058,1600,1200,930,551.56,45,0,n,100
799,I06191,1600,1200,930,309.5,45,0,n,100
3495,I28468,1910,1200,1295,613.59,45,19,n,100
4584,I37257,1910,1200,1295,613.59,45,19,n,100
2547,I20702,1200,1000,930,345.29,45,2,n,100
3496,I28469,1910,1200,1295,613.59,45,19,n,100
2777,I22252,1600,1200,930,387.3,45,0,n,100
5283,I42599,1200,1000,975,401.2,45,2,n,100
2436,I19758,1600,1200,930,356.56,45,0,n,100
60,I00538,1600,1200,930,356.56,45,0,n,100
223,I01832,1800,1400,1020,303.45,45,11,n,100
1393,I11209,1600,1200,930,396.2,45,0,n,100
4740,I38211,1200,1000,645,330.5,0,1,n,100
590,I04546,1600,1200,545,338.16,45,0,n,100
853,I06641,1600,1200,930,356.2,45,0,n,100
874,I06799,1910,1200,1295,613.59,45,19,n,100
3035,I24434,1600,1200,930,607.6,45,0,n,100
5797,I46513,1200,1000,930,414.14,45,2,n,100
2197,I17559,1200,1000,930,414.14,45,2,n,100
2509,I20319,1600,1200,1350,303.92,45,0,n,100
1508,I12139,1800,1400,1020,303.45,45,11,n,100
3691,I29695,1800,1400,1020,303.45,45,11,n,100
1543,I12346,1600,1200,750,582.6,45,0,n,100
3289,I26785,1200,1000,975,329.77,45,2,n,100
598,I04594,1200,1000,750,431.704,45,2,n,100
1972,I15486,1200,1000,930,345.29,45,2,n,100
5081,I40737,1800,1200,1350,820.48,45,9,n,100
2200,I17573,1200,1000,750,351.944,45,2,n,100
2183,I17401,1800,1400,1020,303.45,45,11,n,100
6174,I49712,1910,1200,1295,613.59,45,19,n,100
4595,I37268,1910,1200,1295,613.59,45,19,n,100
700,I05298,1600,1200,930,307.13,45,0,n,100
5173,I41494,1600,1200,975,346.52,45,0,n,100
2658,I21522,1900,1200,750,713.62,45,6,n,100
4365,I35725,1600,1200,1350,312.72,45,0,n,100
4201,I34449,1600,1200,930,356.56,45,0,n,100
3850,I31184,1200,1000,975,329.77,45,2,n,100
6117,I49046,1600,1200,930,356.2,45,0,n,100
3898,I31735,1600,1200,930,607.6,45,0,n,100
1488,I11952,1200,1000,545,526.75,45,2,n,100
3234,I26438,1600,1200,930,607.6,45,0,n,100
5619,I45294,1600,1200,930,387.3,45,0,n,100
2059,I16363,1600,1200,930,356.2,45,0,n,100
2134,I17024,1600,1200,930,396.2,45,0,n,100
3316,I26940,1600,1200,930,356.2,45,0,n,100
1257,I10174,1800,1400,1020,303.45,45,11,n,100
5978,I48031,1600,1200,1350,303.92,45,0,n,100
2828,I22801,1600,1200,1350,303.92,45,0,n,100
3911,I31855,1600,1200,930,454.873,45,0,n,100
5478,I44217,1600,1200,930,307.13,45,0,n,100
4025,I32945,1600,1200,930,307.13,45,0,n,100
5492,I44281,1600,1200,930,438.4,45,0,n,100
1687,I13351,1600,1200,930,356.56,45,0,n,100
184,I01562,1200,1000,975,401.2,45,2,n,100
1807,I14175,1600,1200,930,356.2,45,0,n,100
1588,I12571,1800,1200,1350,820.48,45,9,n,100
4892,I39265,1600,1200,930,307.13,45,0,n,100
4309,I35147,1600,1200,930,607.6,45,0,n,100
3524,I28564,2000,1200,2350,367.608,45,22,n,100
6073,I48853,2000,1200,545,408.88,45,5,n,100
394,I02904,1200,1000,930,413.58,45,2,n,100
3918,I31879,2000,1200,545,408.88,45,5,n,100
5352,I43089,1910,1200,1295,613.59,45,19,n,100
5567,I44816,1600,1200,930,356.2,45,0,n,100
1780,I13967,1600,1200,930,358.48,45,0,n,100
763,I05932,1200,1000,545,526.75,45,2,n,100
637,I04774,1800,1400,1020,303.45,45,11,n,100
1093,I08769,1600,1200,930,358.48,45,0,n,100
3059,I24739,1600,1200,975,460.0,45,0,n,100
5590,I45010,1800,1400,1020,303.45,45,11,n,100
4033,I33039,1200,1000,930,704.12,45,2,n,100
2476,I20047,1600,1200,930,358.48,45,0,n,100
2088,I16563,1800,1400,1020,303.45,45,11,n,100
2318,I18461,1200,1000,975,329.77,45,2,n,100
6147,I49350,1600,1200,1350,303.92,45,0,n,100
1366,I10951,1600,1200,750,323.7,45,0,n,100
3026,I24226,1600,1200,930,364.84,45,0,n,100
4278,I34883,1600,1200,930,551.56,45,0,n,100
5286,I42621,1600,1200,930,364.84,45,0,n,100
5510,I44389,1600,1200,930,307.13,45,0,n,100
4308,I35146,1600,1200,930,607.6,45,0,n,100
2246,I18087,1200,1000,930,704.36,45,2,n,100
3376,I27448,1200,1000,975,329.77,45,2,n,100
3159,I25785,1800,1400,1020,303.45,45,11,n,100
144,I01243,1600,1200,930,356.2,45,0,n,100
6198,I49786,1600,1200,1350,303.92,45,0,n,100
2926,I23500,1200,1000,1155,375.0,0,1,n,100
3350,I27270,1200,1000,975,337.9,45,2,n,100
2130,I17004,1600,1200,930,551.56,45,0,n,100
1580,I12558,1600,1200,1350,303.92,45,0,n,100
5181,I41573,1600,1200,930,370.78,45,0,n,100
3792,I30779,1600,1200,930,364.84,45,0,n,100
621,I04671,1800,1400,1020,303.45,45,11,n,100
1847,I14530,1600,1200,930,663.22,45,0,n,100
4361,I35706,1600,1200,930,387.3,45,0,n,100
3271,I26657,1200,1000,750,318.7,45,2,n,100
3854,I31265,1600,1200,750,323.7,45,0,n,100
6170,I49708,1910,1200,1295,613.59,45,19,n,100
5452,I43865,1600,1200,1350,303.92,45,0,n,100
3478,I28451,1910,1200,1295,613.59,45,19,n,100
5799,I46561,1800,1400,1020,303.45,45,11,n,100
784,I06082,1800,1400,1020,303.45,45,11,n,100
3301,I26850,1200,1000,545,729.5,45,2,n,100
1259,I10176,1800,1400,1020,303.45,45,11,n,100
2006,I15944,1200,1000,975,329.77,45,2,n,100
4091,I33496,1600,1200,930,356.56,45,0,n,100
2580,I20950,1600,1200,930,356.56,45,0,n,100
6095,I48904,1910,1200,1295,613.59,45,19,n,100
1139,I09090,1800,1400,1020,303.45,45,11,n,100
4256,I34695,1200,1000,975,329.77,45,2,n,100
2582,I20997,1600,1200,930,830.32,45,0,n,100
108,I01011,1600,1200,930,356.2,45,0,n,100
4048,I33163,1900,1200,750,845.38,45,6,n,100
399,I02914,1800,1400,1020,303.45,45,11,n,100
2827,I22800,1600,1200,1350,303.92,45,0,n,100
695,I05248,1200,1000,930,704.12,45,2,n,100
1933,I15253,1600,1200,1350,303.92,45,0,n,100
1537,I12334,1800,1400,1020,303.45,45,11,n,100
2400,I19215,1600,1200,930,396.2,45,0,n,100
812,I06296,1600,1200,975,460.0,45,0,n,100
3223,I26344,1600,1200,545,338.52,45,0,n,100
999,I07747,1600,1200,930,830.32,45,0,n,100
1989,I15816,1900,1200,750,845.38,45,6,n,100
526,I03963,1600,1200,1350,303.92,45,0,n,100
5089,I40816,1200,1000,975,401.2,45,2,n,100
5723,I45896,1200,1000,645,330.5,0,1,n,100
6005,I48313,1600,1200,930,356.56,45,0,n,100
2432,I19709,1200,1000,750,318.7,45,2,n,100
3349,I27254,1600,1200,930,781.25,45,0,n,100
1336,I10675,1600,1200,930,387.3,45,0,n,100
542,I04085,1600,1200,930,358.48,45,0,n,100
284,I02062,1600,1200,930,307.13,45,0,n,100
5117,I41038,1600,1200,750,582.6,45,0,n,100
509,I03784,1600,1200,930,547.3,45,0,n,100
362,I02640,1600,1200,930,547.3,45,0,n,100
44,I00403,1600,1200,930,547.3,45,0,n,100
5558,I44731,1200,1000,975,329.77,45,2,n,100
5628,I45343,1600,1200,750,582.6,45,0,n,100
5408,I43511,1600,1200,930,551.56,45,0,n,100
3655,I29567,1600,1200,930,438.4,45,0,n,100
2920,I23433,1600,1200,1350,303.92,45,0,n,100
4562,I37169,1800,1400,1020,303.45,45,11,n,100
859,I06662,1800,1400,1020,303.45,45,11,n,100
3457,I28253,1200,1000,930,413.58,45,2,n,100
3174,I25842,1200,1000,930,345.29,45,2,n,100
2933,I23572,1800,1400,1020,303.45,45,11,n,100
2897,I23231,1600,1200,930,387.3,45,0,n,100
5874,I47345,1600,1200,750,323.7,45,0,n,100
5589,I45009,1800,1400,1020,303.45,45,11,n,100
1928,I15192,1200,1000,975,329.77,45,2,n,100
4253,I34692,1200,1000,975,329.77,45,2,n,100
2714,I21938,1600,1200,930,307.13,45,0,n,100
3837,I31101,1600,1200,930,663.22,45,0,n,100
5847,I46913,2000,1200,2350,367.608,45,22,n,100
6226,I50131,1600,1200,930,358.48,45,0,n,100
3185,I25912,1600,1200,1350,303.92,45,0,n,100
4486,I36612,2000,1200,545,408.88,45,5,n,100
4933,I39689,1600,1200,930,313.0,45,0,n,100
857,I06660,1800,1400,1020,303.45,45,11,n,100
4737,I38203,1600,1200,930,438.4,45,0,n,100
2711,I21935,1600,1200,930,551.56,45,0,n,100
1640,I12896,1200,1000,975,329.77,45,2,n,100
1034,I08089,1600,1200,930,307.13,45,0,n,100
50,I00455,1600,1200,930,307.13,45,0,n,100
1430,I11468,1600,1200,930,307.13,45,0,n,100
3053,I24696,1600,1200,930,307.13,45,0,n,100
1754,I13664,1800,1400,1020,303.45,45,11,n,100
1330,I10573,1600,1200,1350,303.92,45,0,n,100
4951,I39782,1600,1200,930,358.48,45,0,n,100
1027,I08027,1200,1000,930,414.14,45,2,n,100
1389,I11116,1600,1200,930,370.78,45,0,n,100
5304,I42812,1600,1200,930,607.6,45,0,n,100
1560,I12445,1200,1000,750,351.756,45,2,n,100
5208,I41914,1200,1000,750,431.704,45,2,n,100
5176,I41563,1200,1000,975,401.2,45,2,n,100
2161,I17283,1600,1200,1350,303.92,45,0,n,100
1830,I14433,1200,1000,975,329.77,45,2,n,100
1132,I09083,1600,1200,545,338.16,45,0,n,100
3133,I25322,1600,1200,930,356.56,45,0,n,100
851,I06629,1200,1000,975,401.2,45,2,n,100
6034,I48526,1800,1400,1020,303.45,45,11,n,100
1968,I15477,1200,1000,975,336.7,45,2,n,100
2816,I22718,1200,1000,975,329.77,45,2,n,100
4903,I39404,1800,1200,1350,820.48,45,9,n,100
9,I00162,1600,1200,930,356.2,45,0,n,100
2764,I22190,1600,1200,930,663.22,45,0,n,100
3852,I31260,1200,1000,975,329.77,45,2,n,100
71,I00685,1600,1200,975,808.3,45,0,n,100
6270,I50565,1600,1200,930,356.56,45,0,n,100
1905,I14941,1200,1000,975,401.2,45,2,n,100
175,I01447,1200,1000,930,340.1,45,2,n,100
6137,I49300,1600,1200,975,808.3,45,0,n,100
5046,I40380,1800,1400,1020,303.45,45,11,n,100
1716,I13530,1600,1200,930,454.873,45,0,n,100
5629,I45373,1600,1200,930,356.2,45,0,n,100
3858,I31280,1600,1200,1350,303.92,45,0,n,100
5298,I42767,1200,1000,930,345.29,45,2,n,100
1302,I10450,1800,1400,1020,303.45,45,11,n,100
1262,I10188,1600,1200,930,830.32,45,0,n,100
1335,I10668,1600,1200,930,358.48,45,0,n,100
3310,I26905,1600,1200,930,784.6,45,0,n,100
3916,I31876,1600,1200,930,370.78,45,0,n,100
5690,I45767,1200,1000,750,305.32,45,2,n,100
2164,I17298,1200,1000,930,704.36,45,2,n,100
5295,I42759,1200,1000,975,336.7,45,2,n,100
752,I05782,1600,1200,1350,303.92,45,0,n,100
5610,I45225,1600,1200,930,454.873,45,0,n,100
1323,I10549,1800,1400,1020,303.45,45,11,n,100
3795,I30784,1600,1200,930,438.4,45,0,n,100
3723,I29940,1600,1200,930,607.6,45,0,n,100
2577,I20947,1600,1200,930,356.56,45,0,n,100
1321,I10547,1800,1400,1020,303.45,45,11,n,100
957,I07453,1600,1200,930,547.3,45,0,n,100
1060,I08359,1600,1200,930,356.56,45,0,n,100
3746,I30252,1200,1000,750,305.32,45,2,n,100
2637,I21484,1910,1200,1295,613.59,45,19,n,100
269,I02003,1910,1200,1295,613.59,45,19,n,100
685,I04973,1600,1200,930,663.22,45,0,n,100
3079,I24827,1900,1200,750,845.38,45,6,n,100
3712,I29828,1600,1200,930,387.3,45,0,n,100
3754,I30317,1200,1000,975,401.2,45,2,n,100
4190,I34309,1200,1000,545,526.75,45,2,n,100
1243,I10086,1200,1000,1155,366.75,0,1,n,100
4037,I33049,1200,1000,975,329.77,45,2,n,100
1150,I09172,1600,1200,930,607.6,45,0,n,100
5102,I40977,1200,1000,545,729.5,45,2,n,100
4001,I32764,1600,1200,930,784.6,45,0,n,100
4853,I38937,2000,1200,2350,367.608,45,22,n,100
2690,I21766,1200,1000,545,690.5,45,2,n,100
3770,I30505,1600,1200,930,356.2,45,0,n,100
1555,I12424,1600,1200,930,547.3,45,0,n,100
5194,I41709,1600,1200,930,607.6,45,0,n,100
4652,I37550,1600,1200,930,551.56,45,0,n,100
4926,I39631,1200,1000,975,329.77,45,2,n,100
6182,I49720,1910,1200,1295,613.59,45,19,n,100
1941,I15356,1600,1200,930,356.2,45,0,n,100
51,I00456,1600,1200,930,307.13,45,0,n,100
5845,I46897,1600,1200,930,356.2,45,0,n,100
1823,I14354,1200,1000,1155,375.0,0,1,n,100
2356,I18824,1600,1200,930,307.13,45,0,n,100
2567,I20922,1200,1000,975,329.77,45,2,n,100
368,I02671,1200,1000,930,345.29,45,2,n,100
1320,I10546,1800,1400,1020,303.45,45,11,n,100
2190,I17441,1600,1200,930,307.13,45,0,n,100
1674,I13221,1600,1200,930,663.22,45,0,n,100
165,I01399,1200,1000,975,329.77,45,2,n,100
2354,I18822,1600,1200,930,307.13,45,0,n,100
4465,I36435,1600,1200,750,323.7,45,0,n,100
3468,I28421,1800,1400,1020,303.45,45,11,n,100
4826,I38794,1600,1200,545,338.52,45,0,n,100
2730,I22009,1800,1400,1020,303.45,45,11,n,100
5250,I42189,1800,1400,1020,303.45,45,11,n,100
3855,I31277,1600,1200,1350,303.92,45,0,n,100
3178,I25896,1600,1200,930,356.2,45,0,n,100
4042,I33058,1600,1200,930,547.3,45,0,n,100
126,I01048,1800,1400,1020,303.45,45,11,n,100
575,I04444,1600,1200,930,364.84,45,0,n,100
2983,I23855,1200,1000,975,329.77,45,2,n,100
1287,I10344,1600,1200,930,370.78,45,0,n,100
3505,I28478,1910,1200,1295,613.59,45,19,n,100
597,I04580,1600,1200,930,663.22,45,0,n,100
1033,I08088,1600,1200,930,307.13,45,0,n,100
5073,I40561,1600,1200,930,356.2,45,0,n,100
3538,I28674,1800,1400,1020,303.45,45,11,n,100
3512,I28485,1910,1200,1295,613.59,45,19,n,100
5791,I46416,1200,1000,930,347.0,45,2,n,100
2774,I22239,1200,1000,975,329.77,45,2,n,100
10,I00163,1600,1200,930,356.2,45,0,n,100
5310,I42822,1600,1200,750,582.6,45,0,n,100
720,I05373,1800,1200,1350,820.48,45,9,n,100
2524,I20561,1600,1200,930,514.24,45,0,n,100
5142,I41234,1600,1200,930,364.84,45,0,n,100
4326,I35360,1200,1000,975,329.77,45,2,n,100
2584,I21043,1600,1200,930,551.56,45,0,n,100
3127,I25311,1600,1200,930,356.2,45,0,n,100
2647,I21494,1910,1200,1295,613.59,45,19,n,100
1920,I15090,1600,1200,930,309.5,45,0,n,100
2221,I17850,1600,1200,930,356.2,45,0,n,100
1740,I13606,1910,1200,1295,613.59,45,19,n,100
911,I06953,1600,1200,1350,303.92,45,0,n,100
1467,I11840,1600,1200,1350,303.92,45,0,n,100
5,I00035,1600,1200,930,663.22,45,0,n,100
2688,I21755,1600,1200,930,358.48,45,0,n,100
2610,I21311,2000,1200,2350,367.608,45,22,n,100
3054,I24697,1600,1200,930,307.13,45,0,n,100
4019,I32890,1600,1200,930,663.22,45,0,n,100
4222,I34609,1910,1200,1295,613.59,45,19,n,100
963,I07466,1600,1200,930,607.6,45,0,n,100
1415,I11349,1600,1200,1350,303.92,45,0,n,100
6178,I49716,1910,1200,1295,613.59,45,19,n,100
3926,I32033,1200,1000,1155,373.25,0,1,n,100
4174,I34216,1600,1200,930,663.22,45,0,n,100
1306,I10461,2000,1200,2350,367.608,45,22,n,100
3256,I26593,1600,1200,930,547.3,45,0,n,100
3867,I31427,1600,1200,930,356.56,45,0,n,100
4074,I33425,1200,1000,930,414.14,45,2,n,100
4411,I35935,1600,1200,930,358.48,45,0,n,100
2963,I23760,1800,1400,1020,303.45,45,11,n,100
2535,I20655,1600,1200,930,784.6,45,0,n,100
4477,I36571,1800,1200,1350,820.48,45,9,n,100
3815,I30877,1200,1000,545,526.75,45,2,n,100
5928,I47797,1910,1200,1295,613.59,45,19,n,100
5553,I44726,1600,1200,930,438.4,45,0,n,100
408,I03032,1600,1200,930,307.13,45,0,n,100
4466,I36436,1600,1200,750,323.7,45,0,n,100
4072,I33382,2000,1200,545,408.88,45,5,n,100
555,I04222,1600,1200,1350,303.92,45,0,n,100
2273,I18193,1910,1200,1295,613.59,45,19,n,100
4145,I34054,1600,1200,930,313.0,45,0,n,100
290,I02069,1600,1200,930,356.2,45,0,n,100
503,I03765,1600,1200,930,438.4,45,0,n,100
2293,I18235,1200,1000,750,351.944,45,2,n,100
1950,I15383,1600,1200,930,307.13,45,0,n,100
3866,I31424,1900,1200,750,713.62,45,6,n,100
1374,I11089,1600,1200,930,454.873,45,0,n,100
3342,I27166,1800,1200,1350,820.48,45,9,n,100
4397,I35848,1600,1200,1350,303.92,45,0,n,100
155,I01319,1600,1200,930,370.78,45,0,n,100
4433,I36230,1600,1200,1350,303.92,45,0,n,100
3685,I29689,1800,1400,1020,303.45,45,11,n,100
3326,I27054,1200,1000,545,526.75,45,2,n,100
2211,I17763,1600,1200,930,356.2,45,0,n,100
1884,I14844,1600,1200,930,607.6,45,0,n,100
6271,I50610,1600,1200,930,830.32,45,0,n,100
5858,I47000,1600,1200,930,396.2,45,0,n,100
4167,I34188,1600,1200,930,307.13,45,0,n,100
3533,I28668,1600,1200,930,358.48,45,0,n,100
4381,I35763,1910,1200,1295,613.59,45,19,n,100
5570,I44846,1600,1200,930,607.6,45,0,n,100
6087,I48896,1910,1200,1295,613.59,45,19,n,100
753,I05783,1600,1200,1350,303.92,45,0,n,100
3088,I24973,1600,1200,930,784.6,45,0,n,100
2786,I22326,1200,1000,545,729.5,45,2,n,100
1741,I13607,1910,1200,1295,613.59,45,19,n,100
4592,I37265,1910,1200,1295,613.59,45,19,n,100
4134,I33905,1200,1000,750,351.944,45,2,n,100
222,I01787,1600,1200,930,607.6,45,0,n,100
6115,I49006,1600,1200,930,307.13,45,0,n,100
1414,I11330,1600,1200,1350,303.92,45,0,n,100
3030,I24302,1600,1200,750,323.7,45,0,n,100
5636,I45420,2000,1200,2350,367.608,45,22,n,100
6221,I50091,1600,1200,930,387.3,45,0,n,100
1559,I12444,1200,1000,750,351.756,45,2,n,100
6186,I49730,2000,1200,545,408.88,45,5,n,100
2484,I20136,1600,1200,1350,303.92,45,0,n,100
2411,I19388,1200,1000,975,401.2,45,2,n,100
4235,I34622,1910,1200,1295,613.59,45,19,n,100
245,I01974,1800,1400,1020,303.45,45,11,n,100
4799,I38653,1800,1400,1020,303.45,45,11,n,100
90,I00824,1800,1400,1020,303.45,45,11,n,100
5333,I42922,1600,1200,930,663.22,45,0,n,100
2468,I19984,1800,1400,1020,303.45,45,11,n,100
659,I04820,1600,1200,930,547.3,45,0,n,100
2283,I18203,1910,1200,1295,613.59,45,19,n,100
3355,I27278,1600,1200,930,358.48,45,0,n,100
5502,I44350,1600,1200,930,364.84,45,0,n,100
3865,I31374,1600,1200,930,663.22,45,0,n,100
4149,I34091,1800,1400,1020,303.45,45,11,n,100
3098,I25155,1600,1200,930,396.2,45,0,n,100
4478,I36583,1600,1200,750,323.7,45,0,n,100
6203,I49865,1600,1200,930,387.3,45,0,n,100
4497,I36677,1600,1200,930,547.3,45,0,n,100
1097,I08789,1600,1200,930,307.13,45,0,n,100
1403,I11298,1600,1200,930,358.48,45,0,n,100
3697,I29709,1600,1200,545,338.52,45,0,n,100
5441,I43776,1600,1200,930,358.48,45,0,n,100
4685,I37828,1200,1000,975,304.12,45,2,n,100
5329,I42918,1200,1000,975,329.77,45,2,n,100
1045,I08150,1600,1200,975,460.0,45,0,n,100
4966,I39847,1600,1200,930,396.2,45,0,n,100
4014,I32838,1600,1200,930,307.13,45,0,n,100
3490,I28463,1910,1200,1295,613.59,45,19,n,100
4229,I34616,1910,1200,1295,613.59,45,19,n,100
4742,I38221,1600,1200,930,784.6,45,0,n,100
4291,I35058,1600,1200,930,358.48,45,0,n,100
3527,I28567,2000,1200,2350,367.608,45,22,n,100
1037,I08092,1600,1200,750,323.7,45,0,n,100
5504,I44381,1200,1000,750,351.944,45,2,n,100
2066,I16452,1600,1200,930,830.32,45,0,n,100
4026,I32946,1600,1200,930,307.13,45,0,n,100
6134,I49223,1600,1200,930,784.6,45,0,n,100
1241,I10077,2000,1200,2350,367.608,45,22,n,100
6066,I48787,1600,1200,750,582.6,45,0,n,100
721,I05374,1800,1200,1350,820.48,45,9,n,100
5687,I45683,1600,1200,750,582.6,45,0,n,100
2413,I19509,1200,1000,930,704.36,45,2,n,100
2216,I17820,1600,1200,545,338.52,45,0,n,100
1625,I12808,1200,1000,750,318.7,45,2,n,100
4811,I38720,2000,1200,2350,367.608,45,22,n,100
5660,I45542,1600,1200,930,364.84,45,0,n,100
4373,I35753,1200,1000,545,526.75,45,2,n,100
3043,I24534,1800,1200,1350,820.48,45,9,n,100
2502,I20299,1600,1200,930,307.13,45,0,n,100
5306,I42815,1600,1200,930,438.4,45,0,n,100
1753,I13663,1800,1400,1020,303.45,45,11,n,100
615,I04658,1600,1200,930,370.78,45,0,n,100
3049,I24624,1200,1000,930,413.58,45,2,n,100
626,I04729,1600,1200,930,663.22,45,0,n,100
1489,I11954,1600,1200,975,611.224,45,0,n,100
5371,I43112,1800,1200,1350,820.48,45,9,n,100
3872,I31502,1600,1200,930,356.2,45,0,n,100
5002,I40108,1600,1200,930,356.2,45,0,n,100
4640,I37484,2000,1200,545,408.88,45,5,n,100
2932,I23571,1800,1400,1020,303.45,45,11,n,100
4280,I34886,1600,1200,750,323.7,45,0,n,100
1130,I09028,1600,1200,930,396.2,45,0,n,100
4731,I38150,2000,1200,2350,367.608,45,22,n,100
4403,I35883,1600,1200,930,356.56,45,0,n,100
6084,I48893,1910,1200,1295,613.59,45,19,n,100
3728,I29980,1600,1200,930,358.48,45,0,n,100
2740,I22019,1600,1200,930,356.2,45,0,n,100
3684,I29674,1600,1200,1350,303.92,45,0,n,100
143,I01242,1200,1000,975,329.77,45,2,n,100
1654,I13048,1600,1200,545,338.16,45,0,n,100
1743,I13616,1600,1200,1350,303.92,45,0,n,100
426,I03226,1600,1200,1350,303.92,45,0,n,100
4897,I39292,1600,1200,930,663.22,45,0,n,100
6262,I50512,1600,1200,930,356.2,45,0,n,100
5716,I45886,1600,1200,1350,303.92,45,0,n,100
3777,I30594,1600,1200,930,356.2,45,0,n,100
4096,I33570,1600,1200,1350,303.92,45,0,n,100
5232,I42080,1600,1200,930,307.13,45,0,n,100
1578,I12555,1800,1400,1020,303.45,45,11,n,100
4841,I38891,1200,1000,750,405.72,45,2,n,100
6098,I48907,1910,1200,1295,613.59,45,19,n,100
4815,I38724,2000,1200,2350,367.608,45,22,n,100
3361,I27317,1600,1200,930,356.2,45,0,n,100
1926,I15188,1600,1200,930,307.13,45,0,n,100
4697,I37920,1600,1200,975,611.224,45,0,n,100
4548,I36978,1800,1400,1020,303.45,45,11,n,100
5384,I43198,1600,1200,930,364.84,45,0,n,100
3267,I26651,1200,1000,975,329.77,45,2,n,100
2694,I21812,1600,1200,930,356.2,45,0,n,100
5179,I41571,1600,1200,930,663.22,45,0,n,100
5627,I45341,1600,1200,930,551.56,45,0,n,100
1315,I10517,2400,1200,1490,340.5,45,24,n,100
3320,I26983,1200,1000,975,329.77,45,2,n,100
2583,I21016,1600,1200,930,781.25,45,0,n,100
4428,I36222,1600,1200,930,551.56,45,0,n,100
5459,I44092,1600,1200,930,358.48,45,0,n,100
5778,I46277,1600,1200,930,551.56,45,0,n,100
5085,I40778,1200,1000,930,414.14,45,2,n,100
5225,I42067,1200,1000,930,413.58,45,2,n,100
5656,I45463,1600,1200,545,338.52,45,0,n,100
6132,I49216,1800,1400,1020,303.45,45,11,n,100
2854,I22943,1600,1200,930,547.3,45,0,n,100
2858,I22951,1200,1000,750,305.32,45,2,n,100
2817,I22719,1200,1000,975,329.77,45,2,n,100
4244,I34631,1910,1200,1295,613.59,45,19,n,100
3151,I25598,1600,1200,750,582.6,45,0,n,100
5287,I42657,2000,1200,545,408.88,45,5,n,100
5827,I46660,1600,1200,1350,303.92,45,0,n,100
3481,I28454,1910,1200,1295,613.59,45,19,n,100
5130,I41169,1600,1200,975,808.3,45,0,n,100
1510,I12141,1800,1400,1020,303.45,45,11,n,100
2041,I16258,1600,1200,930,547.3,45,0,n,100
346,I02531,1600,1200,930,356.2,45,0,n,100
711,I05348,1800,1400,1020,303.45,45,11,n,100
4904,I39405,1800,1200,1350,820.48,45,9,n,100
904,I06829,1800,1200,1350,820.48,45,9,n,100
1455,I11682,1200,1000,545,526.75,45,2,n,100
4526,I36808,1600,1200,930,356.56,45,0,n,100
3372,I27402,1600,1200,750,323.7,45,0,n,100
910,I06952,1600,1200,1350,303.92,45,0,n,100
5623,I45320,1600,1200,750,323.7,45,0,n,100
3406,I27778,1600,1200,930,607.6,45,0,n,100
3050,I24626,1200,1000,930,340.1,45,2,n,100
1678,I13243,1600,1200,930,356.56,45,0,n,100
84,I00808,1600,1200,975,808.3,45,0,n,100
1253,I10155,1200,1000,975,652.0,45,2,n,100
3188,I25939,1600,1200,930,356.56,45,0,n,100
5015,I40268,2000,1200,2350,367.608,45,22,n,100
2019,I16143,1600,1200,930,387.3,45,0,n,100
6002,I48280,1200,1000,545,690.5,45,2,n,100
5869,I47276,1600,1200,930,309.5,45,0,n,100
907,I06832,1600,1200,1350,303.92,45,0,n,100
2131,I17019,1600,1200,750,582.6,45,0,n,100
3096,I25064,1600,1200,930,830.32,45,0,n,100
68,I00661,1600,1200,930,387.3,45,0,n,100
3788,I30712,1200,1000,750,431.704,45,2,n,100
1670,I13197,1600,1200,930,313.0,45,0,n,100
444,I03364,1600,1200,930,663.22,45,0,n,100
4431,I36226,1200,1000,750,431.704,45,2,n,100
5804,I46567,1600,1200,930,307.13,45,0,n,100
4275,I34864,1600,1200,1350,303.92,45,0,n,100
5299,I42771,1600,1200,930,547.3,45,0,n,100
5744,I46049,1800,1200,1350,820.48,45,9,n,100
3742,I30141,1200,1000,930,413.58,45,2,n,100
206,I01736,1200,1000,975,401.2,45,2,n,100
2835,I22853,1600,1200,930,356.2,45,0,n,100
2237,I17961,1600,1200,1350,303.92,45,0,n,100
3934,I32059,1600,1200,930,551.56,45,0,n,100
2133,I17023,1600,1200,930,396.2,45,0,n,100
719,I05372,1800,1200,1350,820.48,45,9,n,100
5942,I47811,1910,1200,1295,613.59,45,19,n,100
4311,I35159,1200,1000,750,318.7,45,2,n,100
3112,I25256,1600,1200,930,310.76,45,0,n,100
5854,I46956,1600,1200,750,323.7,45,0,n,100
2422,I19550,1600,1200,930,307.13,45,0,n,100
5808,I46594,1200,1000,545,729.5,45,2,n,100
4138,I33912,1600,1200,930,358.48,45,0,n,100
4597,I37271,1600,1200,930,396.2,45,0,n,100
3366,I27367,1600,1200,930,356.2,45,0,n,100
3450,I28129,1200,1000,975,329.77,45,2,n,100
4594,I37267,1910,1200,1295,613.59,45,19,n,100
2122,I16934,1600,1200,750,323.7,45,0,n,100
3335,I27107,1600,1200,930,307.13,45,0,n,100
5246,I42140,1600,1200,975,808.3,45,0,n,100
4077,I33428,1200,1000,975,329.77,45,2,n,100
390,I02874,1600,1200,1350,303.92,45,0,n,100
815,I06321,1600,1200,975,460.0,45,0,n,100
6017,I48469,1600,1200,930,547.3,45,0,n,100
4269,I34818,1200,1000,975,329.77,45,2,n,100
5049,I40383,1600,1200,930,438.4,45,0,n,100
323,I02409,1600,1200,545,338.52,45,0,n,100
2377,I19084,1200,1000,930,347.0,45,2,n,100
1550,I12419,1600,1200,930,547.3,45,0,n,100
1242,I10085,1200,1000,1155,366.75,0,1,n,100
4656,I37575,1600,1200,930,358.48,45,0,n,100
2360,I18886,1600,1200,930,356.56,45,0,n,100
5449,I43795,1200,1000,750,405.72,45,2,n,100
3354,I27277,1600,1200,930,358.48,45,0,n,100
4798,I38652,1800,1400,1020,303.45,45,11,n,100
119,I01041,1800,1400,1020,303.45,45,11,n,100
4787,I38509,2000,1200,545,408.88,45,5,n,100
2050,I16336,1200,1000,545,690.5,45,2,n,100
2794,I22398,1600,1200,930,358.48,45,0,n,100
3391,I27611,1200,1000,930,704.12,45,2,n,100
5745,I46052,1600,1200,930,607.6,45,0,n,100
5355,I43092,1910,1200,1295,613.59,45,19,n,100
5892,I47524,1600,1200,930,663.22,45,0,n,100
327,I02425,1800,1400,1020,303.45,45,11,n,100
2865,I23012,1600,1200,930,438.4,45,0,n,100
6238,I50246,1600,1200,1350,303.92,45,0,n,100
3303,I26852,1600,1200,930,438.4,45,0,n,100
2003,I15902,1600,1200,545,338.16,45,0,n,100
5692,I45790,1600,1200,975,611.224,45,0,n,100
2212,I17764,1600,1200,930,356.2,45,0,n,100
3273,I26664,1910,1200,1295,613.59,45,19,n,100
762,I05921,1200,1000,975,301.69,45,2,n,100
4272,I34859,1600,1200,930,551.56,45,0,n,100
5579,I44958,1600,1200,930,438.4,45,0,n,100
623,I04673,1200,1000,930,340.0,45,2,n,100
418,I03212,1600,1200,750,582.6,45,0,n,100
4392,I35841,1200,1000,930,345.29,45,2,n,100
3165,I25791,1800,1400,1020,303.45,45,11,n,100
3148,I25453,1600,1200,930,551.56,45,0,n,100
6076,I48885,1910,1200,1295,613.59,45,19,n,100
3741,I30140,1600,1200,930,607.6,45,0,n,100
2910,I23355,1600,1200,930,356.2,45,0,n,100
5977,I48030,1600,1200,1350,303.92,45,0,n,100
3716,I29865,1200,1000,975,329.77,45,2,n,100
5445,I43780,1600,1200,930,356.2,45,0,n,100
1749,I13646,1900,1200,750,713.62,45,6,n,100
3830,I31058,1200,1000,930,347.0,45,2,n,100
5446,I43781,1600,1200,930,356.2,45,0,n,100
1192,I09565,1200,1000,975,401.2,45,2,n,100
4355,I35607,1600,1200,930,307.13,45,0,n,100
6229,I50173,1200,1000,930,345.29,45,2,n,100
4566,I37173,1800,1400,1020,303.45,45,11,n,100
344,I02529,1600,1200,930,356.2,45,0,n,100
3996,I32727,1600,1200,930,781.25,45,0,n,100
1270,I10203,1800,1400,1020,303.45,45,11,n,100
5618,I45293,1600,1200,930,387.3,45,0,n,100
1244,I10087,1600,1200,750,323.7,45,0,n,100
3959,I32478,1200,1000,930,345.29,45,2,n,100
4643,I37497,1600,1200,930,547.3,45,0,n,100
1935,I15255,1600,1200,1350,303.92,45,0,n,100
501,I03762,1600,1200,930,663.22,45,0,n,100
704,I05321,1600,1200,930,551.56,45,0,n,100
440,I03326,1200,1000,930,319.1,45,2,n,100
2075,I16504,1200,1000,545,729.5,45,2,n,100
3558,I28818,1600,1200,930,356.56,45,0,n,100
3642,I29493,1600,1200,930,387.3,45,0,n,100
4161,I34108,1200,1000,545,526.75,45,2,n,100
2965,I23762,1800,1400,1020,303.45,45,11,n,100
255,I01989,1910,1200,1295,613.59,45,19,n,100
2426,I19622,1600,1200,930,663.22,45,0,n,100
2263,I18183,1910,1200,1295,613.59,45,19,n,100
470,I03604,1600,1200,1350,303.92,45,0,n,100
2539,I20680,1800,1200,1350,820.48,45,9,n,100
2551,I20726,1200,1000,975,401.2,45,2,n,100
4861,I38951,2000,1200,2350,367.608,45,22,n,100
5614,I45264,1200,1000,750,351.756,45,2,n,100
5019,I40272,2000,1200,2350,367.608,45,22,n,100
5442,I43777,1600,1200,930,358.48,45,0,n,100
4691,I37878,1600,1200,930,313.0,45,0,n,100
1502,I12061,1600,1200,930,356.56,45,0,n,100
6263,I50513,1200,1000,975,652.0,45,2,n,100
1219,I09890,1200,1000,975,465.1,45,2,n,100
2857,I22946,1600,1200,930,547.3,45,0,n,100
6021,I48473,1600,1200,930,547.3,45,0,n,100
1644,I12981,1600,1200,930,370.78,45,0,n,100
3455,I28237,1600,1200,930,364.84,45,0,n,100
2103,I16724,1600,1200,930,784.6,45,0,n,100
94,I00828,1800,1400,1020,303.45,45,11,n,100
3869,I31439,1200,1000,545,526.75,45,2,n,100
4929,I39655,1600,1200,930,551.56,45,0,n,100
4456,I36426,1800,1400,1020,303.45,45,11,n,100
5921,I47766,1900,1200,750,845.38,45,6,n,100
3472,I28425,1800,1400,1020,303.45,45,11,n,100
5098,I40919,2000,1200,2350,367.608,45,22,n,100
3506,I28479,1910,1200,1295,613.59,45,19,n,100
4330,I35438,1600,1200,930,356.2,45,0,n,100
1583,I12561,1600,1200,1350,303.92,45,0,n,100
4118,I33804,1200,1000,930,345.29,45,2,n,100
212,I01757,1600,1200,930,438.4,45,0,n,100
1222,I09926,1600,1200,930,607.6,45,0,n,100
5189,I41695,1600,1200,930,356.56,45,0,n,100
2224,I17858,1600,1200,750,323.7,45,0,n,100
1228,I10007,1600,1200,545,338.16,45,0,n,100
690,I05086,1600,1200,930,784.6,45,0,n,100
1104,I08798,1600,1200,930,370.78,45,0,n,100
3069,I24768,1200,1000,975,329.77,45,2,n,100
5733,I45973,1200,1000,750,351.944,45,2,n,100
3734,I30069,1200,1000,975,384.74,45,2,n,100
3970,I32521,1600,1200,930,454.873,45,0,n,100
1540,I12337,1800,1400,1020,303.45,45,11,n,100
4142,I33992,1200,1000,545,526.75,45,2,n,100
5326,I42915,1600,1200,930,307.13,45,0,n,100
4988,I39910,1200,1000,975,465.1,45,2,n,100
1049,I08192,1200,1000,975,329.77,45,2,n,100
6094,I48903,1910,1200,1295,613.59,45,19,n,100
533,I04007,1200,1000,975,329.77,45,2,n,100
1171,I09324,1600,1200,930,356.2,45,0,n,100
381,I02815,1800,1400,1020,303.45,45,11,n,100
132,I01118,1600,1200,545,338.16,45,0,n,100
3763,I30364,1600,1200,930,663.22,45,0,n,100
4133,I33904,1200,1000,750,351.944,45,2,n,100
2701,I21855,1600,1200,930,551.56,45,0,n,100
1028,I08028,1200,1000,930,414.14,45,2,n,100
917,I07008,2000,1200,545,408.88,45,5,n,100
2775,I22240,1200,1000,975,329.77,45,2,n,100
1400,I11283,1600,1200,930,663.22,45,0,n,100
5268,I42423,1600,1200,930,356.2,45,0,n,100
2685,I21735,1600,1200,1350,303.92,45,0,n,100
2136,I17026,1200,1000,545,729.5,45,2,n,100
4822,I38772,1600,1200,930,364.84,45,0,n,100
967,I07471,1600,1200,930,358.48,45,0,n,100
5083,I40760,1600,1200,750,582.6,45,0,n,100
698,I05290,1600,1200,930,784.6,45,0,n,100
3152,I25600,1600,1200,750,323.7,45,0,n,100
4547,I36977,1800,1400,1020,303.45,45,11,n,100
3904,I31768,1800,1200,1350,820.48,45,9,n,100
4997,I40069,1600,1200,975,460.0,45,0,n,100
3325,I27049,1600,1200,1350,310.16,45,0,n,100
2011,I16048,1600,1200,930,356.2,45,0,n,100
764,I05933,1200,1000,930,340.1,45,2,n,100
5631,I45375,1200,1000,975,401.2,45,2,n,100
3791,I30746,1600,1200,1350,310.16,45,0,n,100
517,I03883,1600,1200,930,663.22,45,0,n,100
1312,I10467,2000,1200,2350,367.608,45,22,n,100
30,I00341,1600,1200,930,356.56,45,0,n,100
2404,I19300,1800,1400,1020,303.45,45,11,n,100
5767,I46219,1600,1200,930,551.56,45,0,n,100
4274,I34863,1600,1200,1350,303.92,45,0,n,100
3283,I26683,1600,1200,930,356.2,45,0,n,100
6007,I48329,1900,1200,750,713.62,45,6,n,100
3927,I32034,1600,1200,930,356.56,45,0,n,100
1005,I07778,1600,1200,1350,303.92,45,0,n,100
3607,I29191,1600,1200,930,356.56,45,0,n,100
723,I05378,1200,1000,750,318.7,45,2,n,100
608,I04637,1600,1200,930,438.4,45,0,n,100
2433,I19710,1200,1000,750,318.7,45,2,n,100
761,I05920,1200,1000,750,405.72,45,2,n,100
5841,I46839,1600,1200,930,356.2,45,0,n,100
6020,I48472,1600,1200,930,547.3,45,0,n,100
5392,I43308,1200,1000,975,329.77,45,2,n,100
4569,I37176,1800,1400,1020,303.45,45,11,n,100
1934,I15254,1600,1200,1350,303.92,45,0,n,100
5437,I43729,1200,1000,930,347.0,45,2,n,100
2267,I18187,1910,1200,1295,613.59,45,19,n,100
2208,I17694,1600,1200,545,338.52,45,0,n,100
3232,I26436,1600,1200,975,460.0,45,0,n,100
4120,I33851,1800,1400,1020,303.45,45,11,n,100
3740,I30139,1600,1200,930,607.6,45,0,n,100
667,I04875,1600,1200,930,356.2,45,0,n,100
3544,I28702,1600,1200,930,454.873,45,0,n,100
4087,I33490,1600,1200,930,356.2,45,0,n,100
1404,I11299,1600,1200,930,358.48,45,0,n,100
3319,I26981,1200,1000,750,431.704,45,2,n,100
3230,I26410,1600,1200,930,356.2,45,0,n,100
4197,I34361,1600,1200,930,356.56,45,0,n,100
5378,I43184,1600,1200,1350,303.92,45,0,n,100
1184,I09519,2000,1200,545,408.88,45,5,n,100
873,I06777,1600,1200,930,830.32,45,0,n,100
3381,I27464,1800,1200,1350,820.48,45,9,n,100
525,I03962,1600,1200,1350,303.92,45,0,n,100
3710,I29801,1600,1200,930,663.22,45,0,n,100
1345,I10791,1600,1200,930,356.2,45,0,n,100
4075,I33426,1600,1200,930,396.2,45,0,n,100
5953,I47889,1200,1000,975,336.7,45,2,n,100
6258,I50494,1600,1200,930,551.56,45,0,n,100
1022,I07933,1200,1000,975,329.77,45,2,n,100
5486,I44243,1600,1200,930,551.56,45,0,n,100
3579,I29049,2000,1200,2350,367.608,45,22,n,100
5100,I40921,2000,1200,2350,367.608,45,22,n,100
2451,I19885,1600,1200,1350,303.92,45,0,n,100
3351,I27273,1600,1200,930,607.6,45,0,n,100
1731,I13597,1910,1200,1295,613.59,45,19,n,100
1246,I10114,1600,1200,1350,303.92,45,0,n,100
237,I01966,1800,1400,1020,303.45,45,11,n,100
2149,I17191,1800,1400,1020,303.45,45,11,n,100
2434,I19753,1600,1200,930,551.56,45,0,n,100
5895,I47585,1600,1200,930,307.13,45,0,n,100
75,I00699,1200,1000,975,336.7,45,2,n,100
899,I06824,1910,1200,1295,613.59,45,19,n,100
2531,I20631,1600,1200,930,551.56,45,0,n,100
3066,I24765,1200,1000,975,329.77,45,2,n,100
3125,I25309,1600,1200,930,356.2,45,0,n,100
4340,I35490,2000,1200,545,408.88,45,5,n,100
2864,I23011,1600,1200,930,438.4,45,0,n,100
1146,I09105,1600,1200,930,607.6,45,0,n,100
2061,I16365,1600,1200,930,356.2,45,0,n,100
4268,I34810,1600,1200,930,370.78,45,0,n,100
4104,I33604,1200,1000,975,329.77,45,2,n,100
728,I05413,1600,1200,545,338.16,45,0,n,100
1018,I07913,1800,1400,1020,303.45,45,11,n,100
2230,I17900,1200,1000,975,401.2,45,2,n,100
4931,I39680,1200,1000,1155,373.25,0,1,n,100
669,I04877,1200,1000,930,347.0,45,2,n,100
1449,I11608,1900,1200,750,845.38,45,6,n,100
5949,I47885,1600,1200,975,611.224,45,0,n,100
4795,I38638,1600,1200,545,338.16,45,0,n,100
1962,I15471,1600,1200,930,663.22,45,0,n,100
2639,I21486,1910,1200,1295,613.59,45,19,n,100
4990,I39912,1800,1200,1350,820.48,45,9,n,100
5134,I41188,1800,1400,1020,303.45,45,11,n,100
5467,I44121,1600,1200,930,551.56,45,0,n,100
5213,I41951,1600,1200,750,582.6,45,0,n,100
2457,I19913,1200,1000,975,329.77,45,2,n,100
2677,I21695,1600,1200,930,663.22,45,0,n,100
668,I04876,1600,1200,930,356.2,45,0,n,100
2235,I17945,1600,1200,750,323.7,45,0,n,100
5738,I46026,1800,1400,1020,303.45,45,11,n,100
3070,I24777,1200,1000,930,345.29,45,2,n,100
2238,I17962,1600,1200,1350,303.92,45,0,n,100
5398,I43413,1600,1200,930,364.84,45,0,n,100
4623,I37382,1600,1200,930,438.4,45,0,n,100
1593,I12576,1600,1200,930,438.4,45,0,n,100
4586,I37259,1910,1200,1295,613.59,45,19,n,100
5899,I47613,1200,1000,750,405.72,45,2,n,100
2171,I17337,1600,1200,1350,303.92,45,0,n,100
1070,I08376,1200,1000,750,305.32,45,2,n,100
536,I04057,1200,1000,930,345.29,45,2,n,100
2804,I22567,1800,1400,1020,303.45,45,11,n,100
3199,I26092,1600,1200,975,808.3,45,0,n,100
850,I06628,1200,1000,975,401.2,45,2,n,100
5897,I47587,1600,1200,930,307.13,45,0,n,100
77,I00759,1200,1000,750,431.704,45,2,n,100
1347,I10801,1600,1200,930,356.56,45,0,n,100
4102,I33602,1200,1000,975,329.77,45,2,n,100
1407,I11303,1600,1200,930,370.78,45,0,n,100
3041,I24528,1200,1000,1155,366.75,0,1,n,100
6136,I49299,1600,1200,975,808.3,45,0,n,100
3999,I32732,1600,1200,930,607.6,45,0,n,100
4045,I33102,1200,1000,750,351.756,45,2,n,100
1865,I14691,1600,1200,975,460.0,45,0,n,100
5139,I41193,1800,1400,1020,303.45,45,11,n,100
4763,I38332,2000,1200,545,408.88,45,5,n,100
3017,I24175,1800,1400,1020,303.45,45,11,n,100
5851,I46945,1600,1200,930,663.22,45,0,n,100
5596,I45016,1800,1400,1020,303.45,45,11,n,100
2455,I19904,1600,1200,930,551.56,45,0,n,100
1233,I10040,1800,1200,1350,820.48,45,9,n,100
1379,I11103,1600,1200,930,364.84,45,0,n,100
1971,I15480,1200,1000,975,336.7,45,2,n,100
1072,I08396,1600,1200,930,396.2,45,0,n,100
2506,I20305,1200,1000,930,413.58,45,2,n,100
3561,I28904,1600,1200,930,356.2,45,0,n,100
5312,I42829,1200,1000,975,304.12,45,2,n,100
5888,I47441,1200,1000,930,414.14,45,2,n,100
375,I02777,1600,1200,930,784.6,45,0,n,100
4891,I39264,1600,1200,930,551.56,45,0,n,100
5634,I45418,2000,1200,2350,367.608,45,22,n,100
349,I02555,2000,1200,545,408.88,45,5,n,100
2285,I18210,1600,1200,975,391.432,45,0,n,100
2430,I19628,1600,1200,930,663.22,45,0,n,100
6018,I48470,1600,1200,930,547.3,45,0,n,100
214,I01759,1600,1200,930,438.4,45,0,n,100
4121,I33852,1800,1400,1020,303.45,45,11,n,100
3421,I27949,1600,1200,930,663.22,45,0,n,100
2895,I23222,1600,1200,1350,303.92,45,0,n,100
821,I06362,1200,1000,975,329.77,45,2,n,100
4613,I37316,1600,1200,1350,303.92,45,0,n,100
3673,I29644,1600,1200,1350,303.92,45,0,n,100
318,I02331,1600,1200,975,460.0,45,0,n,100
5174,I41498,1200,1000,975,652.0,45,2,n,100
1195,I09608,1200,1000,975,329.77,45,2,n,100
302,I02170,1600,1200,930,663.22,45,0,n,100
4013,I32837,1600,1200,930,307.13,45,0,n,100
5076,I40595,1600,1200,930,356.2,45,0,n,100
666,I04874,1600,1200,930,356.2,45,0,n,100
1746,I13630,1600,1200,930,364.84,45,0,n,100
279,I02014,1600,1200,975,611.224,45,0,n,100
79,I00780,1200,1000,975,329.77,45,2,n,100
1852,I14620,1600,1200,930,356.56,45,0,n,100
1133,I09084,1800,1400,1020,303.45,45,11,n,100
3083,I24897,1200,1000,545,526.75,45,2,n,100
5169,I41428,1200,1000,930,617.24,45,2,n,100
5009,I40160,1600,1200,750,323.7,45,0,n,100
3474,I28427,1800,1400,1020,303.45,45,11,n,100
130,I01061,1600,1200,930,364.84,45,0,n,100
3928,I32040,1600,1200,930,396.2,45,0,n,100
2511,I20321,1600,1200,1350,303.92,45,0,n,100
3525,I28565,2000,1200,2350,367.608,45,22,n,100
4029,I33005,1200,1000,1155,373.25,0,1,n,100
2182,I17400,1800,1400,1020,303.45,45,11,n,100
2030,I16165,1600,1200,930,396.2,45,0,n,100
5935,I47804,1910,1200,1295,613.59,45,19,n,100
4084,I33435,1600,1200,930,438.4,45,0,n,100
5274,I42474,1600,1200,930,607.6,45,0,n,100
5787,I46385,1200,1000,930,413.58,45,2,n,100
3719,I29893,1600,1200,930,607.6,45,0,n,100
4368,I35730,1200,1000,1155,366.75,0,1,n,100
2188,I17409,1600,1200,930,356.2,45,0,n,100
1719,I13572,1600,1200,930,356.2,45,0,n,100
2375,I19082,1600,1200,930,370.78,45,0,n,100
5816,I46618,2000,1200,2350,367.608,45,22,n,100
3573,I29024,1600,1200,1350,303.92,45,0,n,100
5731,I45963,1200,1000,975,329.77,45,2,n,100
1864,I14684,1200,1000,1155,373.25,0,1,n,100
2349,I18813,1200,1000,975,308.76,45,2,n,100
5372,I43146,1600,1200,930,356.2,45,0,n,100
2540,I20681,1800,1200,1350,820.48,45,9,n,100
4374,I35756,1910,1200,1295,613.59,45,19,n,100
4126,I33857,1800,1400,1020,303.45,45,11,n,100
2643,I21490,1910,1200,1295,613.59,45,19,n,100
6228,I50171,1200,1000,975,401.2,45,2,n,100
248,I01980,1200,1000,545,526.75,45,2,n,100
1211,I09725,1800,1200,1350,820.48,45,9,n,100
2606,I21287,1600,1200,930,663.22,45,0,n,100
1394,I11245,1600,1200,930,309.5,45,0,n,100
452,I03443,1600,1200,1350,303.92,45,0,n,100
1048,I08191,1200,1000,975,329.77,45,2,n,100
200,I01714,1600,1200,930,663.22,45,0,n,100
3311,I26931,1600,1200,930,551.56,45,0,n,100
2128,I17001,1600,1200,930,370.78,45,0,n,100
1058,I08354,1600,1200,930,607.6,45,0,n,100
920,I07043,1900,1200,750,845.38,45,6,n,100
2622,I21350,1600,1200,1350,303.92,45,0,n,100
3805,I30819,1600,1200,930,387.3,45,0,n,100
4878,I39157,1200,1000,750,318.7,45,2,n,100
6154,I49583,1600,1200,930,607.6,45,0,n,100
966,I07469,1600,1200,930,607.6,45,0,n,100
3631,I29365,1600,1200,930,438.4,45,0,n,100
1216,I09833,1600,1200,930,356.56,45,0,n,100
2604,I21283,1600,1200,545,338.52,45,0,n,100
3577,I29047,2000,1200,2350,367.608,45,22,n,100
2995,I24039,1600,1200,930,551.56,45,0,n,100
247,I01977,1200,1000,930,413.58,45,2,n,100
2316,I18459,1200,1000,975,329.77,45,2,n,100
5846,I46910,1600,1200,930,356.2,45,0,n,100
88,I00822,1800,1400,1020,303.45,45,11,n,100
5482,I44221,1600,1200,930,307.13,45,0,n,100
5470,I44150,1600,1200,930,356.56,45,0,n,100
3755,I30318,1200,1000,975,401.2,45,2,n,100
5158,I41303,1200,1000,930,413.58,45,2,n,100
4751,I38276,1800,1400,1020,303.45,45,11,n,100
1054,I08276,1600,1200,930,356.2,45,0,n,100
885,I06810,1910,1200,1295,613.59,45,19,n,100
4245,I34632,1910,1200,1295,613.59,45,19,n,100
4446,I36279,1200,1000,975,401.2,45,2,n,100
2113,I16742,1200,1000,930,414.14,45,2,n,100
3733,I30068,1800,1200,1350,820.48,45,9,n,100
4743,I38267,1200,1000,930,704.12,45,2,n,100
2813,I22706,1600,1200,1350,303.92,45,0,n,100
2810,I22616,1200,1000,930,345.29,45,2,n,100
1811,I14221,1600,1200,1350,303.92,45,0,n,100
3131,I25320,1200,1000,975,329.77,45,2,n,100
5450,I43811,1600,1200,930,387.3,45,0,n,100
5473,I44153,1600,1200,750,582.6,45,0,n,100
1855,I14643,1200,1000,975,337.45,45,2,n,100
3806,I30820,1600,1200,930,387.3,45,0,n,100
3269,I26653,1200,1000,975,329.77,45,2,n,100
3023,I24200,1200,1000,545,526.75,45,2,n,100
3010,I24126,1600,1200,1350,303.92,45,0,n,100
792,I06126,1910,1200,1295,613.59,45,19,n,100
1451,I11633,1600,1200,930,356.2,45,0,n,100
26,I00334,1200,1000,645,330.5,0,1,n,100
167,I01413,1200,1000,545,526.75,45,2,n,100
4701,I37926,1600,1200,930,551.56,45,0,n,100
2512,I20322,1600,1200,1350,303.92,45,0,n,100
663,I04853,1200,1000,975,337.9,45,2,n,100
6192,I49780,1200,1000,545,526.75,45,2,n,100
4463,I36433,1800,1400,1020,303.45,45,11,n,100
6176,I49714,1910,1200,1295,613.59,45,19,n,100
3963,I32489,1600,1200,1350,303.92,45,0,n,100
1910,I14971,1800,1200,1350,820.48,45,9,n,100
2663,I21553,1600,1200,930,370.78,45,0,n,100
5823,I46650,1200,1000,975,337.9,45,2,n,100
4668,I37756,1600,1200,930,356.2,45,0,n,100
2444,I19830,1600,1200,1350,303.92,45,0,n,100
1316,I10518,1600,1200,545,338.16,45,0,n,100
3298,I26844,1600,1200,930,551.56,45,0,n,100
2790,I22382,1800,1200,1350,820.48,45,9,n,100
834,I06432,1600,1200,930,356.2,45,0,n,100
5725,I45898,1600,1200,930,663.22,45,0,n,100
2125,I16994,1200,1000,750,351.944,45,2,n,100
2159,I17281,1600,1200,1350,303.92,45,0,n,100
5366,I43103,1910,1200,1295,613.59,45,19,n,100
5671,I45627,1800,1400,1020,303.45,45,11,n,100
5093,I40914,2000,1200,2350,367.608,45,22,n,100
5542,I44711,1200,1000,975,329.77,45,2,n,100
4188,I34298,1600,1200,930,358.48,45,0,n,100
5045,I40379,1800,1400,1020,303.45,45,11,n,100
487,I03671,1600,1200,930,358.48,45,0,n,100
4314,I35176,1600,1200,750,582.6,45,0,n,100
1128,I08985,2000,1200,2350,367.608,45,22,n,100
6068,I48812,1600,1200,930,396.2,45,0,n,100
2206,I17684,1200,1000,545,729.5,45,2,n,100
3175,I25843,1600,1200,930,370.78,45,0,n,100
1378,I11093,1200,1000,975,329.77,45,2,n,100
829,I06378,1800,1400,1020,303.45,45,11,n,100
3987,I32613,1200,1000,930,340.0,45,2,n,100
2232,I17935,2000,1200,545,408.88,45,5,n,100
5053,I40399,1200,1000,930,340.1,45,2,n,100
2720,I21991,1600,1200,930,663.22,45,0,n,100
1153,I09178,1600,1200,750,323.7,45,0,n,100
1225,I09929,1200,1000,930,413.58,45,2,n,100
6241,I50276,1200,1000,975,329.77,45,2,n,100
4090,I33495,1200,1000,930,704.36,45,2,n,100
925,I07069,1600,1200,1350,303.92,45,0,n,100
3060,I24740,1600,1200,975,460.0,45,0,n,100
3811,I30835,1600,1200,930,307.13,45,0,n,100
1373,I11088,1600,1200,930,454.873,45,0,n,100
1844,I14512,1800,1200,1350,820.48,45,9,n,100
5308,I42817,1600,1200,930,438.4,45,0,n,100
4004,I32803,1200,1000,975,308.76,45,2,n,100
5537,I44663,1600,1200,1350,303.92,45,0,n,100
661,I04834,1600,1200,930,313.0,45,0,n,100
5822,I46649,1200,1000,930,319.1,45,2,n,100
6253,I50464,1600,1200,930,307.13,45,0,n,100
1325,I10551,1800,1400,1020,303.45,45,11,n,100
4687,I37853,1600,1200,930,546.3,45,0,n,100
3222,I26340,1800,1400,1020,303.45,45,11,n,100
3291,I26800,1600,1200,930,358.48,45,0,n,100
1533,I12330,1800,1400,1020,303.45,45,11,n,100
2611,I21312,2000,1200,2350,367.608,45,22,n,100
4065,I33356,1800,1400,1020,303.45,45,11,n,100
4264,I34764,1600,1200,930,356.2,45,0,n,100
3328,I27076,1200,1000,930,340.1,45,2,n,100
5814,I46616,2000,1200,2350,367.608,45,22,n,100
2631,I21478,1910,1200,1295,613.59,45,19,n,100
1418,I11417,1600,1200,930,370.78,45,0,n,100
537,I04058,1200,1000,930,345.29,45,2,n,100
5548,I44721,1600,1200,930,438.4,45,0,n,100
135,I01132,1600,1200,750,582.6,45,0,n,100
5566,I44815,1600,1200,930,784.6,45,0,n,100
180,I01555,1600,1200,750,582.6,45,0,n,100
5249,I42188,1800,1400,1020,303.45,45,11,n,100
5896,I47586,1600,1200,930,307.13,45,0,n,100
2590,I21092,1600,1200,930,663.22,45,0,n,100
5764,I46204,1200,1000,930,345.29,45,2,n,100
5444,I43779,1600,1200,930,356.2,45,0,n,100
2599,I21166,1200,1000,975,329.77,45,2,n,100
5170,I41436,1600,1200,930,356.56,45,0,n,100
5277,I42517,1200,1000,545,526.75,45,2,n,100
975,I07484,1200,1000,930,414.14,45,2,n,100
4932,I39681,1600,1200,750,582.6,45,0,n,100
297,I02157,1600,1200,930,356.56,45,0,n,100
5988,I48072,1200,1000,975,337.9,45,2,n,100
3989,I32633,1600,1200,545,338.52,45,0,n,100
3479,I28452,1910,1200,1295,613.59,45,19,n,100
1966,I15475,1200,1000,975,336.7,45,2,n,100
4948,I39754,1200,1000,545,526.75,45,2,n,100
1338,I10699,1200,1000,930,414.14,45,2,n,100
6233,I50191,1600,1200,975,460.0,45,0,n,100
54,I00487,1600,1200,750,323.7,45,0,n,100
1482,I11877,1600,1200,930,438.4,45,0,n,100
3097,I25107,1200,1000,545,526.75,45,2,n,100
2789,I22381,1800,1200,1350,820.48,45,9,n,100
2337,I18637,1600,1200,930,309.5,45,0,n,100
4765,I38338,1200,1000,975,329.77,45,2,n,100
58,I00516,1200,1000,975,329.77,45,2,n,100
4069,I33361,1600,1200,930,358.48,45,0,n,100
5762,I46148,1200,1000,975,337.9,45,2,n,100
3382,I27466,1600,1200,545,338.16,45,0,n,100
3183,I25910,1600,1200,1350,303.92,45,0,n,100
6103,I48912,1910,1200,1295,613.59,45,19,n,100
687,I05052,1600,1200,930,358.48,45,0,n,100
1181,I09435,2000,1200,2350,367.608,45,22,n,100
5436,I43684,2000,1200,2350,367.608,45,22,n,100
755,I05798,1600,1200,930,356.56,45,0,n,100
3426,I27960,1600,1200,545,338.16,45,0,n,100
3930,I32051,1600,1200,930,356.2,45,0,n,100
3730,I30018,1200,1000,545,526.75,45,2,n,100
2861,I23007,1600,1200,930,784.6,45,0,n,100
154,I01318,1600,1200,750,582.6,45,0,n,100
235,I01950,1600,1200,975,460.0,45,0,n,100
354,I02602,1200,1000,930,345.29,45,2,n,100
72,I00696,1200,1000,975,336.7,45,2,n,100
2226,I17860,1200,800,880,382.8,45,23,n,100
1271,I10204,1800,1400,1020,303.45,45,11,n,100
3424,I27958,1900,1200,750,845.38,45,6,n,100
5151,I41274,1600,1200,545,338.16,45,0,n,100
5337,I42974,2000,1200,545,408.88,45,5,n,100
1647,I12990,1200,1000,930,345.29,45,2,n,100
2077,I16510,1600,1200,930,663.22,45,0,n,100
34,I00348,1600,1200,545,338.52,45,0,n,100
1484,I11879,1600,1200,930,438.4,45,0,n,100
4845,I38895,1600,1200,1350,303.92,45,0,n,100
2523,I20556,1600,1200,975,611.224,45,0,n,100
1709,I13403,1600,1200,930,356.56,45,0,n,100
716,I05366,1200,1000,975,329.77,45,2,n,100
5712,I45882,1200,1000,975,401.2,45,2,n,100
2686,I21736,1600,1200,1350,303.92,45,0,n,100
1952,I15385,1600,1200,930,307.13,45,0,n,100
4226,I34613,1910,1200,1295,613.59,45,19,n,100
3001,I24069,1600,1200,930,307.13,45,0,n,100
2698,I21834,1800,1200,1350,820.48,45,9,n,100
4315,I35187,1600,1200,930,663.22,45,0,n,100
4027,I32947,1600,1200,930,307.13,45,0,n,100
3630,I29364,1600,1200,930,438.4,45,0,n,100
5152,I41275,1200,1000,750,305.32,45,2,n,100
1411,I11327,1600,1200,930,356.2,45,0,n,100
1152,I09174,1600,1200,930,607.6,45,0,n,100
1881,I14762,1600,1200,930,358.48,45,0,n,100
4286,I35003,1600,1200,930,356.56,45,0,n,100
4810,I38719,2000,1200,2350,367.608,45,22,n,100
4721,I38089,2000,1200,2350,367.608,45,22,n,100
6114,I49005,1600,1200,930,307.13,45,0,n,100
3966,I32492,1600,1200,1350,303.92,45,0,n,100
3357,I27286,1200,1000,975,329.77,45,2,n,100
4156,I34098,1800,1400,1020,303.45,45,11,n,100
2481,I20126,1600,1200,930,356.2,45,0,n,100
82,I00800,1200,1000,750,305.32,45,2,n,100
1462,I11812,1200,1000,975,329.77,45,2,n,100
187,I01589,2000,1200,545,408.88,45,5,n,100
4450,I36369,1200,1000,1155,366.75,0,1,n,100
3647,I29532,1600,1200,930,396.2,45,0,n,100
3412,I27865,2000,1200,2350,367.608,45,22,n,100
5190,I41696,1600,1200,930,356.56,45,0,n,100
6028,I48491,1600,1200,930,307.13,45,0,n,100
2880,I23035,1600,1200,930,551.56,45,0,n,100
1367,I10952,1600,1200,750,323.7,45,0,n,100
1011,I07859,1600,1200,975,460.0,45,0,n,100
3590,I29095,1600,1200,930,307.13,45,0,n,100
6100,I48909,1910,1200,1295,613.59,45,19,n,100
5292,I42756,1200,1000,975,336.7,45,2,n,100
994,I07716,2000,1200,2350,367.608,45,22,n,100
4557,I37044,1600,1200,930,364.84,45,0,n,100
3547,I28718,1200,1000,930,345.29,45,2,n,100
5642,I45426,2000,1200,2350,367.608,45,22,n,100
345,I02530,1600,1200,930,356.2,45,0,n,100
629,I04732,1600,1200,930,387.3,45,0,n,100
3832,I31060,1600,1200,975,460.0,45,0,n,100
4227,I34614,1910,1200,1295,613.59,45,19,n,100
2797,I22417,1600,1200,975,460.0,45,0,n,100
3257,I26594,1600,1200,930,547.3,45,0,n,100
1160,I09238,2000,1200,545,408.88,45,5,n,100
4661,I37655,1600,1200,1350,303.92,45,0,n,100
1606,I12647,1200,1000,930,413.58,45,2,n,100
1292,I10385,1600,1200,930,364.84,45,0,n,100
4461,I36431,1800,1400,1020,303.45,45,11,n,100
2347,I18811,1200,1000,930,413.58,45,2,n,100
1898,I14902,1900,1200,750,713.62,45,6,n,100
4880,I39180,1600,1200,930,307.13,45,0,n,100
937,I07118,1600,1200,1350,303.92,45,0,n,100
4151,I34093,1800,1400,1020,303.45,45,11,n,100
5891,I47523,1600,1200,930,663.22,45,0,n,100
1679,I13258,1200,1000,750,318.7,45,2,n,100
3644,I29495,1600,1200,930,387.3,45,0,n,100
3859,I31281,1600,1200,1350,303.92,45,0,n,100
552,I04193,1600,1200,930,364.84,45,0,n,100
3968,I32519,1600,1200,930,454.873,45,0,n,100
3353,I27275,1600,1200,930,607.6,45,0,n,100
450,I03441,1600,1200,1350,303.92,45,0,n,100
5424,I43653,1600,1200,930,356.2,45,0,n,100
5065,I40485,1600,1200,930,663.22,45,0,n,100
5131,I41185,1800,1400,1020,303.45,45,11,n,100
817,I06344,1600,1200,930,547.3,45,0,n,100
3878,I31524,1800,1400,1020,303.45,45,11,n,100
1613,I12678,1600,1200,930,307.13,45,0,n,100
1662,I13180,1800,1400,1020,303.45,45,11,n,100
3394,I27683,1600,1200,930,356.56,45,0,n,100
6197,I49785,1600,1200,1350,303.92,45,0,n,100
3265,I26642,1600,1200,930,370.78,45,0,n,100
6267,I50534,1600,1200,930,309.5,45,0,n,100
3409,I27862,1600,1200,930,663.22,45,0,n,100
1739,I13605,1910,1200,1295,613.59,45,19,n,100
5849,I46915,2000,1200,2350,367.608,45,22,n,100
5904,I47631,1600,1200,750,323.7,45,0,n,100
4076,I33427,1200,1000,750,431.704,45,2,n,100
4843,I38893,1600,1200,1350,303.92,45,0,n,100
3197,I26047,1200,1000,975,329.77,45,2,n,100
5805,I46568,1600,1200,930,307.13,45,0,n,100
1689,I13355,1200,1000,975,401.2,45,2,n,100
2064,I16396,1200,1000,930,704.12,45,2,n,100
733,I05528,1200,1000,750,318.7,45,2,n,100
6061,I48757,1600,1200,930,307.13,45,0,n,100
4243,I34630,1910,1200,1295,613.59,45,19,n,100
3192,I25995,1600,1200,545,338.52,45,0,n,100
5291,I42704,1200,1000,1155,366.75,0,1,n,100
5538,I44673,1600,1200,930,607.6,45,0,n,100
5637,I45421,2000,1200,2350,367.608,45,22,n,100
1186,I09546,1200,1000,930,413.58,45,2,n,100
4802,I38656,1800,1400,1020,303.45,45,11,n,100
95,I00829,1800,1400,1020,303.45,45,11,n,100
191,I01647,1200,1000,975,329.77,45,2,n,100
4695,I37918,1600,1200,930,313.0,45,0,n,100
333,I02431,1800,1400,1020,303.45,45,11,n,100
250,I01984,1910,1200,1295,613.59,45,19,n,100
4066,I33357,1800,1400,1020,303.45,45,11,n,100
5871,I47330,1600,1200,975,460.0,45,0,n,100
2769,I22223,1600,1200,930,364.84,45,0,n,100
2746,I22056,1200,1000,975,336.7,45,2,n,100
2826,I22799,1600,1200,1350,303.92,45,0,n,100
1607,I12658,1600,1200,930,364.84,45,0,n,100
3541,I28684,1600,1200,930,307.13,45,0,n,100
1066,I08371,1200,1000,975,329.77,45,2,n,100
4271,I34851,1600,1200,930,830.32,45,0,n,100
2418,I19537,1200,1000,1155,375.0,0,1,n,100
722,I05375,1800,1200,1350,820.48,45,9,n,100
921,I07059,1200,1000,930,413.58,45,2,n,100
3698,I29725,1600,1200,930,356.2,45,0,n,100
3643,I29494,1600,1200,930,387.3,45,0,n,100
1872,I14724,1600,1200,930,514.24,45,0,n,100
1764,I13746,1600,1200,750,582.6,45,0,n,100
507,I03782,1600,1200,930,547.3,45,0,n,100
990,I07658,1200,1000,1155,366.75,0,1,n,100
4872,I39020,1200,1000,930,340.0,45,2,n,100
1727,I13593,1910,1200,1295,613.59,45,19,n,100
4830,I38798,1600,1200,930,387.3,45,0,n,100
3492,I28465,1910,1200,1295,613.59,45,19,n,100
3280,I26671,1910,1200,1295,613.59,45,19,n,100
5118,I41039,1200,1000,930,319.1,45,2,n,100
6155,I49609,1200,1000,930,414.14,45,2,n,100
771,I06061,1600,1200,930,830.32,45,0,n,100
2332,I18580,1600,1200,930,781.25,45,0,n,100
5931,I47800,1910,1200,1295,613.59,45,19,n,100
2697,I21815,1600,1200,930,364.84,45,0,n,100
2713,I21937,1600,1200,930,551.56,45,0,n,100
400,I02915,1800,1400,1020,303.45,45,11,n,100
3617,I29286,1600,1200,930,358.48,45,0,n,100
3847,I31163,1600,1200,930,551.56,45,0,n,100
4079,I33430,1900,1200,750,845.38,45,6,n,100
5709,I45874,1600,1200,930,438.4,45,0,n,100
1050,I08193,1200,1000,975,329.77,45,2,n,100
2893,I23220,1600,1200,1350,303.92,45,0,n,100
4605,I37281,1600,1200,930,607.6,45,0,n,100
2185,I17403,1800,1400,1020,303.45,45,11,n,100
6202,I49864,1600,1200,930,387.3,45,0,n,100
4993,I39934,1600,1200,930,454.873,45,0,n,100
5681,I45655,1600,1200,930,309.5,45,0,n,100
4489,I36645,1600,1200,930,784.6,45,0,n,100
5370,I43111,1800,1200,1350,820.48,45,9,n,100
1825,I14383,1600,1200,930,546.3,45,0,n,100
4670,I37759,1600,1200,930,356.2,45,0,n,100
5335,I42931,1600,1200,930,356.2,45,0,n,100
1642,I12979,1600,1200,930,370.78,45,0,n,100
6011,I48369,1600,1200,930,663.22,45,0,n,100
4863,I38955,1600,1200,930,387.3,45,0,n,100
1860,I14671,1200,1000,750,351.944,45,2,n,100
5347,I43046,1600,1200,930,387.3,45,0,n,100
502,I03763,1600,1200,930,663.22,45,0,n,100
1359,I10915,1800,1400,1020,303.45,45,11,n,100
3445,I28119,1200,1000,750,305.32,45,2,n,100
7,I00143,1600,1200,930,313.0,45,0,n,100
1428,I11466,1600,1200,930,307.13,45,0,n,100
1799,I14051,1600,1200,930,784.6,45,0,n,100
3764,I30393,1600,1200,750,582.6,45,0,n,100
4908,I39463,1600,1200,930,663.22,45,0,n,100
2882,I23039,1200,1000,930,340.1,45,2,n,100
4395,I35846,1600,1200,930,663.22,45,0,n,100
3439,I28018,2000,1200,545,408.88,45,5,n,100
2342,I18694,1600,1200,930,607.6,45,0,n,100
5588,I45008,1800,1400,1020,303.45,45,11,n,100
3981,I32578,1600,1200,930,358.48,45,0,n,100
1174,I09352,1600,1200,930,387.3,45,0,n,100
2935,I23574,1800,1400,1020,303.45,45,11,n,100
5606,I45165,1600,1200,930,551.56,45,0,n,100
5069,I40550,1200,1000,975,329.77,45,2,n,100
1514,I12145,1800,1400,1020,303.45,45,11,n,100
936,I07117,1600,1200,545,338.52,45,0,n,100
5182,I41611,1900,1200,750,713.62,45,6,n,100
13,I00174,1200,1000,930,704.12,45,2,n,100
1122,I08979,2000,1200,2350,367.608,45,22,n,100
4501,I36681,1600,1200,930,547.3,45,0,n,100
3461,I28332,1600,1200,1350,303.92,45,0,n,100
1029,I08080,1200,1000,930,347.0,45,2,n,100
4070,I33362,1600,1200,930,358.48,45,0,n,100
3237,I26494,1600,1200,930,370.78,45,0,n,100
1858,I14669,1600,1200,750,582.6,45,0,n,100
4937,I39694,1200,1000,975,329.77,45,2,n,100
5285,I42619,1200,1000,975,401.2,45,2,n,100
1249,I10117,1600,1200,1350,303.92,45,0,n,100
3931,I32052,1600,1200,930,356.2,45,0,n,100
1339,I10700,1200,1000,930,414.14,45,2,n,100
4416,I36017,1600,1200,930,356.2,45,0,n,100
4577,I37212,1200,1000,975,329.77,45,2,n,100
2874,I23028,1600,1200,930,356.2,45,0,n,100
5258,I42270,1600,1200,750,323.7,45,0,n,100
897,I06822,1910,1200,1295,613.59,45,19,n,100
472,I03618,1600,1200,930,607.6,45,0,n,100
1141,I09092,1800,1400,1020,303.45,45,11,n,100
4288,I35016,1600,1200,930,356.2,45,0,n,100
3694,I29701,1600,1200,930,356.56,45,0,n,100
3392,I27614,1200,1000,930,704.12,45,2,n,100
2174,I17340,1600,1200,1350,303.92,45,0,n,100
1148,I09157,1200,1000,975,329.77,45,2,n,100
3130,I25319,1200,1000,975,329.77,45,2,n,100
3410,I27863,1600,1200,930,663.22,45,0,n,100
3380,I27463,1800,1200,1350,820.48,45,9,n,100
539,I04060,1600,1200,930,663.22,45,0,n,100
442,I03358,1200,1000,930,413.58,45,2,n,100
5870,I47319,1200,1000,975,329.77,45,2,n,100
1697,I13366,1600,1200,1350,303.92,45,0,n,100
5698,I45810,1600,1200,545,338.16,45,0,n,100
4218,I34585,1600,1200,930,358.48,45,0,n,100
2264,I18184,1910,1200,1295,613.59,45,19,n,100
2076,I16505,1200,1000,545,729.5,45,2,n,100
4304,I35122,1800,1400,1020,303.45,45,11,n,100
5653,I45459,1600,1200,930,356.2,45,0,n,100
3462,I28333,1600,1200,1350,303.92,45,0,n,100
1781,I13968,1600,1200,930,358.48,45,0,n,100
4859,I38949,2000,1200,2350,367.608,45,22,n,100
2888,I23163,1600,1200,750,323.7,45,0,n,100
3334,I27106,1600,1200,930,307.13,45,0,n,100
2074,I16503,1200,1000,975,329.77,45,2,n,100
6225,I50130,1600,1200,930,358.48,45,0,n,100
2591,I21093,1600,1200,930,663.22,45,0,n,100
5432,I43680,2000,1200,2350,367.608,45,22,n,100
3807,I30821,1800,1200,1350,820.48,45,9,n,100
960,I07456,1600,1200,930,547.3,45,0,n,100
1051,I08211,1900,1200,750,845.38,45,6,n,100
2089,I16588,1200,1000,975,329.77,45,2,n,100
4786,I38472,1200,1000,930,340.1,45,2,n,100
5077,I40602,1600,1200,930,784.6,45,0,n,100
5328,I42917,1200,1000,975,329.77,45,2,n,100
2809,I22608,2000,1200,545,408.88,45,5,n,100
4625,I37384,1600,1200,930,438.4,45,0,n,100
285,I02063,1600,1200,930,307.13,45,0,n,100
4098,I33594,1600,1200,930,396.2,45,0,n,100
5480,I44219,1600,1200,930,307.13,45,0,n,100
3163,I25789,1800,1400,1020,303.45,45,11,n,100
2822,I22775,1800,1200,1350,820.48,45,9,n,100
3012,I24132,1900,1200,750,713.62,45,6,n,100
4772,I38414,1200,1000,975,329.77,45,2,n,100
527,I03968,1600,1200,750,582.6,45,0,n,100
6183,I49721,1910,1200,1295,613.59,45,19,n,100
3664,I29596,1600,1200,930,547.3,45,0,n,100
2832,I22811,1200,1000,975,329.77,45,2,n,100
1416,I11393,1800,1200,1350,820.48,45,9,n,100
422,I03220,1200,1000,975,329.77,45,2,n,100
5261,I42333,1600,1200,975,611.224,45,0,n,100
4179,I34248,1600,1200,930,307.13,45,0,n,100
3373,I27403,1600,1200,750,323.7,45,0,n,100
350,I02571,1600,1200,930,358.48,45,0,n,100
3998,I32731,1600,1200,930,607.6,45,0,n,100
1791,I14027,1600,1200,930,309.5,45,0,n,100
2268,I18188,1910,1200,1295,613.59,45,19,n,100
4221,I34608,1910,1200,1295,613.59,45,19,n,100
2696,I21814,1600,1200,930,364.84,45,0,n,100
2374,I19081,1600,1200,930,370.78,45,0,n,100
5050,I40384,1600,1200,930,438.4,45,0,n,100
6275,I50614,1200,1000,975,329.77,45,2,n,100
3220,I26338,1800,1400,1020,303.45,45,11,n,100
3101,I25165,1600,1200,930,358.48,45,0,n,100
4515,I36730,1600,1200,1350,303.92,45,0,n,100
3645,I29496,1600,1200,930,356.56,45,0,n,100
4202,I34463,1600,1200,930,663.22,45,0,n,100
1650,I13014,1200,1000,930,347.0,45,2,n,100
2007,I15945,1800,1200,1350,820.48,45,9,n,100
2806,I22569,1800,1400,1020,303.45,45,11,n,100
1779,I13960,1600,1200,930,551.56,45,0,n,100
2025,I16155,1600,1200,1350,303.92,45,0,n,100
4794,I38556,1200,1000,975,329.77,45,2,n,100
5591,I45011,1800,1400,1020,303.45,45,11,n,100
1813,I14224,1600,1200,930,607.6,45,0,n,100
1283,I10254,1600,1200,930,454.873,45,0,n,100
1891,I14860,1800,1400,1020,303.45,45,11,n,100
5994,I48190,1600,1200,930,663.22,45,0,n,100
3568,I29019,1200,1000,750,351.944,45,2,n,100
1875,I14728,1600,1200,930,356.2,45,0,n,100
453,I03444,1600,1200,1350,303.92,45,0,n,100
2466,I19982,1800,1400,1020,303.45,45,11,n,100
2423,I19551,1600,1200,930,307.13,45,0,n,100
4347,I35571,1600,1200,930,356.56,45,0,n,100
2966,I23763,1800,1400,1020,303.45,45,11,n,100
3880,I31526,1800,1400,1020,303.45,45,11,n,100
5020,I40273,2000,1200,2350,367.608,45,22,n,100
3435,I27997,1800,1400,1020,303.45,45,11,n,100
3542,I28685,1600,1200,930,307.13,45,0,n,100
6190,I49775,1800,1200,1350,820.48,45,9,n,100
3863,I31305,1600,1200,1350,303.92,45,0,n,100
3055,I24698,1600,1200,930,307.13,45,0,n,100
5609,I45224,1600,1200,930,454.873,45,0,n,100
3033,I24366,1800,1200,1350,820.48,45,9,n,100
3057,I24700,1600,1200,930,307.13,45,0,n,100
3084,I24922,1600,1200,930,663.22,45,0,n,100
5927,I47796,1910,1200,1295,613.59,45,19,n,100
2875,I23029,1600,1200,930,356.2,45,0,n,100
5989,I48111,1200,1000,930,347.0,45,2,n,100
2302,I18264,1200,1000,930,413.58,45,2,n,100
4650,I37513,1600,1200,930,364.84,45,0,n,100
5088,I40815,1200,1000,975,401.2,45,2,n,100
3122,I25306,1900,1200,750,845.38,45,6,n,100
3082,I24896,1200,1000,545,729.5,45,2,n,100
3995,I32715,1600,1200,750,323.7,45,0,n,100
1199,I09618,1600,1200,930,356.2,45,0,n,100
3140,I25372,1600,1200,930,358.48,45,0,n,100
5167,I41424,1600,1200,1350,303.92,45,0,n,100
335,I02441,1600,1200,930,356.2,45,0,n,100
2654,I21501,1910,1200,1295,613.59,45,19,n,100
944,I07263,1600,1200,930,551.56,45,0,n,100
2180,I17398,1800,1400,1020,303.45,45,11,n,100
435,I03273,1800,1400,1020,303.45,45,11,n,100
4081,I33432,1600,1200,930,438.4,45,0,n,100
2552,I20727,1200,1000,975,401.2,45,2,n,100
2097,I16677,1200,1000,975,329.77,45,2,n,100
484,I03661,1600,1200,930,307.13,45,0,n,100
1220,I09901,1200,1000,975,329.77,45,2,n,100
4384,I35766,1910,1200,1295,613.59,45,19,n,100
5517,I44495,1200,1000,975,329.77,45,2,n,100
5091,I40910,1200,1000,750,405.72,45,2,n,100
3209,I26143,1200,1000,930,413.58,45,2,n,100
5540,I44675,1600,1200,930,607.6,45,0,n,100
5729,I45930,1600,1200,750,323.7,45,0,n,100
3327,I27056,1600,1200,930,356.2,45,0,n,100
4707,I38064,1600,1200,930,454.873,45,0,n,100
4636,I37444,1600,1200,930,358.48,45,0,n,100
4054,I33268,1600,1200,1350,303.92,45,0,n,100
5655,I45461,1600,1200,545,338.16,45,0,n,100
3113,I25257,1600,1200,930,313.0,45,0,n,100
736,I05604,1600,1200,750,323.7,45,0,n,100
1734,I13600,1910,1200,1295,613.59,45,19,n,100
1087,I08570,1200,1000,930,340.0,45,2,n,100
6051,I48592,1600,1200,930,547.3,45,0,n,100
4603,I37279,1600,1200,930,607.6,45,0,n,100
6158,I49696,1910,1200,1295,613.59,45,19,n,100
5789,I46396,1600,1200,930,364.84,45,0,n,100
1564,I12497,1200,1000,930,413.58,45,2,n,100
5348,I43047,1600,1200,930,387.3,45,0,n,100
5013,I40237,1600,1200,545,338.52,45,0,n,100
209,I01749,1200,1000,545,690.5,45,2,n,100
915,I07004,1600,1200,930,607.6,45,0,n,100
516,I03882,1600,1200,750,323.7,45,0,n,100
31,I00342,1600,1200,930,356.56,45,0,n,100
3960,I32479,1600,1200,930,356.56,45,0,n,100
2884,I23055,1200,1000,975,329.77,45,2,n,100
1889,I14858,1800,1400,1020,303.45,45,11,n,100
1925,I15187,1600,1200,930,307.13,45,0,n,100
261,I01995,1910,1200,1295,613.59,45,19,n,100
3612,I29199,1200,1000,975,329.77,45,2,n,100
2467,I19983,1800,1400,1020,303.45,45,11,n,100
2729,I22008,1800,1400,1020,303.45,45,11,n,100
4630,I37426,2000,1200,2350,367.608,45,22,n,100
190,I01646,1200,1000,975,329.77,45,2,n,100
1705,I13391,1200,1000,545,526.75,45,2,n,100
2202,I17589,1600,1200,930,356.56,45,0,n,100
3846,I31162,1800,1200,1350,820.48,45,9,n,100
968,I07472,1600,1200,930,358.48,45,0,n,100
6161,I49699,1910,1200,1295,613.59,45,19,n,100
4910,I39515,1800,1400,1020,303.45,45,11,n,100
3002,I24070,1600,1200,930,307.13,45,0,n,100
4349,I35593,1600,1200,930,551.56,45,0,n,100
416,I03191,1600,1200,930,307.13,45,0,n,100
5964,I47969,1800,1400,1020,303.45,45,11,n,100
927,I07082,1200,1000,975,337.45,45,2,n,100
3176,I25866,1200,1000,750,305.32,45,2,n,100
2040,I16257,1600,1200,930,663.22,45,0,n,100
2495,I20268,1600,1200,545,338.16,45,0,n,100
3063,I24761,1600,1200,1350,303.92,45,0,n,100
6242,I50296,1600,1200,930,309.5,45,0,n,100
5524,I44509,1600,1200,930,356.2,45,0,n,100
3574,I29025,1600,1200,1350,303.92,45,0,n,100
4746,I38271,1600,1200,1350,303.92,45,0,n,100
1401,I11284,1600,1200,930,663.22,45,0,n,100
976,I07506,1600,1200,750,323.7,45,0,n,100
4367,I35727,2000,1200,545,408.88,45,5,n,100
4159,I34106,1200,1000,975,329.77,45,2,n,100
4550,I36980,1800,1400,1020,303.45,45,11,n,100
2338,I18640,1600,1200,930,387.3,45,0,n,100
1911,I14972,1600,1200,930,370.78,45,0,n,100
1077,I08480,1600,1200,930,370.78,45,0,n,100
1626,I12809,1200,1000,750,318.7,45,2,n,100
456,I03483,1200,1000,545,526.75,45,2,n,100
3396,I27685,1600,1200,930,358.48,45,0,n,100
854,I06642,1600,1200,930,356.2,45,0,n,100
4511,I36725,1600,1200,1350,303.92,45,0,n,100
4324,I35357,1600,1200,1350,303.92,45,0,n,100
4876,I39128,1800,1200,1350,820.48,45,9,n,100
3061,I24741,1600,1200,930,356.2,45,0,n,100
5560,I44742,1600,1200,930,309.5,45,0,n,100
4784,I38469,1600,1200,930,364.84,45,0,n,100
4705,I37973,1600,1200,930,358.48,45,0,n,100
945,I07264,1600,1200,930,551.56,45,0,n,100
3463,I28374,1600,1200,545,338.16,45,0,n,100
5048,I40382,2000,1200,545,408.88,45,5,n,100
3551,I28732,1200,1000,975,401.2,45,2,n,100
5395,I43311,1200,1000,975,329.77,45,2,n,100
3258,I26595,1600,1200,930,547.3,45,0,n,100
3502,I28475,1910,1200,1295,613.59,45,19,n,100
4909,I39500,1200,1000,750,305.32,45,2,n,100
2385,I19128,1600,1200,930,356.56,45,0,n,100
445,I03366,1600,1200,930,307.13,45,0,n,100
3727,I29979,1600,1200,1350,303.92,45,0,n,100
2673,I21632,1600,1200,750,582.6,45,0,n,100
4294,I35088,1200,1000,975,329.77,45,2,n,100
5939,I47808,1910,1200,1295,613.59,45,19,n,100
3286,I26758,1600,1200,975,808.3,45,0,n,100
4847,I38931,2000,1200,2350,367.608,45,22,n,100
2684,I21734,1600,1200,1350,303.92,45,0,n,100
3205,I26123,1600,1200,930,307.13,45,0,n,100
1021,I07932,1200,1000,975,329.77,45,2,n,100
2723,I21996,1200,1000,975,329.77,45,2,n,100
599,I04600,1600,1200,930,551.56,45,0,n,100
2985,I23922,1600,1200,930,370.78,45,0,n,100
3007,I24123,1600,1200,1350,303.92,45,0,n,100
189,I01645,1200,1000,975,329.77,45,2,n,100
298,I02158,1600,1200,930,396.2,45,0,n,100
5256,I42259,1600,1200,930,663.22,45,0,n,100
1519,I12150,1600,1200,930,358.48,45,0,n,100
85,I00809,1200,1000,750,318.7,45,2,n,100
5810,I46612,2000,1200,2350,367.608,45,22,n,100
2058,I16362,1600,1200,930,356.2,45,0,n,100
2842,I22888,1600,1200,930,663.22,45,0,n,100
513,I03879,1600,1200,930,551.56,45,0,n,100
3493,I28466,1910,1200,1295,613.59,45,19,n,100
5161,I41385,1200,1000,930,345.29,45,2,n,100
5057,I40463,1600,1200,930,438.4,45,0,n,100
4208,I34533,1200,1000,750,351.756,45,2,n,100
1617,I12720,1200,1000,1155,373.25,0,1,n,100
4874,I39069,1600,1200,930,663.22,45,0,n,100
1047,I08189,1200,1000,545,526.75,45,2,n,100
2812,I22705,1600,1200,1350,303.92,45,0,n,100
4085,I33436,1600,1200,930,438.4,45,0,n,100
2634,I21481,1910,1200,1295,613.59,45,19,n,100
6085,I48894,1910,1200,1295,613.59,45,19,n,100
4552,I36982,1800,1400,1020,303.45,45,11,n,100
981,I07573,1600,1200,930,356.2,45,0,n,100
3714,I29863,1200,1000,975,329.77,45,2,n,100
4458,I36428,1800,1400,1020,303.45,45,11,n,100
2341,I18693,1600,1200,930,607.6,45,0,n,100
6003,I48300,1200,1000,975,401.2,45,2,n,100
4351,I35598,1600,1200,930,364.84,45,0,n,100
1483,I11878,1600,1200,930,438.4,45,0,n,100
5724,I45897,1600,1200,930,663.22,45,0,n,100
1334,I10665,1600,1200,930,784.6,45,0,n,100
5727,I45928,1600,1200,930,551.56,45,0,n,100
1833,I14439,1600,1200,930,438.4,45,0,n,100
5039,I40349,1600,1200,1350,303.92,45,0,n,100
6052,I48593,1600,1200,930,547.3,45,0,n,100
3429,I27991,1800,1400,1020,303.45,45,11,n,100
4217,I34582,1200,1000,930,340.0,45,2,n,100
4877,I39156,1600,1200,930,364.84,45,0,n,100
2456,I19912,1200,1000,975,329.77,45,2,n,100
4129,I33860,1800,1400,1020,303.45,45,11,n,100
1835,I14441,1600,1200,930,438.4,45,0,n,100
5955,I47891,1200,1000,975,336.7,45,2,n,100
1357,I10913,1800,1400,1020,303.45,45,11,n,100
3423,I27956,1600,1200,930,364.84,45,0,n,100
3759,I30324,2000,1200,545,408.88,45,5,n,100
4435,I36259,1600,1200,930,438.4,45,0,n,100
3235,I26451,1200,1000,930,345.29,45,2,n,100
3290,I26786,1200,1000,975,329.77,45,2,n,100
6247,I50413,1200,1000,975,329.77,45,2,n,100
4546,I36976,1800,1400,1020,303.45,45,11,n,100
2562,I20894,1900,1200,750,845.38,45,6,n,100
2358,I18884,1600,1200,930,356.56,45,0,n,100
1538,I12335,1800,1400,1020,303.45,45,11,n,100
1653,I13045,1200,1000,975,329.77,45,2,n,100
1895,I14864,1600,1200,930,358.48,45,0,n,100
3973,I32524,2000,1200,2350,367.608,45,22,n,100
794,I06128,1600,1200,930,784.6,45,0,n,100
4046,I33130,1200,1000,930,347.0,45,2,n,100
4696,I37919,1600,1200,975,611.224,45,0,n,100
5075,I40563,1600,1200,930,356.2,45,0,n,100
5956,I47892,1200,1000,750,431.704,45,2,n,100
4378,I35760,1910,1200,1295,613.59,45,19,n,100
2902,I23255,1800,1400,1020,303.45,45,11,n,100
1136,I09087,1800,1400,1020,303.45,45,11,n,100
1628,I12813,1600,1200,930,396.2,45,0,n,100
5997,I48194,1600,1200,930,307.13,45,0,n,100
532,I04006,1200,1000,975,329.77,45,2,n,100
3616,I29285,1200,1000,750,431.704,45,2,n,100
3024,I24208,1600,1200,930,364.84,45,0,n,100
1876,I14729,1600,1200,930,356.2,45,0,n,100
4255,I34694,1200,1000,975,329.77,45,2,n,100
4574,I37209,1600,1200,930,358.48,45,0,n,100
6128,I49212,1600,1200,750,323.7,45,0,n,100
4967,I39849,1200,1000,545,526.75,45,2,n,100
4510,I36724,1600,1200,1350,303.92,45,0,n,100
4914,I39525,1600,1200,930,356.56,45,0,n,100
4194,I34344,1600,1200,930,514.24,45,0,n,100
4964,I39824,1600,1200,930,356.56,45,0,n,100
2973,I23816,1600,1200,930,663.22,45,0,n,100
5781,I46285,1600,1200,1350,303.92,45,0,n,100
902,I06827,1910,1200,1295,613.59,45,19,n,100
2700,I21854,1600,1200,930,551.56,45,0,n,100
1524,I12169,1200,1000,930,704.36,45,2,n,100
6071,I48851,1600,1200,975,460.0,45,0,n,100
3307,I26856,1600,1200,930,438.4,45,0,n,100
1487,I11951,1200,1000,930,345.29,45,2,n,100
3731,I30026,1200,1000,750,431.704,45,2,n,100
5242,I42110,1200,1000,545,526.75,45,2,n,100
4287,I35004,1600,1200,930,356.56,45,0,n,100
2968,I23765,1800,1400,1020,303.45,45,11,n,100
4889,I39262,1600,1200,930,551.56,45,0,n,100
3762,I30363,1600,1200,930,663.22,45,0,n,100
1729,I13595,1910,1200,1295,613.59,45,19,n,100
5947,I47883,1600,1200,1350,303.92,45,0,n,100
5123,I41147,1600,1200,930,307.13,45,0,n,100
1570,I12518,1600,1200,930,358.48,45,0,n,100
2165,I17331,2000,1200,545,408.88,45,5,n,100
3825,I31030,1200,1000,975,329.77,45,2,n,100
1998,I15829,1600,1200,930,356.2,45,0,n,100
814,I06320,1600,1200,975,460.0,45,0,n,100
1685,I13283,1200,1000,975,329.77,45,2,n,100
4535,I36898,1600,1200,930,830.32,45,0,n,100
4702,I37951,1200,1000,930,340.1,45,2,n,100
2869,I23016,1600,1200,930,438.4,45,0,n,100
4704,I37972,1200,1000,545,690.5,45,2,n,100
3523,I28563,2000,1200,2350,367.608,45,22,n,100
5820,I46625,1200,1000,975,401.2,45,2,n,100
901,I06826,1910,1200,1295,613.59,45,19,n,100
710,I05347,1800,1400,1020,303.45,45,11,n,100
5316,I42856,1600,1200,930,307.13,45,0,n,100
2659,I21547,1600,1200,750,323.7,45,0,n,100
5979,I48032,1600,1200,1350,303.92,45,0,n,100
686,I05009,1600,1200,930,546.3,45,0,n,100
2942,I23581,1600,1200,930,607.6,45,0,n,100
1469,I11842,1600,1200,1350,303.92,45,0,n,100
4257,I34755,1600,1200,930,307.13,45,0,n,100
461,I03533,1200,1000,975,401.2,45,2,n,100
5819,I46624,1200,1000,930,345.29,45,2,n,100
3092,I25039,1600,1200,930,514.24,45,0,n,100
1961,I15470,1600,1200,930,663.22,45,0,n,100
448,I03403,1200,1000,975,384.74,45,2,n,100
5129,I41168,1600,1200,975,808.3,45,0,n,100
5411,I43528,1600,1200,1350,303.92,45,0,n,100
4692,I37894,1200,1000,545,526.75,45,2,n,100
4632,I37428,2000,1200,2350,367.608,45,22,n,100
218,I01763,1200,1000,645,330.5,0,1,n,100
1425,I11440,1200,1000,750,351.944,45,2,n,100
421,I03219,1200,1000,975,329.77,45,2,n,100
4401,I35876,1800,1200,1350,820.48,45,9,n,100
1368,I10989,1600,1200,930,784.6,45,0,n,100
2095,I16674,1600,1200,930,313.0,45,0,n,100
3434,I27996,1800,1400,1020,303.45,45,11,n,100
2427,I19623,1600,1200,930,663.22,45,0,n,100
3405,I27769,1200,1000,1155,366.75,0,1,n,100
1477,I11872,1200,1000,930,345.29,45,2,n,100
5284,I42606,1600,1200,930,663.22,45,0,n,100
2300,I18255,1600,1200,930,454.873,45,0,n,100
956,I07452,1600,1200,930,547.3,45,0,n,100
5033,I40334,1600,1200,930,607.6,45,0,n,100
3071,I24793,1600,1200,930,663.22,45,0,n,100
5483,I44232,1200,1000,975,708.0,45,2,n,100
4454,I36373,1600,1200,930,551.56,45,0,n,100
11,I00170,1600,1200,930,551.56,45,0,n,100
4759,I38317,1600,1200,930,551.56,45,0,n,100
4154,I34096,1800,1400,1020,303.45,45,11,n,100
2026,I16156,1600,1200,1350,303.92,45,0,n,100
892,I06817,1910,1200,1295,613.59,45,19,n,100
5101,I40974,1200,1000,930,347.0,45,2,n,100
370,I02696,1600,1200,930,356.2,45,0,n,100
1942,I15357,1600,1200,930,356.2,45,0,n,100
1530,I12280,2000,1200,545,408.88,45,5,n,100
5535,I44661,1600,1200,1350,303.92,45,0,n,100
4086,I33438,2000,1200,545,408.88,45,5,n,100
5941,I47810,1910,1200,1295,613.59,45,19,n,100
4332,I35472,1600,1200,750,323.7,45,0,n,100
4388,I35770,1910,1200,1295,613.59,45,19,n,100
4195,I34353,1600,1200,930,364.84,45,0,n,100
171,I01434,1600,1200,1350,303.92,45,0,n,100
3411,I27864,2000,1200,2350,367.608,45,22,n,100
633,I04770,1800,1400,1020,303.45,45,11,n,100
4767,I38342,1200,1000,975,329.77,45,2,n,100
5421,I43581,1600,1200,930,307.13,45,0,n,100
4005,I32804,1200,1000,975,308.76,45,2,n,100
1020,I07931,1200,1000,975,329.77,45,2,n,100
3593,I29106,1200,1000,975,329.77,45,2,n,100
4855,I38945,2000,1200,2350,367.608,45,22,n,100
948,I07287,1200,1000,750,431.704,45,2,n,100
985,I07611,1600,1200,750,582.6,45,0,n,100
1500,I12058,1600,1200,545,338.52,45,0,n,100
5301,I42773,1600,1200,930,547.3,45,0,n,100
1331,I10574,1600,1200,1350,303.92,45,0,n,100
1947,I15380,1800,1200,1350,820.48,45,9,n,100
3211,I26145,1600,1200,930,356.56,45,0,n,100
2908,I23295,1200,1000,975,329.77,45,2,n,100
4060,I33351,1800,1400,1020,303.45,45,11,n,100
443,I03360,2000,1200,545,408.88,45,5,n,100
972,I07477,1600,1200,930,356.56,45,0,n,100
4094,I33568,1600,1200,1350,303.92,45,0,n,100
1873,I14725,2400,1200,1490,340.5,45,24,n,5
4634,I37442,1600,1200,930,607.6,45,0,n,100
2520,I20491,1200,1000,975,401.2,45,2,n,100
3224,I26350,1200,1000,930,345.29,45,2,n,100
4727,I38145,1600,1200,1350,303.92,45,0,n,100
360,I02638,1600,1200,930,547.3,45,0,n,100
4900,I39401,1800,1200,1350,820.48,45,9,n,100
2691,I21796,1600,1200,930,307.13,45,0,n,100
585,I04492,1200,1000,975,329.77,45,2,n,100
1894,I14863,1600,1200,930,358.48,45,0,n,100
2070,I16491,1600,1200,930,784.6,45,0,n,100
373,I02699,1600,1200,930,356.2,45,0,n,100
2668,I21590,1800,1200,1350,820.48,45,9,n,100
2879,I23034,1600,1200,930,551.56,45,0,n,100
5580,I44959,1600,1200,930,438.4,45,0,n,100
4862,I38952,2000,1200,2350,367.608,45,22,n,100
4082,I33433,1600,1200,930,438.4,45,0,n,100
4199,I34411,1600,1200,975,460.0,45,0,n,100
852,I06640,1600,1200,930,356.2,45,0,n,100
25,I00309,1600,1200,930,387.3,45,0,n,100
5549,I44722,1600,1200,930,438.4,45,0,n,100
226,I01836,1200,1000,975,329.77,45,2,n,100
4110,I33666,1600,1200,930,364.84,45,0,n,100
2890,I23211,1200,1000,930,614.16,45,2,n,100
4023,I32943,1600,1200,930,307.13,45,0,n,100
5525,I44510,1600,1200,930,356.2,45,0,n,100
2296,I18251,1200,1000,975,329.77,45,2,n,100
5975,I48028,1600,1200,750,323.7,45,0,n,100
3552,I28777,1800,1200,1350,820.48,45,9,n,100
1082,I08540,1600,1200,930,364.84,45,0,n,100
3585,I29055,2000,1200,2350,367.608,45,22,n,100
3808,I30822,1800,1200,1350,820.48,45,9,n,100
3042,I24533,1800,1200,1350,820.48,45,9,n,100
1120,I08959,1600,1200,930,607.6,45,0,n,100
4234,I34621,1910,1200,1295,613.59,45,19,n,100
3986,I32605,1600,1200,930,454.873,45,0,n,100
111,I01022,1600,1200,930,356.2,45,0,n,100
4673,I37764,1600,1200,975,460.0,45,0,n,100
5999,I48196,1600,1200,1350,303.92,45,0,n,100
816,I06322,1600,1200,930,396.2,45,0,n,100
5403,I43476,1600,1200,930,307.13,45,0,n,100
3536,I28672,1800,1400,1020,303.45,45,11,n,100
4832,I38800,1200,1000,930,345.29,45,2,n,100
5587,I45001,1600,1200,1350,303.92,45,0,n,100
2311,I18435,1600,1200,930,396.2,45,0,n,100
1464,I11814,1600,1200,545,338.52,45,0,n,100
262,I01996,1910,1200,1295,613.59,45,19,n,100
2862,I23009,1600,1200,930,438.4,45,0,n,100
5056,I40462,1600,1200,930,438.4,45,0,n,100
5573,I44927,1600,1200,930,356.2,45,0,n,100
5108,I41020,1600,1200,930,356.2,45,0,n,100
256,I01990,1910,1200,1295,613.59,45,19,n,100
6217,I50040,1600,1200,930,607.6,45,0,n,100
2878,I23032,1600,1200,750,323.7,45,0,n,100
6060,I48756,1600,1200,930,307.13,45,0,n,100
3072,I24795,1600,1200,930,356.2,45,0,n,100
1196,I09615,1600,1200,930,356.56,45,0,n,100
2824,I22777,1800,1200,1350,820.48,45,9,n,100
6057,I48656,1200,1000,975,401.2,45,2,n,100
1698,I13367,1200,1000,975,329.77,45,2,n,100
4551,I36981,1800,1400,1020,303.45,45,11,n,100
1973,I15494,1600,1200,750,582.6,45,0,n,100
4590,I37263,1910,1200,1295,613.59,45,19,n,100
5229,I42074,1600,1200,750,323.7,45,0,n,100
253,I01987,1910,1200,1295,613.59,45,19,n,100
379,I02813,1800,1400,1020,303.45,45,11,n,100
3365,I27358,1200,1000,930,414.14,45,2,n,100
2612,I21313,2000,1200,2350,367.608,45,22,n,100
2545,I20693,1600,1200,930,607.6,45,0,n,100
229,I01894,1600,1200,930,387.3,45,0,n,100
5873,I47342,1600,1200,930,356.2,45,0,n,100
395,I02910,1800,1400,1020,303.45,45,11,n,100
5195,I41764,1600,1200,930,358.48,45,0,n,100
2107,I16728,1800,1400,1020,303.45,45,11,n,100
5493,I44282,1600,1200,930,438.4,45,0,n,100
57,I00515,1200,1000,975,329.77,45,2,n,100
5924,I47772,1200,1000,930,347.0,45,2,n,100
1140,I09091,1800,1400,1020,303.45,45,11,n,100
5581,I44960,1600,1200,930,438.4,45,0,n,100
3912,I31858,1600,1200,930,607.6,45,0,n,100
2100,I16714,1600,1200,930,663.22,45,0,n,100
1068,I08373,1200,1000,975,329.77,45,2,n,100
2546,I20701,1600,1200,930,356.56,45,0,n,100
3141,I25373,1600,1200,930,607.6,45,0,n,100
3166,I25792,1800,1400,1020,303.45,45,11,n,100
4856,I38946,2000,1200,2350,367.608,45,22,n,100
2038,I16201,1600,1200,930,358.48,45,0,n,100
6116,I49029,1200,1000,930,347.0,45,2,n,100
2955,I23703,1600,1200,930,551.56,45,0,n,100
2899,I23252,1800,1400,1020,303.45,45,11,n,100
5116,I41037,1600,1200,975,611.224,45,0,n,100
5132,I41186,1800,1400,1020,303.45,45,11,n,100
1193,I09567,1600,1200,930,514.24,45,0,n,100
1992,I15820,1600,1200,1350,303.92,45,0,n,100
1190,I09561,1600,1200,930,307.13,45,0,n,100
564,I04286,1600,1200,930,356.2,45,0,n,100
6096,I48905,1910,1200,1295,613.59,45,19,n,100
1581,I12559,1600,1200,1350,303.92,45,0,n,100
6223,I50128,1200,1000,975,337.45,45,2,n,100
2796,I22416,1600,1200,975,460.0,45,0,n,100
3810,I30834,1600,1200,930,307.13,45,0,n,100
2497,I20285,1200,1000,975,329.77,45,2,n,100
2424,I19552,1200,1000,975,401.2,45,2,n,100
4457,I36427,1800,1400,1020,303.45,45,11,n,100
93,I00827,1800,1400,1020,303.45,45,11,n,100
1700,I13370,1600,1200,1350,303.92,45,0,n,100
3440,I28019,2000,1200,545,408.88,45,5,n,100
1188,I09559,1600,1200,930,307.13,45,0,n,100
3776,I30590,1200,1000,930,347.0,45,2,n,100
1787,I13996,1600,1200,930,387.3,45,0,n,100
2137,I17096,1600,1200,1350,303.92,45,0,n,100
2819,I22745,1600,1200,930,607.6,45,0,n,100
2614,I21315,2000,1200,2350,367.608,45,22,n,100
1914,I15038,1200,1000,750,405.72,45,2,n,100
4038,I33052,1600,1200,545,338.16,45,0,n,100
1980,I15704,1600,1200,930,356.56,45,0,n,100
4289,I35017,1600,1200,545,338.16,45,0,n,100
5695,I45796,1600,1200,930,356.2,45,0,n,100
2863,I23010,1600,1200,930,438.4,45,0,n,100
310,I02222,1200,1000,930,345.29,45,2,n,100
2243,I18034,1200,1000,930,414.14,45,2,n,100
5547,I44720,1600,1200,930,438.4,45,0,n,100
1387,I11111,1200,1000,975,329.77,45,2,n,100
5857,I46998,1600,1200,930,781.25,45,0,n,100
3100,I25164,2000,1200,545,408.88,45,5,n,100
213,I01758,1600,1200,930,438.4,45,0,n,100
2245,I18079,1600,1200,930,551.56,45,0,n,100
4969,I39857,1910,1200,1295,613.59,45,19,n,100
3899,I31736,1600,1200,930,607.6,45,0,n,100
369,I02688,1600,1200,930,387.3,45,0,n,100
324,I02422,1800,1400,1020,303.45,45,11,n,100
3306,I26855,1600,1200,930,438.4,45,0,n,100
705,I05325,1600,1200,930,438.4,45,0,n,100
1189,I09560,1600,1200,930,307.13,45,0,n,100
5577,I44956,1600,1200,930,438.4,45,0,n,100
3433,I27995,1800,1400,1020,303.45,45,11,n,100
270,I02004,1910,1200,1295,613.59,45,19,n,100
4417,I36026,1600,1200,930,387.3,45,0,n,100
4186,I34296,1600,1200,930,358.48,45,0,n,100
1118,I08934,1600,1200,545,338.16,45,0,n,100
5027,I40290,1600,1200,930,387.3,45,0,n,100
5966,I47971,1800,1400,1020,303.45,45,11,n,100
4452,I36371,1600,1200,930,551.56,45,0,n,100
4490,I36652,1600,1200,930,663.22,45,0,n,100
4135,I33907,1600,1200,975,808.3,45,0,n,100
1859,I14670,1200,1000,750,351.944,45,2,n,100
1173,I09351,1600,1200,930,387.3,45,0,n,100
2943,I23582,1200,1000,930,414.14,45,2,n,100
2657,I21521,1900,1200,750,713.62,45,6,n,100
3246,I26539,1600,1200,930,356.2,45,0,n,100
286,I02064,1600,1200,930,307.13,45,0,n,100
3692,I29696,1800,1400,1020,303.45,45,11,n,100
3182,I25909,1600,1200,1350,303.92,45,0,n,100
644,I04782,1600,1200,930,356.56,45,0,n,100
541,I04084,1600,1200,930,358.48,45,0,n,100
4912,I39517,1600,1200,975,808.3,45,0,n,100
2894,I23221,1600,1200,1350,303.92,45,0,n,100
860,I06663,1800,1400,1020,303.45,45,11,n,100
521,I03913,1200,1000,545,729.5,45,2,n,100
366,I02644,1600,1200,930,547.3,45,0,n,100
5757,I46087,1800,1400,1020,303.45,45,11,n,100
2258,I18178,1910,1200,1295,613.59,45,19,n,100
4203,I34464,1600,1200,930,663.22,45,0,n,100
5913,I47720,1600,1200,930,396.2,45,0,n,100
1979,I15703,1600,1200,930,356.56,45,0,n,100
2921,I23434,1600,1200,1350,303.92,45,0,n,100
5415,I43569,1600,1200,930,307.13,45,0,n,100
1572,I12523,1200,1000,975,329.77,45,2,n,100
5562,I44755,1200,1000,975,401.2,45,2,n,100
5937,I47806,1910,1200,1295,613.59,45,19,n,100
658,I04819,1600,1200,930,547.3,45,0,n,100
1080,I08489,1600,1200,930,358.48,45,0,n,100
3686,I29690,1800,1400,1020,303.45,45,11,n,100
63,I00572,1200,1000,930,414.14,45,2,n,100
1110,I08868,1800,1400,1020,303.45,45,11,n,100
3369,I27373,1600,1200,930,551.56,45,0,n,100
4911,I39516,1800,1400,1020,303.45,45,11,n,100
926,I07070,1200,1000,545,526.75,45,2,n,100
2383,I19126,1600,1200,930,356.56,45,0,n,100
3028,I24250,1600,1200,930,546.3,45,0,n,100
2836,I22857,1600,1200,545,338.16,45,0,n,100
518,I03890,2000,1200,545,408.88,45,5,n,100
1422,I11433,1600,1200,930,358.48,45,0,n,100
5066,I40499,1200,1000,930,345.29,45,2,n,100
5025,I40288,1600,1200,930,309.5,45,0,n,100
2376,I19083,1200,1000,930,347.0,45,2,n,100
2120,I16901,1900,1200,750,713.62,45,6,n,100
2676,I21642,1200,1000,975,329.77,45,2,n,100
3956,I32371,1200,1000,750,431.704,45,2,n,100
4629,I37425,2000,1200,2350,367.608,45,22,n,100
3331,I27103,1600,1200,930,307.13,45,0,n,100
797,I06166,1200,1000,930,414.14,45,2,n,100
4031,I33020,1600,1200,930,364.84,45,0,n,100
5843,I46841,1600,1200,930,356.56,45,0,n,100
4240,I34627,1910,1200,1295,613.59,45,19,n,100
4273,I34860,1600,1200,930,551.56,45,0,n,100
1984,I15764,1600,1200,930,356.2,45,0,n,100
2620,I21348,1600,1200,1350,303.92,45,0,n,100
3123,I25307,1600,1200,975,460.0,45,0,n,100
4714,I38074,1200,1000,750,351.756,45,2,n,100
2105,I16726,1200,1000,975,329.77,45,2,n,100
2251,I18129,1600,1200,930,307.13,45,0,n,100
5511,I44390,1600,1200,930,307.13,45,0,n,100
3600,I29117,2000,1200,2350,367.608,45,22,n,100
3016,I24174,1800,1400,1020,303.45,45,11,n,100
5715,I45885,1600,1200,1350,303.92,45,0,n,100
3675,I29646,1600,1200,1350,303.92,45,0,n,100
1001,I07749,1600,1200,930,607.6,45,0,n,100
5664,I45546,1200,1000,975,329.77,45,2,n,100
5145,I41243,1200,1000,930,340.1,45,2,n,100
5231,I42079,1600,1200,930,307.13,45,0,n,100
6093,I48902,1910,1200,1295,613.59,45,19,n,100
566,I04349,1200,1000,975,329.77,45,2,n,100
3025,I24209,1600,1200,975,460.0,45,0,n,100
1531,I12323,2000,1200,545,408.88,45,5,n,100
4587,I37260,1910,1200,1295,613.59,45,19,n,100
954,I07449,1200,1000,930,414.14,45,2,n,100
5662,I45544,1200,1000,975,329.77,45,2,n,100
1100,I08792,1600,1200,930,307.13,45,0,n,100
1551,I12420,1600,1200,930,547.3,45,0,n,100
5419,I43579,1600,1200,930,307.13,45,0,n,100
748,I05775,1200,1000,930,414.14,45,2,n,100
2023,I16153,1600,1200,1350,303.92,45,0,n,100
2150,I17192,1800,1400,1020,303.45,45,11,n,100
4383,I35765,1910,1200,1295,613.59,45,19,n,100
6214,I50023,1600,1200,930,551.56,45,0,n,100
505,I03767,1600,1200,930,438.4,45,0,n,100
1327,I10553,1800,1400,1020,303.45,45,11,n,100
2615,I21316,2000,1200,2350,367.608,45,22,n,100
5900,I47617,1200,1000,975,401.2,45,2,n,100
3275,I26666,1910,1200,1295,613.59,45,19,n,100
3921,I31898,1600,1200,930,607.6,45,0,n,100
5582,I44961,1600,1200,930,438.4,45,0,n,100
4667,I37755,1600,1200,930,356.2,45,0,n,100
4773,I38415,1200,1000,975,329.77,45,2,n,100
1554,I12423,1600,1200,930,547.3,45,0,n,100
2982,I23854,1200,1000,975,329.77,45,2,n,100
831,I06380,1800,1400,1020,303.45,45,11,n,100
5756,I46073,1600,1200,930,547.3,45,0,n,100
2980,I23852,1600,1200,1350,312.72,45,0,n,100
3135,I25355,1800,1200,1350,820.48,45,9,n,100
1638,I12864,1600,1200,750,323.7,45,0,n,100
1218,I09835,1600,1200,930,356.56,45,0,n,100
4554,I36984,1800,1400,1020,303.45,45,11,n,100
4204,I34465,1600,1200,975,611.224,45,0,n,100
2124,I16993,2000,1200,545,408.88,45,5,n,100
1178,I09397,2000,1200,545,408.88,45,5,n,100
2351,I18815,1600,1200,930,547.3,45,0,n,100
1304,I10452,1600,1200,930,364.84,45,0,n,100
2644,I21491,1910,1200,1295,613.59,45,19,n,100
103,I00993,1200,1000,975,329.77,45,2,n,100
3247,I26540,1600,1200,930,356.2,45,0,n,100
1108,I08866,1800,1400,1020,303.45,45,11,n,100
169,I01432,1600,1200,1350,303.92,45,0,n,100
4210,I34553,1200,1000,975,329.77,45,2,n,100
178,I01524,1600,1200,975,611.224,45,0,n,100
5172,I41490,1600,1200,930,387.3,45,0,n,100
3278,I26669,1910,1200,1295,613.59,45,19,n,100
3020,I24197,1200,1000,975,329.77,45,2,n,100
396,I02911,1800,1400,1020,303.45,45,11,n,100
3005,I24094,1600,1200,930,396.2,45,0,n,100
984,I07610,1200,1000,975,329.77,45,2,n,100
2679,I21716,1200,1000,930,347.0,45,2,n,100
3548,I28720,1600,1200,930,607.6,45,0,n,100
5183,I41617,1200,1000,545,526.75,45,2,n,100
3086,I24944,1200,1000,545,690.5,45,2,n,100
1074,I08466,1200,1000,930,345.29,45,2,n,100
3518,I28500,1600,1200,1350,303.92,45,0,n,100
241,I01970,1800,1400,1020,303.45,45,11,n,100
1708,I13399,1600,1200,930,396.2,45,0,n,100
5798,I46560,1600,1200,930,396.2,45,0,n,100
1587,I12570,1800,1200,1350,820.48,45,9,n,100
4906,I39425,1600,1200,930,356.2,45,0,n,100
4894,I39267,1600,1200,930,307.13,45,0,n,100
5958,I47905,1600,1200,930,356.2,45,0,n,100
2078,I16532,1200,1000,975,401.2,45,2,n,100
964,I07467,1600,1200,930,607.6,45,0,n,100
5848,I46914,2000,1200,2350,367.608,45,22,n,100
3121,I25302,1200,1000,750,431.704,45,2,n,100
4934,I39690,1200,1000,930,347.0,45,2,n,100
3221,I26339,1800,1400,1020,303.45,45,11,n,100
3961,I32480,1600,1200,930,356.56,45,0,n,100
1948,I15381,1600,1200,930,356.2,45,0,n,100
114,I01030,1600,1200,545,338.16,45,0,n,100
2324,I18543,1600,1200,1350,303.92,45,0,n,100
4542,I36948,1200,1000,930,413.58,45,2,n,100
4055,I33269,1600,1200,1350,303.92,45,0,n,100
2365,I19010,1200,1000,750,351.944,45,2,n,100
219,I01764,1200,1000,645,330.5,0,1,n,100
3110,I25248,1600,1200,930,356.2,45,0,n,100
5602,I45056,1200,1000,975,329.77,45,2,n,100
2286,I18211,1200,1000,545,526.75,45,2,n,100
891,I06816,1910,1200,1295,613.59,45,19,n,100
3668,I29606,1800,1200,1350,820.48,45,9,n,100
3217,I26290,1600,1200,930,364.84,45,0,n,100
2702,I21856,1600,1200,930,551.56,45,0,n,100
1612,I12677,1600,1200,930,307.13,45,0,n,100
5068,I40521,1600,1200,930,356.2,45,0,n,100
4726,I38144,1600,1200,1350,303.92,45,0,n,100
1364,I10931,2000,1200,2350,367.608,45,22,n,100
2904,I23257,1800,1400,1020,303.45,45,11,n,100
1073,I08397,1600,1200,930,396.2,45,0,n,100
5741,I46033,1600,1200,750,323.7,45,0,n,100
4718,I38086,2000,1200,2350,367.608,45,22,n,100
380,I02814,1800,1400,1020,303.45,45,11,n,100
1474,I11855,1600,1200,930,830.32,45,0,n,100
900,I06825,1910,1200,1295,613.59,45,19,n,100
2885,I23056,1200,1000,545,690.5,45,2,n,100
425,I03225,1600,1200,1350,303.92,45,0,n,100
4017,I32868,1200,1000,930,414.14,45,2,n,100
4675,I37805,1200,1000,975,329.77,45,2,n,100
5196,I41765,1600,1200,930,358.48,45,0,n,100
4147,I34089,1200,1000,545,729.5,45,2,n,100
560,I04270,1200,1000,975,329.77,45,2,n,100
4748,I38273,1800,1400,1020,303.45,45,11,n,100
6168,I49706,1910,1200,1295,613.59,45,19,n,100
4530,I36816,1600,1200,930,663.22,45,0,n,100
3015,I24173,1800,1400,1020,303.45,45,11,n,100
2384,I19127,1600,1200,930,356.56,45,0,n,100
988,I07630,1600,1200,930,396.2,45,0,n,100
181,I01559,1600,1200,930,356.2,45,0,n,100
2672,I21631,1600,1200,975,460.0,45,0,n,100
1397,I11277,1200,1000,545,526.75,45,2,n,100
5107,I41019,1600,1200,930,356.2,45,0,n,100
3949,I32214,1200,1000,750,351.756,45,2,n,100
5365,I43102,1910,1200,1295,613.59,45,19,n,100
2516,I20457,1600,1200,750,323.7,45,0,n,100
2651,I21498,1910,1200,1295,613.59,45,19,n,100
2127,I16996,2000,1600,1370,339.6,45,26,n,100
4312,I35160,1200,1000,750,318.7,45,2,n,100
6019,I48471,1600,1200,930,547.3,45,0,n,100
4283,I34960,1200,1000,975,329.77,45,2,n,100
2139,I17112,1200,1000,930,413.58,45,2,n,100
1187,I09558,1600,1200,930,307.13,45,0,n,100
4116,I33774,1600,1200,975,391.432,45,0,n,100
3555,I28790,1600,1200,930,663.22,45,0,n,100
4015,I32839,1600,1200,930,307.13,45,0,n,100
2650,I21497,1910,1200,1295,613.59,45,19,n,100
5574,I44928,1600,1200,930,356.2,45,0,n,100
869,I06768,1800,1400,1020,303.45,45,11,n,100
1517,I12148,1800,1400,1020,303.45,45,11,n,100
2749,I22116,1200,1000,975,401.2,45,2,n,100
3346,I27205,1600,1200,930,309.5,45,0,n,100
3124,I25308,1600,1200,930,356.2,45,0,n,100
1169,I09322,1600,1200,930,356.2,45,0,n,100
871,I06775,1600,1200,930,364.84,45,0,n,100
6159,I49697,1910,1200,1295,613.59,45,19,n,100
813,I06303,1600,1200,930,551.56,45,0,n,100
2330,I18569,1800,1200,1350,820.48,45,9,n,100
39,I00398,1600,1200,1350,303.92,45,0,n,100
83,I00807,1600,1200,975,808.3,45,0,n,100
1503,I12075,1600,1200,930,663.22,45,0,n,100
577,I04458,1600,1200,930,364.84,45,0,n,100
5144,I41239,1200,1000,750,318.7,45,2,n,100
2111,I16732,1800,1400,1020,303.45,45,11,n,100
643,I04781,1200,1000,930,704.36,45,2,n,100
5270,I42425,1600,1200,930,356.2,45,0,n,100
3385,I27489,1800,1200,1350,820.48,45,9,n,100
612,I04641,1200,1000,545,729.5,45,2,n,100
2450,I19873,1600,1200,930,551.56,45,0,n,100
5702,I45855,1600,1200,930,551.56,45,0,n,100
5751,I46068,1600,1200,930,547.3,45,0,n,100
6180,I49718,1910,1200,1295,613.59,45,19,n,100
4898,I39310,1200,1000,975,329.77,45,2,n,100
675,I04948,1200,1000,975,401.2,45,2,n,100
283,I02052,1600,1200,930,356.56,45,0,n,100
3738,I30137,1200,1000,545,690.5,45,2,n,100
1923,I15185,1600,1200,930,307.13,45,0,n,100
660,I04833,1600,1200,930,830.32,45,0,n,100
4968,I39856,1910,1200,1295,613.59,45,19,n,100
2544,I20692,1600,1200,930,607.6,45,0,n,100
2782,I22298,1600,1200,930,551.56,45,0,n,100
2909,I23324,1200,1000,930,347.0,45,2,n,100
801,I06232,1600,1200,1350,303.92,45,0,n,100
4733,I38199,1800,1200,1350,820.48,45,9,n,100
5239,I42106,1200,1000,930,414.14,45,2,n,100
2046,I16263,1600,1200,930,547.3,45,0,n,100
5458,I44091,1600,1200,930,358.48,45,0,n,100
5496,I44291,1600,1200,930,663.22,45,0,n,100
1940,I15355,1600,1200,930,663.22,45,0,n,100
2083,I16558,1800,1400,1020,303.45,45,11,n,100
4852,I38936,2000,1200,2350,367.608,45,22,n,100
5217,I41983,1600,1200,930,396.2,45,0,n,100
862,I06696,1600,1200,930,546.3,45,0,n,100
4305,I35123,1800,1400,1020,303.45,45,11,n,100
4213,I34556,1200,1000,975,329.77,45,2,n,100
2738,I22017,1600,1200,545,338.52,45,0,n,100
3983,I32581,1600,1200,930,551.56,45,0,n,100
2453,I19887,1600,1200,1350,303.92,45,0,n,100
3430,I27992,1800,1400,1020,303.45,45,11,n,100
4353,I35605,1600,1200,930,307.13,45,0,n,100
1213,I09798,1200,1000,975,401.2,45,2,n,100
6064,I48760,1600,1200,930,307.13,45,0,n,100
1453,I11637,1600,1200,1350,303.92,45,0,n,100
4538,I36912,1200,1000,975,329.77,45,2,n,100
4962,I39822,1600,1200,930,663.22,45,0,n,100
5673,I45629,1800,1400,1020,303.45,45,11,n,100
5665,I45560,1600,1200,930,607.6,45,0,n,100
1730,I13596,1910,1200,1295,613.59,45,19,n,100
2196,I17480,1600,1200,930,313.0,45,0,n,100
5837,I46828,1800,1200,1350,820.48,45,9,n,100
538,I04059,1600,1200,930,663.22,45,0,n,100
4150,I34092,1800,1400,1020,303.45,45,11,n,100
5219,I41994,1200,1000,545,526.75,45,2,n,100
3029,I24301,1600,1200,750,323.7,45,0,n,100
808,I06259,2000,1200,2350,367.608,45,22,n,100
5018,I40271,2000,1200,2350,367.608,45,22,n,100
5269,I42424,1600,1200,930,356.2,45,0,n,100
5036,I40344,1600,1200,930,438.4,45,0,n,100
4648,I37502,1600,1200,930,547.3,45,0,n,100
1880,I14761,1600,1200,930,358.48,45,0,n,100
4429,I36223,1600,1200,930,551.56,45,0,n,100
5557,I44730,1200,1000,975,329.77,45,2,n,100
20,I00276,1200,1000,930,617.24,45,2,n,100
239,I01968,1800,1400,1020,303.45,45,11,n,100
751,I05781,1600,1200,1350,303.92,45,0,n,100
3150,I25483,1600,1200,930,309.5,45,0,n,100
5314,I42838,1200,1000,930,704.12,45,2,n,100
4835,I38806,1600,1200,1350,303.92,45,0,n,100
113,I01024,1600,1200,930,356.2,45,0,n,100
3313,I26933,1600,1200,930,551.56,45,0,n,100
974,I07483,1200,1000,930,414.14,45,2,n,100
2976,I23819,1600,1200,930,547.3,45,0,n,100
5126,I41159,1900,1200,750,845.38,45,6,n,100
2574,I20938,1200,1000,930,414.14,45,2,n,100
1436,I11495,1200,1000,930,704.12,45,2,n,100
4099,I33595,1600,1200,930,396.2,45,0,n,100
5601,I45055,1200,1000,975,329.77,45,2,n,100
4828,I38796,1600,1200,975,460.0,45,0,n,100
1224,I09928,1600,1200,930,607.6,45,0,n,100
3845,I31161,1800,1200,1350,820.48,45,9,n,100
884,I06809,1910,1200,1295,613.59,45,19,n,100
3261,I26598,1600,1200,930,547.3,45,0,n,100
1089,I08593,1600,1200,930,358.48,45,0,n,100
5611,I45226,1200,1000,975,465.1,45,2,n,100
1180,I09434,2000,1200,2350,367.608,45,22,n,100
3560,I28895,1200,1000,750,351.756,45,2,n,100
2169,I17335,1600,1200,930,387.3,45,0,n,100
1718,I13548,1200,1000,930,347.0,45,2,n,100
3688,I29692,1800,1400,1020,303.45,45,11,n,100
547,I04116,1600,1200,930,370.78,45,0,n,100
4509,I36723,1600,1200,1350,303.92,45,0,n,100
402,I02985,1200,1000,930,347.0,45,2,n,100
347,I02533,1200,1000,975,337.45,45,2,n,100
645,I04783,1600,1200,930,356.56,45,0,n,100
403,I02986,1200,1000,750,351.944,45,2,n,100
3637,I29375,1600,1200,975,460.0,45,0,n,100
5104,I40997,1200,1000,975,384.74,45,2,n,100
3913,I31859,1600,1200,930,607.6,45,0,n,100
5996,I48193,1600,1200,930,307.13,45,0,n,100
4777,I38433,1200,1000,975,329.77,45,2,n,100
4219,I34586,1600,1200,930,358.48,45,0,n,100
1829,I14432,1200,1000,975,329.77,45,2,n,100
864,I06762,1600,1200,930,370.78,45,0,n,100
5852,I46948,1600,1200,930,663.22,45,0,n,100
3077,I24814,1600,1200,930,356.2,45,0,n,100
4162,I34111,1600,1200,930,358.48,45,0,n,100
2071,I16498,1600,1200,930,356.2,45,0,n,100
6030,I48493,1600,1200,930,307.13,45,0,n,100
3870,I31458,1600,1200,930,784.6,45,0,n,100
1448,I11607,1900,1200,750,845.38,45,6,n,100
4529,I36815,1600,1200,930,663.22,45,0,n,100
5103,I40983,1200,1000,930,413.58,45,2,n,100
4644,I37498,1600,1200,930,547.3,45,0,n,100
4820,I38769,1600,1200,545,338.16,45,0,n,100
53,I00477,1200,1000,975,329.77,45,2,n,100
2936,I23575,1800,1400,1020,303.45,45,11,n,100
2913,I23380,1200,1000,975,329.77,45,2,n,100
3667,I29605,1800,1200,1350,820.48,45,9,n,100
823,I06364,1600,1200,930,370.78,45,0,n,100
6082,I48891,1910,1200,1295,613.59,45,19,n,100
5223,I42059,1600,1200,930,356.56,45,0,n,100
1848,I14531,1600,1200,930,663.22,45,0,n,100
1906,I14960,1600,1200,930,370.78,45,0,n,100
3553,I28783,1600,1200,975,460.0,45,0,n,100
3251,I26545,1200,1000,975,329.77,45,2,n,100
5175,I41500,1600,1200,930,370.78,45,0,n,100
5430,I43678,2000,1200,2350,367.608,45,22,n,100
5771,I46249,1200,1000,930,413.58,45,2,n,100
1931,I15200,1600,1200,930,356.2,45,0,n,100
6150,I49442,1200,1000,975,329.77,45,2,n,100
1631,I12816,1600,1200,930,356.2,45,0,n,100
4160,I34107,1200,1000,975,329.77,45,2,n,100
5740,I46028,1800,1400,1020,303.45,45,11,n,100
1056,I08352,1600,1200,930,607.6,45,0,n,100
1409,I11325,1200,1000,930,347.0,45,2,n,100
1250,I10118,1600,1200,1350,303.92,45,0,n,100
6230,I50176,1200,1000,545,526.75,45,2,n,100
3876,I31522,1800,1400,1020,303.45,45,11,n,100
3362,I27318,1200,1000,975,384.74,45,2,n,100
4703,I37971,1200,1000,545,690.5,45,2,n,100
1604,I12635,1600,1200,930,784.6,45,0,n,100
1684,I13282,1200,1000,975,329.77,45,2,n,100
2653,I21500,1910,1200,1295,613.59,45,19,n,100
5838,I46835,1200,1000,930,1105.44,45,2,n,100
4248,I34635,1910,1200,1295,613.59,45,19,n,100
5187,I41693,1600,1200,930,364.84,45,0,n,100
4780,I38436,1600,1200,1350,303.92,45,0,n,100
4483,I36607,1600,1200,930,387.3,45,0,n,100
490,I03690,1200,1000,975,329.77,45,2,n,100
4975,I39863,1910,1200,1295,613.59,45,19,n,100
2082,I16557,1800,1400,1020,303.45,45,11,n,100
321,I02336,1200,1000,930,414.14,45,2,n,100
2269,I18189,1910,1200,1295,613.59,45,19,n,100
2989,I24025,1200,1000,545,690.5,45,2,n,100
1623,I12799,1600,1200,930,356.2,45,0,n,100
4956,I39789,1200,1000,975,329.77,45,2,n,100
603,I04614,1600,1200,750,323.7,45,0,n,100
4809,I38718,2000,1200,2350,367.608,45,22,n,100
4662,I37691,1200,1000,645,330.5,0,1,n,100
4376,I35758,1910,1200,1295,613.59,45,19,n,100
1499,I12047,1600,1200,930,663.22,45,0,n,100
5768,I46233,1600,1200,750,323.7,45,0,n,100
3487,I28460,1910,1200,1295,613.59,45,19,n,100
2098,I16678,1200,1000,975,329.77,45,2,n,100
1010,I07858,1600,1200,975,460.0,45,0,n,100
2768,I22221,1600,1200,930,356.2,45,0,n,100
1886,I14848,1200,1000,930,413.58,45,2,n,100
3873,I31510,1600,1200,930,663.22,45,0,n,100
4899,I39319,1800,1200,1350,820.48,45,9,n,100
1293,I10386,1600,1200,930,364.84,45,0,n,100
4963,I39823,1600,1200,930,663.22,45,0,n,100
1643,I12980,1600,1200,930,370.78,45,0,n,100
3862,I31304,1600,1200,1350,303.92,45,0,n,100
6236,I50210,1600,1200,975,808.3,45,0,n,100
5222,I42058,1600,1200,930,387.3,45,0,n,100
2928,I23557,1600,1200,930,551.56,45,0,n,100
5143,I41238,1200,1000,750,318.7,45,2,n,100
2807,I22570,1800,1400,1020,303.45,45,11,n,100
5343,I43001,1600,1200,1350,303.92,45,0,n,100
1545,I12371,1600,1200,930,607.6,45,0,n,100
3868,I31429,1200,1000,975,401.2,45,2,n,100
3111,I25254,1600,1200,930,396.2,45,0,n,100
3368,I27372,1600,1200,930,551.56,45,0,n,100
2901,I23254,1800,1400,1020,303.45,45,11,n,100
5861,I47109,1600,1200,750,323.7,45,0,n,100
162,I01375,1600,1200,975,460.0,45,0,n,100
3839,I31107,1200,1000,975,708.0,45,2,n,100
3836,I31067,1600,1200,930,607.6,45,0,n,100
1558,I12427,1200,1000,975,329.77,45,2,n,100
5341,I42999,1600,1200,930,313.0,45,0,n,100
2845,I22926,1800,1400,1020,303.45,45,11,n,100
2462,I19931,1200,1000,750,431.704,45,2,n,100
3861,I31303,1200,1000,1155,373.25,0,1,n,100
747,I05774,1200,1000,930,414.14,45,2,n,100
3578,I29048,2000,1200,2350,367.608,45,22,n,100
52,I00471,1600,1200,930,396.2,45,0,n,100
3270,I26656,1200,1000,750,318.7,45,2,n,100
1227,I10002,1600,1200,930,356.2,45,0,n,100
3575,I29034,1600,1200,930,309.5,45,0,n,100
551,I04172,1600,1200,750,323.7,45,0,n,100
918,I07010,1600,1200,930,387.3,45,0,n,100
5961,I47962,1600,1200,930,663.22,45,0,n,100
4503,I36683,1600,1200,930,547.3,45,0,n,100
2692,I21797,1600,1200,930,307.13,45,0,n,100
4793,I38553,1200,1000,750,305.32,45,2,n,100
2001,I15834,1200,1000,975,329.77,45,2,n,100
4183,I34287,1200,1000,750,351.944,45,2,n,100
5023,I40286,1600,1200,930,356.2,45,0,n,100
3882,I31528,1800,1400,1020,303.45,45,11,n,100
3650,I29536,1600,1200,930,356.56,45,0,n,100
6148,I49351,1200,1000,930,614.16,45,2,n,100
3352,I27274,1600,1200,930,607.6,45,0,n,100
5177,I41564,1200,1000,975,401.2,45,2,n,100
5166,I41420,1600,1200,930,387.3,45,0,n,100
1619,I12769,1200,1000,975,401.2,45,2,n,100
3233,I26437,1600,1200,930,607.6,45,0,n,100
5281,I42597,1200,1000,750,431.704,45,2,n,100
2950,I23688,1800,1400,1020,303.45,45,11,n,100
1052,I08212,1900,1200,750,845.38,45,6,n,100
5451,I43813,1600,1200,975,460.0,45,0,n,100
2630,I21477,1910,1200,1295,613.59,45,19,n,100
1459,I11792,1200,1000,975,329.77,45,2,n,100
758,I05899,1600,1200,930,307.13,45,0,n,100
2428,I19626,1600,1200,930,356.56,45,0,n,100
5734,I45974,1200,1000,750,351.944,45,2,n,100
6172,I49710,1910,1200,1295,613.59,45,19,n,100
4363,I35721,1200,1000,930,413.58,45,2,n,100
3136,I25356,1600,1200,930,784.6,45,0,n,100
1582,I12560,1600,1200,1350,303.92,45,0,n,100
5243,I42126,1600,1200,930,307.13,45,0,n,100
959,I07455,1600,1200,930,547.3,45,0,n,100
4354,I35606,1600,1200,930,307.13,45,0,n,100
5922,I47767,1600,1200,750,323.7,45,0,n,100
650,I04795,1600,1200,1350,303.92,45,0,n,100
3464,I28389,1600,1200,1350,303.92,45,0,n,100
288,I02066,1600,1200,930,307.13,45,0,n,100
4303,I35121,1800,1400,1020,303.45,45,11,n,100
5831,I46798,1200,1000,750,351.756,45,2,n,100
4281,I34942,1200,1000,545,526.75,45,2,n,100
1815,I14245,1200,1000,930,347.0,45,2,n,100
4609,I37312,1600,1200,930,387.3,45,0,n,100
351,I02572,1600,1200,930,358.48,45,0,n,100
3052,I24662,1600,1200,930,663.22,45,0,n,100
409,I03049,1600,1200,975,460.0,45,0,n,100
2784,I22313,1900,1200,750,713.62,45,6,n,100
5531,I44613,1600,1200,930,784.6,45,0,n,100
3827,I31032,1200,1000,975,329.77,45,2,n,100
5934,I47803,1910,1200,1295,613.59,45,19,n,100
1990,I15818,1800,1200,1350,820.48,45,9,n,100
6065,I48779,1600,1200,750,323.7,45,0,n,100
4901,I39402,1800,1200,1350,820.48,45,9,n,100
308,I02218,1600,1200,930,663.22,45,0,n,100
289,I02068,1600,1200,930,356.2,45,0,n,100
4239,I34626,1910,1200,1295,613.59,45,19,n,100
4710,I38067,2000,1200,545,408.88,45,5,n,100
3936,I32153,1600,1200,930,370.78,45,0,n,100
2086,I16561,1800,1400,1020,303.45,45,11,n,100
4938,I39695,1200,1000,975,329.77,45,2,n,100
6139,I49329,1600,1200,930,364.84,45,0,n,100
1281,I10252,1600,1200,930,454.873,45,0,n,100
2249,I18127,1600,1200,930,307.13,45,0,n,100
3345,I27204,1200,1000,750,405.72,45,2,n,100
3034,I24367,1800,1200,1350,820.48,45,9,n,100
743,I05732,1600,1200,750,323.7,45,0,n,100
1419,I11418,1200,1000,930,347.0,45,2,n,100
5732,I45964,1200,1000,975,329.77,45,2,n,100
1369,I11049,1600,1200,930,364.84,45,0,n,100
1794,I14038,1600,1200,930,356.56,45,0,n,100
1983,I15754,1200,1000,975,308.76,45,2,n,100
3798,I30787,1200,1000,545,526.75,45,2,n,100
2240,I17964,1600,1200,1350,303.92,45,0,n,100
1937,I15273,1200,1000,930,414.14,45,2,n,100
2299,I18254,1600,1200,930,454.873,45,0,n,100
5389,I43258,1600,1200,930,358.48,45,0,n,100
4606,I37282,1600,1200,930,607.6,45,0,n,100
3417,I27887,1200,1000,975,329.77,45,2,n,100
3292,I26801,1600,1200,930,358.48,45,0,n,100
5668,I45563,1600,1200,930,607.6,45,0,n,100
5795,I46505,1600,1200,930,551.56,45,0,n,100
4928,I39654,1600,1200,930,551.56,45,0,n,100
2564,I20910,1200,1000,750,318.7,45,2,n,100
3489,I28462,1910,1200,1295,613.59,45,19,n,100
163,I01397,1200,1000,975,329.77,45,2,n,100
2051,I16344,2000,1200,545,408.88,45,5,n,100
3758,I30323,2000,1200,545,408.88,45,5,n,100
2526,I20565,1800,1200,1350,820.48,45,9,n,100
5929,I47798,1910,1200,1295,613.59,45,19,n,100
5021,I40274,2000,1200,2350,367.608,45,22,n,100
4601,I37277,1600,1200,1350,303.92,45,0,n,100
3778,I30595,1600,1200,930,356.2,45,0,n,100
2541,I20682,1800,1200,1350,820.48,45,9,n,100
413,I03188,1600,1200,930,307.13,45,0,n,100
1447,I11583,1600,1200,1350,303.92,45,0,n,100
4669,I37758,1600,1200,930,396.2,45,0,n,100
2500,I20296,1200,1000,750,351.944,45,2,n,100
233,I01918,1200,1000,975,401.2,45,2,n,100
3626,I29360,1200,1000,930,345.29,45,2,n,100
2666,I21569,1600,1200,930,370.78,45,0,n,100
2203,I17590,1600,1200,930,356.56,45,0,n,100
5279,I42573,1600,1200,930,356.56,45,0,n,100
1492,I11973,1600,1200,930,607.6,45,0,n,100
4231,I34618,1910,1200,1295,613.59,45,19,n,100
4539,I36913,1200,1000,975,329.77,45,2,n,100
2646,I21493,1910,1200,1295,613.59,45,19,n,100
59,I00517,1200,1000,975,329.77,45,2,n,100
2981,I23853,1200,1000,975,329.77,45,2,n,100
5592,I45012,1800,1400,1020,303.45,45,11,n,100
6163,I49701,1910,1200,1295,613.59,45,19,n,100
4115,I33770,1600,1200,930,387.3,45,0,n,100
3513,I28486,1910,1200,1295,613.59,45,19,n,100
185,I01587,2000,1200,545,408.88,45,5,n,100
2079,I16541,1200,1000,930,347.0,45,2,n,100
5765,I46205,1200,1000,930,345.29,45,2,n,100
5710,I45875,1600,1200,930,438.4,45,0,n,100
1167,I09320,1600,1200,930,356.2,45,0,n,100
506,I03781,1600,1200,930,547.3,45,0,n,100
978,I07543,1200,1000,975,401.2,45,2,n,100
6022,I48474,1600,1200,930,547.3,45,0,n,100
1288,I10353,1200,1000,975,329.77,45,2,n,100
3821,I31002,1800,1400,1020,303.45,45,11,n,100
4193,I34343,2000,1200,545,408.88,45,5,n,100
5443,I43778,1600,1200,930,607.6,45,0,n,100
3722,I29918,1600,1200,930,356.2,45,0,n,100
2037,I16186,1200,1000,750,351.944,45,2,n,100
5578,I44957,1600,1200,930,438.4,45,0,n,100
4989,I39911,1600,1200,930,396.2,45,0,n,100
6080,I48889,1910,1200,1295,613.59,45,19,n,100
822,I06363,1200,1000,930,319.1,45,2,n,100
2172,I17338,1600,1200,1350,303.92,45,0,n,100
1226,I10001,1600,1200,930,356.2,45,0,n,100
4356,I35621,1600,1200,930,356.56,45,0,n,100
3871,I31501,1600,1200,930,356.2,45,0,n,100
572,I04405,1600,1200,930,307.13,45,0,n,100
5353,I43090,1910,1200,1295,613.59,45,19,n,100
378,I02812,1800,1400,1020,303.45,45,11,n,100
2758,I22135,1600,1200,1350,303.92,45,0,n,100
138,I01149,1900,1200,750,845.38,45,6,n,100
2254,I18133,1600,1200,930,356.2,45,0,n,100
916,I07005,1600,1200,930,607.6,45,0,n,100
5332,I42921,1200,1000,975,329.77,45,2,n,100
5902,I47621,1200,1000,975,337.45,45,2,n,100
3300,I26846,1600,1200,930,551.56,45,0,n,100
2566,I20912,1200,1000,750,318.7,45,2,n,100
4699,I37924,1600,1200,930,551.56,45,0,n,100
1557,I12426,1600,1200,930,547.3,45,0,n,100
2389,I19167,1600,1200,1350,303.92,45,0,n,100
5041,I40375,1800,1400,1020,303.45,45,11,n,100
3006,I24095,1200,1000,930,345.29,45,2,n,100
5385,I43219,1600,1200,545,338.16,45,0,n,100
2494,I20264,1600,1200,930,396.2,45,0,n,100
2492,I20211,1200,1000,1155,375.0,0,1,n,100
838,I06445,1600,1200,1350,303.92,45,0,n,100
6010,I48368,1600,1200,930,663.22,45,0,n,100
1471,I11844,1600,1200,1350,303.92,45,0,n,100
332,I02430,1800,1400,1020,303.45,45,11,n,100
5514,I44441,1900,1200,750,713.62,45,6,n,100
3982,I32579,1600,1200,930,784.6,45,0,n,100
5758,I46088,1800,1400,1020,303.45,45,11,n,100
128,I01059,1600,1200,930,551.56,45,0,n,100
1965,I15474,1200,1000,975,336.7,45,2,n,100
4954,I39786,1600,1200,930,307.13,45,0,n,100
2969,I23766,1800,1400,1020,303.45,45,11,n,100
3243,I26536,1600,1200,930,356.2,45,0,n,100
5362,I43099,1910,1200,1295,613.59,45,19,n,100
3676,I29650,1600,1200,930,607.6,45,0,n,100
5409,I43512,1600,1200,930,551.56,45,0,n,100
1445,I11581,1600,1200,1350,303.92,45,0,n,100
5693,I45791,1600,1200,975,460.0,45,0,n,100
2703,I21860,1200,1000,545,526.75,45,2,n,100
101,I00952,1600,1200,930,663.22,45,0,n,100
4916,I39527,1200,1000,930,704.12,45,2,n,100
6113,I49004,1600,1200,930,307.13,45,0,n,100
5936,I47805,1910,1200,1295,613.59,45,19,n,100
5932,I47801,1910,1200,1295,613.59,45,19,n,100
578,I04459,1600,1200,930,551.56,45,0,n,100
3884,I31530,1800,1400,1020,303.45,45,11,n,100
500,I03723,1600,1200,930,358.48,45,0,n,100
4008,I32817,1600,1200,930,607.6,45,0,n,100
2834,I22819,1600,1200,930,358.48,45,0,n,100
3975,I32526,2000,1200,2350,367.608,45,22,n,100
398,I02913,1800,1400,1020,303.45,45,11,n,100
6050,I48591,1600,1200,930,547.3,45,0,n,100
5701,I45854,1600,1200,930,551.56,45,0,n,100
4358,I35655,1600,1200,930,356.2,45,0,n,100
5011,I40207,1600,1200,930,607.6,45,0,n,100
2175,I17346,1900,1200,750,713.62,45,6,n,100
1614,I12679,1600,1200,930,307.13,45,0,n,100
1275,I10239,1200,1000,930,340.1,45,2,n,100
4172,I34193,1200,1000,750,305.32,45,2,n,100
1095,I08771,1600,1200,930,358.48,45,0,n,100
4329,I35387,1600,1200,930,370.78,45,0,n,100
2778,I22253,1600,1200,930,387.3,45,0,n,100
5521,I44502,1800,1200,1350,820.48,45,9,n,100
4935,I39691,1200,1000,930,347.0,45,2,n,100
5476,I44209,1200,1000,930,704.12,45,2,n,100
1,I00020,1600,1200,930,781.25,45,0,n,100
4616,I37340,1600,1200,930,454.873,45,0,n,100
757,I05800,1600,1200,930,356.56,45,0,n,100
1539,I12336,1800,1400,1020,303.45,45,11,n,100
4101,I33600,1600,1200,930,313.0,45,0,n,100
5168,I41425,1600,1200,1350,303.92,45,0,n,100
1023,I07960,1200,1000,930,319.1,45,2,n,100
2145,I17187,1800,1400,1020,303.45,45,11,n,100
3519,I28501,1600,1200,1350,303.92,45,0,n,100
3129,I25318,1200,1000,975,329.77,45,2,n,100
1639,I12865,1600,1200,750,323.7,45,0,n,100
1044,I08149,1600,1200,975,460.0,45,0,n,100
2031,I16166,1600,1200,930,396.2,45,0,n,100
4380,I35762,1910,1200,1295,613.59,45,19,n,100
478,I03655,1600,1200,930,438.4,45,0,n,100
2148,I17190,1800,1400,1020,303.45,45,11,n,100
78,I00763,1200,1000,930,704.12,45,2,n,100
1603,I12634,1600,1200,930,784.6,45,0,n,100
3454,I28210,1600,1200,930,356.2,45,0,n,100
3343,I27167,2000,1200,545,408.88,45,5,n,100
3955,I32364,1600,1200,930,784.6,45,0,n,100
2002,I15844,1600,1200,750,582.6,45,0,n,100
991,I07713,2000,1200,2350,367.608,45,22,n,100
4873,I39068,1600,1200,930,663.22,45,0,n,100
1995,I15823,1600,1200,1350,303.92,45,0,n,100
4513,I36727,1600,1200,1350,303.92,45,0,n,100
4220,I34607,1910,1200,1295,613.59,45,19,n,100
2362,I18908,1200,1000,975,652.0,45,2,n,100
1158,I09236,1200,1000,930,345.29,45,2,n,100
3695,I29702,1600,1200,930,356.56,45,0,n,100
4716,I38078,1200,1000,975,329.77,45,2,n,100
4016,I32854,1200,1000,545,526.75,45,2,n,100
515,I03881,1600,1200,930,784.6,45,0,n,100
2406,I19302,1800,1400,1020,303.45,45,11,n,100
271,I02005,1910,1200,1295,613.59,45,19,n,100
1904,I14928,1600,1200,930,356.56,45,0,n,100
1546,I12372,1600,1200,930,607.6,45,0,n,100
3816,I30901,1600,1200,930,396.2,45,0,n,100
4555,I36985,1800,1400,1020,303.45,45,11,n,100
5657,I45494,1200,1000,930,413.58,45,2,n,100
1324,I10550,1800,1400,1020,303.45,45,11,n,100
2805,I22568,1800,1400,1020,303.45,45,11,n,100
820,I06347,1600,1200,930,547.3,45,0,n,100
2803,I22566,1800,1400,1020,303.45,45,11,n,100
424,I03224,1600,1200,1350,303.92,45,0,n,100
2437,I19759,1600,1200,930,356.56,45,0,n,100
2284,I18204,1910,1200,1295,613.59,45,19,n,100
1003,I07776,1200,1000,930,413.58,45,2,n,100
6145,I49348,1600,1200,1350,303.92,45,0,n,100
1677,I13242,1600,1200,930,356.56,45,0,n,100
4631,I37427,2000,1200,2350,367.608,45,22,n,100
3958,I32432,1600,1200,975,611.224,45,0,n,100
4573,I37208,1600,1200,930,358.48,45,0,n,100
2868,I23015,1600,1200,930,438.4,45,0,n,100
6067,I48811,1600,1200,930,396.2,45,0,n,100
1319,I10539,1200,1000,930,704.36,45,2,n,100
5147,I41247,1800,1400,1020,303.45,45,11,n,100
970,I07474,1600,1200,975,460.0,45,0,n,100
2605,I21286,1600,1200,930,663.22,45,0,n,100
4170,I34191,1600,1200,930,307.13,45,0,n,100
5109,I41021,1600,1200,930,307.13,45,0,n,100
2138,I17105,1800,1200,1350,820.48,45,9,n,100
1750,I13660,1600,1200,930,358.48,45,0,n,100
5485,I44242,1600,1200,930,551.56,45,0,n,100
4958,I39801,1200,1000,975,329.77,45,2,n,100
4371,I35738,1200,1000,750,405.72,45,2,n,100
6032,I48495,1600,1200,930,307.13,45,0,n,100
2799,I22462,1600,1200,930,356.2,45,0,n,100
4460,I36430,1800,1400,1020,303.45,45,11,n,100
504,I03766,1600,1200,930,438.4,45,0,n,100
4626,I37385,1600,1200,930,438.4,45,0,n,100
4058,I33272,1600,1200,930,663.22,45,0,n,100
3924,I31970,1200,1000,975,401.2,45,2,n,100
1365,I10932,2000,1200,2350,367.608,45,22,n,100
4646,I37500,1600,1200,930,547.3,45,0,n,100
356,I02633,1200,1000,545,526.75,45,2,n,100
4442,I36270,1200,1000,750,318.7,45,2,n,100
4339,I35489,1600,1200,545,338.52,45,0,n,100
1014,I07909,1800,1400,1020,303.45,45,11,n,100
4965,I39825,1600,1200,930,356.56,45,0,n,100
2695,I21813,1600,1200,930,356.2,45,0,n,100
4346,I35570,1600,1200,930,356.56,45,0,n,100
5545,I44718,1200,1000,930,414.14,45,2,n,100
1821,I14312,1600,1200,930,830.32,45,0,n,100
5203,I41798,1200,1000,930,617.24,45,2,n,100
1057,I08353,1600,1200,930,607.6,45,0,n,100
1236,I10072,2000,1200,2350,367.608,45,22,n,100
4502,I36682,1600,1200,930,547.3,45,0,n,100
1075,I08468,1200,1000,975,329.77,45,2,n,100
56,I00514,1200,1000,975,329.77,45,2,n,100
4191,I34329,1200,1000,750,305.32,45,2,n,100
1113,I08912,1200,1000,545,526.75,45,2,n,100
3294,I26803,1600,1200,930,358.48,45,0,n,100
2600,I21174,1600,1200,930,396.2,45,0,n,100
3624,I29319,1600,1200,750,323.7,45,0,n,100
3281,I26672,1600,1200,930,356.2,45,0,n,100
6088,I48897,1910,1200,1295,613.59,45,19,n,100
5205,I41884,1600,1200,930,358.48,45,0,n,100
2974,I23817,1600,1200,930,547.3,45,0,n,100
1279,I10244,1600,1200,930,309.5,45,0,n,100
160,I01369,1200,1000,930,704.36,45,2,n,100
1091,I08608,1200,1000,930,347.0,45,2,n,100
3168,I25794,1800,1400,1020,303.45,45,11,n,100
3158,I25738,1200,1000,750,351.756,45,2,n,100
2734,I22013,1800,1400,1020,303.45,45,11,n,100
3572,I29023,1600,1200,1350,303.92,45,0,n,100
3711,I29827,1600,1200,930,607.6,45,0,n,100
3783,I30660,1600,1200,930,784.6,45,0,n,100
1608,I12659,1600,1200,930,387.3,45,0,n,100
1810,I14195,1200,1000,545,526.75,45,2,n,100
4157,I34104,1600,1200,930,663.22,45,0,n,100
756,I05799,1600,1200,930,356.56,45,0,n,100
3757,I30320,1200,1000,545,690.5,45,2,n,100
4516,I36731,1600,1200,1350,303.92,45,0,n,100
2231,I17908,1600,1200,930,663.22,45,0,n,100
3507,I28480,1910,1200,1295,613.59,45,19,n,100
3089,I25011,1600,1200,930,356.56,45,0,n,100
6027,I48490,1800,1400,1020,303.45,45,11,n,100
1597,I12580,1600,1200,930,438.4,45,0,n,100
1609,I12670,1200,1000,930,414.14,45,2,n,100
3761,I30344,1200,1000,930,413.58,45,2,n,100
839,I06446,1600,1200,1350,303.92,45,0,n,100
5661,I45543,2000,1200,545,408.88,45,5,n,100
5160,I41332,1200,1000,750,431.704,45,2,n,100
2304,I18375,2000,1200,545,408.88,45,5,n,100
1577,I12554,1800,1400,1020,303.45,45,11,n,100
3853,I31264,1600,1200,750,323.7,45,0,n,100
1063,I08362,1600,1200,930,551.56,45,0,n,100
2073,I16502,1200,1000,975,329.77,45,2,n,100
3064,I24762,1600,1200,1350,303.92,45,0,n,100
2553,I20730,2400,1200,1490,340.5,45,24,n,5
1713,I13423,1600,1200,930,370.78,45,0,n,100
1722,I13575,1200,1000,930,413.58,45,2,n,100
2229,I17875,1600,1200,930,356.56,45,0,n,100
1585,I12563,1600,1200,1350,303.92,45,0,n,100
1701,I13371,1600,1200,1350,303.92,45,0,n,100
5026,I40289,1200,1000,930,345.29,45,2,n,100
