,id_item,length,width,height,weight,nesting_height,stackability_code,forced_orientation,max_stackability
5259,I42293,1200,1000,930,347.0,45,2,n,100
2149,I17191,1800,1400,1020,303.45,45,11,n,100
126,I01048,1800,1400,1020,303.45,45,11,n,100
4252,I34691,1600,1200,930,370.78,45,0,n,100
1325,I10551,1800,1400,1020,303.45,45,11,n,100
2983,I23855,1200,1000,975,329.77,45,2,n,100
1759,I13669,1800,1400,1020,303.45,45,11,n,100
5271,I42426,1600,1200,930,356.2,45,0,n,100
4479,I36593,1600,1200,930,396.2,45,0,n,100
5016,I40269,2000,1200,2350,367.608,45,22,n,100
2617,I21319,1600,1200,930,313.0,45,0,n,100
277,I02011,1910,1200,1295,613.59,45,19,n,100
343,I02512,1200,1000,975,329.77,45,2,n,100
5299,I42771,1600,1200,930,547.3,45,0,n,100
1781,I13968,1600,1200,930,358.48,45,0,n,100
4038,I33052,1600,1200,545,338.16,45,0,n,100
3142,I25374,1600,1200,930,607.6,45,0,n,100
2327,I18546,1200,1000,750,305.32,45,2,n,100
4292,I35061,1600,1200,750,582.6,45,0,n,100
6064,I48760,1600,1200,930,307.13,45,0,n,100
6132,I49216,1800,1400,1020,303.45,45,11,n,100
5214,I41953,1600,1200,930,356.56,45,0,n,100
5429,I43677,2000,1200,2350,367.608,45,22,n,100
909,I06864,1200,1000,975,401.2,45,2,n,100
2825,I22778,1200,1000,750,405.72,45,2,n,100
3413,I27866,2000,1200,2350,367.608,45,22,n,100
4820,I38769,1600,1200,545,338.16,45,0,n,100
5876,I47352,1800,1200,1350,820.48,45,9,n,100
2119,I16900,1900,1200,750,713.62,45,6,n,100
3359,I27301,1200,1000,975,401.2,45,2,n,100
5435,I43683,2000,1200,2350,367.608,45,22,n,100
4056,I33270,1200,1000,545,729.5,45,2,n,100
2466,I19982,1800,1400,1020,303.45,45,11,n,100
4995,I40027,1200,1000,545,526.75,45,2,n,100
1740,I13606,1910,1200,1295,613.59,45,19,n,100
6236,I50210,1600,1200,975,808.3,45,0,n,100
4725,I38143,1200,1000,975,329.77,45,2,n,100
2810,I22616,1200,1000,930,345.29,45,2,n,100
5703,I45856,1600,1200,930,551.56,45,0,n,100
6074,I48854,1600,1200,930,663.22,45,0,n,100
930,I07085,1600,1200,930,551.56,45,0,n,100
1397,I11277,1200,1000,545,526.75,45,2,n,100
3399,I27733,1600,1200,930,547.3,45,0,n,100
2366,I19011,1200,1000,750,351.944,45,2,n,100
6158,I49696,1910,1200,1295,613.59,45,19,n,100
1405,I11301,1600,1200,930,370.78,45,0,n,100
2734,I22013,1800,1400,1020,303.45,45,11,n,100
2898,I23251,1800,1400,1020,303.45,45,11,n,100
5759,I46089,1800,1400,1020,303.45,45,11,n,100
4028,I32958,1800,1200,1350,820.48,45,9,n,100
864,I06762,1600,1200,930,370.78,45,0,n,100
5604,I45117,1200,1000,930,345.29,45,2,n,100
4566,I37173,1800,1400,1020,303.45,45,11,n,100
5168,I41425,1600,1200,1350,303.92,45,0,n,100
2220,I17849,1600,1200,930,356.2,45,0,n,100
123,I01045,1800,1400,1020,303.45,45,11,n,100
1491,I11972,1600,1200,930,607.6,45,0,n,100
5125,I41157,1600,1200,930,396.2,45,0,n,100
735,I05546,1200,1000,545,526.75,45,2,n,100
5478,I44217,1600,1200,930,307.13,45,0,n,100
5654,I45460,1600,1200,930,356.2,45,0,n,100
423,I03221,1200,1000,975,329.77,45,2,n,100
3579,I29049,2000,1200,2350,367.608,45,22,n,100
1860,I14671,1200,1000,750,351.944,45,2,n,100
4764,I38337,1200,1000,975,329.77,45,2,n,100
2338,I18640,1600,1200,930,387.3,45,0,n,100
209,I01749,1200,1000,545,690.5,45,2,n,100
5551,I44724,1600,1200,930,438.4,45,0,n,100
5276,I42486,1600,1200,930,663.22,45,0,n,100
2727,I22003,1200,1000,750,318.7,45,2,n,100
2532,I20632,1600,1200,930,551.56,45,0,n,100
1185,I09521,1200,1000,930,414.14,45,2,n,100
2110,I16731,1800,1400,1020,303.45,45,11,n,100
1771,I13886,1600,1200,930,663.22,45,0,n,100
4310,I35156,1200,1000,545,690.5,45,2,n,100
4389,I35771,1910,1200,1295,613.59,45,19,n,100
649,I04794,1600,1200,1350,303.92,45,0,n,100
3905,I31783,1600,1200,545,338.16,45,0,n,100
5157,I41293,1200,1000,545,526.75,45,2,n,100
2445,I19832,1600,1200,930,370.78,45,0,n,100
3893,I31638,1600,1200,930,663.22,45,0,n,100
5200,I41779,1600,1200,930,607.6,45,0,n,100
4723,I38091,2000,1200,2350,367.608,45,22,n,100
503,I03765,1600,1200,930,438.4,45,0,n,100
2530,I20608,1600,1200,930,358.48,45,0,n,100
5714,I45884,1600,1200,1350,303.92,45,0,n,100
169,I01432,1600,1200,1350,303.92,45,0,n,100
2687,I21754,1600,1200,930,358.48,45,0,n,100
2922,I23435,1600,1200,1350,303.92,45,0,n,100
4800,I38654,1800,1400,1020,303.45,45,11,n,100
5442,I43777,1600,1200,930,358.48,45,0,n,100
2846,I22927,1800,1400,1020,303.45,45,11,n,100
2058,I16362,1600,1200,930,356.2,45,0,n,100
6142,I49332,1600,1200,930,370.78,45,0,n,100
4612,I37315,1600,1200,1350,303.92,45,0,n,100
1612,I12677,1600,1200,930,307.13,45,0,n,100
967,I07471,1600,1200,930,358.48,45,0,n,100
1679,I13258,1200,1000,750,318.7,45,2,n,100
5886,I47413,1600,1200,930,356.2,45,0,n,100
4188,I34298,1600,1200,930,358.48,45,0,n,100
5287,I42657,2000,1200,545,408.88,45,5,n,100
644,I04782,1600,1200,930,356.56,45,0,n,100
5311,I42825,1200,1000,930,704.36,45,2,n,100
3332,I27104,1600,1200,930,307.13,45,0,n,100
2176,I17394,1800,1400,1020,303.45,45,11,n,100
5612,I45250,1600,1200,750,323.7,45,0,n,100
2392,I19190,1600,1200,930,307.13,45,0,n,100
6019,I48471,1600,1200,930,547.3,45,0,n,100
2753,I22130,1600,1200,930,356.2,45,0,n,100
4595,I37268,1910,1200,1295,613.59,45,19,n,100
4763,I38332,2000,1200,545,408.88,45,5,n,100
4518,I36759,1600,1200,930,364.84,45,0,n,100
2792,I22396,1600,1200,930,607.6,45,0,n,100
2457,I19913,1200,1000,975,329.77,45,2,n,100
2804,I22567,1800,1400,1020,303.45,45,11,n,100
4013,I32837,1600,1200,930,307.13,45,0,n,100
2829,I22802,1200,1000,930,340.0,45,2,n,100
5106,I41015,1600,1200,930,551.56,45,0,n,100
916,I07005,1600,1200,930,607.6,45,0,n,100
5463,I44116,1600,1200,930,396.2,45,0,n,100
662,I04851,2000,1200,545,408.88,45,5,n,100
3147,I25426,1600,1200,930,387.3,45,0,n,100
3168,I25794,1800,1400,1020,303.45,45,11,n,100
2133,I17023,1600,1200,930,396.2,45,0,n,100
2717,I21982,1600,1200,930,607.6,45,0,n,100
2777,I22252,1600,1200,930,387.3,45,0,n,100
4336,I35485,1600,1200,930,663.22,45,0,n,100
4141,I33981,1200,1000,930,340.0,45,2,n,100
847,I06551,1600,1200,930,358.48,45,0,n,100
6040,I48532,1800,1400,1020,303.45,45,11,n,100
3211,I26145,1600,1200,930,356.56,45,0,n,100
1598,I12599,1600,1200,975,460.0,45,0,n,100
3415,I27884,1200,1000,750,318.7,45,2,n,100
3212,I26166,1200,1000,930,704.12,45,2,n,100
2223,I17852,1200,1000,930,414.14,45,2,n,100
30,I00341,1600,1200,930,356.56,45,0,n,100
3810,I30834,1600,1200,930,307.13,45,0,n,100
1404,I11299,1600,1200,930,358.48,45,0,n,100
990,I07658,1200,1000,1155,366.75,0,1,n,100
1390,I11117,1200,1000,975,337.9,45,2,n,100
2800,I22463,1600,1200,930,356.2,45,0,n,100
5143,I41238,1200,1000,750,318.7,45,2,n,100
4762,I38331,2000,1200,545,408.88,45,5,n,100
2520,I20491,1200,1000,975,401.2,45,2,n,100
3096,I25064,1600,1200,930,830.32,45,0,n,100
2598,I21165,1200,1000,975,329.77,45,2,n,100
4774,I38426,1200,1000,930,414.14,45,2,n,100
571,I04404,1600,1200,930,307.13,45,0,n,100
88,I00822,1800,1400,1020,303.45,45,11,n,100
721,I05374,1800,1200,1350,820.48,45,9,n,100
5275,I42475,1600,1200,930,607.6,45,0,n,100
1111,I08874,1600,1200,930,356.56,45,0,n,100
2206,I17684,1200,1000,545,729.5,45,2,n,100
3203,I26111,1600,1200,930,356.2,45,0,n,100
961,I07457,1600,1200,930,547.3,45,0,n,100
2332,I18580,1600,1200,930,781.25,45,0,n,100
2560,I20821,1600,1200,930,663.22,45,0,n,100
5368,I43105,1910,1200,1295,613.59,45,19,n,100
5555,I44728,1200,1000,975,329.77,45,2,n,100
774,I06069,1600,1200,930,356.2,45,0,n,100
2763,I22189,1600,1200,930,663.22,45,0,n,100
14,I00224,1200,1000,975,329.77,45,2,n,100
674,I04946,1200,1000,975,329.77,45,2,n,100
5879,I47369,1800,1200,1350,820.48,45,9,n,100
5977,I48030,1600,1200,1350,303.92,45,0,n,100
4961,I39821,1600,1200,930,663.22,45,0,n,100
5407,I43487,1600,1200,930,663.22,45,0,n,100
75,I00699,1200,1000,975,336.7,45,2,n,100
4057,I33271,1600,1200,930,663.22,45,0,n,100
5585,I44999,1600,1200,1350,303.92,45,0,n,100
3463,I28374,1600,1200,545,338.16,45,0,n,100
4426,I36191,1600,1200,930,784.6,45,0,n,100
3298,I26844,1600,1200,930,551.56,45,0,n,100
3782,I30633,1600,1200,930,370.78,45,0,n,100
4146,I34088,1200,1000,545,729.5,45,2,n,100
655,I04816,1600,1200,930,547.3,45,0,n,100
2943,I23582,1200,1000,930,414.14,45,2,n,100
4256,I34695,1200,1000,975,329.77,45,2,n,100
4373,I35753,1200,1000,545,526.75,45,2,n,100
5884,I47411,1600,1200,930,396.2,45,0,n,100
4651,I37514,1600,1200,930,364.84,45,0,n,100
3439,I28018,2000,1200,545,408.88,45,5,n,100
1099,I08791,1600,1200,930,307.13,45,0,n,100
2064,I16396,1200,1000,930,704.12,45,2,n,100
1797,I14044,1200,1000,975,329.77,45,2,n,100
3099,I25163,2000,1200,545,408.88,45,5,n,100
3294,I26803,1600,1200,930,358.48,45,0,n,100
2114,I16757,1200,1000,750,431.704,45,2,n,100
4004,I32803,1200,1000,975,308.76,45,2,n,100
849,I06553,1600,1200,930,358.48,45,0,n,100
5324,I42913,1600,1200,930,307.13,45,0,n,100
1094,I08770,1600,1200,930,358.48,45,0,n,100
5806,I46569,1600,1200,930,307.13,45,0,n,100
5148,I41266,1600,1200,930,607.6,45,0,n,100
3830,I31058,1200,1000,930,347.0,45,2,n,100
5102,I40977,1200,1000,545,729.5,45,2,n,100
3756,I30319,1200,1000,545,690.5,45,2,n,100
3374,I27444,1600,1200,930,356.2,45,0,n,100
914,I07003,1600,1200,930,607.6,45,0,n,100
470,I03604,1600,1200,1350,303.92,45,0,n,100
2173,I17339,1600,1200,1350,303.92,45,0,n,100
3238,I26495,1600,1200,930,370.78,45,0,n,100
1592,I12575,1600,1200,930,438.4,45,0,n,100
4215,I34572,1600,1200,930,551.56,45,0,n,100
5419,I43579,1600,1200,930,307.13,45,0,n,100
3930,I32051,1600,1200,930,356.2,45,0,n,100
74,I00698,1200,1000,975,336.7,45,2,n,100
2901,I23254,1800,1400,1020,303.45,45,11,n,100
6129,I49213,1800,1400,1020,303.45,45,11,n,100
367,I02645,1800,1200,1350,820.48,45,9,n,100
2756,I22133,1600,1200,1350,303.92,45,0,n,100
3781,I30632,1600,1200,930,370.78,45,0,n,100
47,I00436,1200,1000,930,704.12,45,2,n,100
5936,I47805,1910,1200,1295,613.59,45,19,n,100
887,I06812,1910,1200,1295,613.59,45,19,n,100
214,I01759,1600,1200,930,438.4,45,0,n,100
4012,I32836,1600,1200,930,307.13,45,0,n,100
4330,I35438,1600,1200,930,356.2,45,0,n,100
2613,I21314,2000,1200,2350,367.608,45,22,n,100
5005,I40116,1200,1000,750,318.7,45,2,n,100
3952,I32292,1200,1000,930,704.36,45,2,n,100
2739,I22018,1600,1200,930,356.2,45,0,n,100
1590,I12573,1200,1000,975,401.2,45,2,n,100
3872,I31502,1600,1200,930,356.2,45,0,n,100
3507,I28480,1910,1200,1295,613.59,45,19,n,100
3361,I27317,1600,1200,930,356.2,45,0,n,100
4693,I37908,1600,1200,930,309.5,45,0,n,100
957,I07453,1600,1200,930,547.3,45,0,n,100
6185,I49723,1910,1200,1295,613.59,45,19,n,100
1564,I12497,1200,1000,930,413.58,45,2,n,100
4431,I36226,1200,1000,750,431.704,45,2,n,100
2239,I17963,1600,1200,1350,303.92,45,0,n,100
3321,I26984,1600,1200,930,358.48,45,0,n,100
584,I04491,1200,1000,975,329.77,45,2,n,100
3789,I30714,1200,1000,545,729.5,45,2,n,100
1966,I15475,1200,1000,975,336.7,45,2,n,100
6257,I50468,1600,1200,930,307.13,45,0,n,100
707,I05327,1600,1200,930,438.4,45,0,n,100
590,I04546,1600,1200,545,338.16,45,0,n,100
1683,I13281,1200,1000,975,329.77,45,2,n,100
1936,I15272,1200,1000,930,414.14,45,2,n,100
5776,I46273,2000,1200,545,408.88,45,5,n,100
2279,I18199,1910,1200,1295,613.59,45,19,n,100
2926,I23500,1200,1000,1155,375.0,0,1,n,100
164,I01398,1200,1000,975,329.77,45,2,n,100
1294,I10442,1800,1400,1020,303.45,45,11,n,100
3200,I26108,1600,1200,930,607.6,45,0,n,100
5846,I46910,1600,1200,930,356.2,45,0,n,100
2913,I23380,1200,1000,975,329.77,45,2,n,100
1996,I15827,1600,1200,930,356.2,45,0,n,100
6211,I50006,1600,1200,930,454.873,45,0,n,100
5566,I44815,1600,1200,930,784.6,45,0,n,100
5175,I41500,1600,1200,930,370.78,45,0,n,100
5894,I47584,1600,1200,930,307.13,45,0,n,100
1786,I13980,1200,1000,930,338.9,45,2,n,100
816,I06322,1600,1200,930,396.2,45,0,n,100
1985,I15765,1200,1000,930,340.0,45,2,n,100
451,I03442,1600,1200,1350,303.92,45,0,n,100
4929,I39655,1600,1200,930,551.56,45,0,n,100
193,I01696,1200,1000,930,340.1,45,2,n,100
3128,I25317,1600,1200,750,582.6,45,0,n,100
2408,I19314,1600,1200,930,396.2,45,0,n,100
3864,I31339,1200,1000,930,340.0,45,2,n,100
1352,I10908,1200,1000,975,401.2,45,2,n,100
6194,I49782,1600,1200,1350,303.92,45,0,n,100
3390,I27559,1200,1000,545,526.75,45,2,n,100
5280,I42574,1600,1200,930,356.56,45,0,n,100
6145,I49348,1600,1200,1350,303.92,45,0,n,100
2504,I20301,1600,1200,930,307.13,45,0,n,100
5691,I45789,1600,1200,975,611.224,45,0,n,100
1452,I11634,1600,1200,930,356.2,45,0,n,100
5238,I42105,1600,1200,930,364.84,45,0,n,100
1751,I13661,1800,1400,1020,303.45,45,11,n,100
5015,I40268,2000,1200,2350,367.608,45,22,n,100
2015,I16089,1200,1000,975,329.77,45,2,n,100
6062,I48758,1600,1200,930,307.13,45,0,n,100
1749,I13646,1900,1200,750,713.62,45,6,n,100
1972,I15486,1200,1000,930,345.29,45,2,n,100
1618,I12721,1200,1000,930,413.58,45,2,n,100
2862,I23009,1600,1200,930,438.4,45,0,n,100
5810,I46612,2000,1200,2350,367.608,45,22,n,100
4520,I36785,1200,1000,750,305.32,45,2,n,100
390,I02874,1600,1200,1350,303.92,45,0,n,100
853,I06641,1600,1200,930,356.2,45,0,n,100
1650,I13014,1200,1000,930,347.0,45,2,n,100
1238,I10074,2000,1200,2350,367.608,45,22,n,100
2190,I17441,1600,1200,930,307.13,45,0,n,100
1817,I14264,1600,1200,930,356.2,45,0,n,100
5017,I40270,2000,1200,2350,367.608,45,22,n,100
309,I02219,1600,1200,930,663.22,45,0,n,100
1156,I09222,1200,1000,930,413.58,45,2,n,100
5492,I44281,1600,1200,930,438.4,45,0,n,100
2224,I17858,1600,1200,750,323.7,45,0,n,100
3133,I25322,1600,1200,930,356.56,45,0,n,100
5802,I46564,1200,1000,975,329.77,45,2,n,100
3146,I25425,1600,1200,930,387.3,45,0,n,100
4544,I36955,1200,1000,975,329.77,45,2,n,100
5874,I47345,1600,1200,750,323.7,45,0,n,100
3967,I32506,1600,1200,750,582.6,45,0,n,100
5830,I46797,1200,1000,750,351.756,45,2,n,100
5615,I45265,1200,1000,750,351.756,45,2,n,100
4732,I38151,2000,1200,2350,367.608,45,22,n,100
1962,I15471,1600,1200,930,663.22,45,0,n,100
524,I03956,1600,1200,930,784.6,45,0,n,100
2193,I17444,1600,1200,930,307.13,45,0,n,100
6043,I48535,1800,1400,1020,303.45,45,11,n,100
4272,I34859,1600,1200,930,551.56,45,0,n,100
5329,I42918,1200,1000,975,329.77,45,2,n,100
5021,I40274,2000,1200,2350,367.608,45,22,n,100
1622,I12798,1600,1200,930,356.2,45,0,n,100
1608,I12659,1600,1200,930,387.3,45,0,n,100
4983,I39871,1910,1200,1295,613.59,45,19,n,100
3552,I28777,1800,1200,1350,820.48,45,9,n,100
3840,I31126,1600,1200,930,356.2,45,0,n,100
5254,I42235,1600,1200,975,460.0,45,0,n,100
4210,I34553,1200,1000,975,329.77,45,2,n,100
1484,I11879,1600,1200,930,438.4,45,0,n,100
2379,I19089,1600,1200,1350,303.92,45,0,n,100
3805,I30819,1600,1200,930,387.3,45,0,n,100
3732,I30066,1200,1000,1155,373.25,0,1,n,100
5550,I44723,1600,1200,930,438.4,45,0,n,100
299,I02159,1600,1200,930,396.2,45,0,n,100
2596,I21151,1600,1200,930,454.873,45,0,n,100
4546,I36976,1800,1400,1020,303.45,45,11,n,100
3385,I27489,1800,1200,1350,820.48,45,9,n,100
6023,I48475,1600,1200,930,547.3,45,0,n,100
2477,I20107,1200,1000,975,329.77,45,2,n,100
5941,I47810,1910,1200,1295,613.59,45,19,n,100
3904,I31768,1800,1200,1350,820.48,45,9,n,100
3071,I24793,1600,1200,930,663.22,45,0,n,100
3822,I31003,1800,1400,1020,303.45,45,11,n,100
3272,I26663,1910,1200,1295,613.59,45,19,n,100
3522,I28550,1600,1200,930,356.2,45,0,n,100
1143,I09096,1600,1200,1350,303.92,45,0,n,100
4191,I34329,1200,1000,750,305.32,45,2,n,100
5507,I44385,1200,1000,975,329.77,45,2,n,100
1667,I13185,1800,1400,1020,303.45,45,11,n,100
4618,I37350,1600,1200,930,309.5,45,0,n,100
3698,I29725,1600,1200,930,356.2,45,0,n,100
1173,I09351,1600,1200,930,387.3,45,0,n,100
3161,I25787,1800,1400,1020,303.45,45,11,n,100
3388,I27549,1600,1200,930,307.13,45,0,n,100
1795,I14042,1200,1000,975,329.77,45,2,n,100
374,I02748,1600,1200,930,607.6,45,0,n,100
1375,I11090,1200,1000,975,329.77,45,2,n,100
2177,I17395,1800,1400,1020,303.45,45,11,n,100
3159,I25785,1800,1400,1020,303.45,45,11,n,100
1760,I13697,1600,1200,545,338.52,45,0,n,100
238,I01967,1800,1400,1020,303.45,45,11,n,100
3400,I27734,1600,1200,930,547.3,45,0,n,100
4220,I34607,1910,1200,1295,613.59,45,19,n,100
471,I03605,1600,1200,1350,303.92,45,0,n,100
2274,I18194,1910,1200,1295,613.59,45,19,n,100
1473,I11854,1600,1200,930,387.3,45,0,n,100
882,I06807,1910,1200,1295,613.59,45,19,n,100
3969,I32520,1600,1200,930,454.873,45,0,n,100
5089,I40816,1200,1000,975,401.2,45,2,n,100
945,I07264,1600,1200,930,551.56,45,0,n,100
1428,I11466,1600,1200,930,307.13,45,0,n,100
3918,I31879,2000,1200,545,408.88,45,5,n,100
482,I03659,1600,1200,930,307.13,45,0,n,100
2229,I17875,1600,1200,930,356.56,45,0,n,100
3679,I29669,1600,1200,930,307.13,45,0,n,100
5224,I42064,1600,1200,930,370.78,45,0,n,100
5117,I41038,1600,1200,750,582.6,45,0,n,100
1872,I14724,1600,1200,930,514.24,45,0,n,100
5928,I47797,1910,1200,1295,613.59,45,19,n,100
1615,I12680,1600,1200,930,307.13,45,0,n,100
6141,I49331,1600,1200,930,370.78,45,0,n,100
2534,I20635,1200,1000,930,617.24,45,2,n,100
2167,I17333,1600,1200,930,551.56,45,0,n,100
4640,I37484,2000,1200,545,408.88,45,5,n,100
4253,I34692,1200,1000,975,329.77,45,2,n,100
5327,I42916,1600,1200,930,307.13,45,0,n,100
2313,I18437,1600,1200,930,396.2,45,0,n,100
2175,I17346,1900,1200,750,713.62,45,6,n,100
335,I02441,1600,1200,930,356.2,45,0,n,100
3158,I25738,1200,1000,750,351.756,45,2,n,100
4201,I34449,1600,1200,930,356.56,45,0,n,100
2597,I21164,1200,1000,975,329.77,45,2,n,100
3479,I28452,1910,1200,1295,613.59,45,19,n,100
3878,I31524,1800,1400,1020,303.45,45,11,n,100
1004,I07777,1200,1000,930,413.58,45,2,n,100
5278,I42572,1600,1200,930,356.56,45,0,n,100
5717,I45887,1600,1200,1350,303.92,45,0,n,100
2243,I18034,1200,1000,930,414.14,45,2,n,100
3960,I32479,1600,1200,930,356.56,45,0,n,100
3933,I32058,1600,1200,930,551.56,45,0,n,100
1955,I15448,1200,1000,930,347.0,45,2,n,100
2984,I23861,1200,1000,545,729.5,45,2,n,100
751,I05781,1600,1200,1350,303.92,45,0,n,100
3964,I32490,1600,1200,1350,303.92,45,0,n,100
1353,I10909,1600,1200,1350,303.92,45,0,n,100
1422,I11433,1600,1200,930,358.48,45,0,n,100
463,I03565,1900,1200,750,713.62,45,6,n,100
2610,I21311,2000,1200,2350,367.608,45,22,n,100
55,I00488,1600,1200,750,323.7,45,0,n,100
2008,I15946,1600,1200,930,663.22,45,0,n,100
3954,I32316,1800,1200,1350,820.48,45,9,n,100
5686,I45676,1800,1200,1350,820.48,45,9,n,100
95,I00829,1800,1400,1020,303.45,45,11,n,100
1535,I12332,1800,1400,1020,303.45,45,11,n,100
2364,I19009,1600,1200,930,607.6,45,0,n,100
3265,I26642,1600,1200,930,370.78,45,0,n,100
3396,I27685,1600,1200,930,358.48,45,0,n,100
966,I07469,1600,1200,930,607.6,45,0,n,100
4882,I39204,1600,1200,975,808.3,45,0,n,100
923,I07061,1600,1200,750,323.7,45,0,n,100
5261,I42333,1600,1200,975,611.224,45,0,n,100
2068,I16470,1600,1200,545,338.52,45,0,n,100
1078,I08482,1600,1200,750,323.7,45,0,n,100
6200,I49862,1600,1200,930,364.84,45,0,n,100
542,I04085,1600,1200,930,358.48,45,0,n,100
2104,I16725,1600,1200,930,784.6,45,0,n,100
1446,I11582,1600,1200,1350,303.92,45,0,n,100
4305,I35123,1800,1400,1020,303.45,45,11,n,100
5401,I43474,1600,1200,930,307.13,45,0,n,100
5920,I47764,1200,1000,930,340.0,45,2,n,100
2923,I23436,1600,1200,930,396.2,45,0,n,100
4976,I39864,1910,1200,1295,613.59,45,19,n,100
4814,I38723,2000,1200,2350,367.608,45,22,n,100
576,I04445,1600,1200,930,364.84,45,0,n,100
1815,I14245,1200,1000,930,347.0,45,2,n,100
3384,I27488,1800,1200,1350,820.48,45,9,n,100
5629,I45373,1600,1200,930,356.2,45,0,n,100
4507,I36721,1600,1200,1350,303.92,45,0,n,100
1543,I12346,1600,1200,750,582.6,45,0,n,100
5966,I47971,1800,1400,1020,303.45,45,11,n,100
4132,I33863,1600,1200,1350,303.92,45,0,n,100
2886,I23152,1600,1200,930,364.84,45,0,n,100
5774,I46271,1600,1200,545,338.16,45,0,n,100
6088,I48897,1910,1200,1295,613.59,45,19,n,100
308,I02218,1600,1200,930,663.22,45,0,n,100
6176,I49714,1910,1200,1295,613.59,45,19,n,100
3187,I25938,1600,1200,930,356.56,45,0,n,100
4058,I33272,1600,1200,930,663.22,45,0,n,100
4270,I34819,1200,1000,975,329.77,45,2,n,100
3398,I27732,1200,1000,750,351.756,45,2,n,100
4211,I34554,1200,1000,975,329.77,45,2,n,100
3077,I24814,1600,1200,930,356.2,45,0,n,100
456,I03483,1200,1000,545,526.75,45,2,n,100
5808,I46594,1200,1000,545,729.5,45,2,n,100
5078,I40623,2400,1200,1490,340.5,45,24,n,100
2107,I16728,1800,1400,1020,303.45,45,11,n,100
388,I02872,1600,1200,930,387.3,45,0,n,100
4170,I34191,1600,1200,930,307.13,45,0,n,100
4261,I34760,1600,1200,930,551.56,45,0,n,100
4980,I39868,1910,1200,1295,613.59,45,19,n,100
5731,I45963,1200,1000,975,329.77,45,2,n,100
1901,I14923,1600,1200,930,358.48,45,0,n,100
690,I05086,1600,1200,930,784.6,45,0,n,100
26,I00334,1200,1000,645,330.5,0,1,n,100
6166,I49704,1910,1200,1295,613.59,45,19,n,100
2994,I24038,1600,1200,930,551.56,45,0,n,100
5428,I43657,1600,1200,930,309.5,45,0,n,100
3301,I26850,1200,1000,545,729.5,45,2,n,100
5353,I43090,1910,1200,1295,613.59,45,19,n,100
5468,I44138,1200,1000,930,704.36,45,2,n,100
1174,I09352,1600,1200,930,387.3,45,0,n,100
142,I01241,1200,1000,975,329.77,45,2,n,100
2226,I17860,1200,800,880,382.8,45,23,n,100
450,I03441,1600,1200,1350,303.92,45,0,n,100
5256,I42259,1600,1200,930,663.22,45,0,n,100
807,I06258,2000,1200,2350,367.608,45,22,n,100
5779,I46283,1600,1200,1350,303.92,45,0,n,100
5725,I45898,1600,1200,930,663.22,45,0,n,100
4385,I35767,1910,1200,1295,613.59,45,19,n,100
616,I04659,1600,1200,930,370.78,45,0,n,100
5201,I41788,1600,1200,930,370.78,45,0,n,100
4548,I36978,1800,1400,1020,303.45,45,11,n,100
3008,I24124,1600,1200,1350,303.92,45,0,n,100
4893,I39266,1600,1200,930,307.13,45,0,n,100
4001,I32764,1600,1200,930,784.6,45,0,n,100
899,I06824,1910,1200,1295,613.59,45,19,n,100
5974,I48027,1600,1200,750,323.7,45,0,n,100
4781,I38465,1200,1000,750,318.7,45,2,n,100
4478,I36583,1600,1200,750,323.7,45,0,n,100
4482,I36606,1600,1200,930,387.3,45,0,n,100
2510,I20320,1600,1200,1350,303.92,45,0,n,100
3322,I26988,1200,1000,545,526.75,45,2,n,100
1122,I08979,2000,1200,2350,367.608,45,22,n,100
5910,I47683,1600,1200,930,370.78,45,0,n,100
1118,I08934,1600,1200,545,338.16,45,0,n,100
5844,I46887,2000,1200,545,408.88,45,5,n,100
268,I02002,1910,1200,1295,613.59,45,19,n,100
3628,I29362,1600,1200,930,438.4,45,0,n,100
4133,I33904,1200,1000,750,351.944,45,2,n,100
5250,I42189,1800,1400,1020,303.45,45,11,n,100
4498,I36678,1600,1200,930,547.3,45,0,n,100
538,I04059,1600,1200,930,663.22,45,0,n,100
1080,I08489,1600,1200,930,358.48,45,0,n,100
5565,I44804,1600,1200,930,784.6,45,0,n,100
5749,I46066,1600,1200,930,370.78,45,0,n,100
2602,I21232,1600,1200,930,781.25,45,0,n,100
5070,I40551,1200,1000,975,329.77,45,2,n,100
2003,I15902,1600,1200,545,338.16,45,0,n,100
5203,I41798,1200,1000,930,617.24,45,2,n,100
107,I01004,1600,1200,930,607.6,45,0,n,100
1226,I10001,1600,1200,930,356.2,45,0,n,100
3580,I29050,2000,1200,2350,367.608,45,22,n,100
812,I06296,1600,1200,975,460.0,45,0,n,100
387,I02823,1600,1200,930,781.25,45,0,n,100
592,I04554,1200,1000,975,401.2,45,2,n,100
1332,I10575,1600,1200,1350,303.92,45,0,n,100
2881,I23036,1600,1200,930,551.56,45,0,n,100
1658,I13148,1600,1200,750,323.7,45,0,n,100
5113,I41034,1600,1200,930,547.3,45,0,n,100
5616,I45266,1600,1200,930,387.3,45,0,n,100
5177,I41564,1200,1000,975,401.2,45,2,n,100
2956,I23716,1200,1000,975,336.7,45,2,n,100
1554,I12423,1600,1200,930,547.3,45,0,n,100
4175,I34217,1600,1200,930,663.22,45,0,n,100
1013,I07901,1600,1200,930,663.22,45,0,n,100
4870,I38996,1800,1200,1350,820.48,45,9,n,100
4264,I34764,1600,1200,930,356.2,45,0,n,100
1793,I14029,1200,1000,930,347.0,45,2,n,100
3053,I24696,1600,1200,930,307.13,45,0,n,100
697,I05289,1600,1200,930,784.6,45,0,n,100
2369,I19060,1600,1200,1350,303.92,45,0,n,100
5391,I43293,1600,1200,930,313.0,45,0,n,100
1047,I08189,1200,1000,545,526.75,45,2,n,100
4757,I38312,1200,1000,930,414.14,45,2,n,100
3289,I26785,1200,1000,975,329.77,45,2,n,100
2793,I22397,1600,1200,930,607.6,45,0,n,100
1680,I13277,1600,1200,930,663.22,45,0,n,100
2858,I22951,1200,1000,750,305.32,45,2,n,100
5991,I48124,1200,1000,930,345.29,45,2,n,100
4629,I37425,2000,1200,2350,367.608,45,22,n,100
4371,I35738,1200,1000,750,405.72,45,2,n,100
3355,I27278,1600,1200,930,358.48,45,0,n,100
2861,I23007,1600,1200,930,784.6,45,0,n,100
939,I07120,1600,1200,1350,303.92,45,0,n,100
6262,I50512,1600,1200,930,356.2,45,0,n,100
2258,I18178,1910,1200,1295,613.59,45,19,n,100
5823,I46650,1200,1000,975,337.9,45,2,n,100
5241,I42109,1200,1000,930,347.0,45,2,n,100
3746,I30252,1200,1000,750,305.32,45,2,n,100
5695,I45796,1600,1200,930,356.2,45,0,n,100
334,I02440,1600,1200,750,323.7,45,0,n,100
2139,I17112,1200,1000,930,413.58,45,2,n,100
2219,I17824,1600,1200,930,546.3,45,0,n,100
4285,I34988,1200,1000,930,414.14,45,2,n,100
552,I04193,1600,1200,930,364.84,45,0,n,100
5313,I42830,1600,1200,930,387.3,45,0,n,100
4442,I36270,1200,1000,750,318.7,45,2,n,100
950,I07388,1600,1200,750,582.6,45,0,n,100
5696,I45797,1600,1200,930,356.2,45,0,n,100
5141,I41205,1600,1200,930,358.48,45,0,n,100
2710,I21934,1600,1200,930,551.56,45,0,n,100
3023,I24200,1200,1000,545,526.75,45,2,n,100
2585,I21047,1200,1000,545,690.5,45,2,n,100
1356,I10912,1800,1400,1020,303.45,45,11,n,100
5444,I43779,1600,1200,930,356.2,45,0,n,100
5096,I40917,2000,1200,2350,367.608,45,22,n,100
4511,I36725,1600,1200,1350,303.92,45,0,n,100
2251,I18129,1600,1200,930,307.13,45,0,n,100
1707,I13398,1600,1200,930,396.2,45,0,n,100
921,I07059,1200,1000,930,413.58,45,2,n,100
1346,I10800,1600,1200,930,356.56,45,0,n,100
2323,I18532,1600,1200,930,358.48,45,0,n,100
4510,I36724,1600,1200,1350,303.92,45,0,n,100
5656,I45463,1600,1200,545,338.52,45,0,n,100
900,I06825,1910,1200,1295,613.59,45,19,n,100
3976,I32527,2000,1200,2350,367.608,45,22,n,100
3340,I27117,1200,1000,930,414.14,45,2,n,100
1889,I14858,1800,1400,1020,303.45,45,11,n,100
4142,I33992,1200,1000,545,526.75,45,2,n,100
3222,I26340,1800,1400,1020,303.45,45,11,n,100
4573,I37208,1600,1200,930,358.48,45,0,n,100
2236,I17946,1600,1200,750,323.7,45,0,n,100
4353,I35605,1600,1200,930,307.13,45,0,n,100
1676,I13231,1200,1000,975,384.74,45,2,n,100
3311,I26931,1600,1200,930,551.56,45,0,n,100
1602,I12615,1200,1000,930,345.29,45,2,n,100
884,I06809,1910,1200,1295,613.59,45,19,n,100
1568,I12507,1200,1000,930,704.36,45,2,n,100
441,I03327,1600,1200,930,663.22,45,0,n,100
3315,I26939,1600,1200,930,356.2,45,0,n,100
5680,I45636,1800,1400,1020,303.45,45,11,n,100
705,I05325,1600,1200,930,438.4,45,0,n,100
4090,I33495,1200,1000,930,704.36,45,2,n,100
298,I02158,1600,1200,930,396.2,45,0,n,100
4740,I38211,1200,1000,645,330.5,0,1,n,100
4114,I33673,1600,1200,1350,312.72,45,0,n,100
1900,I14922,1600,1200,930,358.48,45,0,n,100
4616,I37340,1600,1200,930,454.873,45,0,n,100
5582,I44961,1600,1200,930,438.4,45,0,n,100
4020,I32897,1600,1200,930,358.48,45,0,n,100
382,I02816,1800,1400,1020,303.45,45,11,n,100
2032,I16172,1200,1000,930,345.29,45,2,n,100
1982,I15718,1600,1200,930,356.2,45,0,n,100
1232,I10039,1800,1200,1350,820.48,45,9,n,100
146,I01246,1600,1200,930,396.2,45,0,n,100
5134,I41188,1800,1400,1020,303.45,45,11,n,100
1908,I14965,1600,1200,930,396.2,45,0,n,100
1988,I15808,1200,1000,975,465.1,45,2,n,100
379,I02813,1800,1400,1020,303.45,45,11,n,100
4219,I34586,1600,1200,930,358.48,45,0,n,100
4203,I34464,1600,1200,930,663.22,45,0,n,100
732,I05525,1600,1200,975,460.0,45,0,n,100
5828,I46677,1600,1200,930,784.6,45,0,n,100
3686,I29690,1800,1400,1020,303.45,45,11,n,100
1895,I14864,1600,1200,930,358.48,45,0,n,100
2681,I21720,1600,1200,930,551.56,45,0,n,100
5467,I44121,1600,1200,930,551.56,45,0,n,100
1386,I11110,1200,1000,975,329.77,45,2,n,100
5191,I41697,1200,1000,750,351.944,45,2,n,100
1092,I08677,1600,1200,930,781.25,45,0,n,100
329,I02427,1800,1400,1020,303.45,45,11,n,100
269,I02003,1910,1200,1295,613.59,45,19,n,100
4773,I38415,1200,1000,975,329.77,45,2,n,100
754,I05795,1600,1200,750,323.7,45,0,n,100
4488,I36614,1200,1000,930,704.12,45,2,n,100
1884,I14844,1600,1200,930,607.6,45,0,n,100
187,I01589,2000,1200,545,408.88,45,5,n,100
0,I00003,1200,1000,930,413.58,45,2,n,100
481,I03658,1600,1200,930,307.13,45,0,n,100
5698,I45810,1600,1200,545,338.16,45,0,n,100
2954,I23702,1600,1200,930,551.56,45,0,n,100
1572,I12523,1200,1000,975,329.77,45,2,n,100
3974,I32525,2000,1200,2350,367.608,45,22,n,100
5300,I42772,1600,1200,930,547.3,45,0,n,100
1487,I11951,1200,1000,930,345.29,45,2,n,100
5661,I45543,2000,1200,545,408.88,45,5,n,100
5194,I41709,1600,1200,930,607.6,45,0,n,100
3641,I29421,1200,1000,930,347.0,45,2,n,100
202,I01722,1800,1200,1350,820.48,45,9,n,100
4742,I38221,1600,1200,930,784.6,45,0,n,100
3950,I32227,1200,1000,975,401.2,45,2,n,100
77,I00759,1200,1000,750,431.704,45,2,n,100
3808,I30822,1800,1200,1350,820.48,45,9,n,100
4888,I39257,1600,1200,750,582.6,45,0,n,100
2053,I16346,1800,1200,1350,820.48,45,9,n,100
2732,I22011,1800,1400,1020,303.45,45,11,n,100
510,I03785,1600,1200,930,547.3,45,0,n,100
1015,I07910,1800,1400,1020,303.45,45,11,n,100
933,I07105,1200,1000,750,351.756,45,2,n,100
5402,I43475,1600,1200,930,307.13,45,0,n,100
5190,I41696,1600,1200,930,356.56,45,0,n,100
1761,I13720,1600,1200,930,784.6,45,0,n,100
4652,I37550,1600,1200,930,551.56,45,0,n,100
2527,I20605,1600,1200,930,358.48,45,0,n,100
4461,I36431,1800,1400,1020,303.45,45,11,n,100
4484,I36608,1600,1200,930,387.3,45,0,n,100
3571,I29022,1600,1200,1350,303.92,45,0,n,100
4313,I35161,1200,1000,545,526.75,45,2,n,100
3818,I30999,1800,1400,1020,303.45,45,11,n,100
5935,I47804,1910,1200,1295,613.59,45,19,n,100
5383,I43196,1200,1000,545,526.75,45,2,n,100
1836,I14442,1600,1200,930,438.4,45,0,n,100
60,I00538,1600,1200,930,356.56,45,0,n,100
4372,I35751,1200,1000,930,345.29,45,2,n,100
4898,I39310,1200,1000,975,329.77,45,2,n,100
2375,I19082,1600,1200,930,370.78,45,0,n,100
5039,I40349,1600,1200,1350,303.92,45,0,n,100
4688,I37874,1600,1200,930,607.6,45,0,n,100
3727,I29979,1600,1200,1350,303.92,45,0,n,100
4777,I38433,1200,1000,975,329.77,45,2,n,100
3620,I29305,1600,1200,930,356.56,45,0,n,100
3320,I26983,1200,1000,975,329.77,45,2,n,100
5929,I47798,1910,1200,1295,613.59,45,19,n,100
7,I00143,1600,1200,930,313.0,45,0,n,100
5233,I42081,1600,1200,930,307.13,45,0,n,100
5291,I42704,1200,1000,1155,366.75,0,1,n,100
1381,I11105,1200,1000,975,329.77,45,2,n,100
2371,I19064,1200,1000,930,413.58,45,2,n,100
2351,I18815,1600,1200,930,547.3,45,0,n,100
466,I03570,1200,1000,930,414.14,45,2,n,100
2659,I21547,1600,1200,750,323.7,45,0,n,100
4345,I35568,2400,1200,1490,340.5,45,24,n,5
1388,I11115,1600,1200,930,370.78,45,0,n,100
424,I03224,1600,1200,1350,303.92,45,0,n,100
2494,I20264,1600,1200,930,396.2,45,0,n,100
3047,I24621,1600,1200,930,358.48,45,0,n,100
5196,I41765,1600,1200,930,358.48,45,0,n,100
1617,I12720,1200,1000,1155,373.25,0,1,n,100
2577,I20947,1600,1200,930,356.56,45,0,n,100
4392,I35841,1200,1000,930,345.29,45,2,n,100
5055,I40456,1600,1200,930,370.78,45,0,n,100
2631,I21478,1910,1200,1295,613.59,45,19,n,100
4692,I37894,1200,1000,545,526.75,45,2,n,100
5649,I45433,1200,1000,975,329.77,45,2,n,100
221,I01786,1600,1200,930,607.6,45,0,n,100
3263,I26640,1200,1000,750,431.704,45,2,n,100
4050,I33244,1200,1000,975,329.77,45,2,n,100
319,I02334,1200,1000,930,345.29,45,2,n,100
2855,I22944,1600,1200,930,547.3,45,0,n,100
5753,I46070,1600,1200,930,547.3,45,0,n,100
5251,I42190,1800,1400,1020,303.45,45,11,n,100
3541,I28684,1600,1200,930,307.13,45,0,n,100
3729,I29994,1600,1200,545,338.52,45,0,n,100
646,I04784,1600,1200,930,356.56,45,0,n,100
4433,I36230,1600,1200,1350,303.92,45,0,n,100
4631,I37427,2000,1200,2350,367.608,45,22,n,100
3237,I26494,1600,1200,930,370.78,45,0,n,100
3750,I30265,1600,1200,545,338.52,45,0,n,100
4797,I38651,1800,1400,1020,303.45,45,11,n,100
2377,I19084,1200,1000,930,347.0,45,2,n,100
3755,I30318,1200,1000,975,401.2,45,2,n,100
4822,I38772,1600,1200,930,364.84,45,0,n,100
3059,I24739,1600,1200,975,460.0,45,0,n,100
4308,I35146,1600,1200,930,607.6,45,0,n,100
3179,I25902,1600,1200,930,551.56,45,0,n,100
1483,I11878,1600,1200,930,438.4,45,0,n,100
1453,I11637,1600,1200,1350,303.92,45,0,n,100
5990,I48112,1600,1200,930,781.25,45,0,n,100
4645,I37499,1600,1200,930,547.3,45,0,n,100
6116,I49029,1200,1000,930,347.0,45,2,n,100
409,I03049,1600,1200,975,460.0,45,0,n,100
4047,I33162,1900,1200,750,845.38,45,6,n,100
1763,I13744,1200,1000,930,413.58,45,2,n,100
410,I03076,1200,1000,975,337.9,45,2,n,100
3235,I26451,1200,1000,930,345.29,45,2,n,100
2606,I21287,1600,1200,930,663.22,45,0,n,100
2450,I19873,1600,1200,930,551.56,45,0,n,100
4620,I37379,1600,1200,930,438.4,45,0,n,100
4046,I33130,1200,1000,930,347.0,45,2,n,100
1144,I09097,1600,1200,1350,303.92,45,0,n,100
759,I05900,1600,1200,930,307.13,45,0,n,100
2562,I20894,1900,1200,750,845.38,45,6,n,100
5983,I48037,1200,1000,930,347.0,45,2,n,100
640,I04777,1800,1400,1020,303.45,45,11,n,100
5510,I44389,1600,1200,930,307.13,45,0,n,100
980,I07572,1600,1200,930,387.3,45,0,n,100
5812,I46614,2000,1200,2350,367.608,45,22,n,100
3555,I28790,1600,1200,930,663.22,45,0,n,100
3769,I30504,1600,1200,930,356.2,45,0,n,100
5722,I45894,1600,1200,930,307.13,45,0,n,100
1230,I10032,1600,1200,930,551.56,45,0,n,100
5071,I40552,1200,1000,975,329.77,45,2,n,100
2376,I19083,1200,1000,930,347.0,45,2,n,100
5267,I42397,1600,1200,930,784.6,45,0,n,100
4269,I34818,1200,1000,975,329.77,45,2,n,100
428,I03239,1900,1200,750,845.38,45,6,n,100
2645,I21492,1910,1200,1295,613.59,45,19,n,100
3006,I24095,1200,1000,930,345.29,45,2,n,100
244,I01973,1800,1400,1020,303.45,45,11,n,100
2150,I17192,1800,1400,1020,303.45,45,11,n,100
4772,I38414,1200,1000,975,329.77,45,2,n,100
2030,I16165,1600,1200,930,396.2,45,0,n,100
3859,I31281,1600,1200,1350,303.92,45,0,n,100
3236,I26476,1600,1200,930,307.13,45,0,n,100
1482,I11877,1600,1200,930,438.4,45,0,n,100
3521,I28542,1600,1200,930,607.6,45,0,n,100
6164,I49702,1910,1200,1295,613.59,45,19,n,100
5354,I43091,1910,1200,1295,613.59,45,19,n,100
4861,I38951,2000,1200,2350,367.608,45,22,n,100
1501,I12060,1600,1200,930,356.56,45,0,n,100
2879,I23034,1600,1200,930,551.56,45,0,n,100
3438,I28004,1600,1200,930,356.2,45,0,n,100
1403,I11298,1600,1200,930,358.48,45,0,n,100
1796,I14043,1200,1000,975,329.77,45,2,n,100
1733,I13599,1910,1200,1295,613.59,45,19,n,100
5699,I45834,1600,1200,750,582.6,45,0,n,100
5081,I40737,1800,1200,1350,820.48,45,9,n,100
5940,I47809,1910,1200,1295,613.59,45,19,n,100
2958,I23718,1200,1000,975,336.7,45,2,n,100
3150,I25483,1600,1200,930,309.5,45,0,n,100
2870,I23022,1600,1200,930,356.2,45,0,n,100
2529,I20607,1600,1200,930,358.48,45,0,n,100
2013,I16085,1800,1200,1350,820.48,45,9,n,100
2487,I20155,1200,1000,750,351.944,45,2,n,100
5036,I40344,1600,1200,930,438.4,45,0,n,100
5923,I47768,1600,1200,750,323.7,45,0,n,100
4559,I37143,1200,1000,975,401.2,45,2,n,100
2699,I21851,1600,1200,930,358.48,45,0,n,100
1540,I12337,1800,1400,1020,303.45,45,11,n,100
6033,I48522,1600,1200,930,607.6,45,0,n,100
2951,I23689,1800,1400,1020,303.45,45,11,n,100
1828,I14431,1200,1000,975,329.77,45,2,n,100
5984,I48038,1600,1200,930,370.78,45,0,n,100
2086,I16561,1800,1400,1020,303.45,45,11,n,100
4855,I38945,2000,1200,2350,367.608,45,22,n,100
1556,I12425,1600,1200,930,547.3,45,0,n,100
3996,I32727,1600,1200,930,781.25,45,0,n,100
1245,I10108,1600,1200,975,808.3,45,0,n,100
5195,I41764,1600,1200,930,358.48,45,0,n,100
3548,I28720,1600,1200,930,607.6,45,0,n,100
3406,I27778,1600,1200,930,607.6,45,0,n,100
5826,I46659,1600,1200,1350,303.92,45,0,n,100
5816,I46618,2000,1200,2350,367.608,45,22,n,100
2202,I17589,1600,1200,930,356.56,45,0,n,100
1710,I13413,1200,1000,545,729.5,45,2,n,100
3572,I29023,1600,1200,1350,303.92,45,0,n,100
3661,I29593,1600,1200,930,547.3,45,0,n,100
1480,I11875,1600,1200,930,438.4,45,0,n,100
5358,I43095,1910,1200,1295,613.59,45,19,n,100
2287,I18214,1600,1200,930,370.78,45,0,n,100
3420,I27934,1200,1000,975,652.0,45,2,n,100
4400,I35875,1800,1200,1350,820.48,45,9,n,100
3658,I29570,1600,1200,930,438.4,45,0,n,100
1302,I10450,1800,1400,1020,303.45,45,11,n,100
4025,I32945,1600,1200,930,307.13,45,0,n,100
2581,I20966,1600,1200,1350,303.92,45,0,n,100
2473,I20018,1600,1200,930,358.48,45,0,n,100
937,I07118,1600,1200,1350,303.92,45,0,n,100
3341,I27165,1600,1200,930,551.56,45,0,n,100
717,I05368,1600,1200,930,514.24,45,0,n,100
4845,I38895,1600,1200,1350,303.92,45,0,n,100
802,I06234,1600,1200,545,338.52,45,0,n,100
2076,I16505,1200,1000,545,729.5,45,2,n,100
5066,I40499,1200,1000,930,345.29,45,2,n,100
1034,I08089,1600,1200,930,307.13,45,0,n,100
1486,I11935,1600,1200,930,663.22,45,0,n,100
791,I06125,1910,1200,1295,613.59,45,19,n,100
3762,I30363,1600,1200,930,663.22,45,0,n,100
3981,I32578,1600,1200,930,358.48,45,0,n,100
476,I03653,1600,1200,750,323.7,45,0,n,100
3345,I27204,1200,1000,750,405.72,45,2,n,100
3482,I28455,1910,1200,1295,613.59,45,19,n,100
4339,I35489,1600,1200,545,338.52,45,0,n,100
5236,I42103,1600,1200,930,356.56,45,0,n,100
3819,I31000,1800,1400,1020,303.45,45,11,n,100
1914,I15038,1200,1000,750,405.72,45,2,n,100
63,I00572,1200,1000,930,414.14,45,2,n,100
2824,I22777,1800,1200,1350,820.48,45,9,n,100
1115,I08914,1600,1200,930,356.56,45,0,n,100
32,I00346,1200,1000,975,401.2,45,2,n,100
5942,I47811,1910,1200,1295,613.59,45,19,n,100
3828,I31034,1200,1000,975,337.45,45,2,n,100
2702,I21856,1600,1200,930,551.56,45,0,n,100
4918,I39566,1600,1200,1350,303.92,45,0,n,100
2209,I17705,1600,1200,930,356.2,45,0,n,100
2611,I21312,2000,1200,2350,367.608,45,22,n,100
3402,I27736,1600,1200,930,547.3,45,0,n,100
6217,I50040,1600,1200,930,607.6,45,0,n,100
4076,I33427,1200,1000,750,431.704,45,2,n,100
242,I01971,1800,1400,1020,303.45,45,11,n,100
5786,I46384,1600,1200,930,310.76,45,0,n,100
1493,I11980,1600,1200,930,370.78,45,0,n,100
3858,I31280,1600,1200,1350,303.92,45,0,n,100
843,I06543,1200,1000,930,704.12,45,2,n,100
4204,I34465,1600,1200,975,611.224,45,0,n,100
3792,I30779,1600,1200,930,364.84,45,0,n,100
442,I03358,1200,1000,930,413.58,45,2,n,100
4890,I39263,1600,1200,930,551.56,45,0,n,100
5290,I42703,1200,1000,930,340.1,45,2,n,100
1301,I10449,1800,1400,1020,303.45,45,11,n,100
1448,I11607,1900,1200,750,845.38,45,6,n,100
160,I01369,1200,1000,930,704.36,45,2,n,100
6036,I48528,1800,1400,1020,303.45,45,11,n,100
2744,I22054,1200,1000,975,336.7,45,2,n,100
5899,I47613,1200,1000,750,405.72,45,2,n,100
148,I01253,1600,1200,930,307.13,45,0,n,100
757,I05800,1600,1200,930,356.56,45,0,n,100
4416,I36017,1600,1200,930,356.2,45,0,n,100
5133,I41187,1800,1400,1020,303.45,45,11,n,100
750,I05780,1600,1200,1350,303.92,45,0,n,100
5367,I43104,1910,1200,1295,613.59,45,19,n,100
271,I02005,1910,1200,1295,613.59,45,19,n,100
862,I06696,1600,1200,930,546.3,45,0,n,100
2987,I23985,1200,1000,975,329.77,45,2,n,100
2307,I18386,1200,1000,930,345.29,45,2,n,100
1187,I09558,1600,1200,930,307.13,45,0,n,100
5683,I45673,1200,1000,1155,375.0,0,1,n,100
664,I04870,1200,1000,930,319.1,45,2,n,100
6156,I49694,1910,1200,1295,613.59,45,19,n,100
4068,I33359,1800,1400,1020,303.45,45,11,n,100
4627,I37386,1600,1200,930,663.22,45,0,n,100
556,I04223,1600,1200,1350,303.92,45,0,n,100
5657,I45494,1200,1000,930,413.58,45,2,n,100
1399,I11282,1600,1200,930,663.22,45,0,n,100
1253,I10155,1200,1000,975,652.0,45,2,n,100
4613,I37316,1600,1200,1350,303.92,45,0,n,100
3546,I28704,1600,1200,930,454.873,45,0,n,100
5333,I42922,1600,1200,930,663.22,45,0,n,100
1757,I13667,1800,1400,1020,303.45,45,11,n,100
4166,I34187,1600,1200,930,307.13,45,0,n,100
2002,I15844,1600,1200,750,582.6,45,0,n,100
1886,I14848,1200,1000,930,413.58,45,2,n,100
5445,I43780,1600,1200,930,356.2,45,0,n,100
840,I06447,1600,1200,1350,303.92,45,0,n,100
2484,I20136,1600,1200,1350,303.92,45,0,n,100
2350,I18814,1600,1200,930,547.3,45,0,n,100
746,I05768,1600,1200,930,356.56,45,0,n,100
3093,I25042,1200,1000,930,347.0,45,2,n,100
1904,I14928,1600,1200,930,356.56,45,0,n,100
408,I03032,1600,1200,930,307.13,45,0,n,100
495,I03718,1800,1400,1020,303.45,45,11,n,100
87,I00821,1800,1400,1020,303.45,45,11,n,100
4377,I35759,1910,1200,1295,613.59,45,19,n,100
3816,I30901,1600,1200,930,396.2,45,0,n,100
778,I06076,1800,1400,1020,303.45,45,11,n,100
5932,I47801,1910,1200,1295,613.59,45,19,n,100
1849,I14578,1600,1200,1350,303.92,45,0,n,100
4617,I37341,1600,1200,930,454.873,45,0,n,100
1866,I14693,1600,1200,930,547.3,45,0,n,100
2020,I16144,1600,1200,930,387.3,45,0,n,100
3900,I31756,1600,1200,750,582.6,45,0,n,100
5109,I41021,1600,1200,930,307.13,45,0,n,100
1802,I14122,1600,1200,930,356.56,45,0,n,100
4018,I32884,1600,1200,975,460.0,45,0,n,100
177,I01504,1600,1200,750,582.6,45,0,n,100
3194,I26021,1600,1200,750,582.6,45,0,n,100
1463,I11813,1200,1000,975,329.77,45,2,n,100
5861,I47109,1600,1200,750,323.7,45,0,n,100
4528,I36814,1200,1000,1155,366.75,0,1,n,100
5282,I42598,1600,1200,930,387.3,45,0,n,100
2382,I19115,1200,1000,930,347.0,45,2,n,100
1200,I09619,1200,1000,975,329.77,45,2,n,100
3381,I27464,1800,1200,1350,820.48,45,9,n,100
5065,I40485,1600,1200,930,663.22,45,0,n,100
4957,I39800,1200,1000,930,413.58,45,2,n,100
4084,I33435,1600,1200,930,438.4,45,0,n,100
5500,I44317,1200,1000,750,431.704,45,2,n,100
5045,I40379,1800,1400,1020,303.45,45,11,n,100
3550,I28731,1200,1000,975,401.2,45,2,n,100
1533,I12330,1800,1400,1020,303.45,45,11,n,100
3102,I25168,1600,1200,750,323.7,45,0,n,100
1531,I12323,2000,1200,545,408.88,45,5,n,100
4641,I37485,2000,1200,545,408.88,45,5,n,100
1477,I11872,1200,1000,930,345.29,45,2,n,100
6028,I48491,1600,1200,930,307.13,45,0,n,100
2966,I23763,1800,1400,1020,303.45,45,11,n,100
4419,I36038,1600,1200,930,454.873,45,0,n,100
4436,I36260,1600,1200,930,438.4,45,0,n,100
1589,I12572,1200,1000,545,690.5,45,2,n,100
551,I04172,1600,1200,750,323.7,45,0,n,100
4583,I37256,1910,1200,1295,613.59,45,19,n,100
4940,I39697,1200,1000,975,329.77,45,2,n,100
1957,I15452,1600,1200,750,582.6,45,0,n,100
3124,I25308,1600,1200,930,356.2,45,0,n,100
4619,I37378,1600,1200,930,784.6,45,0,n,100
2290,I18221,1600,1200,930,307.13,45,0,n,100
6216,I50039,1600,1200,930,607.6,45,0,n,100
3014,I24148,1200,1000,930,347.0,45,2,n,100
5882,I47403,1600,1200,930,370.78,45,0,n,100
5617,I45267,1600,1200,930,387.3,45,0,n,100
2796,I22416,1600,1200,975,460.0,45,0,n,100
3683,I29673,1600,1200,1350,303.92,45,0,n,100
3358,I27287,1200,1000,975,329.77,45,2,n,100
1846,I14514,1200,1000,930,617.24,45,2,n,100
5237,I42104,1600,1200,930,364.84,45,0,n,100
3185,I25912,1600,1200,1350,303.92,45,0,n,100
1180,I09434,2000,1200,2350,367.608,45,22,n,100
2388,I19166,1600,1200,1350,303.92,45,0,n,100
6266,I50522,1600,1200,1350,303.92,45,0,n,100
1153,I09178,1600,1200,750,323.7,45,0,n,100
4359,I35678,1200,1000,545,690.5,45,2,n,100
611,I04640,1600,1200,930,364.84,45,0,n,100
2522,I20555,1600,1200,975,611.224,45,0,n,100
2515,I20449,1600,1200,930,551.56,45,0,n,100
4754,I38279,1800,1400,1020,303.45,45,11,n,100
3174,I25842,1200,1000,930,345.29,45,2,n,100
6144,I49347,1600,1200,545,338.52,45,0,n,100
5790,I46397,1600,1200,930,364.84,45,0,n,100
969,I07473,1600,1200,975,460.0,45,0,n,100
5121,I41064,1600,1200,930,663.22,45,0,n,100
3156,I25735,1600,1200,930,356.56,45,0,n,100
1983,I15754,1200,1000,975,308.76,45,2,n,100
4327,I35361,1200,1000,975,329.77,45,2,n,100
2108,I16729,1800,1400,1020,303.45,45,11,n,100
6168,I49706,1910,1200,1295,613.59,45,19,n,100
653,I04814,1600,1200,930,547.3,45,0,n,100
6254,I50465,1600,1200,930,307.13,45,0,n,100
1776,I13956,1600,1200,930,356.2,45,0,n,100
5127,I41161,1600,1200,930,663.22,45,0,n,100
5584,I44994,1600,1200,750,582.6,45,0,n,100
6011,I48369,1600,1200,930,663.22,45,0,n,100
1181,I09435,2000,1200,2350,367.608,45,22,n,100
4326,I35360,1200,1000,975,329.77,45,2,n,100
1345,I10791,1600,1200,930,356.2,45,0,n,100
5342,I43000,1600,1200,1350,303.92,45,0,n,100
1186,I09546,1200,1000,930,413.58,45,2,n,100
5704,I45857,1600,1200,930,551.56,45,0,n,100
5147,I41247,1800,1400,1020,303.45,45,11,n,100
4600,I37276,1600,1200,1350,303.92,45,0,n,100
2953,I23691,1800,1400,1020,303.45,45,11,n,100
336,I02442,1600,1200,930,356.2,45,0,n,100
5061,I40467,1600,1200,930,438.4,45,0,n,100
397,I02912,1800,1400,1020,303.45,45,11,n,100
5217,I41983,1600,1200,930,396.2,45,0,n,100
2996,I24040,1600,1200,930,551.56,45,0,n,100
6167,I49705,1910,1200,1295,613.59,45,19,n,100
3304,I26853,1600,1200,930,438.4,45,0,n,100
5676,I45632,1800,1400,1020,303.45,45,11,n,100
3367,I27371,1600,1200,930,551.56,45,0,n,100
748,I05775,1200,1000,930,414.14,45,2,n,100
3826,I31031,1200,1000,975,329.77,45,2,n,100
4159,I34106,1200,1000,975,329.77,45,2,n,100
3575,I29034,1600,1200,930,309.5,45,0,n,100
1234,I10070,2000,1200,2350,367.608,45,22,n,100
974,I07483,1200,1000,930,414.14,45,2,n,100
2163,I17296,1600,1200,930,663.22,45,0,n,100
1419,I11418,1200,1000,930,347.0,45,2,n,100
3055,I24698,1600,1200,930,307.13,45,0,n,100
5138,I41192,1800,1400,1020,303.45,45,11,n,100
1150,I09172,1600,1200,930,607.6,45,0,n,100
2085,I16560,1800,1400,1020,303.45,45,11,n,100
86,I00818,1600,1200,545,338.16,45,0,n,100
3947,I32186,1600,1200,930,364.84,45,0,n,100
2425,I19621,1600,1200,930,387.3,45,0,n,100
3615,I29264,1200,1000,750,431.704,45,2,n,100
4947,I39743,1800,1200,1350,820.48,45,9,n,100
1778,I13959,1600,1200,930,551.56,45,0,n,100
4494,I36674,1600,1200,930,547.3,45,0,n,100
1361,I10927,1600,1200,930,784.6,45,0,n,100
1,I00020,1600,1200,930,781.25,45,0,n,100
6041,I48533,1800,1400,1020,303.45,45,11,n,100
5336,I42937,1600,1200,930,364.84,45,0,n,100
5325,I42914,1600,1200,930,307.13,45,0,n,100
4410,I35934,1600,1200,930,358.48,45,0,n,100
523,I03950,1600,1200,930,396.2,45,0,n,100
5405,I43485,1600,1200,930,663.22,45,0,n,100
2018,I16099,1200,1000,975,329.77,45,2,n,100
773,I06068,1600,1200,930,356.2,45,0,n,100
1314,I10469,2000,1200,2350,367.608,45,22,n,100
4468,I36438,1600,1200,545,338.52,45,0,n,100
965,I07468,1600,1200,930,607.6,45,0,n,100
287,I02065,1600,1200,930,307.13,45,0,n,100
792,I06126,1910,1200,1295,613.59,45,19,n,100
5700,I45841,1600,1200,930,356.2,45,0,n,100
5459,I44092,1600,1200,930,358.48,45,0,n,100
6201,I49863,1600,1200,930,364.84,45,0,n,100
4625,I37384,1600,1200,930,438.4,45,0,n,100
2211,I17763,1600,1200,930,356.2,45,0,n,100
5638,I45422,2000,1200,2350,367.608,45,22,n,100
5624,I45321,1600,1200,750,323.7,45,0,n,100
2715,I21939,1600,1200,975,460.0,45,0,n,100
171,I01434,1600,1200,1350,303.92,45,0,n,100
4663,I37710,1200,1000,930,347.0,45,2,n,100
631,I04741,2000,1200,545,408.88,45,5,n,100
4813,I38722,2000,1200,2350,367.608,45,22,n,100
5079,I40686,1200,1000,930,345.29,45,2,n,100
3056,I24699,1600,1200,930,307.13,45,0,n,100
1517,I12148,1800,1400,1020,303.45,45,11,n,100
3044,I24535,1800,1200,1350,820.48,45,9,n,100
4984,I39872,1910,1200,1295,613.59,45,19,n,100
2272,I18192,1910,1200,1295,613.59,45,19,n,100
558,I04257,1200,1000,750,318.7,45,2,n,100
5650,I45435,2000,1200,545,408.88,45,5,n,100
1722,I13575,1200,1000,930,413.58,45,2,n,100
4174,I34216,1600,1200,930,663.22,45,0,n,100
4876,I39128,1800,1200,1350,820.48,45,9,n,100
2979,I23822,1600,1200,930,547.3,45,0,n,100
3776,I30590,1200,1000,930,347.0,45,2,n,100
4744,I38269,1600,1200,1350,303.92,45,0,n,100
642,I04780,1600,1200,750,582.6,45,0,n,100
1868,I14695,1600,1200,930,547.3,45,0,n,100
3887,I31558,1200,1000,975,329.77,45,2,n,100
5265,I42347,1800,1400,1020,303.45,45,11,n,100
1728,I13594,1910,1200,1295,613.59,45,19,n,100
2277,I18197,1910,1200,1295,613.59,45,19,n,100
5437,I43729,1200,1000,930,347.0,45,2,n,100
15,I00225,1200,1000,975,329.77,45,2,n,100
82,I00800,1200,1000,750,305.32,45,2,n,100
90,I00824,1800,1400,1020,303.45,45,11,n,100
215,I01760,1600,1200,930,438.4,45,0,n,100
2955,I23703,1600,1200,930,551.56,45,0,n,100
1659,I13149,1200,1000,975,401.2,45,2,n,100
3041,I24528,1200,1000,1155,366.75,0,1,n,100
1905,I14941,1200,1000,975,401.2,45,2,n,100
5880,I47378,1600,1200,930,546.3,45,0,n,100
49,I00438,1600,1200,975,460.0,45,0,n,100
1274,I10215,1600,1200,930,307.13,45,0,n,100
5687,I45683,1600,1200,750,582.6,45,0,n,100
1547,I12387,2000,1200,545,408.88,45,5,n,100
6031,I48494,1600,1200,930,307.13,45,0,n,100
4609,I37312,1600,1200,930,387.3,45,0,n,100
2261,I18181,1910,1200,1295,613.59,45,19,n,100
745,I05767,1600,1200,930,356.56,45,0,n,100
4805,I38710,2000,1200,545,408.88,45,5,n,100
2713,I21937,1600,1200,930,551.56,45,0,n,100
564,I04286,1600,1200,930,356.2,45,0,n,100
2128,I17001,1600,1200,930,370.78,45,0,n,100
5246,I42140,1600,1200,975,808.3,45,0,n,100
5832,I46799,1800,1200,1350,820.48,45,9,n,100
2164,I17298,1200,1000,930,704.36,45,2,n,100
4338,I35487,1600,1200,930,356.2,45,0,n,100
4841,I38891,1200,1000,750,405.72,45,2,n,100
6252,I50454,1600,1200,975,460.0,45,0,n,100
4413,I36012,1200,1000,975,329.77,45,2,n,100
34,I00348,1600,1200,545,338.52,45,0,n,100
2046,I16263,1600,1200,930,547.3,45,0,n,100
1627,I12812,1600,1200,930,396.2,45,0,n,100
2719,I21989,1200,1000,975,329.77,45,2,n,100
685,I04973,1600,1200,930,663.22,45,0,n,100
3891,I31636,1600,1200,930,663.22,45,0,n,100
813,I06303,1600,1200,930,551.56,45,0,n,100
3039,I24524,1200,1000,930,340.1,45,2,n,100
543,I04110,1600,1200,1350,303.92,45,0,n,100
1773,I13892,1200,1000,545,526.75,45,2,n,100
4999,I40105,1600,1200,1350,303.92,45,0,n,100
4637,I37445,1600,1200,930,358.48,45,0,n,100
5618,I45293,1600,1200,930,387.3,45,0,n,100
5011,I40207,1600,1200,930,607.6,45,0,n,100
2394,I19192,1600,1200,930,307.13,45,0,n,100
143,I01242,1200,1000,975,329.77,45,2,n,100
2625,I21462,1800,1200,1350,820.48,45,9,n,100
5410,I43525,1200,1000,750,351.756,45,2,n,100
3623,I29318,1600,1200,750,323.7,45,0,n,100
1212,I09733,1200,1000,930,614.16,45,2,n,100
396,I02911,1800,1400,1020,303.45,45,11,n,100
3366,I27367,1600,1200,930,356.2,45,0,n,100
1593,I12576,1600,1200,930,438.4,45,0,n,100
1295,I10443,1800,1400,1020,303.45,45,11,n,100
739,I05607,1200,1000,750,351.756,45,2,n,100
1439,I11527,1600,1200,750,323.7,45,0,n,100
2407,I19303,1800,1400,1020,303.45,45,11,n,100
5521,I44502,1800,1200,1350,820.48,45,9,n,100
3472,I28425,1800,1400,1020,303.45,45,11,n,100
2787,I22346,1800,1200,1350,820.48,45,9,n,100
295,I02155,1600,1200,930,356.56,45,0,n,100
2346,I18810,1600,1200,1350,303.92,45,0,n,100
2565,I20911,1200,1000,750,318.7,45,2,n,100
2384,I19127,1600,1200,930,356.56,45,0,n,100
2125,I16994,1200,1000,750,351.944,45,2,n,100
2554,I20752,1600,1200,750,323.7,45,0,n,100
416,I03191,1600,1200,930,307.13,45,0,n,100
5022,I40275,2000,1200,2350,367.608,45,22,n,100
4014,I32838,1600,1200,930,307.13,45,0,n,100
6006,I48314,1200,1000,750,405.72,45,2,n,100
3529,I28569,2000,1200,2350,367.608,45,22,n,100
6192,I49780,1200,1000,545,526.75,45,2,n,100
5643,I45427,2000,1200,2350,367.608,45,22,n,100
3377,I27449,1200,1000,975,329.77,45,2,n,100
5900,I47617,1200,1000,975,401.2,45,2,n,100
2634,I21481,1910,1200,1295,613.59,45,19,n,100
4342,I35515,1600,1200,930,784.6,45,0,n,100
511,I03861,1200,1000,930,413.58,45,2,n,100
3909,I31853,1600,1200,930,454.873,45,0,n,100
1858,I14669,1600,1200,750,582.6,45,0,n,100
3215,I26205,1200,1000,930,345.29,45,2,n,100
111,I01022,1600,1200,930,356.2,45,0,n,100
1268,I10201,1800,1400,1020,303.45,45,11,n,100
1065,I08364,1600,1200,930,551.56,45,0,n,100
377,I02806,1600,1200,750,323.7,45,0,n,100
700,I05298,1600,1200,930,307.13,45,0,n,100
856,I06659,1800,1400,1020,303.45,45,11,n,100
1008,I07826,1600,1200,545,338.16,45,0,n,100
4987,I39903,1200,1000,975,329.77,45,2,n,100
2828,I22801,1600,1200,1350,303.92,45,0,n,100
2780,I22263,1200,1000,930,704.36,45,2,n,100
2439,I19761,1600,1200,930,356.56,45,0,n,100
5523,I44504,1600,1200,930,663.22,45,0,n,100
2312,I18436,1600,1200,930,396.2,45,0,n,100
2486,I20139,1200,1000,750,431.704,45,2,n,100
2667,I21589,1200,1000,975,401.2,45,2,n,100
2455,I19904,1600,1200,930,551.56,45,0,n,100
3115,I25296,1600,1200,930,547.3,45,0,n,100
837,I06444,1600,1200,1350,303.92,45,0,n,100
1782,I13969,1600,1200,930,358.48,45,0,n,100
557,I04256,1200,1000,750,318.7,45,2,n,100
3245,I26538,1600,1200,930,356.2,45,0,n,100
5279,I42573,1600,1200,930,356.56,45,0,n,100
4533,I36881,1900,1200,750,845.38,45,6,n,100
2775,I22240,1200,1000,975,329.77,45,2,n,100
2929,I23558,1600,1200,930,551.56,45,0,n,100
4955,I39787,1600,1200,930,358.48,45,0,n,100
825,I06374,1800,1400,1020,303.45,45,11,n,100
2183,I17401,1800,1400,1020,303.45,45,11,n,100
6103,I48912,1910,1200,1295,613.59,45,19,n,100
3449,I28125,1600,1200,930,607.6,45,0,n,100
6205,I49869,1200,1000,930,704.12,45,2,n,100
852,I06640,1600,1200,930,356.2,45,0,n,100
3120,I25301,1600,1200,930,547.3,45,0,n,100
1870,I14702,1600,1200,1350,312.72,45,0,n,100
462,I03540,1600,1200,545,338.52,45,0,n,100
4103,I33603,1200,1000,975,329.77,45,2,n,100
1188,I09559,1600,1200,930,307.13,45,0,n,100
5799,I46561,1800,1400,1020,303.45,45,11,n,100
3191,I25994,1200,1000,750,305.32,45,2,n,100
3861,I31303,1200,1000,1155,373.25,0,1,n,100
1434,I11477,1600,1200,930,356.2,45,0,n,100
2875,I23029,1600,1200,930,356.2,45,0,n,100
1093,I08769,1600,1200,930,358.48,45,0,n,100
5174,I41498,1200,1000,975,652.0,45,2,n,100
1716,I13530,1600,1200,930,454.873,45,0,n,100
4589,I37262,1910,1200,1295,613.59,45,19,n,100
4286,I35003,1600,1200,930,356.56,45,0,n,100
4055,I33269,1600,1200,1350,303.92,45,0,n,100
891,I06816,1910,1200,1295,613.59,45,19,n,100
2945,I23601,1600,1200,930,663.22,45,0,n,100
67,I00658,1200,1000,975,337.45,45,2,n,100
509,I03784,1600,1200,930,547.3,45,0,n,100
5953,I47889,1200,1000,975,336.7,45,2,n,100
4299,I35117,1800,1400,1020,303.45,45,11,n,100
3783,I30660,1600,1200,930,784.6,45,0,n,100
3703,I29747,1600,1200,975,808.3,45,0,n,100
2035,I16177,1200,800,880,462.0,45,23,n,100
797,I06166,1200,1000,930,414.14,45,2,n,100
6070,I48849,1600,1200,1350,303.92,45,0,n,100
1031,I08083,1200,1000,750,318.7,45,2,n,100
3710,I29801,1600,1200,930,663.22,45,0,n,100
457,I03514,1600,1200,930,784.6,45,0,n,100
4624,I37383,1600,1200,930,438.4,45,0,n,100
3908,I31804,1600,1200,975,460.0,45,0,n,100
4098,I33594,1600,1200,930,396.2,45,0,n,100
4508,I36722,1600,1200,1350,303.92,45,0,n,100
3113,I25257,1600,1200,930,313.0,45,0,n,100
5888,I47441,1200,1000,930,414.14,45,2,n,100
613,I04642,1200,1000,545,729.5,45,2,n,100
2892,I23219,1600,1200,1350,303.92,45,0,n,100
5875,I47346,1600,1200,750,323.7,45,0,n,100
636,I04773,1800,1400,1020,303.45,45,11,n,100
4428,I36222,1600,1200,930,551.56,45,0,n,100
5160,I41332,1200,1000,750,431.704,45,2,n,100
1538,I12335,1800,1400,1020,303.45,45,11,n,100
2706,I21880,1200,1000,750,351.944,45,2,n,100
3155,I25714,1200,1000,975,401.2,45,2,n,100
6261,I50511,1600,1200,930,356.2,45,0,n,100
2470,I19992,1600,1200,750,323.7,45,0,n,100
145,I01244,1600,1200,930,356.2,45,0,n,100
2513,I20323,1600,1200,1350,303.92,45,0,n,100
5046,I40380,1800,1400,1020,303.45,45,11,n,100
2703,I21860,1200,1000,545,526.75,45,2,n,100
1847,I14530,1600,1200,930,663.22,45,0,n,100
1267,I10200,1800,1400,1020,303.45,45,11,n,100
719,I05372,1800,1200,1350,820.48,45,9,n,100
3494,I28467,1910,1200,1295,613.59,45,19,n,100
3927,I32034,1600,1200,930,356.56,45,0,n,100
2733,I22012,1800,1400,1020,303.45,45,11,n,100
3283,I26683,1600,1200,930,356.2,45,0,n,100
3493,I28466,1910,1200,1295,613.59,45,19,n,100
6224,I50129,1600,1200,930,358.48,45,0,n,100
5186,I41673,1600,1200,975,460.0,45,0,n,100
2786,I22326,1200,1000,545,729.5,45,2,n,100
6186,I49730,2000,1200,545,408.88,45,5,n,100
3860,I31297,1600,1200,930,396.2,45,0,n,100
905,I06830,1800,1200,1350,820.48,45,9,n,100
3527,I28567,2000,1200,2350,367.608,45,22,n,100
1139,I09090,1800,1400,1020,303.45,45,11,n,100
3509,I28482,1910,1200,1295,613.59,45,19,n,100
477,I03654,1600,1200,930,438.4,45,0,n,100
4730,I38149,2000,1200,2350,367.608,45,22,n,100
587,I04499,1200,1000,930,704.12,45,2,n,100
2551,I20726,1200,1000,975,401.2,45,2,n,100
5273,I42473,1200,1000,930,413.58,45,2,n,100
1524,I12169,1200,1000,930,704.36,45,2,n,100
638,I04775,1800,1400,1020,303.45,45,11,n,100
555,I04222,1600,1200,1350,303.92,45,0,n,100
1586,I12569,1600,1200,930,364.84,45,0,n,100
4370,I35735,1200,1000,930,338.9,45,2,n,100
5839,I46837,1200,1000,930,413.58,45,2,n,100
1333,I10656,1600,1200,930,396.2,45,0,n,100
6204,I49868,1200,1000,930,340.1,45,2,n,100
4804,I38658,1800,1400,1020,303.45,45,11,n,100
4316,I35201,1200,1000,750,405.72,45,2,n,100
1203,I09637,1200,1000,975,329.77,45,2,n,100
5381,I43187,1600,1200,1350,303.92,45,0,n,100
3171,I25815,1200,1000,930,414.14,45,2,n,100
5458,I44091,1600,1200,930,358.48,45,0,n,100
2185,I17403,1800,1400,1020,303.45,45,11,n,100
5609,I45224,1600,1200,930,454.873,45,0,n,100
5199,I41777,1600,1200,975,460.0,45,0,n,100
1365,I10932,2000,1200,2350,367.608,45,22,n,100
1339,I10700,1200,1000,930,414.14,45,2,n,100
4970,I39858,1910,1200,1295,613.59,45,19,n,100
4096,I33570,1600,1200,1350,303.92,45,0,n,100
2428,I19626,1600,1200,930,356.56,45,0,n,100
1495,I12005,1600,1200,930,356.2,45,0,n,100
5519,I44497,1200,1000,975,329.77,45,2,n,100
5248,I42187,1800,1400,1020,303.45,45,11,n,100
6208,I49978,1200,1000,930,704.12,45,2,n,100
5269,I42424,1600,1200,930,356.2,45,0,n,100
4914,I39525,1600,1200,930,356.56,45,0,n,100
691,I05114,1200,1000,975,337.45,45,2,n,100
3097,I25107,1200,1000,545,526.75,45,2,n,100
6102,I48911,1910,1200,1295,613.59,45,19,n,100
3280,I26671,1910,1200,1295,613.59,45,19,n,100
5713,I45883,1600,1200,1350,303.92,45,0,n,100
5378,I43184,1600,1200,1350,303.92,45,0,n,100
1123,I08980,2000,1200,2350,367.608,45,22,n,100
4798,I38652,1800,1400,1020,303.45,45,11,n,100
4466,I36436,1600,1200,750,323.7,45,0,n,100
1331,I10574,1600,1200,1350,303.92,45,0,n,100
1948,I15381,1600,1200,930,356.2,45,0,n,100
2063,I16394,1600,1200,930,607.6,45,0,n,100
5020,I40273,2000,1200,2350,367.608,45,22,n,100
1675,I13230,1200,1000,930,340.0,45,2,n,100
273,I02007,1910,1200,1295,613.59,45,19,n,100
5934,I47803,1910,1200,1295,613.59,45,19,n,100
5541,I44697,2000,1200,545,408.88,45,5,n,100
5150,I41273,1600,1200,1350,303.92,45,0,n,100
5355,I43092,1910,1200,1295,613.59,45,19,n,100
350,I02571,1600,1200,930,358.48,45,0,n,100
5539,I44674,1600,1200,930,607.6,45,0,n,100
2658,I21522,1900,1200,750,713.62,45,6,n,100
687,I05052,1600,1200,930,358.48,45,0,n,100
1020,I07931,1200,1000,975,329.77,45,2,n,100
2997,I24041,1600,1200,930,551.56,45,0,n,100
3483,I28456,1910,1200,1295,613.59,45,19,n,100
3246,I26539,1600,1200,930,356.2,45,0,n,100
4131,I33862,1600,1200,1350,303.92,45,0,n,100
2519,I20473,1800,1200,1350,820.48,45,9,n,100
1874,I14727,1600,1200,930,356.2,45,0,n,100
3791,I30746,1600,1200,1350,310.16,45,0,n,100
2040,I16257,1600,1200,930,663.22,45,0,n,100
3371,I27401,1600,1200,930,358.48,45,0,n,100
2393,I19191,1600,1200,930,307.13,45,0,n,100
4666,I37754,1600,1200,930,356.2,45,0,n,100
5104,I40997,1200,1000,975,384.74,45,2,n,100
373,I02699,1600,1200,930,356.2,45,0,n,100
1775,I13955,1600,1200,930,356.2,45,0,n,100
570,I04403,1600,1200,930,307.13,45,0,n,100
2925,I23499,1600,1200,930,514.24,45,0,n,100
618,I04661,1200,1000,930,347.0,45,2,n,100
1698,I13367,1200,1000,975,329.77,45,2,n,100
3847,I31163,1600,1200,930,551.56,45,0,n,100
767,I06008,2000,1200,545,408.88,45,5,n,100
5489,I44249,1600,1200,975,460.0,45,0,n,100
3143,I25375,1600,1200,930,607.6,45,0,n,100
2480,I20119,1600,1200,750,323.7,45,0,n,100
1062,I08361,1600,1200,930,356.56,45,0,n,100
2655,I21502,1910,1200,1295,613.59,45,19,n,100
3376,I27448,1200,1000,975,329.77,45,2,n,100
1681,I13278,1600,1200,930,663.22,45,0,n,100
3136,I25356,1600,1200,930,784.6,45,0,n,100
5340,I42996,1600,1200,930,307.13,45,0,n,100
660,I04833,1600,1200,930,830.32,45,0,n,100
6248,I50414,1200,1000,975,329.77,45,2,n,100
2106,I16727,1200,1000,975,329.77,45,2,n,100
4153,I34095,1800,1400,1020,303.45,45,11,n,100
362,I02640,1600,1200,930,547.3,45,0,n,100
940,I07166,1200,1000,930,340.0,45,2,n,100
3912,I31858,1600,1200,930,607.6,45,0,n,100
443,I03360,2000,1200,545,408.88,45,5,n,100
3570,I29021,1600,1200,1350,303.92,45,0,n,100
5563,I44778,1200,1000,545,690.5,45,2,n,100
5165,I41410,1200,1000,975,401.2,45,2,n,100
2444,I19830,1600,1200,1350,303.92,45,0,n,100
132,I01118,1600,1200,545,338.16,45,0,n,100
1035,I08090,1600,1200,930,307.13,45,0,n,100
5086,I40786,1600,1200,975,460.0,45,0,n,100
6058,I48657,1600,1200,930,370.78,45,0,n,100
1189,I09560,1600,1200,930,307.13,45,0,n,100
210,I01755,1600,1200,930,438.4,45,0,n,100
2544,I20692,1600,1200,930,607.6,45,0,n,100
2316,I18459,1200,1000,975,329.77,45,2,n,100
4226,I34613,1910,1200,1295,613.59,45,19,n,100
1657,I13147,1600,1200,750,323.7,45,0,n,100
1665,I13183,1800,1400,1020,303.45,45,11,n,100
5614,I45264,1200,1000,750,351.756,45,2,n,100
446,I03396,2000,1200,545,408.88,45,5,n,100
3544,I28702,1600,1200,930,454.873,45,0,n,100
3480,I28453,1910,1200,1295,613.59,45,19,n,100
4319,I35284,1200,1000,930,347.0,45,2,n,100
604,I04627,1200,1000,975,401.2,45,2,n,100
2623,I21351,1600,1200,1350,303.92,45,0,n,100
4300,I35118,1800,1400,1020,303.45,45,11,n,100
6270,I50565,1600,1200,930,356.56,45,0,n,100
5043,I40377,1800,1400,1020,303.45,45,11,n,100
3163,I25789,1800,1400,1020,303.45,45,11,n,100
6089,I48898,1910,1200,1295,613.59,45,19,n,100
3989,I32633,1600,1200,545,338.52,45,0,n,100
2115,I16802,1200,1000,930,414.14,45,2,n,100
1225,I09929,1200,1000,930,413.58,45,2,n,100
4031,I33020,1600,1200,930,364.84,45,0,n,100
5207,I41904,1200,1000,975,337.9,45,2,n,100
2199,I17562,1600,1200,930,370.78,45,0,n,100
5640,I45424,2000,1200,2350,367.608,45,22,n,100
3906,I31784,1600,1200,545,338.16,45,0,n,100
2574,I20938,1200,1000,930,414.14,45,2,n,100
3445,I28119,1200,1000,750,305.32,45,2,n,100
2117,I16880,1600,1200,930,607.6,45,0,n,100
5518,I44496,1200,1000,975,329.77,45,2,n,100
579,I04460,1600,1200,930,551.56,45,0,n,100
5031,I40305,1600,1200,930,830.32,45,0,n,100
5733,I45973,1200,1000,750,351.944,45,2,n,100
507,I03782,1600,1200,930,547.3,45,0,n,100
1920,I15090,1600,1200,930,309.5,45,0,n,100
2305,I18376,2000,1200,545,408.88,45,5,n,100
6136,I49299,1600,1200,975,808.3,45,0,n,100
4517,I36742,1600,1200,930,607.6,45,0,n,100
548,I04139,1600,1200,930,356.2,45,0,n,100
3290,I26786,1200,1000,975,329.77,45,2,n,100
3919,I31896,1600,1200,930,607.6,45,0,n,100
740,I05609,1600,1200,930,663.22,45,0,n,100
2664,I21558,1600,1200,930,607.6,45,0,n,100
3591,I29096,1600,1200,930,307.13,45,0,n,100
28,I00339,1600,1200,930,364.84,45,0,n,100
3109,I25247,1600,1200,930,356.2,45,0,n,100
3715,I29864,1200,1000,975,329.77,45,2,n,100
3803,I30816,1600,1200,750,323.7,45,0,n,100
2761,I22152,1600,1200,1350,303.92,45,0,n,100
3307,I26856,1600,1200,930,438.4,45,0,n,100
6165,I49703,1910,1200,1295,613.59,45,19,n,100
4402,I35879,1200,1000,930,413.58,45,2,n,100
5957,I47904,1600,1200,930,356.2,45,0,n,100
6090,I48899,1910,1200,1295,613.59,45,19,n,100
5235,I42102,1600,1200,930,356.56,45,0,n,100
433,I03271,1800,1400,1020,303.45,45,11,n,100
212,I01757,1600,1200,930,438.4,45,0,n,100
4490,I36652,1600,1200,930,663.22,45,0,n,100
3668,I29606,1800,1200,1350,820.48,45,9,n,100
942,I07226,1200,1000,750,351.756,45,2,n,100
3823,I31004,1800,1400,1020,303.45,45,11,n,100
1211,I09725,1800,1200,1350,820.48,45,9,n,100
5709,I45874,1600,1200,930,438.4,45,0,n,100
1271,I10204,1800,1400,1020,303.45,45,11,n,100
5981,I48034,1600,1200,1350,303.92,45,0,n,100
2871,I23024,1200,1000,975,329.77,45,2,n,100
5689,I45708,1600,1200,930,356.2,45,0,n,100
2120,I16901,1900,1200,750,713.62,45,6,n,100
217,I01762,1600,1200,930,438.4,45,0,n,100
2039,I16229,1600,1200,975,460.0,45,0,n,100
5771,I46249,1200,1000,930,413.58,45,2,n,100
2546,I20701,1600,1200,930,356.56,45,0,n,100
3694,I29701,1600,1200,930,356.56,45,0,n,100
1578,I12555,1800,1400,1020,303.45,45,11,n,100
108,I01011,1600,1200,930,356.2,45,0,n,100
589,I04519,1600,1200,930,356.2,45,0,n,100
3631,I29365,1600,1200,930,438.4,45,0,n,100
5447,I43788,1600,1200,930,356.2,45,0,n,100
83,I00807,1600,1200,975,808.3,45,0,n,100
1481,I11876,1600,1200,930,438.4,45,0,n,100
1986,I15770,1200,1000,545,690.5,45,2,n,100
5479,I44218,1600,1200,930,307.13,45,0,n,100
4560,I37149,1600,1200,930,387.3,45,0,n,100
1975,I15610,1200,1000,930,704.36,45,2,n,100
4932,I39681,1600,1200,750,582.6,45,0,n,100
5511,I44390,1600,1200,930,307.13,45,0,n,100
3835,I31066,1600,1200,930,607.6,45,0,n,100
5348,I43047,1600,1200,930,387.3,45,0,n,100
31,I00342,1600,1200,930,356.56,45,0,n,100
6052,I48593,1600,1200,930,547.3,45,0,n,100
5692,I45790,1600,1200,975,611.224,45,0,n,100
4379,I35761,1910,1200,1295,613.59,45,19,n,100
858,I06661,1800,1400,1020,303.45,45,11,n,100
3125,I25309,1600,1200,930,356.2,45,0,n,100
2685,I21735,1600,1200,1350,303.92,45,0,n,100
255,I01989,1910,1200,1295,613.59,45,19,n,100
6111,I48956,1600,1200,930,396.2,45,0,n,100
6206,I49873,1200,1000,930,704.36,45,2,n,100
5644,I45428,2000,1200,2350,367.608,45,22,n,100
4412,I35970,1600,1200,930,551.56,45,0,n,100
2902,I23255,1800,1400,1020,303.45,45,11,n,100
1732,I13598,1910,1200,1295,613.59,45,19,n,100
3625,I29320,1600,1200,750,323.7,45,0,n,100
4497,I36677,1600,1200,930,547.3,45,0,n,100
5734,I45974,1200,1000,750,351.944,45,2,n,100
1246,I10114,1600,1200,1350,303.92,45,0,n,100
2324,I18543,1600,1200,1350,303.92,45,0,n,100
445,I03366,1600,1200,930,307.13,45,0,n,100
5417,I43571,1600,1200,930,307.13,45,0,n,100
1581,I12559,1600,1200,1350,303.92,45,0,n,100
5027,I40290,1600,1200,930,387.3,45,0,n,100
4900,I39401,1800,1200,1350,820.48,45,9,n,100
6056,I48650,1600,1200,930,387.3,45,0,n,100
5898,I47588,1600,1200,930,307.13,45,0,n,100
634,I04771,1800,1400,1020,303.45,45,11,n,100
5622,I45297,1800,1200,1350,820.48,45,9,n,100
2523,I20556,1600,1200,975,611.224,45,0,n,100
452,I03443,1600,1200,1350,303.92,45,0,n,100
2748,I22106,1200,1000,750,305.32,45,2,n,100
1651,I13043,1200,1000,975,329.77,45,2,n,100
904,I06829,1800,1200,1350,820.48,45,9,n,100
3720,I29916,1600,1200,930,356.2,45,0,n,100
2627,I21474,1910,1200,1295,613.59,45,19,n,100
4680,I37822,1200,1000,975,384.74,45,2,n,100
134,I01121,1600,1200,930,663.22,45,0,n,100
8,I00161,1200,1000,1155,366.75,0,1,n,100
4097,I33588,1200,1000,930,345.29,45,2,n,100
4852,I38936,2000,1200,2350,367.608,45,22,n,100
1691,I13360,1600,1200,930,607.6,45,0,n,100
3389,I27550,1600,1200,930,307.13,45,0,n,100
3852,I31260,1200,1000,975,329.77,45,2,n,100
4793,I38553,1200,1000,750,305.32,45,2,n,100
2650,I21497,1910,1200,1295,613.59,45,19,n,100
6007,I48329,1900,1200,750,713.62,45,6,n,100
79,I00780,1200,1000,975,329.77,45,2,n,100
1055,I08281,1200,1000,930,414.14,45,2,n,100
3885,I31531,1200,1000,1155,366.75,0,1,n,100
3441,I28024,1200,1000,975,652.0,45,2,n,100
5508,I44387,1600,1200,930,307.13,45,0,n,100
3898,I31735,1600,1200,930,607.6,45,0,n,100
152,I01304,1600,1200,930,396.2,45,0,n,100
4513,I36727,1600,1200,1350,303.92,45,0,n,100
4885,I39254,1200,1000,975,329.77,45,2,n,100
723,I05378,1200,1000,750,318.7,45,2,n,100
1497,I12007,1600,1200,930,356.2,45,0,n,100
365,I02643,1600,1200,930,547.3,45,0,n,100
504,I03766,1600,1200,930,438.4,45,0,n,100
1318,I10520,1600,1200,1350,303.92,45,0,n,100
5553,I44726,1600,1200,930,438.4,45,0,n,100
4405,I35887,1600,1200,930,356.2,45,0,n,100
4827,I38795,1600,1200,930,784.6,45,0,n,100
4576,I37211,1200,1000,975,329.77,45,2,n,100
6051,I48592,1600,1200,930,547.3,45,0,n,100
5998,I48195,1600,1200,930,307.13,45,0,n,100
4181,I34268,1600,1200,750,582.6,45,0,n,100
3832,I31060,1600,1200,975,460.0,45,0,n,100
3309,I26877,1200,1000,930,347.0,45,2,n,100
4899,I39319,1800,1200,1350,820.48,45,9,n,100
5611,I45226,1200,1000,975,465.1,45,2,n,100
575,I04444,1600,1200,930,364.84,45,0,n,100
1502,I12061,1600,1200,930,356.56,45,0,n,100
5240,I42107,1200,1000,930,414.14,45,2,n,100
2939,I23578,1800,1400,1020,303.45,45,11,n,100
6274,I50613,1200,1000,975,329.77,45,2,n,100
1138,I09089,1800,1400,1020,303.45,45,11,n,100
3677,I29651,1600,1200,930,607.6,45,0,n,100
5132,I41186,1800,1400,1020,303.45,45,11,n,100
1867,I14694,1600,1200,930,547.3,45,0,n,100
6210,I50005,1600,1200,930,454.873,45,0,n,100
4417,I36026,1600,1200,930,387.3,45,0,n,100
2297,I18252,1200,1000,975,329.77,45,2,n,100
4273,I34860,1600,1200,930,551.56,45,0,n,100
3166,I25792,1800,1400,1020,303.45,45,11,n,100
1721,I13574,1600,1200,930,356.2,45,0,n,100
1026,I08026,1200,1000,930,414.14,45,2,n,100
3027,I24227,1200,1000,1155,366.75,0,1,n,100
3873,I31510,1600,1200,930,663.22,45,0,n,100
2489,I20158,1600,1200,750,323.7,45,0,n,100
5057,I40463,1600,1200,930,438.4,45,0,n,100
6253,I50464,1600,1200,930,307.13,45,0,n,100
4255,I34694,1200,1000,975,329.77,45,2,n,100
3684,I29674,1600,1200,1350,303.92,45,0,n,100
2459,I19918,1600,1200,930,370.78,45,0,n,100
5780,I46284,1600,1200,1350,303.92,45,0,n,100
3131,I25320,1200,1000,975,329.77,45,2,n,100
4213,I34556,1200,1000,975,329.77,45,2,n,100
5312,I42829,1200,1000,975,304.12,45,2,n,100
5315,I42855,1600,1200,930,307.13,45,0,n,100
5635,I45419,2000,1200,2350,367.608,45,22,n,100
2337,I18637,1600,1200,930,309.5,45,0,n,100
297,I02157,1600,1200,930,356.56,45,0,n,100
4086,I33438,2000,1200,545,408.88,45,5,n,100
3598,I29115,2000,1200,2350,367.608,45,22,n,100
4196,I34358,1600,1200,930,364.84,45,0,n,100
1616,I12700,1200,1000,750,305.32,45,2,n,100
4948,I39754,1200,1000,545,526.75,45,2,n,100
4597,I37271,1600,1200,930,396.2,45,0,n,100
1623,I12799,1600,1200,930,356.2,45,0,n,100
2887,I23162,1600,1200,750,323.7,45,0,n,100
5439,I43774,1600,1200,930,358.48,45,0,n,100
3144,I25419,1600,1200,930,784.6,45,0,n,100
6098,I48907,1910,1200,1295,613.59,45,19,n,100
4481,I36598,1600,1200,750,323.7,45,0,n,100
2959,I23719,1200,1000,975,336.7,45,2,n,100
4921,I39582,1600,1200,930,396.2,45,0,n,100
2836,I22857,1600,1200,545,338.16,45,0,n,100
3148,I25453,1600,1200,930,551.56,45,0,n,100
4218,I34585,1600,1200,930,358.48,45,0,n,100
4335,I35484,1600,1200,930,307.13,45,0,n,100
4139,I33941,1200,1000,975,329.77,45,2,n,100
204,I01728,1200,1000,930,345.29,45,2,n,100
2917,I23430,1600,1200,1350,303.92,45,0,n,100
6118,I49047,1600,1200,930,356.2,45,0,n,100
3774,I30575,1600,1200,930,663.22,45,0,n,100
614,I04649,1200,1000,975,337.45,45,2,n,100
3189,I25957,1200,1000,750,431.704,45,2,n,100
6202,I49864,1600,1200,930,387.3,45,0,n,100
2203,I17590,1600,1200,930,356.56,45,0,n,100
166,I01402,1600,1200,930,356.56,45,0,n,100
1869,I14696,1600,1200,930,663.22,45,0,n,100
768,I06009,1600,1200,750,323.7,45,0,n,100
1923,I15185,1600,1200,930,307.13,45,0,n,100
4708,I38065,1600,1200,930,454.873,45,0,n,100
673,I04939,1600,1200,930,547.3,45,0,n,100
798,I06177,1200,1000,930,340.1,45,2,n,100
4816,I38725,1600,1200,750,582.6,45,0,n,100
4127,I33858,1800,1400,1020,303.45,45,11,n,100
3013,I24145,1200,1000,545,690.5,45,2,n,100
3721,I29917,1600,1200,930,356.2,45,0,n,100
1342,I10780,1600,1200,1350,303.92,45,0,n,100
2260,I18180,1910,1200,1295,613.59,45,19,n,100
2124,I16993,2000,1200,545,408.88,45,5,n,100
4477,I36571,1800,1200,1350,820.48,45,9,n,100
3207,I26125,1600,1200,930,307.13,45,0,n,100
5129,I41168,1600,1200,975,808.3,45,0,n,100
1237,I10073,2000,1200,2350,367.608,45,22,n,100
1922,I15184,1600,1200,930,307.13,45,0,n,100
3737,I30096,1200,1000,930,413.58,45,2,n,100
4495,I36675,1600,1200,930,547.3,45,0,n,100
2811,I22704,1600,1200,930,356.2,45,0,n,100
4634,I37442,1600,1200,930,607.6,45,0,n,100
4596,I37269,1910,1200,1295,613.59,45,19,n,100
3488,I28461,1910,1200,1295,613.59,45,19,n,100
4776,I38432,1200,1000,975,329.77,45,2,n,100
2781,I22285,1200,1000,930,345.29,45,2,n,100
5073,I40561,1600,1200,930,356.2,45,0,n,100
4799,I38653,1800,1400,1020,303.45,45,11,n,100
5318,I42858,1600,1200,930,663.22,45,0,n,100
682,I04957,1200,1000,750,431.704,45,2,n,100
5597,I45017,1800,1400,1020,303.45,45,11,n,100
1941,I15356,1600,1200,930,356.2,45,0,n,100
6244,I50341,1600,1200,750,582.6,45,0,n,100
5361,I43098,1910,1200,1295,613.59,45,19,n,100
1069,I08375,1200,1000,750,305.32,45,2,n,100
1161,I09239,1200,1000,930,345.29,45,2,n,100
3777,I30594,1600,1200,930,356.2,45,0,n,100
3910,I31854,1600,1200,930,454.873,45,0,n,100
3031,I24341,1200,1000,930,319.1,45,2,n,100
228,I01888,1600,1200,930,364.84,45,0,n,100
5916,I47752,1600,1200,930,358.48,45,0,n,100
4971,I39859,1910,1200,1295,613.59,45,19,n,100
5234,I42088,1600,1200,930,356.2,45,0,n,100
4636,I37444,1600,1200,930,358.48,45,0,n,100
5718,I45889,1200,1000,930,617.24,45,2,n,100
3688,I29692,1800,1400,1020,303.45,45,11,n,100
1409,I11325,1200,1000,930,347.0,45,2,n,100
4950,I39781,1600,1200,930,358.48,45,0,n,100
5822,I46649,1200,1000,930,319.1,45,2,n,100
4896,I39269,1600,1200,930,307.13,45,0,n,100
4993,I39934,1600,1200,930,454.873,45,0,n,100
2778,I22253,1600,1200,930,387.3,45,0,n,100
4586,I37259,1910,1200,1295,613.59,45,19,n,100
4154,I34096,1800,1400,1020,303.45,45,11,n,100
415,I03190,1600,1200,930,307.13,45,0,n,100
130,I01061,1600,1200,930,364.84,45,0,n,100
5937,I47806,1910,1200,1295,613.59,45,19,n,100
191,I01647,1200,1000,975,329.77,45,2,n,100
3567,I29018,1200,1000,750,351.944,45,2,n,100
2891,I23218,1600,1200,1350,303.92,45,0,n,100
2386,I19129,1200,1000,975,384.74,45,2,n,100
763,I05932,1200,1000,545,526.75,45,2,n,100
4687,I37853,1600,1200,930,546.3,45,0,n,100
4005,I32804,1200,1000,975,308.76,45,2,n,100
4721,I38089,2000,1200,2350,367.608,45,22,n,100
2358,I18884,1600,1200,930,356.56,45,0,n,100
960,I07456,1600,1200,930,547.3,45,0,n,100
541,I04084,1600,1200,930,358.48,45,0,n,100
2642,I21489,1910,1200,1295,613.59,45,19,n,100
1708,I13399,1600,1200,930,396.2,45,0,n,100
3740,I30139,1600,1200,930,607.6,45,0,n,100
654,I04815,1600,1200,930,547.3,45,0,n,100
4621,I37380,1600,1200,930,438.4,45,0,n,100
4833,I38804,1600,1200,1350,303.92,45,0,n,100
310,I02222,1200,1000,930,345.29,45,2,n,100
4926,I39631,1200,1000,975,329.77,45,2,n,100
860,I06663,1800,1400,1020,303.45,45,11,n,100
2054,I16347,1800,1200,1350,820.48,45,9,n,100
163,I01397,1200,1000,975,329.77,45,2,n,100
5960,I47961,1600,1200,930,663.22,45,0,n,100
4751,I38276,1800,1400,1020,303.45,45,11,n,100
2497,I20285,1200,1000,975,329.77,45,2,n,100
2210,I17762,1600,1200,930,356.2,45,0,n,100
1195,I09608,1200,1000,975,329.77,45,2,n,100
6122,I49071,1600,1200,750,323.7,45,0,n,100
3469,I28422,1800,1400,1020,303.45,45,11,n,100
1894,I14863,1600,1200,930,358.48,45,0,n,100
312,I02224,1200,1000,975,329.77,45,2,n,100
4424,I36148,1200,1000,930,347.0,45,2,n,100
992,I07714,2000,1200,2350,367.608,45,22,n,100
2090,I16589,1200,1000,975,329.77,45,2,n,100
1413,I11329,1600,1200,1350,303.92,45,0,n,100
880,I06805,1910,1200,1295,613.59,45,19,n,100
5062,I40468,1600,1200,930,438.4,45,0,n,100
1334,I10665,1600,1200,930,784.6,45,0,n,100
5883,I47410,1600,1200,930,396.2,45,0,n,100
4348,I35592,1200,1000,930,414.14,45,2,n,100
174,I01445,1900,1200,750,713.62,45,6,n,100
2482,I20127,1600,1200,930,356.2,45,0,n,100
45,I00404,1600,1200,930,547.3,45,0,n,100
2404,I19300,1800,1400,1020,303.45,45,11,n,100
6104,I48913,1910,1200,1295,613.59,45,19,n,100
4530,I36816,1600,1200,930,663.22,45,0,n,100
2615,I21316,2000,1200,2350,367.608,45,22,n,100
5110,I41022,1600,1200,930,307.13,45,0,n,100
3938,I32155,1600,1200,930,370.78,45,0,n,100
1534,I12331,1800,1400,1020,303.45,45,11,n,100
5524,I44509,1600,1200,930,356.2,45,0,n,100
6160,I49698,1910,1200,1295,613.59,45,19,n,100
4895,I39268,1600,1200,930,307.13,45,0,n,100
2103,I16724,1600,1200,930,784.6,45,0,n,100
1081,I08515,1600,1200,930,370.78,45,0,n,100
4683,I37826,1600,1200,930,663.22,45,0,n,100
1649,I13012,1600,1200,750,323.7,45,0,n,100
3972,I32523,2000,1200,2350,367.608,45,22,n,100
5580,I44959,1600,1200,930,438.4,45,0,n,100
5399,I43414,1600,1200,930,364.84,45,0,n,100
2912,I23379,1200,1000,975,329.77,45,2,n,100
1429,I11467,1600,1200,930,307.13,45,0,n,100
782,I06080,1800,1400,1020,303.45,45,11,n,100
3978,I32529,2000,1200,2350,367.608,45,22,n,100
5294,I42758,1200,1000,975,336.7,45,2,n,100
417,I03208,1200,1000,750,431.704,45,2,n,100
4540,I36914,1200,1000,975,329.77,45,2,n,100
4325,I35358,1600,1200,1350,303.92,45,0,n,100
4979,I39867,1910,1200,1295,613.59,45,19,n,100
5639,I45423,2000,1200,2350,367.608,45,22,n,100
3696,I29703,1600,1200,930,356.56,45,0,n,100
2604,I21283,1600,1200,545,338.52,45,0,n,100
3391,I27611,1200,1000,930,704.12,45,2,n,100
339,I02460,1200,1000,975,329.77,45,2,n,100
5471,I44151,1600,1200,930,356.56,45,0,n,100
320,I02335,1200,1000,930,345.29,45,2,n,100
6140,I49330,1600,1200,930,364.84,45,0,n,100
2066,I16452,1600,1200,930,830.32,45,0,n,100
6119,I49067,1600,1200,930,356.56,45,0,n,100
3244,I26537,1600,1200,930,356.2,45,0,n,100
18,I00242,1800,1200,1350,820.48,45,9,n,100
151,I01299,1200,1000,930,617.24,45,2,n,100
6163,I49701,1910,1200,1295,613.59,45,19,n,100
1927,I15191,1900,1200,750,713.62,45,6,n,100
5811,I46613,2000,1200,2350,367.608,45,22,n,100
889,I06814,1910,1200,1295,613.59,45,19,n,100
6265,I50521,1600,1200,1350,303.92,45,0,n,100
2814,I22716,1200,1000,975,329.77,45,2,n,100
2022,I16152,1600,1200,1350,303.92,45,0,n,100
5959,I47906,1600,1200,930,356.2,45,0,n,100
1224,I09928,1600,1200,930,607.6,45,0,n,100
5667,I45562,1600,1200,930,607.6,45,0,n,100
3243,I26536,1600,1200,930,356.2,45,0,n,100
1227,I10002,1600,1200,930,356.2,45,0,n,100
3738,I30137,1200,1000,545,690.5,45,2,n,100
4321,I35354,1600,1200,930,370.78,45,0,n,100
5075,I40563,1600,1200,930,356.2,45,0,n,100
3231,I26413,1200,1000,975,308.76,45,2,n,100
2593,I21145,1900,1200,750,713.62,45,6,n,100
5187,I41693,1600,1200,930,364.84,45,0,n,100
1423,I11434,1600,1200,930,358.48,45,0,n,100
6147,I49350,1600,1200,1350,303.92,45,0,n,100
1367,I10952,1600,1200,750,323.7,45,0,n,100
2276,I18196,1910,1200,1295,613.59,45,19,n,100
2708,I21920,1600,1200,930,356.2,45,0,n,100
4080,I33431,1600,1200,930,438.4,45,0,n,100
6030,I48493,1600,1200,930,307.13,45,0,n,100
4515,I36730,1600,1200,1350,303.92,45,0,n,100
3659,I29571,1600,1200,930,438.4,45,0,n,100
1804,I14162,1600,1200,930,396.2,45,0,n,100
2729,I22008,1800,1400,1020,303.45,45,11,n,100
5583,I44971,1600,1200,930,663.22,45,0,n,100
5815,I46617,2000,1200,2350,367.608,45,22,n,100
306,I02188,1600,1200,930,356.2,45,0,n,100
5080,I40718,1200,1000,545,526.75,45,2,n,100
3312,I26932,1600,1200,930,551.56,45,0,n,100
5528,I44556,1200,1000,975,329.77,45,2,n,100
1424,I11439,1200,1000,750,351.944,45,2,n,100
1000,I07748,1200,1000,545,690.5,45,2,n,100
5720,I45892,1600,1200,930,307.13,45,0,n,100
5825,I46658,1600,1200,1350,303.92,45,0,n,100
2200,I17573,1200,1000,750,351.944,45,2,n,100
16,I00231,1600,1200,930,387.3,45,0,n,100
964,I07467,1600,1200,930,607.6,45,0,n,100
2440,I19781,1600,1200,930,356.56,45,0,n,100
535,I04036,1600,1200,930,364.84,45,0,n,100
694,I05229,1200,1000,975,329.77,45,2,n,100
6193,I49781,1200,1000,750,431.704,45,2,n,100
5341,I42999,1600,1200,930,313.0,45,0,n,100
2649,I21496,1910,1200,1295,613.59,45,19,n,100
5697,I45798,1600,1200,930,356.2,45,0,n,100
6050,I48591,1600,1200,930,547.3,45,0,n,100
203,I01723,1800,1200,1350,820.48,45,9,n,100
5817,I46619,2000,1200,2350,367.608,45,22,n,100
903,I06828,1800,1200,1350,820.48,45,9,n,100
4977,I39865,1910,1200,1295,613.59,45,19,n,100
3427,I27962,1200,1000,975,401.2,45,2,n,100
2080,I16555,1800,1400,1020,303.45,45,11,n,100
1303,I10451,1800,1400,1020,303.45,45,11,n,100
2709,I21931,1600,1200,975,460.0,45,0,n,100
4240,I34627,1910,1200,1295,613.59,45,19,n,100
4966,I39847,1600,1200,930,396.2,45,0,n,100
6227,I50157,1200,1000,930,340.1,45,2,n,100
259,I01993,1910,1200,1295,613.59,45,19,n,100
233,I01918,1200,1000,975,401.2,45,2,n,100
3569,I29020,1600,1200,1350,303.92,45,0,n,100
3329,I27090,1600,1200,930,387.3,45,0,n,100
1006,I07779,1600,1200,1350,303.92,45,0,n,100
4853,I38937,2000,1200,2350,367.608,45,22,n,100
4881,I39181,1600,1200,930,307.13,45,0,n,100
1611,I12676,1600,1200,930,307.13,45,0,n,100
1715,I13481,1600,1200,930,356.56,45,0,n,100
1769,I13836,1600,1200,930,784.6,45,0,n,100
710,I05347,1800,1400,1020,303.45,45,11,n,100
1461,I11794,1600,1200,930,396.2,45,0,n,100
727,I05387,1600,1200,975,460.0,45,0,n,100
1841,I14507,1200,1000,750,318.7,45,2,n,100
5377,I43176,1600,1200,930,309.5,45,0,n,100
1425,I11440,1200,1000,750,351.944,45,2,n,100
3326,I27054,1200,1000,545,526.75,45,2,n,100
4877,I39156,1600,1200,930,364.84,45,0,n,100
2688,I21755,1600,1200,930,358.48,45,0,n,100
3346,I27205,1600,1200,930,309.5,45,0,n,100
6159,I49697,1910,1200,1295,613.59,45,19,n,100
2543,I20687,1200,1000,750,351.756,45,2,n,100
5948,I47884,1200,1000,545,690.5,45,2,n,100
2365,I19010,1200,1000,750,351.944,45,2,n,100
2168,I17334,1600,1200,930,551.56,45,0,n,100
1146,I09105,1600,1200,930,607.6,45,0,n,100
1336,I10675,1600,1200,930,387.3,45,0,n,100
5034,I40342,1600,1200,930,438.4,45,0,n,100
4628,I37388,1600,1200,930,663.22,45,0,n,100
198,I01712,1600,1200,930,663.22,45,0,n,100
544,I04111,1600,1200,1350,303.92,45,0,n,100
5849,I46915,2000,1200,2350,367.608,45,22,n,100
105,I01001,1600,1200,930,358.48,45,0,n,100
1888,I14857,1800,1400,1020,303.45,45,11,n,100
5996,I48193,1600,1200,930,307.13,45,0,n,100
2131,I17019,1600,1200,750,582.6,45,0,n,100
2469,I19985,1800,1400,1020,303.45,45,11,n,100
602,I04613,1600,1200,750,323.7,45,0,n,100
5548,I44721,1600,1200,930,438.4,45,0,n,100
3233,I26437,1600,1200,930,607.6,45,0,n,100
5188,I41694,1600,1200,930,364.84,45,0,n,100
1806,I14174,1600,1200,930,356.2,45,0,n,100
4994,I39964,1600,1200,930,830.32,45,0,n,100
3443,I28110,1600,1200,930,313.0,45,0,n,100
3588,I29058,2000,1200,2350,367.608,45,22,n,100
4334,I35483,1600,1200,930,307.13,45,0,n,100
5166,I41420,1600,1200,930,387.3,45,0,n,100
2905,I23258,1800,1400,1020,303.45,45,11,n,100
1805,I14165,1600,1200,930,364.84,45,0,n,100
1917,I15049,1600,1200,930,356.56,45,0,n,100
3248,I26541,1600,1200,930,356.2,45,0,n,100
179,I01549,1200,1000,975,329.77,45,2,n,100
794,I06128,1600,1200,930,784.6,45,0,n,100
5455,I43868,1600,1200,1350,303.92,45,0,n,100
979,I07544,1200,1000,975,401.2,45,2,n,100
5919,I47761,1200,1000,930,413.58,45,2,n,100
1208,I09713,1600,1200,930,364.84,45,0,n,100
1575,I12552,1800,1400,1020,303.45,45,11,n,100
3354,I27277,1600,1200,930,358.48,45,0,n,100
501,I03762,1600,1200,930,663.22,45,0,n,100
3667,I29605,1800,1200,1350,820.48,45,9,n,100
4257,I34755,1600,1200,930,307.13,45,0,n,100
3462,I28333,1600,1200,1350,303.92,45,0,n,100
5562,I44755,1200,1000,975,401.2,45,2,n,100
3922,I31899,1600,1200,930,607.6,45,0,n,100
5253,I42222,1600,1200,930,663.22,45,0,n,100
4607,I37283,1200,1000,750,405.72,45,2,n,100
5494,I44283,1600,1200,930,438.4,45,0,n,100
302,I02170,1600,1200,930,663.22,45,0,n,100
2252,I18130,1600,1200,930,307.13,45,0,n,100
591,I04553,1200,1000,975,401.2,45,2,n,100
517,I03883,1600,1200,930,663.22,45,0,n,100
1284,I10256,1200,1000,645,330.5,0,1,n,100
5520,I44501,1800,1200,1350,820.48,45,9,n,100
1278,I10243,1600,1200,1350,303.92,45,0,n,100
736,I05604,1600,1200,750,323.7,45,0,n,100
6054,I48595,1600,1200,930,547.3,45,0,n,100
5781,I46285,1600,1200,1350,303.92,45,0,n,100
1831,I14437,1600,1200,930,438.4,45,0,n,100
3674,I29645,1600,1200,1350,303.92,45,0,n,100
5712,I45882,1200,1000,975,401.2,45,2,n,100
4543,I36949,1200,1000,930,413.58,45,2,n,100
1197,I09616,1600,1200,930,356.56,45,0,n,100
5438,I43773,1600,1200,930,784.6,45,0,n,100
1656,I13107,1600,1200,545,338.16,45,0,n,100
5758,I46088,1800,1400,1020,303.45,45,11,n,100
1862,I14678,1600,1200,930,356.2,45,0,n,100
5748,I46063,2000,1200,545,408.88,45,5,n,100
4768,I38343,1200,1000,975,329.77,45,2,n,100
2694,I21812,1600,1200,930,356.2,45,0,n,100
5575,I44954,1600,1200,930,438.4,45,0,n,100
2281,I18201,1910,1200,1295,613.59,45,19,n,100
6232,I50190,1200,1000,930,413.58,45,2,n,100
3843,I31129,1600,1200,1350,303.92,45,0,n,100
272,I02006,1910,1200,1295,613.59,45,19,n,100
2322,I18531,1600,1200,930,358.48,45,0,n,100
1719,I13572,1600,1200,930,356.2,45,0,n,100
4857,I38947,2000,1200,2350,367.608,45,22,n,100
993,I07715,2000,1200,2350,367.608,45,22,n,100
5534,I44646,1600,1200,1350,303.92,45,0,n,100
4532,I36842,1600,1200,930,663.22,45,0,n,100
1993,I15821,1600,1200,1350,303.92,45,0,n,100
5460,I44109,1600,1200,930,784.6,45,0,n,100
6096,I48905,1910,1200,1295,613.59,45,19,n,100
2937,I23576,1800,1400,1020,303.45,45,11,n,100
3081,I24868,1600,1200,930,356.2,45,0,n,100
1178,I09397,2000,1200,545,408.88,45,5,n,100
4729,I38148,2000,1200,2350,367.608,45,22,n,100
5211,I41949,1200,1000,545,526.75,45,2,n,100
2851,I22932,1800,1400,1020,303.45,45,11,n,100
4311,I35159,1200,1000,750,318.7,45,2,n,100
1021,I07932,1200,1000,975,329.77,45,2,n,100
3266,I26650,1600,1200,930,663.22,45,0,n,100
5480,I44219,1600,1200,930,307.13,45,0,n,100
6086,I48895,1910,1200,1295,613.59,45,19,n,100
2537,I20659,1200,1000,750,405.72,45,2,n,100
5905,I47632,1600,1200,750,323.7,45,0,n,100
3642,I29493,1600,1200,930,387.3,45,0,n,100
4081,I33432,1600,1200,930,438.4,45,0,n,100
2079,I16541,1200,1000,930,347.0,45,2,n,100
6146,I49349,1600,1200,1350,303.92,45,0,n,100
4956,I39789,1200,1000,975,329.77,45,2,n,100
2052,I16345,1800,1200,1350,820.48,45,9,n,100
2342,I18694,1600,1200,930,607.6,45,0,n,100
2920,I23433,1600,1200,1350,303.92,45,0,n,100
6091,I48900,1910,1200,1295,613.59,45,19,n,100
3605,I29183,1200,1000,930,345.29,45,2,n,100
1379,I11103,1600,1200,930,364.84,45,0,n,100
5904,I47631,1600,1200,750,323.7,45,0,n,100
432,I03259,1600,1200,545,338.52,45,0,n,100
3043,I24534,1800,1200,1350,820.48,45,9,n,100
2402,I19242,1600,1200,930,307.13,45,0,n,100
800,I06231,1600,1200,1350,303.92,45,0,n,100
4463,I36433,1800,1400,1020,303.45,45,11,n,100
561,I04281,1200,1000,930,345.29,45,2,n,100
4304,I35122,1800,1400,1020,303.45,45,11,n,100
3426,I27960,1600,1200,545,338.16,45,0,n,100
315,I02281,1800,1200,1350,820.48,45,9,n,100
3016,I24174,1800,1400,1020,303.45,45,11,n,100
1525,I12172,1600,1200,545,338.52,45,0,n,100
4163,I34120,1900,1200,750,713.62,45,6,n,100
2462,I19931,1200,1000,750,431.704,45,2,n,100
5301,I42773,1600,1200,930,547.3,45,0,n,100
1883,I14814,1600,1200,930,663.22,45,0,n,100
2385,I19128,1600,1200,930,356.56,45,0,n,100
3614,I29249,1200,1000,975,329.77,45,2,n,100
3007,I24123,1600,1200,1350,303.92,45,0,n,100
2433,I19710,1200,1000,750,318.7,45,2,n,100
680,I04955,1800,1400,1020,303.45,45,11,n,100
2977,I23820,1600,1200,930,547.3,45,0,n,100
1506,I12137,1800,1400,1020,303.45,45,11,n,100
6225,I50130,1600,1200,930,358.48,45,0,n,100
369,I02688,1600,1200,930,387.3,45,0,n,100
958,I07454,1600,1200,930,547.3,45,0,n,100
4922,I39584,1200,1000,545,526.75,45,2,n,100
338,I02457,1200,1000,930,704.36,45,2,n,100
5819,I46624,1200,1000,930,345.29,45,2,n,100
549,I04140,1600,1200,930,356.2,45,0,n,100
2467,I19983,1800,1400,1020,303.45,45,11,n,100
720,I05373,1800,1200,1350,820.48,45,9,n,100
1844,I14512,1800,1200,1350,820.48,45,9,n,100
1903,I14925,1600,1200,545,338.16,45,0,n,100
3149,I25454,1600,1200,930,551.56,45,0,n,100
347,I02533,1200,1000,975,337.45,45,2,n,100
4911,I39516,1800,1400,1020,303.45,45,11,n,100
4095,I33569,1600,1200,1350,303.92,45,0,n,100
6016,I48438,1600,1200,545,338.16,45,0,n,100
3576,I29046,2000,1200,2350,367.608,45,22,n,100
73,I00697,1200,1000,975,336.7,45,2,n,100
3221,I26339,1800,1400,1020,303.45,45,11,n,100
5976,I48029,1600,1200,1350,303.92,45,0,n,100
5677,I45633,1800,1400,1020,303.45,45,11,n,100
2517,I20458,1600,1200,750,323.7,45,0,n,100
5098,I40919,2000,1200,2350,367.608,45,22,n,100
3353,I27275,1600,1200,930,607.6,45,0,n,100
5352,I43089,1910,1200,1295,613.59,45,19,n,100
3604,I29171,1200,1000,750,318.7,45,2,n,100
3003,I24071,1600,1200,930,307.13,45,0,n,100
6239,I50274,1200,1000,975,329.77,45,2,n,100
2024,I16154,1600,1200,1350,303.92,45,0,n,100
6214,I50023,1600,1200,930,551.56,45,0,n,100
6015,I48428,1600,1200,930,781.25,45,0,n,100
3890,I31600,1200,1000,930,614.16,45,2,n,100
4246,I34633,1910,1200,1295,613.59,45,19,n,100
136,I01144,1600,1200,930,396.2,45,0,n,100
2629,I21476,1910,1200,1295,613.59,45,19,n,100
5335,I42931,1600,1200,930,356.2,45,0,n,100
5588,I45008,1800,1400,1020,303.45,45,11,n,100
6172,I49710,1910,1200,1295,613.59,45,19,n,100
3337,I27112,1600,1200,930,784.6,45,0,n,100
4140,I33970,1600,1200,930,370.78,45,0,n,100
121,I01043,1800,1400,1020,303.45,45,11,n,100
5906,I47671,1600,1200,930,663.22,45,0,n,100
3291,I26800,1600,1200,930,358.48,45,0,n,100
4344,I35566,1600,1200,930,358.48,45,0,n,100
4615,I37339,1600,1200,930,454.873,45,0,n,100
4243,I34630,1910,1200,1295,613.59,45,19,n,100
5800,I46562,1800,1400,1020,303.45,45,11,n,100
2745,I22055,1200,1000,975,336.7,45,2,n,100
3559,I28894,1200,1000,750,351.756,45,2,n,100
161,I01370,1600,1200,750,582.6,45,0,n,100
4168,I34189,1600,1200,930,307.13,45,0,n,100
22,I00279,1200,1000,930,347.0,45,2,n,100
1213,I09798,1200,1000,975,401.2,45,2,n,100
2644,I21491,1910,1200,1295,613.59,45,19,n,100
4943,I39711,1600,1200,1350,303.92,45,0,n,100
1877,I14744,1200,1000,975,329.77,45,2,n,100
1871,I14723,1600,1200,975,808.3,45,0,n,100
3015,I24173,1800,1400,1020,303.45,45,11,n,100
3035,I24434,1600,1200,930,607.6,45,0,n,100
5764,I46204,1200,1000,930,345.29,45,2,n,100
4844,I38894,1600,1200,1350,303.92,45,0,n,100
1929,I15193,1200,1000,975,329.77,45,2,n,100
1626,I12809,1200,1000,750,318.7,45,2,n,100
3951,I32291,1200,1000,930,704.36,45,2,n,100
531,I04005,1200,1000,975,329.77,45,2,n,100
2622,I21350,1600,1200,1350,303.92,45,0,n,100
609,I04638,1600,1200,930,438.4,45,0,n,100
1503,I12075,1600,1200,930,663.22,45,0,n,100
2181,I17399,1800,1400,1020,303.45,45,11,n,100
2356,I18824,1600,1200,930,307.13,45,0,n,100
2463,I19969,1600,1200,930,364.84,45,0,n,100
2750,I22117,1200,1000,975,401.2,45,2,n,100
742,I05655,1600,1200,930,663.22,45,0,n,100
5006,I40140,1200,1000,545,729.5,45,2,n,100
1410,I11326,1600,1200,930,356.2,45,0,n,100
5092,I40913,2000,1200,2350,367.608,45,22,n,100
5964,I47969,1800,1400,1020,303.45,45,11,n,100
1430,I11468,1600,1200,930,307.13,45,0,n,100
5285,I42619,1200,1000,975,401.2,45,2,n,100
6083,I48892,1910,1200,1295,613.59,45,19,n,100
3135,I25355,1800,1200,1350,820.48,45,9,n,100
1946,I15379,1800,1200,1350,820.48,45,9,n,100
4963,I39823,1600,1200,930,663.22,45,0,n,100
467,I03571,1600,1200,930,396.2,45,0,n,100
5232,I42080,1600,1200,930,307.13,45,0,n,100
1764,I13746,1600,1200,750,582.6,45,0,n,100
5792,I46422,1600,1200,930,663.22,45,0,n,100
391,I02875,1600,1200,1350,303.92,45,0,n,100
2700,I21854,1600,1200,930,551.56,45,0,n,100
20,I00276,1200,1000,930,617.24,45,2,n,100
5395,I43311,1200,1000,975,329.77,45,2,n,100
4934,I39690,1200,1000,930,347.0,45,2,n,100
2449,I19872,1600,1200,930,551.56,45,0,n,100
4761,I38329,1600,1200,750,582.6,45,0,n,100
3351,I27273,1600,1200,930,607.6,45,0,n,100
2113,I16742,1200,1000,930,414.14,45,2,n,100
1663,I13181,1800,1400,1020,303.45,45,11,n,100
5413,I43530,1600,1200,1350,303.92,45,0,n,100
1854,I14622,1600,1200,545,338.52,45,0,n,100
4659,I37653,1600,1200,1350,303.92,45,0,n,100
1674,I13221,1600,1200,930,663.22,45,0,n,100
3589,I29094,1600,1200,930,307.13,45,0,n,100
3748,I30262,1600,1200,930,364.84,45,0,n,100
747,I05774,1200,1000,930,414.14,45,2,n,100
540,I04083,1600,1200,930,358.48,45,0,n,100
635,I04772,1800,1400,1020,303.45,45,11,n,100
3687,I29691,1800,1400,1020,303.45,45,11,n,100
776,I06074,1800,1400,1020,303.45,45,11,n,100
258,I01992,1910,1200,1295,613.59,45,19,n,100
4738,I38204,1600,1200,930,438.4,45,0,n,100
3070,I24777,1200,1000,930,345.29,45,2,n,100
2500,I20296,1200,1000,750,351.944,45,2,n,100
3422,I27955,1600,1200,930,364.84,45,0,n,100
5824,I46656,1600,1200,930,607.6,45,0,n,100
2630,I21477,1910,1200,1295,613.59,45,19,n,100
2782,I22298,1600,1200,930,551.56,45,0,n,100
610,I04639,1600,1200,930,364.84,45,0,n,100
24,I00308,1600,1200,930,387.3,45,0,n,100
1351,I10895,1200,1000,930,413.58,45,2,n,100
5292,I42756,1200,1000,975,336.7,45,2,n,100
5502,I44350,1600,1200,930,364.84,45,0,n,100
2259,I18179,1910,1200,1295,613.59,45,19,n,100
5030,I40293,1800,1200,1350,820.48,45,9,n,100
5988,I48072,1200,1000,975,337.9,45,2,n,100
815,I06321,1600,1200,975,460.0,45,0,n,100
3644,I29495,1600,1200,930,387.3,45,0,n,100
3606,I29184,1200,1000,930,345.29,45,2,n,100
1222,I09926,1600,1200,930,607.6,45,0,n,100
4698,I37922,1600,1200,930,607.6,45,0,n,100
6153,I49582,1600,1200,930,607.6,45,0,n,100
6184,I49722,1910,1200,1295,613.59,45,19,n,100
5372,I43146,1600,1200,930,356.2,45,0,n,100
3888,I31585,1600,1200,930,356.2,45,0,n,100
66,I00635,1600,1200,930,358.48,45,0,n,100
5170,I41436,1600,1200,930,356.56,45,0,n,100
1604,I12635,1600,1200,930,784.6,45,0,n,100
2960,I23720,1200,1000,975,336.7,45,2,n,100
5451,I43813,1600,1200,975,460.0,45,0,n,100
2675,I21641,1200,1000,975,329.77,45,2,n,100
3090,I25034,1200,1000,975,401.2,45,2,n,100
663,I04853,1200,1000,975,337.9,45,2,n,100
4935,I39691,1200,1000,930,347.0,45,2,n,100
1240,I10076,2000,1200,2350,367.608,45,22,n,100
667,I04875,1600,1200,930,356.2,45,0,n,100
3067,I24766,1200,1000,975,329.77,45,2,n,100
1726,I13592,1910,1200,1295,613.59,45,19,n,100
1666,I13184,1800,1400,1020,303.45,45,11,n,100
2454,I19901,1200,1000,750,431.704,45,2,n,100
4724,I38104,1600,1200,930,387.3,45,0,n,100
5026,I40289,1200,1000,930,345.29,45,2,n,100
483,I03660,1600,1200,930,307.13,45,0,n,100
5193,I41708,1600,1200,930,607.6,45,0,n,100
1276,I10241,1600,1200,1350,303.92,45,0,n,100
2676,I21642,1200,1000,975,329.77,45,2,n,100
1838,I14477,1600,1200,930,356.2,45,0,n,100
2826,I22799,1600,1200,1350,303.92,45,0,n,100
5247,I42186,1800,1400,1020,303.45,45,11,n,100
465,I03567,1600,1200,975,611.224,45,0,n,100
2059,I16363,1600,1200,930,356.2,45,0,n,100
1012,I07900,1900,1200,750,845.38,45,6,n,100
5400,I43461,1600,1200,750,323.7,45,0,n,100
368,I02671,1200,1000,930,345.29,45,2,n,100
5087,I40787,1600,1200,975,460.0,45,0,n,100
1177,I09355,1600,1200,750,323.7,45,0,n,100
3881,I31527,1800,1400,1020,303.45,45,11,n,100
4787,I38509,2000,1200,545,408.88,45,5,n,100
2309,I18412,1600,1200,930,663.22,45,0,n,100
5637,I45421,2000,1200,2350,367.608,45,22,n,100
988,I07630,1600,1200,930,396.2,45,0,n,100
2980,I23852,1600,1200,1350,312.72,45,0,n,100
3078,I24826,1900,1200,750,845.38,45,6,n,100
3689,I29693,1800,1400,1020,303.45,45,11,n,100
3992,I32652,1200,1000,975,384.74,45,2,n,100
5869,I47276,1600,1200,930,309.5,45,0,n,100
4421,I36045,1200,1000,545,729.5,45,2,n,100
3172,I25816,1600,1200,750,323.7,45,0,n,100
6272,I50611,2000,1200,545,408.88,45,5,n,100
384,I02818,1800,1400,1020,303.45,45,11,n,100
1934,I15254,1600,1200,1350,303.92,45,0,n,100
40,I00399,1600,1200,1350,303.92,45,0,n,100
1382,I11106,1200,1000,975,329.77,45,2,n,100
1754,I13664,1800,1400,1020,303.45,45,11,n,100
363,I02641,1600,1200,930,547.3,45,0,n,100
5652,I45437,1600,1200,545,338.52,45,0,n,100
222,I01787,1600,1200,930,607.6,45,0,n,100
844,I06548,1600,1200,930,663.22,45,0,n,100
5761,I46093,1600,1200,930,514.24,45,0,n,100
3004,I24085,1200,1000,975,401.2,45,2,n,100
5798,I46560,1600,1200,930,396.2,45,0,n,100
1519,I12150,1600,1200,930,358.48,45,0,n,100
5321,I42910,1600,1200,930,663.22,45,0,n,100
2652,I21499,1910,1200,1295,613.59,45,19,n,100
3453,I28209,1600,1200,930,356.2,45,0,n,100
4862,I38952,2000,1200,2350,367.608,45,22,n,100
857,I06660,1800,1400,1020,303.45,45,11,n,100
2336,I18636,1600,1200,930,551.56,45,0,n,100
1398,I11278,1200,1000,750,351.944,45,2,n,100
3584,I29054,2000,1200,2350,367.608,45,22,n,100
1338,I10699,1200,1000,930,414.14,45,2,n,100
4183,I34287,1200,1000,750,351.944,45,2,n,100
480,I03657,1600,1200,930,438.4,45,0,n,100
19,I00244,1600,1200,930,607.6,45,0,n,100
2391,I19189,1600,1200,930,307.13,45,0,n,100
4731,I38150,2000,1200,2350,367.608,45,22,n,100
2690,I21766,1200,1000,545,690.5,45,2,n,100
874,I06799,1910,1200,1295,613.59,45,19,n,100
3731,I30026,1200,1000,750,431.704,45,2,n,100
3292,I26801,1600,1200,930,358.48,45,0,n,100
1277,I10242,1600,1200,1350,303.92,45,0,n,100
1672,I13218,1200,1000,975,401.2,45,2,n,100
5465,I44119,1600,1200,930,551.56,45,0,n,100
5364,I43101,1910,1200,1295,613.59,45,19,n,100
1347,I10801,1600,1200,930,356.56,45,0,n,100
2235,I17945,1600,1200,750,323.7,45,0,n,100
839,I06446,1600,1200,1350,303.92,45,0,n,100
1954,I15441,1600,1200,930,784.6,45,0,n,100
3903,I31767,1800,1200,1350,820.48,45,9,n,100
3444,I28118,1200,1000,930,704.36,45,2,n,100
3214,I26204,1200,1000,930,345.29,45,2,n,100
5425,I43654,1600,1200,930,356.2,45,0,n,100
651,I04796,1600,1200,1350,303.92,45,0,n,100
6241,I50276,1200,1000,975,329.77,45,2,n,100
1311,I10466,2000,1200,2350,367.608,45,22,n,100
5569,I44845,1600,1200,930,607.6,45,0,n,100
620,I04670,1800,1400,1020,303.45,45,11,n,100
1508,I12139,1800,1400,1020,303.45,45,11,n,100
2805,I22568,1800,1400,1020,303.45,45,11,n,100
158,I01355,1200,1000,545,729.5,45,2,n,100
5009,I40160,1600,1200,750,323.7,45,0,n,100
1131,I09029,1600,1200,930,396.2,45,0,n,100
731,I05496,1600,1200,930,663.22,45,0,n,100
4411,I35935,1600,1200,930,358.48,45,0,n,100
2906,I23259,1800,1400,1020,303.45,45,11,n,100
4199,I34411,1600,1200,975,460.0,45,0,n,100
3001,I24069,1600,1200,930,307.13,45,0,n,100
2387,I19141,1600,1200,930,356.56,45,0,n,100
3595,I29112,2000,1200,2350,367.608,45,22,n,100
3925,I32028,1600,1200,930,396.2,45,0,n,100
5349,I43065,1200,1000,975,337.9,45,2,n,100
1075,I08468,1200,1000,975,329.77,45,2,n,100
5831,I46798,1200,1000,750,351.756,45,2,n,100
3199,I26092,1600,1200,975,808.3,45,0,n,100
622,I04672,1800,1400,1020,303.45,45,11,n,100
498,I03721,1600,1200,930,358.48,45,0,n,100
772,I06067,1600,1200,545,338.52,45,0,n,100
2624,I21352,1600,1200,1350,303.92,45,0,n,100
2267,I18187,1910,1200,1295,613.59,45,19,n,100
2605,I21286,1600,1200,930,663.22,45,0,n,100
6243,I50315,1200,1000,930,347.0,45,2,n,100
3072,I24795,1600,1200,930,356.2,45,0,n,100
1500,I12058,1600,1200,545,338.52,45,0,n,100
2661,I21550,1200,1000,750,351.756,45,2,n,100
6044,I48557,1200,1000,930,345.29,45,2,n,100
6000,I48228,1200,1000,975,329.77,45,2,n,100
3862,I31304,1600,1200,1350,303.92,45,0,n,100
4673,I37764,1600,1200,975,460.0,45,0,n,100
5394,I43310,1200,1000,975,329.77,45,2,n,100
1921,I15098,1600,1200,930,309.5,45,0,n,100
3666,I29598,1200,1000,930,340.1,45,2,n,100
5885,I47412,1600,1200,930,356.2,45,0,n,100
2304,I18375,2000,1200,545,408.88,45,5,n,100
1692,I13361,1600,1200,930,307.13,45,0,n,100
1516,I12147,1800,1400,1020,303.45,45,11,n,100
3407,I27798,1600,1200,545,338.16,45,0,n,100
522,I03949,1600,1200,930,396.2,45,0,n,100
2841,I22882,1800,1200,1350,820.48,45,9,n,100
6263,I50513,1200,1000,975,652.0,45,2,n,100
3629,I29363,1600,1200,930,438.4,45,0,n,100
841,I06454,1600,1200,930,830.32,45,0,n,100
2027,I16157,1600,1200,1350,303.92,45,0,n,100
3685,I29689,1800,1400,1020,303.45,45,11,n,100
6171,I49709,1910,1200,1295,613.59,45,19,n,100
5768,I46233,1600,1200,750,323.7,45,0,n,100
2557,I20775,1200,1000,930,345.29,45,2,n,100
1550,I12419,1600,1200,930,547.3,45,0,n,100
1587,I12570,1800,1200,1350,820.48,45,9,n,100
3618,I29287,1600,1200,975,611.224,45,0,n,100
3030,I24302,1600,1200,750,323.7,45,0,n,100
2704,I21878,1200,1000,975,329.77,45,2,n,100
2432,I19709,1200,1000,750,318.7,45,2,n,100
2628,I21475,1910,1200,1295,613.59,45,19,n,100
1987,I15799,1600,1200,930,607.6,45,0,n,100
190,I01646,1200,1000,975,329.77,45,2,n,100
223,I01832,1800,1400,1020,303.45,45,11,n,100
1976,I15634,1600,1200,930,663.22,45,0,n,100
1137,I09088,1800,1400,1020,303.45,45,11,n,100
2844,I22925,1800,1400,1020,303.45,45,11,n,100
963,I07466,1600,1200,930,607.6,45,0,n,100
2292,I18223,1600,1200,930,307.13,45,0,n,100
5182,I41611,1900,1200,750,713.62,45,6,n,100
2474,I20019,1600,1200,930,830.32,45,0,n,100
781,I06079,1800,1400,1020,303.45,45,11,n,100
294,I02146,1200,1000,930,413.58,45,2,n,100
3299,I26845,1600,1200,930,551.56,45,0,n,100
5955,I47891,1200,1000,975,336.7,45,2,n,100
981,I07573,1600,1200,930,356.2,45,0,n,100
5225,I42067,1200,1000,930,413.58,45,2,n,100
3471,I28424,1800,1400,1020,303.45,45,11,n,100
189,I01645,1200,1000,975,329.77,45,2,n,100
5334,I42930,1600,1200,930,356.2,45,0,n,100
2254,I18133,1600,1200,930,356.2,45,0,n,100
2123,I16939,2000,1200,545,408.88,45,5,n,100
5244,I42127,1600,1200,930,307.13,45,0,n,100
2465,I19981,1800,1400,1020,303.45,45,11,n,100
1389,I11116,1600,1200,930,370.78,45,0,n,100
3704,I29765,1200,1000,930,413.58,45,2,n,100
2528,I20606,1600,1200,930,358.48,45,0,n,100
5972,I47977,1800,1400,1020,303.45,45,11,n,100
2842,I22888,1600,1200,930,663.22,45,0,n,100
3934,I32059,1600,1200,930,551.56,45,0,n,100
2456,I19912,1200,1000,975,329.77,45,2,n,100
2038,I16201,1600,1200,930,358.48,45,0,n,100
3807,I30821,1800,1200,1350,820.48,45,9,n,100
3551,I28732,1200,1000,975,401.2,45,2,n,100
2187,I17406,1600,1200,930,781.25,45,0,n,100
4598,I37272,1600,1200,930,396.2,45,0,n,100
325,I02423,1800,1400,1020,303.45,45,11,n,100
917,I07008,2000,1200,545,408.88,45,5,n,100
3603,I29170,1200,1000,750,318.7,45,2,n,100
337,I02456,1200,1000,930,704.36,45,2,n,100
2268,I18188,1910,1200,1295,613.59,45,19,n,100
5813,I46615,2000,1200,2350,367.608,45,22,n,100
5218,I41984,1600,1200,930,396.2,45,0,n,100
3456,I28238,1600,1200,930,364.84,45,0,n,100
2049,I16335,1200,1000,545,690.5,45,2,n,100
876,I06801,1910,1200,1295,613.59,45,19,n,100
4145,I34054,1600,1200,930,313.0,45,0,n,100
1603,I12634,1600,1200,930,784.6,45,0,n,100
3711,I29827,1600,1200,930,607.6,45,0,n,100
2948,I23637,1800,1200,1350,820.48,45,9,n,100
461,I03533,1200,1000,975,401.2,45,2,n,100
2982,I23854,1200,1000,975,329.77,45,2,n,100
5374,I43148,1600,1200,930,356.2,45,0,n,100
3534,I28670,1800,1400,1020,303.45,45,11,n,100
81,I00794,1600,1200,930,358.48,45,0,n,100
4610,I37313,1600,1200,930,387.3,45,0,n,100
211,I01756,1600,1200,930,438.4,45,0,n,100
5533,I44645,1600,1200,1350,303.92,45,0,n,100
879,I06804,1910,1200,1295,613.59,45,19,n,100
1926,I15188,1600,1200,930,307.13,45,0,n,100
3412,I27865,2000,1200,2350,367.608,45,22,n,100
1705,I13391,1200,1000,545,526.75,45,2,n,100
4975,I39863,1910,1200,1295,613.59,45,19,n,100
2895,I23222,1600,1200,1350,303.92,45,0,n,100
4364,I35723,1200,1000,975,329.77,45,2,n,100
4647,I37501,1600,1200,930,547.3,45,0,n,100
1571,I12519,1600,1200,930,358.48,45,0,n,100
1794,I14038,1600,1200,930,356.56,45,0,n,100
968,I07472,1600,1200,930,358.48,45,0,n,100
1755,I13665,1800,1400,1020,303.45,45,11,n,100
5323,I42912,1600,1200,930,307.13,45,0,n,100
5184,I41627,1200,1000,975,329.77,45,2,n,100
851,I06629,1200,1000,975,401.2,45,2,n,100
5343,I43001,1600,1200,1350,303.92,45,0,n,100
4669,I37758,1600,1200,930,396.2,45,0,n,100
2791,I22385,1600,1200,930,364.84,45,0,n,100
4094,I33568,1600,1200,1350,303.92,45,0,n,100
1396,I11274,1600,1200,930,784.6,45,0,n,100
2837,I22871,1600,1200,930,607.6,45,0,n,100
4985,I39873,1910,1200,1295,613.59,45,19,n,100
2041,I16258,1600,1200,930,547.3,45,0,n,100
6026,I48489,1800,1400,1020,303.45,45,11,n,100
890,I06815,1910,1200,1295,613.59,45,19,n,100
3130,I25319,1200,1000,975,329.77,45,2,n,100
4825,I38787,1600,1200,975,460.0,45,0,n,100
4826,I38794,1600,1200,545,338.52,45,0,n,100
3691,I29695,1800,1400,1020,303.45,45,11,n,100
48,I00437,1600,1200,975,460.0,45,0,n,100
5853,I46950,1600,1200,930,356.2,45,0,n,100
5747,I46056,1600,1200,1350,312.72,45,0,n,100
2217,I17822,1600,1200,1350,303.92,45,0,n,100
737,I05605,1600,1200,750,323.7,45,0,n,100
1625,I12808,1200,1000,750,318.7,45,2,n,100
5373,I43147,1600,1200,930,356.2,45,0,n,100
4472,I36542,1600,1200,930,370.78,45,0,n,100
472,I03618,1600,1200,930,607.6,45,0,n,100
4173,I34194,1600,1200,930,396.2,45,0,n,100
2808,I22587,1600,1200,930,663.22,45,0,n,100
1042,I08147,1600,1200,545,338.16,45,0,n,100
3270,I26656,1200,1000,750,318.7,45,2,n,100
1290,I10372,1600,1200,545,338.16,45,0,n,100
4222,I34609,1910,1200,1295,613.59,45,19,n,100
5791,I46416,1200,1000,930,347.0,45,2,n,100
6110,I48926,1200,1000,930,704.12,45,2,n,100
1887,I14851,2400,1200,1490,340.5,45,24,n,5
3594,I29111,1600,1200,930,396.2,45,0,n,100
5436,I43684,2000,1200,2350,367.608,45,22,n,100
6035,I48527,1800,1400,1020,303.45,45,11,n,100
1017,I07912,1800,1400,1020,303.45,45,11,n,100
5441,I43776,1600,1200,930,358.48,45,0,n,100
1964,I15473,1600,1200,930,784.6,45,0,n,100
6179,I49717,1910,1200,1295,613.59,45,19,n,100
318,I02331,1600,1200,975,460.0,45,0,n,100
33,I00347,1600,1200,545,338.52,45,0,n,100
3942,I32174,1600,1200,930,370.78,45,0,n,100
5578,I44957,1600,1200,930,438.4,45,0,n,100
4728,I38146,1600,1200,1350,303.92,45,0,n,100
2502,I20299,1600,1200,930,307.13,45,0,n,100
4913,I39518,1200,1000,975,652.0,45,2,n,100
3052,I24662,1600,1200,930,663.22,45,0,n,100
4986,I39874,1910,1200,1295,613.59,45,19,n,100
1207,I09712,1600,1200,930,364.84,45,0,n,100
3874,I31511,1600,1200,930,663.22,45,0,n,100
5837,I46828,1800,1200,1350,820.48,45,9,n,100
3545,I28703,1600,1200,930,454.873,45,0,n,100
2767,I22205,1200,1000,750,405.72,45,2,n,100
5448,I43793,1200,1000,930,414.14,45,2,n,100
2468,I19984,1800,1400,1020,303.45,45,11,n,100
3085,I24923,1600,1200,930,830.32,45,0,n,100
1620,I12770,1600,1200,930,784.6,45,0,n,100
1865,I14691,1600,1200,975,460.0,45,0,n,100
5561,I44754,1200,1000,975,401.2,45,2,n,100
4000,I32748,1600,1200,930,356.56,45,0,n,100
995,I07717,2000,1200,2350,367.608,45,22,n,100
5404,I43484,1600,1200,930,663.22,45,0,n,100
1565,I12503,1600,1200,930,607.6,45,0,n,100
3712,I29828,1600,1200,930,387.3,45,0,n,100
3145,I25420,1600,1200,930,784.6,45,0,n,100
2192,I17443,1600,1200,930,307.13,45,0,n,100
5116,I41037,1600,1200,975,611.224,45,0,n,100
4455,I36425,1800,1400,1020,303.45,45,11,n,100
1756,I13666,1800,1400,1020,303.45,45,11,n,100
3082,I24896,1200,1000,545,729.5,45,2,n,100
5924,I47772,1200,1000,930,347.0,45,2,n,100
1086,I08552,1200,1000,750,431.704,45,2,n,100
2179,I17397,1800,1400,1020,303.45,45,11,n,100
5809,I46595,1200,1000,545,729.5,45,2,n,100
1783,I13970,1600,1200,930,358.48,45,0,n,100
4475,I36567,1200,1000,975,337.9,45,2,n,100
5366,I43103,1910,1200,1295,613.59,45,19,n,100
1265,I10198,1800,1400,1020,303.45,45,11,n,100
1907,I14964,1600,1200,930,396.2,45,0,n,100
1835,I14441,1600,1200,930,438.4,45,0,n,100
4030,I33011,1200,1000,545,526.75,45,2,n,100
2940,I23579,1800,1400,1020,303.45,45,11,n,100
1585,I12563,1600,1200,1350,303.92,45,0,n,100
4397,I35848,1600,1200,1350,303.92,45,0,n,100
1061,I08360,1600,1200,930,356.56,45,0,n,100
3931,I32052,1600,1200,930,356.2,45,0,n,100
855,I06643,1600,1200,930,356.2,45,0,n,100
811,I06295,1600,1200,975,460.0,45,0,n,100
3138,I25361,1600,1200,930,356.2,45,0,n,100
5732,I45964,1200,1000,975,329.77,45,2,n,100
1344,I10783,1200,1000,975,401.2,45,2,n,100
4734,I38200,1600,1200,930,438.4,45,0,n,100
2102,I16723,1600,1200,930,309.5,45,0,n,100
5305,I42813,1600,1200,930,607.6,45,0,n,100
243,I01972,1800,1400,1020,303.45,45,11,n,100
1913,I14975,1600,1200,930,358.48,45,0,n,100
3484,I28457,1910,1200,1295,613.59,45,19,n,100
6157,I49695,1910,1200,1295,613.59,45,19,n,100
2691,I21796,1600,1200,930,307.13,45,0,n,100
1474,I11855,1600,1200,930,830.32,45,0,n,100
3724,I29974,1900,1200,750,713.62,45,6,n,100
5198,I41767,1600,1200,930,663.22,45,0,n,100
3094,I25052,1800,1200,1350,820.48,45,9,n,100
3416,I27886,1200,1000,975,329.77,45,2,n,100
3768,I30457,1600,1200,930,663.22,45,0,n,100
4551,I36981,1800,1400,1020,303.45,45,11,n,100
3511,I28484,1910,1200,1295,613.59,45,19,n,100
4185,I34295,1200,1000,930,338.9,45,2,n,100
918,I07010,1600,1200,930,387.3,45,0,n,100
5216,I41968,1200,1000,750,431.704,45,2,n,100
4381,I35763,1910,1200,1295,613.59,45,19,n,100
2561,I20893,1900,1200,750,845.38,45,6,n,100
285,I02063,1600,1200,930,307.13,45,0,n,100
5787,I46385,1200,1000,930,413.58,45,2,n,100
122,I01044,1800,1400,1020,303.45,45,11,n,100
3380,I27463,1800,1200,1350,820.48,45,9,n,100
35,I00355,1600,1200,930,784.6,45,0,n,100
2880,I23035,1600,1200,930,551.56,45,0,n,100
4550,I36980,1800,1400,1020,303.45,45,11,n,100
98,I00877,1600,1200,750,582.6,45,0,n,100
3997,I32730,1600,1200,930,607.6,45,0,n,100
2609,I21310,2000,1200,2350,367.608,45,22,n,100
3288,I26784,1600,1200,930,396.2,45,0,n,100
41,I00400,1600,1200,1350,303.92,45,0,n,100
5012,I40208,1600,1200,930,607.6,45,0,n,100
4689,I37875,1600,1200,930,607.6,45,0,n,100
1943,I15367,1600,1200,930,607.6,45,0,n,100
106,I01003,1600,1200,930,607.6,45,0,n,100
296,I02156,1600,1200,930,356.56,45,0,n,100
2147,I17189,1800,1400,1020,303.45,45,11,n,100
5821,I46626,1600,1200,750,582.6,45,0,n,100
2952,I23690,1800,1400,1020,303.45,45,11,n,100
5586,I45000,1600,1200,1350,303.92,45,0,n,100
3342,I27166,1800,1200,1350,820.48,45,9,n,100
2900,I23253,1800,1400,1020,303.45,45,11,n,100
5344,I43004,1200,1000,975,401.2,45,2,n,100
293,I02145,1600,1200,930,663.22,45,0,n,100
5887,I47440,1200,1000,930,414.14,45,2,n,100
4894,I39267,1600,1200,930,307.13,45,0,n,100
4010,I32819,1600,1200,930,607.6,45,0,n,100
3429,I27991,1800,1400,1020,303.45,45,11,n,100
2859,I22952,1200,1000,750,305.32,45,2,n,100
2612,I21313,2000,1200,2350,367.608,45,22,n,100
3583,I29053,2000,1200,2350,367.608,45,22,n,100
1631,I12816,1600,1200,930,356.2,45,0,n,100
5921,I47766,1900,1200,750,845.38,45,6,n,100
1833,I14439,1600,1200,930,438.4,45,0,n,100
4830,I38798,1600,1200,930,387.3,45,0,n,100
119,I01041,1800,1400,1020,303.45,45,11,n,100
1155,I09180,1600,1200,750,323.7,45,0,n,100
5890,I47503,1200,1000,1155,373.25,0,1,n,100
4202,I34463,1600,1200,930,663.22,45,0,n,100
3525,I28565,2000,1200,2350,367.608,45,22,n,100
5729,I45930,1600,1200,750,323.7,45,0,n,100
5778,I46277,1600,1200,930,551.56,45,0,n,100
3154,I25651,1200,1000,930,413.58,45,2,n,100
2118,I16888,1600,1200,930,551.56,45,0,n,100
4545,I36975,1200,1000,975,708.0,45,2,n,100
2016,I16090,1200,1000,975,329.77,45,2,n,100
5008,I40159,1600,1200,750,323.7,45,0,n,100
5973,I47978,1800,1400,1020,303.45,45,11,n,100
4116,I33774,1600,1200,975,391.432,45,0,n,100
2831,I22810,1200,1000,975,329.77,45,2,n,100
3303,I26852,1600,1200,930,438.4,45,0,n,100
4380,I35762,1910,1200,1295,613.59,45,19,n,100
1588,I12571,1800,1200,1350,820.48,45,9,n,100
2548,I20707,1800,1200,1350,820.48,45,9,n,100
4579,I37214,1200,1000,975,329.77,45,2,n,100
4989,I39911,1600,1200,930,396.2,45,0,n,100
512,I03863,1600,1200,930,663.22,45,0,n,100
78,I00763,1200,1000,930,704.12,45,2,n,100
1998,I15829,1600,1200,930,356.2,45,0,n,100
2355,I18823,1600,1200,930,307.13,45,0,n,100
4423,I36147,1200,1000,930,347.0,45,2,n,100
3825,I31030,1200,1000,975,329.77,45,2,n,100
3993,I32704,1600,1200,930,396.2,45,0,n,100
3617,I29286,1600,1200,930,358.48,45,0,n,100
1454,I11638,1600,1200,1350,303.92,45,0,n,100
1343,I10781,1600,1200,930,313.0,45,0,n,100
1930,I15194,1200,1000,975,329.77,45,2,n,100
3745,I30242,1600,1200,930,356.2,45,0,n,100
1395,I11273,1600,1200,930,313.0,45,0,n,100
1819,I14266,1600,1200,930,364.84,45,0,n,100
1512,I12143,1800,1400,1020,303.45,45,11,n,100
1541,I12338,1800,1400,1020,303.45,45,11,n,100
5694,I45792,1600,1200,975,460.0,45,0,n,100
2478,I20116,1200,1000,975,465.1,45,2,n,100
1141,I09092,1800,1400,1020,303.45,45,11,n,100
1544,I12370,1600,1200,930,607.6,45,0,n,100
1270,I10203,1800,1400,1020,303.45,45,11,n,100
3503,I28476,1910,1200,1295,613.59,45,19,n,100
2447,I19840,1600,1200,930,307.13,45,0,n,100
1489,I11954,1600,1200,975,611.224,45,0,n,100
1992,I15820,1600,1200,1350,303.92,45,0,n,100
5227,I42069,1200,1000,930,413.58,45,2,n,100
2974,I23817,1600,1200,930,547.3,45,0,n,100
1045,I08150,1600,1200,975,460.0,45,0,n,100
4676,I37806,1200,1000,975,329.77,45,2,n,100
4875,I39111,1600,1200,930,356.56,45,0,n,100
2620,I21348,1600,1200,1350,303.92,45,0,n,100
809,I06260,2000,1200,2350,367.608,45,22,n,100
2081,I16556,1800,1400,1020,303.45,45,11,n,100
944,I07263,1600,1200,930,551.56,45,0,n,100
1164,I09279,1600,1200,1350,303.92,45,0,n,100
3798,I30787,1200,1000,545,526.75,45,2,n,100
4052,I33259,1200,1000,975,652.0,45,2,n,100
4307,I35145,1200,1000,930,413.58,45,2,n,100
5956,I47892,1200,1000,750,431.704,45,2,n,100
6154,I49583,1600,1200,930,607.6,45,0,n,100
279,I02014,1600,1200,975,611.224,45,0,n,100
1855,I14643,1200,1000,975,337.45,45,2,n,100
1056,I08352,1600,1200,930,607.6,45,0,n,100
3227,I26386,1600,1200,930,663.22,45,0,n,100
4425,I36190,1200,1000,545,690.5,45,2,n,100
4078,I33429,1900,1200,750,845.38,45,6,n,100
5625,I45329,1600,1200,930,358.48,45,0,n,100
4158,I34105,1200,1000,930,413.58,45,2,n,100
5094,I40915,2000,1200,2350,367.608,45,22,n,100
5115,I41036,1600,1200,930,547.3,45,0,n,100
915,I07004,1600,1200,930,607.6,45,0,n,100
5139,I41193,1800,1400,1020,303.45,45,11,n,100
4182,I34269,1600,1200,750,582.6,45,0,n,100
3497,I28470,1910,1200,1295,613.59,45,19,n,100
4262,I34762,1600,1200,930,370.78,45,0,n,100
234,I01926,1600,1200,930,607.6,45,0,n,100
1488,I11952,1200,1000,545,526.75,45,2,n,100
2109,I16730,1800,1400,1020,303.45,45,11,n,100
274,I02008,1910,1200,1295,613.59,45,19,n,100
4125,I33856,1800,1400,1020,303.45,45,11,n,100
2981,I23853,1200,1000,975,329.77,45,2,n,100
5907,I47672,1600,1200,930,663.22,45,0,n,100
3387,I27548,1600,1200,930,307.13,45,0,n,100
1048,I08191,1200,1000,975,329.77,45,2,n,100
4437,I36261,1600,1200,930,438.4,45,0,n,100
3561,I28904,1600,1200,930,356.2,45,0,n,100
3630,I29364,1600,1200,930,438.4,45,0,n,100
1147,I09124,1600,1200,930,784.6,45,0,n,100
3262,I26599,1600,1200,930,547.3,45,0,n,100
2088,I16563,1800,1400,1020,303.45,45,11,n,100
5752,I46069,1600,1200,930,547.3,45,0,n,100
3664,I29596,1600,1200,930,547.3,45,0,n,100
5684,I45674,1800,1200,1350,820.48,45,9,n,100
902,I06827,1910,1200,1295,613.59,45,19,n,100
6048,I48589,1600,1200,930,547.3,45,0,n,100
378,I02812,1800,1400,1020,303.45,45,11,n,100
3892,I31637,1600,1200,930,663.22,45,0,n,100
1803,I14123,1600,1200,930,356.56,45,0,n,100
1323,I10549,1800,1400,1020,303.45,45,11,n,100
1003,I07776,1200,1000,930,413.58,45,2,n,100
3632,I29366,1600,1200,930,438.4,45,0,n,100
2967,I23764,1800,1400,1020,303.45,45,11,n,100
2915,I23401,1200,1000,645,330.5,0,1,n,100
1102,I08796,1600,1200,930,551.56,45,0,n,100
1645,I12982,1200,1000,930,413.58,45,2,n,100
1505,I12102,1200,1000,545,729.5,45,2,n,100
5530,I44564,1200,1000,750,305.32,45,2,n,100
176,I01462,1200,1000,750,351.944,45,2,n,100
2047,I16283,1200,1000,930,345.29,45,2,n,100
4802,I38656,1800,1400,1020,303.45,45,11,n,100
4113,I33672,1600,1200,930,370.78,45,0,n,100
1044,I08149,1600,1200,975,460.0,45,0,n,100
6130,I49214,1800,1400,1020,303.45,45,11,n,100
5660,I45542,1600,1200,930,364.84,45,0,n,100
70,I00683,1200,1000,930,347.0,45,2,n,100
4351,I35598,1600,1200,930,364.84,45,0,n,100
935,I07114,1600,1200,930,370.78,45,0,n,100
3336,I27108,1600,1200,975,460.0,45,0,n,100
5505,I44383,1200,1000,975,329.77,45,2,n,100
5454,I43867,1600,1200,1350,303.92,45,0,n,100
438,I03306,1200,1000,750,405.72,45,2,n,100
1085,I08543,1600,1200,930,370.78,45,0,n,100
4552,I36982,1800,1400,1020,303.45,45,11,n,100
2582,I20997,1600,1200,930,830.32,45,0,n,100
1383,I11107,1200,1000,975,329.77,45,2,n,100
6264,I50520,1600,1200,1350,303.92,45,0,n,100
4990,I39912,1800,1200,1350,820.48,45,9,n,100
459,I03519,1200,1000,930,338.9,45,2,n,100
1377,I11092,1200,1000,975,329.77,45,2,n,100
6029,I48492,1600,1200,930,307.13,45,0,n,100
2678,I21705,2000,1200,545,408.88,45,5,n,100
4101,I33600,1600,1200,930,313.0,45,0,n,100
3766,I30406,1600,1200,930,663.22,45,0,n,100
6240,I50275,1200,1000,975,329.77,45,2,n,100
563,I04285,1600,1200,930,356.2,45,0,n,100
1418,I11417,1600,1200,930,370.78,45,0,n,100
1322,I10548,1800,1400,1020,303.45,45,11,n,100
3485,I28458,1910,1200,1295,613.59,45,19,n,100
1569,I12508,1200,1000,750,351.944,45,2,n,100
3779,I30596,1600,1200,930,356.2,45,0,n,100
1462,I11812,1200,1000,975,329.77,45,2,n,100
533,I04007,1200,1000,975,329.77,45,2,n,100
3327,I27056,1600,1200,930,356.2,45,0,n,100
713,I05350,1800,1400,1020,303.45,45,11,n,100
2616,I21318,1600,1200,930,356.2,45,0,n,100
2232,I17935,2000,1200,545,408.88,45,5,n,100
1995,I15823,1600,1200,1350,303.92,45,0,n,100
1357,I10913,1800,1400,1020,303.45,45,11,n,100
2918,I23431,1600,1200,1350,303.92,45,0,n,100
2976,I23819,1600,1200,930,547.3,45,0,n,100
4290,I35057,1600,1200,930,358.48,45,0,n,100
4231,I34618,1910,1200,1295,613.59,45,19,n,100
896,I06821,1910,1200,1295,613.59,45,19,n,100
1537,I12334,1800,1400,1020,303.45,45,11,n,100
5969,I47974,1800,1400,1020,303.45,45,11,n,100
1324,I10550,1800,1400,1020,303.45,45,11,n,100
4314,I35176,1600,1200,750,582.6,45,0,n,100
1393,I11209,1600,1200,930,396.2,45,0,n,100
2833,I22818,1600,1200,930,356.2,45,0,n,100
6198,I49786,1600,1200,1350,303.92,45,0,n,100
1095,I08771,1600,1200,930,358.48,45,0,n,100
1885,I14845,1600,1200,930,607.6,45,0,n,100
3152,I25600,1600,1200,750,323.7,45,0,n,100
688,I05054,1200,1000,930,340.0,45,2,n,100
2161,I17283,1600,1200,1350,303.92,45,0,n,100
4287,I35004,1600,1200,930,356.56,45,0,n,100
5605,I45164,1600,1200,930,356.2,45,0,n,100
1739,I13605,1910,1200,1295,613.59,45,19,n,100
3167,I25793,1800,1400,1020,303.45,45,11,n,100
5730,I45931,1600,1200,750,323.7,45,0,n,100
681,I04956,1800,1400,1020,303.45,45,11,n,100
1630,I12815,1600,1200,930,663.22,45,0,n,100
2207,I17687,1200,1000,750,405.72,45,2,n,100
3896,I31690,1600,1200,930,358.48,45,0,n,100
6121,I49069,1600,1200,930,356.56,45,0,n,100
3239,I26504,2000,1200,545,408.88,45,5,n,100
5100,I40921,2000,1200,2350,367.608,45,22,n,100
2988,I24024,1200,1000,545,690.5,45,2,n,100
828,I06377,1800,1400,1020,303.45,45,11,n,100
44,I00403,1600,1200,930,547.3,45,0,n,100
496,I03719,1800,1400,1020,303.45,45,11,n,100
1252,I10154,1200,1000,930,340.0,45,2,n,100
5593,I45013,1800,1400,1020,303.45,45,11,n,100
5169,I41428,1200,1000,930,617.24,45,2,n,100
2242,I17995,1600,1200,930,309.5,45,0,n,100
1640,I12896,1200,1000,975,329.77,45,2,n,100
6222,I50126,1600,1200,930,358.48,45,0,n,100
1420,I11419,1200,1000,750,431.704,45,2,n,100
5595,I45015,1800,1400,1020,303.45,45,11,n,100
3373,I27403,1600,1200,750,323.7,45,0,n,100
3778,I30595,1600,1200,930,356.2,45,0,n,100
5788,I46390,1200,1000,975,329.77,45,2,n,100
1553,I12422,1600,1200,930,547.3,45,0,n,100
870,I06773,1200,1000,930,340.0,45,2,n,100
1464,I11814,1600,1200,545,338.52,45,0,n,100
4801,I38655,1800,1400,1020,303.45,45,11,n,100
1218,I09835,1600,1200,930,356.56,45,0,n,100
4712,I38072,1200,1000,930,340.0,45,2,n,100
69,I00682,1200,1000,545,526.75,45,2,n,100
2566,I20912,1200,1000,750,318.7,45,2,n,100
4059,I33298,1600,1200,750,582.6,45,0,n,100
3049,I24624,1200,1000,930,413.58,45,2,n,100
6034,I48526,1800,1400,1020,303.45,45,11,n,100
1110,I08868,1800,1400,1020,303.45,45,11,n,100
3599,I29116,2000,1200,2350,367.608,45,22,n,100
5310,I42822,1600,1200,750,582.6,45,0,n,100
1549,I12417,1900,1200,750,713.62,45,6,n,100
5803,I46566,1600,1200,930,307.13,45,0,n,100
4897,I39292,1600,1200,930,663.22,45,0,n,100
4451,I36370,1600,1200,930,551.56,45,0,n,100
2666,I21569,1600,1200,930,370.78,45,0,n,100
6197,I49785,1600,1200,1350,303.92,45,0,n,100
2506,I20305,1200,1000,930,413.58,45,2,n,100
1023,I07960,1200,1000,930,319.1,45,2,n,100
3875,I31521,1800,1400,1020,303.45,45,11,n,100
1859,I14670,1200,1000,750,351.944,45,2,n,100
3829,I31040,1200,1000,975,401.2,45,2,n,100
5726,I45927,1600,1200,930,551.56,45,0,n,100
2400,I19215,1600,1200,930,396.2,45,0,n,100
1475,I11862,1200,1000,750,351.756,45,2,n,100
4810,I38719,2000,1200,2350,367.608,45,22,n,100
1816,I14246,1200,1000,930,347.0,45,2,n,100
3162,I25788,1800,1400,1020,303.45,45,11,n,100
3821,I31002,1800,1400,1020,303.45,45,11,n,100
6135,I49244,1200,1000,975,337.45,45,2,n,100
1128,I08985,2000,1200,2350,367.608,45,22,n,100
4247,I34634,1910,1200,1295,613.59,45,19,n,100
6221,I50091,1600,1200,930,387.3,45,0,n,100
5131,I41185,1800,1400,1020,303.45,45,11,n,100
469,I03575,1600,1200,930,396.2,45,0,n,100
3334,I27106,1600,1200,930,307.13,45,0,n,100
2545,I20693,1600,1200,930,607.6,45,0,n,100
6097,I48906,1910,1200,1295,613.59,45,19,n,100
804,I06255,2000,1200,2350,367.608,45,22,n,100
1727,I13593,1910,1200,1295,613.59,45,19,n,100
986,I07627,1200,1000,930,704.36,45,2,n,100
440,I03326,1200,1000,930,319.1,45,2,n,100
2738,I22017,1600,1200,545,338.52,45,0,n,100
1244,I10087,1600,1200,750,323.7,45,0,n,100
372,I02698,1600,1200,930,356.2,45,0,n,100
2026,I16156,1600,1200,1350,303.92,45,0,n,100
6069,I48848,1600,1200,1350,303.92,45,0,n,100
59,I00517,1200,1000,975,329.77,45,2,n,100
4162,I34111,1600,1200,930,358.48,45,0,n,100
3973,I32524,2000,1200,2350,367.608,45,22,n,100
135,I01132,1600,1200,750,582.6,45,0,n,100
3939,I32156,1600,1200,930,663.22,45,0,n,100
1961,I15470,1600,1200,930,663.22,45,0,n,100
5051,I40385,1600,1200,930,438.4,45,0,n,100
1192,I09565,1200,1000,975,401.2,45,2,n,100
1205,I09677,1200,1000,1155,366.75,0,1,n,100
5958,I47905,1600,1200,930,356.2,45,0,n,100
4091,I33496,1600,1200,930,356.56,45,0,n,100
3957,I32423,1200,1000,930,340.0,45,2,n,100
3512,I28485,1910,1200,1295,613.59,45,19,n,100
1436,I11495,1200,1000,930,704.12,45,2,n,100
4840,I38842,1600,1200,930,364.84,45,0,n,100
4668,I37756,1600,1200,930,356.2,45,0,n,100
897,I06822,1910,1200,1295,613.59,45,19,n,100
4824,I38785,2000,1200,545,408.88,45,5,n,100
6106,I48915,1600,1200,930,307.13,45,0,n,100
1509,I12140,1800,1400,1020,303.45,45,11,n,100
1443,I11570,1200,1000,930,340.0,45,2,n,100
181,I01559,1600,1200,930,356.2,45,0,n,100
4274,I34863,1600,1200,1350,303.92,45,0,n,100
999,I07747,1600,1200,930,830.32,45,0,n,100
5668,I45563,1600,1200,930,607.6,45,0,n,100
514,I03880,1600,1200,930,784.6,45,0,n,100
5515,I44446,1200,1000,975,329.77,45,2,n,100
412,I03187,1600,1200,930,307.13,45,0,n,100
5543,I44712,1200,1000,975,329.77,45,2,n,100
4369,I35733,1600,1200,930,309.5,45,0,n,100
1609,I12670,1200,1000,930,414.14,45,2,n,100
1281,I10252,1600,1200,930,454.873,45,0,n,100
2569,I20925,1600,1200,545,338.16,45,0,n,100
3020,I24197,1200,1000,975,329.77,45,2,n,100
1583,I12561,1600,1200,1350,303.92,45,0,n,100
2493,I20234,1200,1000,930,704.36,45,2,n,100
1984,I15764,1600,1200,930,356.2,45,0,n,100
6078,I48887,1910,1200,1295,613.59,45,19,n,100
4643,I37497,1600,1200,930,547.3,45,0,n,100
1028,I08028,1200,1000,930,414.14,45,2,n,100
6061,I48757,1600,1200,930,307.13,45,0,n,100
1001,I07749,1600,1200,930,607.6,45,0,n,100
2899,I23252,1800,1400,1020,303.45,45,11,n,100
2061,I16365,1600,1200,930,356.2,45,0,n,100
2621,I21349,1600,1200,1350,303.92,45,0,n,100
5526,I44531,1600,1200,930,607.6,45,0,n,100
1527,I12174,1600,1200,930,356.2,45,0,n,100
4165,I34158,1600,1200,975,391.432,45,0,n,100
2000,I15833,1200,1000,975,329.77,45,2,n,100
886,I06811,1910,1200,1295,613.59,45,19,n,100
2389,I19167,1600,1200,1350,303.92,45,0,n,100
4228,I34615,1910,1200,1295,613.59,45,19,n,100
5744,I46049,1800,1200,1350,820.48,45,9,n,100
3725,I29977,1600,1200,1350,303.92,45,0,n,100
51,I00456,1600,1200,930,307.13,45,0,n,100
4366,I35726,2000,1200,545,408.88,45,5,n,100
1999,I15832,1200,1000,975,329.77,45,2,n,100
194,I01698,1200,1000,975,329.77,45,2,n,100
920,I07043,1900,1200,750,845.38,45,6,n,100
2295,I18238,1600,1200,930,551.56,45,0,n,100
1002,I07750,1600,1200,930,607.6,45,0,n,100
4074,I33425,1200,1000,930,414.14,45,2,n,100
5158,I41303,1200,1000,930,413.58,45,2,n,100
3869,I31439,1200,1000,545,526.75,45,2,n,100
2443,I19810,1600,1200,930,309.5,45,0,n,100
6178,I49716,1910,1200,1295,613.59,45,19,n,100
2882,I23039,1200,1000,930,340.1,45,2,n,100
2112,I16733,1800,1400,1020,303.45,45,11,n,100
832,I06381,1800,1400,1020,303.45,45,11,n,100
3433,I27995,1800,1400,1020,303.45,45,11,n,100
4759,I38317,1600,1200,930,551.56,45,0,n,100
1037,I08092,1600,1200,750,323.7,45,0,n,100
3831,I31059,1600,1200,975,460.0,45,0,n,100
5482,I44221,1600,1200,930,307.13,45,0,n,100
5422,I43594,1600,1200,930,356.2,45,0,n,100
1861,I14672,1200,1000,975,329.77,45,2,n,100
2947,I23605,1200,1000,975,401.2,45,2,n,100
493,I03716,1800,1400,1020,303.45,45,11,n,100
6149,I49361,2000,1200,545,408.88,45,5,n,100
182,I01560,1600,1200,930,356.2,45,0,n,100
1105,I08843,1200,1000,975,329.77,45,2,n,100
4878,I39157,1200,1000,750,318.7,45,2,n,100
2890,I23211,1200,1000,930,614.16,45,2,n,100
3877,I31523,1800,1400,1020,303.45,45,11,n,100
1036,I08091,1600,1200,930,307.13,45,0,n,100
2595,I21150,1600,1200,930,454.873,45,0,n,100
741,I05622,2000,1200,545,408.88,45,5,n,100
4391,I35836,1600,1200,930,663.22,45,0,n,100
677,I04952,1200,1000,975,652.0,45,2,n,100
2816,I22718,1200,1000,975,329.77,45,2,n,100
4235,I34622,1910,1200,1295,613.59,45,19,n,100
2965,I23762,1800,1400,1020,303.45,45,11,n,100
2413,I19509,1200,1000,930,704.36,45,2,n,100
4067,I33358,1800,1400,1020,303.45,45,11,n,100
5347,I43046,1600,1200,930,387.3,45,0,n,100
1228,I10007,1600,1200,545,338.16,45,0,n,100
2291,I18222,1600,1200,930,307.13,45,0,n,100
3634,I29368,1600,1200,930,438.4,45,0,n,100
4393,I35844,1600,1200,930,309.5,45,0,n,100
5577,I44956,1600,1200,930,438.4,45,0,n,100
323,I02409,1600,1200,545,338.52,45,0,n,100
3123,I25307,1600,1200,975,460.0,45,0,n,100
2853,I22934,1600,1200,930,663.22,45,0,n,100
225,I01834,1800,1400,1020,303.45,45,11,n,100
948,I07287,1200,1000,750,431.704,45,2,n,100
2138,I17105,1800,1200,1350,820.48,45,9,n,100
1248,I10116,1600,1200,1350,303.92,45,0,n,100
57,I00515,1200,1000,975,329.77,45,2,n,100
3736,I30095,1600,1200,930,313.0,45,0,n,100
6148,I49351,1200,1000,930,614.16,45,2,n,100
582,I04471,1600,1200,930,784.6,45,0,n,100
5114,I41035,1600,1200,930,547.3,45,0,n,100
4611,I37314,1600,1200,1350,303.92,45,0,n,100
2752,I22123,1200,1000,930,704.12,45,2,n,100
1523,I12166,1600,1200,1350,303.92,45,0,n,100
3264,I26641,1200,1000,930,614.16,45,2,n,100
5596,I45016,1800,1400,1020,303.45,45,11,n,100
3451,I28130,1200,1000,975,329.77,45,2,n,100
5902,I47621,1200,1000,975,337.45,45,2,n,100
141,I01240,1200,1000,975,329.77,45,2,n,100
5715,I45885,1600,1200,1350,303.92,45,0,n,100
2651,I21498,1910,1200,1295,613.59,45,19,n,100
2233,I17936,2000,1200,545,408.88,45,5,n,100
5873,I47342,1600,1200,930,356.2,45,0,n,100
1600,I12612,1600,1200,750,323.7,45,0,n,100
1918,I15065,1600,1200,930,387.3,45,0,n,100
3566,I28991,1600,1200,975,460.0,45,0,n,100
5797,I46513,1200,1000,930,414.14,45,2,n,100
4649,I37507,1600,1200,930,356.2,45,0,n,100
2835,I22853,1600,1200,930,356.2,45,0,n,100
696,I05285,1200,1000,930,340.1,45,2,n,100
679,I04954,1200,1000,545,690.5,45,2,n,100
317,I02283,1900,1200,750,845.38,45,6,n,100
4796,I38650,1800,1400,1020,303.45,45,11,n,100
919,I07042,1600,1200,930,370.78,45,0,n,100
4716,I38078,1200,1000,975,329.77,45,2,n,100
693,I05174,1600,1200,930,663.22,45,0,n,100
5206,I41890,1200,1000,1155,375.0,0,1,n,100
3348,I27239,1200,1000,545,690.5,45,2,n,100
3257,I26594,1600,1200,930,547.3,45,0,n,100
3101,I25165,1600,1200,930,358.48,45,0,n,100
5077,I40602,1600,1200,930,784.6,45,0,n,100
982,I07608,1200,1000,975,329.77,45,2,n,100
3468,I28421,1800,1400,1020,303.45,45,11,n,100
873,I06777,1600,1200,930,830.32,45,0,n,100
1530,I12280,2000,1200,545,408.88,45,5,n,100
5897,I47587,1600,1200,930,307.13,45,0,n,100
4415,I36016,1600,1200,930,356.2,45,0,n,100
1811,I14221,1600,1200,1350,303.92,45,0,n,100
4736,I38202,1600,1200,930,438.4,45,0,n,100
893,I06818,1910,1200,1295,613.59,45,19,n,100
401,I02916,1600,1200,975,460.0,45,0,n,100
4794,I38556,1200,1000,975,329.77,45,2,n,100
3349,I27254,1600,1200,930,781.25,45,0,n,100
3982,I32579,1600,1200,930,784.6,45,0,n,100
4491,I36671,1600,1200,930,547.3,45,0,n,100
2095,I16674,1600,1200,930,313.0,45,0,n,100
3702,I29746,1600,1200,975,808.3,45,0,n,100
2247,I18125,1800,1200,1350,820.48,45,9,n,100
4601,I37277,1600,1200,1350,303.92,45,0,n,100
5878,I47368,1800,1200,1350,820.48,45,9,n,100
2998,I24057,1600,1200,930,781.25,45,0,n,100
2122,I16934,1600,1200,750,323.7,45,0,n,100
6207,I49975,2000,1200,545,408.88,45,5,n,100
447,I03397,2000,1200,545,408.88,45,5,n,100
4506,I36706,1200,1000,930,345.29,45,2,n,100
6199,I49838,1600,1200,975,611.224,45,0,n,100
4093,I33567,1600,1200,1350,303.92,45,0,n,100
5473,I44153,1600,1200,750,582.6,45,0,n,100
264,I01998,1910,1200,1295,613.59,45,19,n,100
4788,I38512,1200,1000,750,405.72,45,2,n,100
1027,I08027,1200,1000,930,414.14,45,2,n,100
2406,I19302,1800,1400,1020,303.45,45,11,n,100
3558,I28818,1600,1200,930,356.56,45,0,n,100
975,I07484,1200,1000,930,414.14,45,2,n,100
1730,I13596,1910,1200,1295,613.59,45,19,n,100
2399,I19214,1600,1200,930,396.2,45,0,n,100
4818,I38754,1600,1200,930,784.6,45,0,n,100
2357,I18825,1600,1200,930,307.13,45,0,n,100
2156,I17201,1600,1200,975,460.0,45,0,n,100
586,I04493,1200,1000,975,329.77,45,2,n,100
637,I04774,1800,1400,1020,303.45,45,11,n,100
321,I02336,1200,1000,930,414.14,45,2,n,100
220,I01766,1600,1200,930,784.6,45,0,n,100
3061,I24741,1600,1200,930,356.2,45,0,n,100
6247,I50413,1200,1000,975,329.77,45,2,n,100
3193,I26018,1200,1000,930,345.29,45,2,n,100
2647,I21494,1910,1200,1295,613.59,45,19,n,100
154,I01318,1600,1200,750,582.6,45,0,n,100
2333,I18623,1600,1200,750,582.6,45,0,n,100
6151,I49445,1200,1000,930,704.36,45,2,n,100
4297,I35115,1800,1400,1020,303.45,45,11,n,100
4664,I37725,1200,1000,750,318.7,45,2,n,100
4250,I34660,1600,1200,930,396.2,45,0,n,100
4938,I39695,1200,1000,975,329.77,45,2,n,100
5568,I44817,1600,1200,975,808.3,45,0,n,100
1387,I11111,1200,1000,975,329.77,45,2,n,100
1909,I14970,1800,1200,1350,820.48,45,9,n,100
6143,I49337,1600,1200,930,551.56,45,0,n,100
5591,I45011,1800,1400,1020,303.45,45,11,n,100
275,I02009,1910,1200,1295,613.59,45,19,n,100
6177,I49715,1910,1200,1295,613.59,45,19,n,100
3435,I27997,1800,1400,1020,303.45,45,11,n,100
1300,I10448,1800,1400,1020,303.45,45,11,n,100
61,I00539,1600,1200,930,356.56,45,0,n,100
1825,I14383,1600,1200,930,546.3,45,0,n,100
4866,I38961,1600,1200,930,663.22,45,0,n,100
3260,I26597,1600,1200,930,547.3,45,0,n,100
752,I05782,1600,1200,1350,303.92,45,0,n,100
5537,I44663,1600,1200,1350,303.92,45,0,n,100
1738,I13604,1910,1200,1295,613.59,45,19,n,100
4933,I39689,1600,1200,930,313.0,45,0,n,100
2458,I19917,1600,1200,930,370.78,45,0,n,100
2416,I19512,1600,1200,930,307.13,45,0,n,100
4130,I33861,1600,1200,975,460.0,45,0,n,100
4786,I38472,1200,1000,930,340.1,45,2,n,100
4358,I35655,1600,1200,930,356.2,45,0,n,100
2860,I22954,1600,1200,545,338.16,45,0,n,100
4571,I37202,1200,1000,750,431.704,45,2,n,100
2795,I22399,1600,1200,930,358.48,45,0,n,100
1820,I14311,1200,1000,930,414.14,45,2,n,100
3080,I24841,1200,1000,930,704.12,45,2,n,100
2339,I18643,1200,1000,930,319.1,45,2,n,100
4071,I33363,1600,1200,545,338.16,45,0,n,100
665,I04873,1600,1200,930,356.2,45,0,n,100
2204,I17591,1600,1200,930,356.56,45,0,n,100
1991,I15819,1600,1200,1350,303.92,45,0,n,100
4453,I36372,1600,1200,930,551.56,45,0,n,100
5178,I41565,1200,1000,975,401.2,45,2,n,100
3914,I31860,1600,1200,975,611.224,45,0,n,100
1752,I13662,1800,1400,1020,303.45,45,11,n,100
1873,I14725,2400,1200,1490,340.5,45,24,n,5
5912,I47695,1600,1200,930,307.13,45,0,n,100
5995,I48191,1600,1200,930,663.22,45,0,n,100
2503,I20300,1600,1200,930,307.13,45,0,n,100
1724,I13590,1910,1200,1295,613.59,45,19,n,100
2140,I17139,1200,1000,930,340.1,45,2,n,100
2245,I18079,1600,1200,930,551.56,45,0,n,100
949,I07298,1800,1200,1350,820.48,45,9,n,100
2735,I22014,1800,1400,1020,303.45,45,11,n,100
5050,I40384,1600,1200,930,438.4,45,0,n,100
5992,I48147,1200,1000,930,347.0,45,2,n,100
4633,I37441,2400,1200,1490,340.5,45,24,n,5
2742,I22052,1200,1000,975,336.7,45,2,n,100
5332,I42921,1200,1000,975,329.77,45,2,n,100
3032,I24365,1800,1200,1350,820.48,45,9,n,100
5084,I40764,1200,1000,930,340.0,45,2,n,100
520,I03892,1600,1200,930,356.2,45,0,n,100
2129,I17002,1600,1200,930,370.78,45,0,n,100
4368,I35730,1200,1000,1155,366.75,0,1,n,100
977,I07542,1200,1000,975,401.2,45,2,n,100
4467,I36437,1600,1200,750,323.7,45,0,n,100
3324,I27048,1200,1000,930,347.0,45,2,n,100
168,I01423,1200,1000,750,431.704,45,2,n,100
1766,I13763,1600,1200,930,356.2,45,0,n,100
4352,I35599,1600,1200,930,364.84,45,0,n,100
3421,I27949,1600,1200,930,663.22,45,0,n,100
3228,I26387,1600,1200,930,663.22,45,0,n,100
4039,I33055,1600,1200,930,547.3,45,0,n,100
3994,I32705,1600,1200,930,396.2,45,0,n,100
2071,I16498,1600,1200,930,356.2,45,0,n,100
513,I03879,1600,1200,930,551.56,45,0,n,100
1071,I08381,1600,1200,930,607.6,45,0,n,100
5277,I42517,1200,1000,545,526.75,45,2,n,100
102,I00992,1200,1000,975,329.77,45,2,n,100
2051,I16344,2000,1200,545,408.88,45,5,n,100
3302,I26851,1600,1200,930,438.4,45,0,n,100
6018,I48470,1600,1200,930,547.3,45,0,n,100
1133,I09084,1800,1400,1020,303.45,45,11,n,100
2116,I16803,1600,1200,930,364.84,45,0,n,100
1223,I09927,1600,1200,930,607.6,45,0,n,100
2225,I17859,1600,1200,750,323.7,45,0,n,100
978,I07543,1200,1000,975,401.2,45,2,n,100
2157,I17217,1800,1400,1020,303.45,45,11,n,100
165,I01399,1200,1000,975,329.77,45,2,n,100
1791,I14027,1600,1200,930,309.5,45,0,n,100
3838,I31102,1600,1200,930,310.76,45,0,n,100
3286,I26758,1600,1200,975,808.3,45,0,n,100
5314,I42838,1200,1000,930,704.12,45,2,n,100
1822,I14324,1200,1000,930,345.29,45,2,n,100
715,I05355,1600,1200,750,323.7,45,0,n,100
5647,I45431,2000,1200,2350,367.608,45,22,n,100
1668,I13186,1800,1400,1020,303.45,45,11,n,100
1114,I08913,1600,1200,930,356.56,45,0,n,100
5048,I40382,2000,1200,545,408.88,45,5,n,100
1349,I10879,1200,1000,975,329.77,45,2,n,100
5122,I41068,1600,1200,930,370.78,45,0,n,100
2583,I21016,1600,1200,930,781.25,45,0,n,100
1924,I15186,1600,1200,930,307.13,45,0,n,100
2910,I23355,1600,1200,930,356.2,45,0,n,100
3273,I26664,1910,1200,1295,613.59,45,19,n,100
836,I06434,1200,1000,930,340.1,45,2,n,100
1853,I14621,1600,1200,930,356.56,45,0,n,100
1610,I12671,1200,1000,930,414.14,45,2,n,100
4836,I38807,1600,1200,1350,303.92,45,0,n,100
5851,I46945,1600,1200,930,663.22,45,0,n,100
4195,I34353,1600,1200,930,364.84,45,0,n,100
4176,I34230,1200,1000,975,329.77,45,2,n,100
1057,I08353,1600,1200,930,607.6,45,0,n,100
1511,I12142,1800,1400,1020,303.45,45,11,n,100
5297,I42761,1600,1200,930,356.2,45,0,n,100
91,I00825,1800,1400,1020,303.45,45,11,n,100
3645,I29496,1600,1200,930,356.56,45,0,n,100
4908,I39463,1600,1200,930,663.22,45,0,n,100
3834,I31065,1600,1200,930,607.6,45,0,n,100
1642,I12979,1600,1200,930,370.78,45,0,n,100
6094,I48903,1910,1200,1295,613.59,45,19,n,100
4889,I39262,1600,1200,930,551.56,45,0,n,100
4435,I36259,1600,1200,930,438.4,45,0,n,100
205,I01735,1600,1200,930,663.22,45,0,n,100
5914,I47740,1200,1000,930,347.0,45,2,n,100
3252,I26559,1200,1000,975,384.74,45,2,n,100
2191,I17442,1600,1200,930,307.13,45,0,n,100
5525,I44510,1600,1200,930,356.2,45,0,n,100
619,I04669,1800,1400,1020,303.45,45,11,n,100
4635,I37443,1600,1200,930,358.48,45,0,n,100
1956,I15451,1200,1000,930,413.58,45,2,n,100
927,I07082,1200,1000,975,337.45,45,2,n,100
783,I06081,1800,1400,1020,303.45,45,11,n,100
2573,I20936,1200,1000,930,704.36,45,2,n,100
2135,I17025,1200,1000,545,729.5,45,2,n,100
313,I02248,1600,1200,975,611.224,45,0,n,100
625,I04720,1600,1200,930,784.6,45,0,n,100
1526,I12173,1600,1200,930,356.2,45,0,n,100
2422,I19550,1600,1200,930,307.13,45,0,n,100
4958,I39801,1200,1000,975,329.77,45,2,n,100
5540,I44675,1600,1200,930,607.6,45,0,n,100
4450,I36369,1200,1000,1155,366.75,0,1,n,100
2950,I23688,1800,1400,1020,303.45,45,11,n,100
1247,I10115,1600,1200,1350,303.92,45,0,n,100
2265,I18185,1910,1200,1295,613.59,45,19,n,100
4662,I37691,1200,1000,645,330.5,0,1,n,100
4454,I36373,1600,1200,930,551.56,45,0,n,100
2856,I22945,1600,1200,930,547.3,45,0,n,100
2684,I21734,1600,1200,1350,303.92,45,0,n,100
6073,I48853,2000,1200,545,408.88,45,5,n,100
2849,I22930,1800,1400,1020,303.45,45,11,n,100
755,I05798,1600,1200,930,356.56,45,0,n,100
110,I01013,1600,1200,930,356.2,45,0,n,100
4349,I35593,1600,1200,930,551.56,45,0,n,100
1944,I15368,1600,1200,930,607.6,45,0,n,100
5382,I43188,1600,1200,1350,303.92,45,0,n,100
521,I03913,1200,1000,545,729.5,45,2,n,100
444,I03364,1600,1200,930,663.22,45,0,n,100
1458,I11712,1600,1200,930,358.48,45,0,n,100
6022,I48474,1600,1200,930,547.3,45,0,n,100
3062,I24742,1600,1200,930,356.2,45,0,n,100
1168,I09321,1600,1200,930,356.2,45,0,n,100
5416,I43570,1600,1200,930,307.13,45,0,n,100
4473,I36543,1600,1200,930,370.78,45,0,n,100
3519,I28501,1600,1200,1350,303.92,45,0,n,100
4783,I38467,1200,1000,750,318.7,45,2,n,100
1198,I09617,1600,1200,930,356.2,45,0,n,100
3980,I32577,1200,1000,930,347.0,45,2,n,100
4941,I39698,1600,1200,930,310.76,45,0,n,100
3230,I26410,1600,1200,930,356.2,45,0,n,100
280,I02049,1200,1000,930,413.58,45,2,n,100
3573,I29024,1600,1200,1350,303.92,45,0,n,100
291,I02078,1600,1200,930,356.56,45,0,n,100
1366,I10951,1600,1200,750,323.7,45,0,n,100
