,id_item,length,width,height,weight,nesting_height,stackability_code,forced_orientation,max_stackability
3944,I3944,1500,800,800,1429.0,110,0,n,4
3379,I3379,1500,1000,800,1356.0,110,1,n,4
4457,I4457,1500,800,800,1069.0,110,0,n,4
3188,I3188,1500,1000,800,1175.0,110,1,n,4
2734,I2734,1500,800,800,1218.0,110,0,n,4
1136,I1136,1500,1000,800,1045.0,110,1,n,4
1615,I1615,1500,800,800,1127.0,110,0,n,4
1299,I1299,1500,1000,800,1072.0,110,1,n,4
1348,I1348,1500,800,800,1368.0,110,0,n,4
3651,I3651,1500,1000,800,1069.0,110,1,n,4
2604,I2604,1500,800,800,0.0,110,0,n,4
1101,I1101,1500,1000,800,0.0,110,1,n,4
2159,I2159,1500,800,800,0.0,110,0,n,4
1577,I1577,1500,1000,800,1071.0,110,1,n,4
2487,I2487,1500,800,800,809.0,110,0,n,4
3986,I3986,1500,1000,800,1092.0,110,1,n,4
369,I0369,1500,800,800,961.0,110,0,n,4
4613,I4613,1500,800,800,0.0,110,0,n,4
4057,I4057,1500,800,800,1102.0,110,0,n,4
4332,I4332,1500,800,800,967.0,110,0,n,4
4446,I4446,1500,1000,800,1456.0,110,1,n,4
1374,I1374,1500,800,800,1317.0,110,0,n,4
2699,I2699,1500,800,800,0.0,110,0,n,4
1147,I1147,1500,1000,800,0.0,110,1,n,4
1450,I1450,1500,800,800,1033.0,110,0,n,4
4119,I4119,1500,800,800,1144.0,110,0,n,4
2849,I2849,1500,1000,800,1416.0,110,1,n,4
2089,I2089,1500,800,800,814.0,110,0,n,4
4451,I4451,1500,1000,800,0.0,110,1,n,4
4499,I4499,1500,1000,800,1001.0,110,1,n,4
4859,I4859,1500,1000,800,1319.0,110,1,n,4
4043,I4043,1500,800,800,1033.0,110,0,n,4
1131,I1131,1500,1000,800,0.0,110,1,n,4
1396,I1396,1500,1000,800,0.0,110,1,n,4
4269,I4269,1500,1000,800,1409.0,110,1,n,4
3441,I3441,1500,800,800,1149.0,110,0,n,4
964,I0964,1500,800,800,1328.0,110,0,n,4
4464,I4464,1500,1000,800,1102.0,110,1,n,4
2037,I2037,1500,800,800,808.0,110,0,n,4
3797,I3797,1500,1000,800,1061.0,110,1,n,4
3414,I3414,1500,800,800,717.0,110,0,n,4
4803,I4803,1500,800,800,1407.0,110,0,n,4
2598,I2598,1500,1000,800,1106.0,110,1,n,4
334,I0334,1500,1000,800,0.0,110,1,n,4
1688,I1688,1500,1000,800,0.0,110,1,n,4
1102,I1102,1500,800,800,0.0,110,0,n,4
4222,I4222,1500,800,800,1189.0,110,0,n,4
933,I0933,1500,800,800,1548.0,110,0,n,4
2996,I2996,1500,1000,800,0.0,110,1,n,4
1554,I1554,1500,1000,800,1082.0,110,1,n,4
4904,I4904,1500,800,800,0.0,110,0,n,4
1445,I1445,1500,800,800,1462.0,110,0,n,4
1345,I1345,1500,1000,800,1046.0,110,1,n,4
1005,I1005,1500,800,800,0.0,110,0,n,4
3542,I3542,1500,1000,800,1128.0,110,1,n,4
1992,I1992,1500,800,800,0.0,110,0,n,4
3144,I3144,1500,1000,800,986.0,110,1,n,4
3276,I3276,1500,1000,800,1001.0,110,1,n,4
2454,I2454,1500,1000,800,963.0,110,1,n,4
969,I0969,1500,1000,800,1285.0,110,1,n,4
2648,I2648,1500,1000,800,1016.0,110,1,n,4
2512,I2512,1500,800,800,0.0,110,0,n,4
4923,I4923,1500,800,800,1000.0,110,0,n,4
2707,I2707,1500,800,800,1064.0,110,0,n,4
2714,I2714,1500,800,800,887.0,110,0,n,4
1890,I1890,1500,1000,800,0.0,110,1,n,4
2631,I2631,1500,1000,800,0.0,110,1,n,4
1040,I1040,1500,800,800,0.0,110,0,n,4
2867,I2867,1500,800,800,0.0,110,0,n,4
216,I0216,1500,800,800,0.0,110,0,n,4
4632,I4632,1500,1000,800,0.0,110,1,n,4
4302,I4302,1500,1000,800,950.0,110,1,n,4
3026,I3026,1500,1000,800,0.0,110,1,n,4
4681,I4681,1500,1000,800,977.0,110,1,n,4
2696,I2696,1500,800,800,0.0,110,0,n,4
3338,I3338,1500,800,800,689.0,110,0,n,4
1388,I1388,1500,800,800,0.0,110,0,n,4
4025,I4025,1500,800,800,1327.0,110,0,n,4
477,I0477,1500,800,800,944.0,110,0,n,4
2200,I2200,1500,1000,800,0.0,110,1,n,4
1191,I1191,1500,800,800,0.0,110,0,n,4
895,I0895,1500,1000,800,1018.0,110,1,n,4
2294,I2294,1500,1000,800,1384.0,110,1,n,4
1811,I1811,1500,800,800,0.0,110,0,n,4
3746,I3746,1500,1000,800,1212.0,110,1,n,4
2549,I2549,1500,800,800,0.0,110,0,n,4
3545,I3545,1500,1000,800,768.0,110,1,n,4
3633,I3633,1500,1000,800,966.0,110,1,n,4
224,I0224,1500,800,800,0.0,110,0,n,4
111,I0111,1500,800,800,0.0,110,0,n,4
4344,I4344,1500,1000,800,0.0,110,1,n,4
1476,I1476,1500,800,800,1143.0,110,0,n,4
4956,I4956,1500,1000,800,0.0,110,1,n,4
1654,I1654,1500,800,800,0.0,110,0,n,4
3091,I3091,1500,1000,800,644.0,110,1,n,4
3706,I3706,1500,800,800,1400.0,110,0,n,4
3119,I3119,1500,1000,800,1163.0,110,1,n,4
4407,I4407,1500,800,800,1009.0,110,0,n,4
1839,I1839,1500,1000,800,977.0,110,1,n,4
2953,I2953,1500,800,800,983.0,110,0,n,4
3128,I3128,1500,1000,800,1433.0,110,1,n,4
1830,I1830,1500,1000,800,705.0,110,1,n,4
1186,I1186,1500,800,800,1427.0,110,0,n,4
1649,I1649,1500,800,800,0.0,110,0,n,4
668,I0668,1500,800,800,961.0,110,0,n,4
2541,I2541,1500,800,800,960.0,110,0,n,4
4887,I4887,1500,800,800,1130.0,110,0,n,4
834,I0834,1500,800,800,0.0,110,0,n,4
3616,I3616,1500,1000,800,1089.0,110,1,n,4
3628,I3628,1500,1000,800,1207.0,110,1,n,4
239,I0239,1500,1000,800,1023.0,110,1,n,4
515,I0515,1500,1000,800,1056.0,110,1,n,4
874,I0874,1500,800,800,0.0,110,0,n,4
1508,I1508,1500,1000,800,1417.0,110,1,n,4
3692,I3692,1500,1000,800,1058.0,110,1,n,4
4577,I4577,1500,800,800,0.0,110,0,n,4
2051,I2051,1500,800,800,1436.0,110,0,n,4
3844,I3844,1500,800,800,795.0,110,0,n,4
1859,I1859,1500,1000,800,1346.0,110,1,n,4
2385,I2385,1500,800,800,0.0,110,0,n,4
1446,I1446,1500,1000,800,1133.0,110,1,n,4
144,I0144,1500,1000,800,0.0,110,1,n,4
2884,I2884,1500,1000,800,0.0,110,1,n,4
3571,I3571,1500,1000,800,1231.0,110,1,n,4
147,I0147,1500,1000,800,0.0,110,1,n,4
729,I0729,1500,800,800,1582.0,110,0,n,4
1135,I1135,1500,1000,800,1446.0,110,1,n,4
1954,I1954,1500,800,800,0.0,110,0,n,4
3805,I3805,1500,800,800,0.0,110,0,n,4
1985,I1985,1500,1000,800,0.0,110,1,n,4
2795,I2795,1500,800,800,1309.0,110,0,n,4
4719,I4719,1500,1000,800,0.0,110,1,n,4
1200,I1200,1500,800,800,1119.0,110,0,n,4
4366,I4366,1500,800,800,0.0,110,0,n,4
3968,I3968,1500,800,800,0.0,110,0,n,4
934,I0934,1500,1000,800,1180.0,110,1,n,4
316,I0316,1500,1000,800,1168.0,110,1,n,4
2783,I2783,1500,1000,800,1388.0,110,1,n,4
1365,I1365,1500,800,800,1001.0,110,0,n,4
3747,I3747,1500,800,800,0.0,110,0,n,4
4225,I4225,1500,1000,800,1429.0,110,1,n,4
1385,I1385,1500,1000,800,1232.0,110,1,n,4
2538,I2538,1500,800,800,0.0,110,0,n,4
2222,I2222,1500,1000,800,1450.0,110,1,n,4
4643,I4643,1500,800,800,0.0,110,0,n,4
4668,I4668,1500,1000,800,1071.0,110,1,n,4
3428,I3428,1500,1000,800,1475.0,110,1,n,4
4324,I4324,1500,800,800,1189.0,110,0,n,4
3300,I3300,1500,1000,800,0.0,110,1,n,4
578,I0578,1500,1000,800,1499.0,110,1,n,4
3142,I3142,1500,1000,800,958.0,110,1,n,4
4455,I4455,1500,1000,800,1208.0,110,1,n,4
4581,I4581,1500,800,800,0.0,110,0,n,4
677,I0677,1500,800,800,0.0,110,0,n,4
3459,I3459,1500,800,800,0.0,110,0,n,4
513,I0513,1500,800,800,0.0,110,0,n,4
4903,I4903,1500,1000,800,1440.0,110,1,n,4
990,I0990,1500,1000,800,1073.0,110,1,n,4
3396,I3396,1500,1000,800,0.0,110,1,n,4
1001,I1001,1500,800,800,1122.0,110,0,n,4
3668,I3668,1500,1000,800,1542.0,110,1,n,4
1619,I1619,1500,800,800,0.0,110,0,n,4
2819,I2819,1500,1000,800,985.0,110,1,n,4
3155,I3155,1500,1000,800,1424.0,110,1,n,4
1264,I1264,1500,800,800,0.0,110,0,n,4
279,I0279,1500,1000,800,0.0,110,1,n,4
4447,I4447,1500,1000,800,0.0,110,1,n,4
3756,I3756,1500,1000,800,882.0,110,1,n,4
4673,I4673,1500,1000,800,0.0,110,1,n,4
4063,I4063,1500,800,800,1158.0,110,0,n,4
3170,I3170,1500,800,800,1194.0,110,0,n,4
1572,I1572,1500,1000,800,0.0,110,1,n,4
2900,I2900,1500,800,800,0.0,110,0,n,4
4010,I4010,1500,800,800,0.0,110,0,n,4
2682,I2682,1500,1000,800,0.0,110,1,n,4
3773,I3773,1500,1000,800,1397.0,110,1,n,4
3654,I3654,1500,800,800,1161.0,110,0,n,4
3667,I3667,1500,1000,800,0.0,110,1,n,4
2282,I2282,1500,800,800,1249.0,110,0,n,4
1857,I1857,1500,1000,800,1221.0,110,1,n,4
4321,I4321,1500,1000,800,0.0,110,1,n,4
972,I0972,1500,1000,800,751.0,110,1,n,4
839,I0839,1500,800,800,1308.0,110,0,n,4
1659,I1659,1500,800,800,1104.0,110,0,n,4
1661,I1661,1500,1000,800,1422.0,110,1,n,4
2137,I2137,1500,800,800,0.0,110,0,n,4
4959,I4959,1500,1000,800,0.0,110,1,n,4
4835,I4835,1500,1000,800,1495.0,110,1,n,4
3582,I3582,1500,800,800,859.0,110,0,n,4
700,I0700,1500,1000,800,0.0,110,1,n,4
4683,I4683,1500,800,800,1330.0,110,0,n,4
2343,I2343,1500,1000,800,0.0,110,1,n,4
2232,I2232,1500,800,800,0.0,110,0,n,4
3289,I3289,1500,800,800,907.0,110,0,n,4
752,I0752,1500,800,800,989.0,110,0,n,4
3598,I3598,1500,1000,800,1396.0,110,1,n,4
1152,I1152,1500,800,800,1071.0,110,0,n,4
837,I0837,1500,800,800,1442.0,110,0,n,4
2511,I2511,1500,1000,800,1020.0,110,1,n,4
2768,I2768,1500,1000,800,1299.0,110,1,n,4
2626,I2626,1500,800,800,1349.0,110,0,n,4
4323,I4323,1500,1000,800,0.0,110,1,n,4
1081,I1081,1500,800,800,1527.0,110,0,n,4
3019,I3019,1500,800,800,0.0,110,0,n,4
2182,I2182,1500,800,800,0.0,110,0,n,4
3910,I3910,1500,1000,800,948.0,110,1,n,4
2883,I2883,1500,800,800,912.0,110,0,n,4
2307,I2307,1500,1000,800,0.0,110,1,n,4
870,I0870,1500,800,800,0.0,110,0,n,4
3876,I3876,1500,800,800,859.0,110,0,n,4
1118,I1118,1500,1000,800,0.0,110,1,n,4
1798,I1798,1500,1000,800,1072.0,110,1,n,4
931,I0931,1500,800,800,1053.0,110,0,n,4
856,I0856,1500,800,800,1316.0,110,0,n,4
528,I0528,1500,1000,800,888.0,110,1,n,4
2964,I2964,1500,1000,800,1049.0,110,1,n,4
2115,I2115,1500,800,800,0.0,110,0,n,4
2942,I2942,1500,800,800,0.0,110,0,n,4
3054,I3054,1500,1000,800,1058.0,110,1,n,4
407,I0407,1500,1000,800,1375.0,110,1,n,4
3645,I3645,1500,800,800,1516.0,110,0,n,4
4338,I4338,1500,1000,800,1342.0,110,1,n,4
423,I0423,1500,1000,800,1001.0,110,1,n,4
1443,I1443,1500,800,800,1075.0,110,0,n,4
4723,I4723,1500,1000,800,824.0,110,1,n,4
4856,I4856,1500,800,800,0.0,110,0,n,4
3395,I3395,1500,800,800,1345.0,110,0,n,4
3255,I3255,1500,800,800,975.0,110,0,n,4
4624,I4624,1500,800,800,1282.0,110,0,n,4
4549,I4549,1500,800,800,1590.0,110,0,n,4
2360,I2360,1500,800,800,1447.0,110,0,n,4
3594,I3594,1500,1000,800,0.0,110,1,n,4
3823,I3823,1500,1000,800,925.0,110,1,n,4
2673,I2673,1500,1000,800,0.0,110,1,n,4
1477,I1477,1500,1000,800,737.0,110,1,n,4
438,I0438,1500,1000,800,1554.0,110,1,n,4
1663,I1663,1500,1000,800,954.0,110,1,n,4
4287,I4287,1500,1000,800,0.0,110,1,n,4
3724,I3724,1500,1000,800,0.0,110,1,n,4
4816,I4816,1500,800,800,1367.0,110,0,n,4
2220,I2220,1500,1000,800,1058.0,110,1,n,4
1953,I1953,1500,1000,800,0.0,110,1,n,4
1655,I1655,1500,1000,800,0.0,110,1,n,4
3381,I3381,1500,1000,800,1159.0,110,1,n,4
4656,I4656,1500,1000,800,0.0,110,1,n,4
1570,I1570,1500,800,800,0.0,110,0,n,4
2289,I2289,1500,1000,800,1033.0,110,1,n,4
633,I0633,1500,1000,800,0.0,110,1,n,4
57,I0057,1500,1000,800,867.0,110,1,n,4
3392,I3392,1500,1000,800,1131.0,110,1,n,4
1670,I1670,1500,800,800,1055.0,110,0,n,4
4618,I4618,1500,1000,800,1142.0,110,1,n,4
4594,I4594,1500,1000,800,1212.0,110,1,n,4
2114,I2114,1500,1000,800,904.0,110,1,n,4
1653,I1653,1500,1000,800,0.0,110,1,n,4
811,I0811,1500,1000,800,994.0,110,1,n,4
493,I0493,1500,1000,800,0.0,110,1,n,4
1892,I1892,1500,1000,800,1116.0,110,1,n,4
194,I0194,1500,1000,800,983.0,110,1,n,4
4404,I4404,1500,800,800,0.0,110,0,n,4
746,I0746,1500,1000,800,0.0,110,1,n,4
4895,I4895,1500,800,800,0.0,110,0,n,4
2127,I2127,1500,1000,800,1116.0,110,1,n,4
1292,I1292,1500,1000,800,1148.0,110,1,n,4
4857,I4857,1500,800,800,0.0,110,0,n,4
1071,I1071,1500,800,800,1419.0,110,0,n,4
3212,I3212,1500,800,800,1075.0,110,0,n,4
1405,I1405,1500,1000,800,918.0,110,1,n,4
2693,I2693,1500,800,800,861.0,110,0,n,4
3220,I3220,1500,800,800,0.0,110,0,n,4
1490,I1490,1500,1000,800,1141.0,110,1,n,4
4938,I4938,1500,800,800,1061.0,110,0,n,4
2587,I2587,1500,800,800,0.0,110,0,n,4
886,I0886,1500,800,800,956.0,110,0,n,4
522,I0522,1500,800,800,0.0,110,0,n,4
3702,I3702,1500,1000,800,683.0,110,1,n,4
891,I0891,1500,800,800,892.0,110,0,n,4
4937,I4937,1500,1000,800,1198.0,110,1,n,4
2271,I2271,1500,800,800,1413.0,110,0,n,4
3588,I3588,1500,1000,800,1007.0,110,1,n,4
999,I0999,1500,1000,800,0.0,110,1,n,4
1883,I1883,1500,1000,800,0.0,110,1,n,4
2491,I2491,1500,1000,800,0.0,110,1,n,4
2630,I2630,1500,1000,800,1181.0,110,1,n,4
2523,I2523,1500,800,800,1124.0,110,0,n,4
2874,I2874,1500,800,800,0.0,110,0,n,4
1158,I1158,1500,800,800,0.0,110,0,n,4
1726,I1726,1500,1000,800,0.0,110,1,n,4
4203,I4203,1500,800,800,781.0,110,0,n,4
4716,I4716,1500,800,800,1473.0,110,0,n,4
1747,I1747,1500,800,800,986.0,110,0,n,4
786,I0786,1500,1000,800,0.0,110,1,n,4
4392,I4392,1500,1000,800,0.0,110,1,n,4
4192,I4192,1500,1000,800,1207.0,110,1,n,4
3112,I3112,1500,1000,800,0.0,110,1,n,4
2535,I2535,1500,800,800,1429.0,110,0,n,4
860,I0860,1500,1000,800,913.0,110,1,n,4
3008,I3008,1500,800,800,0.0,110,0,n,4
1642,I1642,1500,1000,800,0.0,110,1,n,4
4936,I4936,1500,800,800,0.0,110,0,n,4
2848,I2848,1500,800,800,932.0,110,0,n,4
3794,I3794,1500,1000,800,0.0,110,1,n,4
1819,I1819,1500,800,800,1137.0,110,0,n,4
1384,I1384,1500,1000,800,0.0,110,1,n,4
3410,I3410,1500,1000,800,1049.0,110,1,n,4
2147,I2147,1500,800,800,1345.0,110,0,n,4
727,I0727,1500,800,800,0.0,110,0,n,4
4248,I4248,1500,1000,800,966.0,110,1,n,4
3132,I3132,1500,1000,800,1235.0,110,1,n,4
20,I0020,1500,1000,800,0.0,110,1,n,4
1468,I1468,1500,1000,800,1487.0,110,1,n,4
3374,I3374,1500,1000,800,1484.0,110,1,n,4
2936,I2936,1500,1000,800,0.0,110,1,n,4
1755,I1755,1500,800,800,786.0,110,0,n,4
2291,I2291,1500,800,800,1158.0,110,0,n,4
3398,I3398,1500,800,800,0.0,110,0,n,4
157,I0157,1500,800,800,0.0,110,0,n,4
1671,I1671,1500,1000,800,0.0,110,1,n,4
136,I0136,1500,800,800,1431.0,110,0,n,4
4294,I4294,1500,1000,800,1090.0,110,1,n,4
1707,I1707,1500,1000,800,983.0,110,1,n,4
3705,I3705,1500,800,800,1289.0,110,0,n,4
905,I0905,1500,800,800,0.0,110,0,n,4
985,I0985,1500,800,800,1261.0,110,0,n,4
4187,I4187,1500,800,800,1255.0,110,0,n,4
3279,I3279,1500,800,800,1040.0,110,0,n,4
276,I0276,1500,1000,800,1103.0,110,1,n,4
1762,I1762,1500,800,800,1155.0,110,0,n,4
3270,I3270,1500,1000,800,1532.0,110,1,n,4
868,I0868,1500,1000,800,1481.0,110,1,n,4
4443,I4443,1500,1000,800,0.0,110,1,n,4
4296,I4296,1500,800,800,1522.0,110,0,n,4
1157,I1157,1500,1000,800,1001.0,110,1,n,4
1719,I1719,1500,800,800,0.0,110,0,n,4
855,I0855,1500,1000,800,1438.0,110,1,n,4
3680,I3680,1500,800,800,0.0,110,0,n,4
2033,I2033,1500,800,800,1210.0,110,0,n,4
4886,I4886,1500,1000,800,0.0,110,1,n,4
3563,I3563,1500,1000,800,1148.0,110,1,n,4
1628,I1628,1500,800,800,1322.0,110,0,n,4
3904,I3904,1500,1000,800,793.0,110,1,n,4
1231,I1231,1500,800,800,1112.0,110,0,n,4
1561,I1561,1500,1000,800,0.0,110,1,n,4
1049,I1049,1500,1000,800,1453.0,110,1,n,4
3778,I3778,1500,1000,800,0.0,110,1,n,4
4046,I4046,1500,800,800,0.0,110,0,n,4
1553,I1553,1500,800,800,1273.0,110,0,n,4
1926,I1926,1500,1000,800,0.0,110,1,n,4
2181,I2181,1500,1000,800,0.0,110,1,n,4
2799,I2799,1500,1000,800,1060.0,110,1,n,4
4034,I4034,1500,800,800,0.0,110,0,n,4
4764,I4764,1500,1000,800,1306.0,110,1,n,4
2237,I2237,1500,800,800,0.0,110,0,n,4
3489,I3489,1500,1000,800,0.0,110,1,n,4
4129,I4129,1500,800,800,1128.0,110,0,n,4
643,I0643,1500,800,800,1552.0,110,0,n,4
476,I0476,1500,1000,800,0.0,110,1,n,4
1134,I1134,1500,800,800,883.0,110,0,n,4
1623,I1623,1500,800,800,0.0,110,0,n,4
3106,I3106,1500,800,800,1151.0,110,0,n,4
377,I0377,1500,1000,800,0.0,110,1,n,4
3481,I3481,1500,800,800,0.0,110,0,n,4
971,I0971,1500,1000,800,925.0,110,1,n,4
1287,I1287,1500,800,800,1475.0,110,0,n,4
4304,I4304,1500,1000,800,0.0,110,1,n,4
3846,I3846,1500,1000,800,1140.0,110,1,n,4
3714,I3714,1500,1000,800,972.0,110,1,n,4
4663,I4663,1500,800,800,1067.0,110,0,n,4
3318,I3318,1500,1000,800,0.0,110,1,n,4
2072,I2072,1500,1000,800,1257.0,110,1,n,4
2202,I2202,1500,1000,800,0.0,110,1,n,4
60,I0060,1500,800,800,1457.0,110,0,n,4
3079,I3079,1500,1000,800,994.0,110,1,n,4
2031,I2031,1500,800,800,0.0,110,0,n,4
2740,I2740,1500,1000,800,0.0,110,1,n,4
3800,I3800,1500,800,800,779.0,110,0,n,4
4885,I4885,1500,800,800,0.0,110,0,n,4
1657,I1657,1500,1000,800,1279.0,110,1,n,4
4691,I4691,1500,800,800,0.0,110,0,n,4
3641,I3641,1500,1000,800,1297.0,110,1,n,4
2314,I2314,1500,800,800,1101.0,110,0,n,4
4516,I4516,1500,1000,800,1047.0,110,1,n,4
4454,I4454,1500,1000,800,1119.0,110,1,n,4
2968,I2968,1500,1000,800,1025.0,110,1,n,4
2278,I2278,1500,800,800,1557.0,110,0,n,4
2189,I2189,1500,1000,800,0.0,110,1,n,4
2906,I2906,1500,800,800,0.0,110,0,n,4
1946,I1946,1500,800,800,1105.0,110,0,n,4
3605,I3605,1500,800,800,1228.0,110,0,n,4
311,I0311,1500,800,800,0.0,110,0,n,4
2169,I2169,1500,800,800,1535.0,110,0,n,4
347,I0347,1500,1000,800,0.0,110,1,n,4
1285,I1285,1500,1000,800,0.0,110,1,n,4
2325,I2325,1500,1000,800,957.0,110,1,n,4
54,I0054,1500,800,800,997.0,110,0,n,4
1539,I1539,1500,800,800,1148.0,110,0,n,4
4727,I4727,1500,800,800,0.0,110,0,n,4
679,I0679,1500,1000,800,807.0,110,1,n,4
1646,I1646,1500,1000,800,0.0,110,1,n,4
4064,I4064,1500,800,800,0.0,110,0,n,4
3462,I3462,1500,1000,800,0.0,110,1,n,4
3894,I3894,1500,1000,800,1057.0,110,1,n,4
3881,I3881,1500,800,800,910.0,110,0,n,4
1972,I1972,1500,1000,800,799.0,110,1,n,4
2056,I2056,1500,1000,800,1438.0,110,1,n,4
3567,I3567,1500,1000,800,0.0,110,1,n,4
1527,I1527,1500,1000,800,907.0,110,1,n,4
72,I0072,1500,1000,800,1282.0,110,1,n,4
2834,I2834,1500,800,800,0.0,110,0,n,4
220,I0220,1500,800,800,1137.0,110,0,n,4
2265,I2265,1500,800,800,1030.0,110,0,n,4
1234,I1234,1500,800,800,0.0,110,0,n,4
4820,I4820,1500,1000,800,1179.0,110,1,n,4
3988,I3988,1500,800,800,1063.0,110,0,n,4
4932,I4932,1500,800,800,1006.0,110,0,n,4
2042,I2042,1500,800,800,1313.0,110,0,n,4
713,I0713,1500,1000,800,842.0,110,1,n,4
3177,I3177,1500,800,800,0.0,110,0,n,4
1567,I1567,1500,1000,800,1405.0,110,1,n,4
4974,I4974,1500,1000,800,969.0,110,1,n,4
981,I0981,1500,800,800,1265.0,110,0,n,4
266,I0266,1500,800,800,879.0,110,0,n,4
3810,I3810,1500,1000,800,0.0,110,1,n,4
453,I0453,1500,1000,800,0.0,110,1,n,4
235,I0235,1500,1000,800,1376.0,110,1,n,4
4466,I4466,1500,800,800,1334.0,110,0,n,4
1870,I1870,1500,1000,800,1297.0,110,1,n,4
2622,I2622,1500,800,800,0.0,110,0,n,4
2822,I2822,1500,800,800,1339.0,110,0,n,4
2441,I2441,1500,800,800,885.0,110,0,n,4
2422,I2422,1500,1000,800,905.0,110,1,n,4
3827,I3827,1500,1000,800,956.0,110,1,n,4
2230,I2230,1500,800,800,0.0,110,0,n,4
1037,I1037,1500,1000,800,0.0,110,1,n,4
1668,I1668,1500,800,800,0.0,110,0,n,4
3278,I3278,1500,800,800,1112.0,110,0,n,4
2888,I2888,1500,1000,800,1122.0,110,1,n,4
4240,I4240,1500,1000,800,1372.0,110,1,n,4
4141,I4141,1500,800,800,1146.0,110,0,n,4
3251,I3251,1500,1000,800,0.0,110,1,n,4
1433,I1433,1500,800,800,0.0,110,0,n,4
87,I0087,1500,800,800,0.0,110,0,n,4
2375,I2375,1500,1000,800,1465.0,110,1,n,4
629,I0629,1500,800,800,984.0,110,0,n,4
1487,I1487,1500,1000,800,1228.0,110,1,n,4
3013,I3013,1500,1000,800,1138.0,110,1,n,4
541,I0541,1500,1000,800,1073.0,110,1,n,4
2080,I2080,1500,1000,800,0.0,110,1,n,4
3934,I3934,1500,1000,800,0.0,110,1,n,4
2668,I2668,1500,1000,800,0.0,110,1,n,4
3467,I3467,1500,800,800,0.0,110,0,n,4
3266,I3266,1500,1000,800,1390.0,110,1,n,4
512,I0512,1500,800,800,1348.0,110,0,n,4
4458,I4458,1500,1000,800,1514.0,110,1,n,4
4114,I4114,1500,800,800,0.0,110,0,n,4
2013,I2013,1500,800,800,943.0,110,0,n,4
1565,I1565,1500,800,800,1069.0,110,0,n,4
1625,I1625,1500,1000,800,0.0,110,1,n,4
296,I0296,1500,800,800,929.0,110,0,n,4
4305,I4305,1500,800,800,861.0,110,0,n,4
1566,I1566,1500,800,800,1347.0,110,0,n,4
3436,I3436,1500,800,800,0.0,110,0,n,4
826,I0826,1500,800,800,0.0,110,0,n,4
2077,I2077,1500,800,800,1186.0,110,0,n,4
122,I0122,1500,800,800,0.0,110,0,n,4
1611,I1611,1500,1000,800,0.0,110,1,n,4
4728,I4728,1500,1000,800,1002.0,110,1,n,4
3238,I3238,1500,1000,800,1010.0,110,1,n,4
503,I0503,1500,800,800,1031.0,110,0,n,4
3093,I3093,1500,800,800,0.0,110,0,n,4
1139,I1139,1500,800,800,0.0,110,0,n,4
1470,I1470,1500,800,800,0.0,110,0,n,4
4352,I4352,1500,800,800,0.0,110,0,n,4
3061,I3061,1500,1000,800,0.0,110,1,n,4
13,I0013,1500,800,800,0.0,110,0,n,4
2063,I2063,1500,800,800,1187.0,110,0,n,4
4876,I4876,1500,1000,800,884.0,110,1,n,4
2881,I2881,1500,1000,800,1406.0,110,1,n,4
2150,I2150,1500,800,800,1106.0,110,0,n,4
180,I0180,1500,1000,800,1384.0,110,1,n,4
3068,I3068,1500,800,800,1081.0,110,0,n,4
4036,I4036,1500,800,800,1267.0,110,0,n,4
2238,I2238,1500,800,800,1002.0,110,0,n,4
1951,I1951,1500,1000,800,0.0,110,1,n,4
2060,I2060,1500,1000,800,0.0,110,1,n,4
1199,I1199,1500,1000,800,967.0,110,1,n,4
3554,I3554,1500,800,800,1016.0,110,0,n,4
4388,I4388,1500,800,800,0.0,110,0,n,4
2526,I2526,1500,800,800,0.0,110,0,n,4
1887,I1887,1500,800,800,1314.0,110,0,n,4
1154,I1154,1500,800,800,823.0,110,0,n,4
2075,I2075,1500,1000,800,0.0,110,1,n,4
2551,I2551,1500,800,800,0.0,110,0,n,4
328,I0328,1500,1000,800,0.0,110,1,n,4
2835,I2835,1500,1000,800,0.0,110,1,n,4
85,I0085,1500,800,800,1147.0,110,0,n,4
4106,I4106,1500,1000,800,1003.0,110,1,n,4
721,I0721,1500,1000,800,1265.0,110,1,n,4
2179,I2179,1500,800,800,0.0,110,0,n,4
706,I0706,1500,800,800,0.0,110,0,n,4
4535,I4535,1500,1000,800,1502.0,110,1,n,4
4095,I4095,1500,1000,800,1415.0,110,1,n,4
1767,I1767,1500,1000,800,0.0,110,1,n,4
1390,I1390,1500,800,800,1129.0,110,0,n,4
149,I0149,1500,800,800,1098.0,110,0,n,4
3659,I3659,1500,1000,800,1139.0,110,1,n,4
620,I0620,1500,1000,800,1319.0,110,1,n,4
4347,I4347,1500,1000,800,1021.0,110,1,n,4
935,I0935,1500,1000,800,1294.0,110,1,n,4
4111,I4111,1500,1000,800,0.0,110,1,n,4
3021,I3021,1500,800,800,807.0,110,0,n,4
4153,I4153,1500,1000,800,1474.0,110,1,n,4
2329,I2329,1500,800,800,0.0,110,0,n,4
3363,I3363,1500,800,800,1014.0,110,0,n,4
2149,I2149,1500,1000,800,1270.0,110,1,n,4
2882,I2882,1500,1000,800,0.0,110,1,n,4
1380,I1380,1500,1000,800,0.0,110,1,n,4
4093,I4093,1500,1000,800,0.0,110,1,n,4
2012,I2012,1500,1000,800,0.0,110,1,n,4
4170,I4170,1500,800,800,0.0,110,0,n,4
4735,I4735,1500,1000,800,0.0,110,1,n,4
1377,I1377,1500,1000,800,908.0,110,1,n,4
3546,I3546,1500,800,800,0.0,110,0,n,4
652,I0652,1500,800,800,0.0,110,0,n,4
4606,I4606,1500,800,800,1071.0,110,0,n,4
2547,I2547,1500,800,800,0.0,110,0,n,4
3101,I3101,1500,1000,800,1125.0,110,1,n,4
790,I0790,1500,800,800,0.0,110,0,n,4
4706,I4706,1500,800,800,0.0,110,0,n,4
2272,I2272,1500,800,800,0.0,110,0,n,4
659,I0659,1500,1000,800,1024.0,110,1,n,4
2310,I2310,1500,800,800,0.0,110,0,n,4
1680,I1680,1500,1000,800,1558.0,110,1,n,4
4746,I4746,1500,800,800,1172.0,110,0,n,4
1913,I1913,1500,1000,800,0.0,110,1,n,4
101,I0101,1500,800,800,1170.0,110,0,n,4
1254,I1254,1500,800,800,1423.0,110,0,n,4
530,I0530,1500,800,800,0.0,110,0,n,4
222,I0222,1500,1000,800,0.0,110,1,n,4
2362,I2362,1500,800,800,999.0,110,0,n,4
766,I0766,1500,800,800,0.0,110,0,n,4
2444,I2444,1500,800,800,1301.0,110,0,n,4
2760,I2760,1500,800,800,0.0,110,0,n,4
3365,I3365,1500,800,800,993.0,110,0,n,4
1635,I1635,1500,1000,800,911.0,110,1,n,4
3841,I3841,1500,800,800,0.0,110,0,n,4
2478,I2478,1500,800,800,1186.0,110,0,n,4
2164,I2164,1500,1000,800,820.0,110,1,n,4
1009,I1009,1500,800,800,0.0,110,0,n,4
414,I0414,1500,800,800,0.0,110,0,n,4
4984,I4984,1500,1000,800,1135.0,110,1,n,4
389,I0389,1500,800,800,1190.0,110,0,n,4
3670,I3670,1500,800,800,1010.0,110,0,n,4
4478,I4478,1500,800,800,0.0,110,0,n,4
4782,I4782,1500,800,800,1132.0,110,0,n,4
2180,I2180,1500,800,800,0.0,110,0,n,4
795,I0795,1500,800,800,0.0,110,0,n,4
3602,I3602,1500,1000,800,1093.0,110,1,n,4
2644,I2644,1500,1000,800,1061.0,110,1,n,4
3187,I3187,1500,800,800,1379.0,110,0,n,4
4038,I4038,1500,1000,800,0.0,110,1,n,4
459,I0459,1500,800,800,851.0,110,0,n,4
2099,I2099,1500,800,800,0.0,110,0,n,4
986,I0986,1500,1000,800,0.0,110,1,n,4
3572,I3572,1500,800,800,886.0,110,0,n,4
156,I0156,1500,1000,800,1280.0,110,1,n,4
1818,I1818,1500,800,800,1491.0,110,0,n,4
1757,I1757,1500,800,800,1236.0,110,0,n,4
1633,I1633,1500,800,800,945.0,110,0,n,4
4850,I4850,1500,1000,800,1078.0,110,1,n,4
2010,I2010,1500,1000,800,0.0,110,1,n,4
2058,I2058,1500,800,800,0.0,110,0,n,4
2206,I2206,1500,800,800,1378.0,110,0,n,4
3151,I3151,1500,1000,800,0.0,110,1,n,4
2171,I2171,1500,800,800,1184.0,110,0,n,4
901,I0901,1500,800,800,0.0,110,0,n,4
4053,I4053,1500,1000,800,0.0,110,1,n,4
3503,I3503,1500,800,800,1409.0,110,0,n,4
3293,I3293,1500,800,800,963.0,110,0,n,4
1143,I1143,1500,800,800,0.0,110,0,n,4
4883,I4883,1500,1000,800,0.0,110,1,n,4
2007,I2007,1500,1000,800,871.0,110,1,n,4
1044,I1044,1500,800,800,0.0,110,0,n,4
2187,I2187,1500,1000,800,824.0,110,1,n,4
3963,I3963,1500,800,800,1581.0,110,0,n,4
1934,I1934,1500,800,800,1295.0,110,0,n,4
2920,I2920,1500,800,800,1457.0,110,0,n,4
2101,I2101,1500,1000,800,1377.0,110,1,n,4
4828,I4828,1500,800,800,0.0,110,0,n,4
2389,I2389,1500,800,800,1135.0,110,0,n,4
3038,I3038,1500,1000,800,1168.0,110,1,n,4
1793,I1793,1500,1000,800,1359.0,110,1,n,4
2975,I2975,1500,1000,800,861.0,110,1,n,4
1569,I1569,1500,800,800,0.0,110,0,n,4
4898,I4898,1500,1000,800,991.0,110,1,n,4
2828,I2828,1500,1000,800,0.0,110,1,n,4
4622,I4622,1500,1000,800,0.0,110,1,n,4
1552,I1552,1500,800,800,1286.0,110,0,n,4
1268,I1268,1500,800,800,0.0,110,0,n,4
4972,I4972,1500,800,800,1162.0,110,0,n,4
2784,I2784,1500,800,800,1099.0,110,0,n,4
4456,I4456,1500,800,800,1073.0,110,0,n,4
1150,I1150,1500,800,800,1113.0,110,0,n,4
2519,I2519,1500,800,800,0.0,110,0,n,4
638,I0638,1500,800,800,1585.0,110,0,n,4
499,I0499,1500,1000,800,0.0,110,1,n,4
4819,I4819,1500,1000,800,0.0,110,1,n,4
2704,I2704,1500,1000,800,0.0,110,1,n,4
2433,I2433,1500,800,800,0.0,110,0,n,4
163,I0163,1500,800,800,0.0,110,0,n,4
1533,I1533,1500,800,800,974.0,110,0,n,4
4227,I4227,1500,800,800,0.0,110,0,n,4
3048,I3048,1500,800,800,1031.0,110,0,n,4
4060,I4060,1500,800,800,1026.0,110,0,n,4
1665,I1665,1500,800,800,0.0,110,0,n,4
4023,I4023,1500,800,800,0.0,110,0,n,4
3095,I3095,1500,800,800,1123.0,110,0,n,4
1928,I1928,1500,800,800,1343.0,110,0,n,4
4282,I4282,1500,800,800,0.0,110,0,n,4
1295,I1295,1500,800,800,1499.0,110,0,n,4
3525,I3525,1500,800,800,1384.0,110,0,n,4
4444,I4444,1500,800,800,0.0,110,0,n,4
3976,I3976,1500,800,800,1034.0,110,0,n,4
445,I0445,1500,800,800,0.0,110,0,n,4
1272,I1272,1500,800,800,1018.0,110,0,n,4
4028,I4028,1500,1000,800,614.0,110,1,n,4
4832,I4832,1500,1000,800,0.0,110,1,n,4
1481,I1481,1500,1000,800,0.0,110,1,n,4
3479,I3479,1500,800,800,0.0,110,0,n,4
2788,I2788,1500,1000,800,0.0,110,1,n,4
3386,I3386,1500,800,800,1556.0,110,0,n,4
2242,I2242,1500,1000,800,951.0,110,1,n,4
35,I0035,1500,1000,800,0.0,110,1,n,4
4879,I4879,1500,1000,800,1372.0,110,1,n,4
2757,I2757,1500,1000,800,0.0,110,1,n,4
3671,I3671,1500,1000,800,0.0,110,1,n,4
1230,I1230,1500,800,800,992.0,110,0,n,4
2501,I2501,1500,800,800,0.0,110,0,n,4
1028,I1028,1500,1000,800,1165.0,110,1,n,4
4432,I4432,1500,800,800,1024.0,110,0,n,4
1852,I1852,1500,800,800,1311.0,110,0,n,4
3719,I3719,1500,1000,800,0.0,110,1,n,4
4604,I4604,1500,800,800,1419.0,110,0,n,4
4265,I4265,1500,800,800,0.0,110,0,n,4
3825,I3825,1500,1000,800,866.0,110,1,n,4
4981,I4981,1500,800,800,0.0,110,0,n,4
2199,I2199,1500,800,800,0.0,110,0,n,4
1359,I1359,1500,800,800,0.0,110,0,n,4
4678,I4678,1500,1000,800,1092.0,110,1,n,4
478,I0478,1500,1000,800,0.0,110,1,n,4
3996,I3996,1500,800,800,0.0,110,0,n,4
2244,I2244,1500,800,800,0.0,110,0,n,4
2413,I2413,1500,1000,800,0.0,110,1,n,4
4496,I4496,1500,1000,800,0.0,110,1,n,4
4821,I4821,1500,800,800,774.0,110,0,n,4
4636,I4636,1500,800,800,829.0,110,0,n,4
2430,I2430,1500,800,800,0.0,110,0,n,4
1274,I1274,1500,1000,800,839.0,110,1,n,4
2153,I2153,1500,1000,800,1303.0,110,1,n,4
3638,I3638,1500,1000,800,1328.0,110,1,n,4
2994,I2994,1500,1000,800,1025.0,110,1,n,4
3783,I3783,1500,1000,800,0.0,110,1,n,4
2459,I2459,1500,800,800,964.0,110,0,n,4
3237,I3237,1500,1000,800,0.0,110,1,n,4
1745,I1745,1500,800,800,989.0,110,0,n,4
1452,I1452,1500,800,800,1289.0,110,0,n,4
3219,I3219,1500,1000,800,1256.0,110,1,n,4
1455,I1455,1500,800,800,0.0,110,0,n,4
1604,I1604,1500,1000,800,0.0,110,1,n,4
984,I0984,1500,1000,800,1287.0,110,1,n,4
1483,I1483,1500,800,800,1322.0,110,0,n,4
4805,I4805,1500,800,800,1391.0,110,0,n,4
3610,I3610,1500,1000,800,0.0,110,1,n,4
4769,I4769,1500,1000,800,0.0,110,1,n,4
390,I0390,1500,800,800,1053.0,110,0,n,4
3862,I3862,1500,1000,800,0.0,110,1,n,4
4091,I4091,1500,800,800,1102.0,110,0,n,4
2944,I2944,1500,1000,800,0.0,110,1,n,4
3685,I3685,1500,1000,800,0.0,110,1,n,4
1995,I1995,1500,1000,800,0.0,110,1,n,4
3578,I3578,1500,1000,800,0.0,110,1,n,4
215,I0215,1500,1000,800,1128.0,110,1,n,4
4626,I4626,1500,1000,800,1159.0,110,1,n,4
854,I0854,1500,800,800,945.0,110,0,n,4
2851,I2851,1500,1000,800,0.0,110,1,n,4
2068,I2068,1500,1000,800,825.0,110,1,n,4
2429,I2429,1500,800,800,775.0,110,0,n,4
1282,I1282,1500,1000,800,600.0,110,1,n,4
4940,I4940,1500,1000,800,1316.0,110,1,n,4
221,I0221,1500,1000,800,1082.0,110,1,n,4
4500,I4500,1500,800,800,1504.0,110,0,n,4
2191,I2191,1500,1000,800,0.0,110,1,n,4
1395,I1395,1500,800,800,1534.0,110,0,n,4
3759,I3759,1500,800,800,0.0,110,0,n,4
2155,I2155,1500,1000,800,717.0,110,1,n,4
4721,I4721,1500,800,800,0.0,110,0,n,4
3955,I3955,1500,800,800,0.0,110,0,n,4
2300,I2300,1500,1000,800,0.0,110,1,n,4
893,I0893,1500,1000,800,0.0,110,1,n,4
2079,I2079,1500,1000,800,0.0,110,1,n,4
796,I0796,1500,800,800,1094.0,110,0,n,4
376,I0376,1500,800,800,0.0,110,0,n,4
4387,I4387,1500,800,800,1179.0,110,0,n,4
606,I0606,1500,800,800,0.0,110,0,n,4
4861,I4861,1500,800,800,997.0,110,0,n,4
258,I0258,1500,1000,800,1411.0,110,1,n,4
3711,I3711,1500,800,800,0.0,110,0,n,4
3577,I3577,1500,1000,800,0.0,110,1,n,4
2452,I2452,1500,1000,800,1124.0,110,1,n,4
397,I0397,1500,1000,800,1372.0,110,1,n,4
1627,I1627,1500,800,800,1238.0,110,0,n,4
2346,I2346,1500,800,800,1215.0,110,0,n,4
2941,I2941,1500,1000,800,1478.0,110,1,n,4
756,I0756,1500,1000,800,1452.0,110,1,n,4
2304,I2304,1500,1000,800,1375.0,110,1,n,4
1587,I1587,1500,1000,800,0.0,110,1,n,4
569,I0569,1500,800,800,1007.0,110,0,n,4
2905,I2905,1500,800,800,1156.0,110,0,n,4
2956,I2956,1500,1000,800,1224.0,110,1,n,4
3601,I3601,1500,800,800,918.0,110,0,n,4
4969,I4969,1500,800,800,833.0,110,0,n,4
4223,I4223,1500,1000,800,985.0,110,1,n,4
1178,I1178,1500,1000,800,819.0,110,1,n,4
4206,I4206,1500,1000,800,1138.0,110,1,n,4
563,I0563,1500,800,800,1365.0,110,0,n,4
551,I0551,1500,800,800,0.0,110,0,n,4
4107,I4107,1500,800,800,1506.0,110,0,n,4
3972,I3972,1500,800,800,0.0,110,0,n,4
3341,I3341,1500,800,800,0.0,110,0,n,4
3072,I3072,1500,800,800,1006.0,110,0,n,4
1111,I1111,1500,800,800,1070.0,110,0,n,4
4077,I4077,1500,800,800,0.0,110,0,n,4
3287,I3287,1500,800,800,0.0,110,0,n,4
427,I0427,1500,1000,800,1557.0,110,1,n,4
4401,I4401,1500,1000,800,0.0,110,1,n,4
2931,I2931,1500,1000,800,1422.0,110,1,n,4
383,I0383,1500,800,800,988.0,110,0,n,4
4651,I4651,1500,800,800,1159.0,110,0,n,4
2690,I2690,1500,1000,800,0.0,110,1,n,4
370,I0370,1500,800,800,1157.0,110,0,n,4
246,I0246,1500,1000,800,1292.0,110,1,n,4
137,I0137,1500,1000,800,0.0,110,1,n,4
896,I0896,1500,1000,800,1353.0,110,1,n,4
2924,I2924,1500,1000,800,0.0,110,1,n,4
2332,I2332,1500,1000,800,0.0,110,1,n,4
2570,I2570,1500,800,800,0.0,110,0,n,4
2871,I2871,1500,1000,800,0.0,110,1,n,4
1608,I1608,1500,800,800,992.0,110,0,n,4
3754,I3754,1500,1000,800,969.0,110,1,n,4
3110,I3110,1500,800,800,1320.0,110,0,n,4
3413,I3413,1500,800,800,0.0,110,0,n,4
2387,I2387,1500,1000,800,0.0,110,1,n,4
2678,I2678,1500,1000,800,988.0,110,1,n,4
2823,I2823,1500,800,800,1516.0,110,0,n,4
3029,I3029,1500,800,800,896.0,110,0,n,4
496,I0496,1500,1000,800,1024.0,110,1,n,4
3194,I3194,1500,800,800,0.0,110,0,n,4
1,I0001,1500,1000,800,1525.0,110,1,n,4
3190,I3190,1500,1000,800,0.0,110,1,n,4
2333,I2333,1500,800,800,0.0,110,0,n,4
3117,I3117,1500,800,800,897.0,110,0,n,4
3689,I3689,1500,800,800,1124.0,110,0,n,4
3107,I3107,1500,1000,800,1009.0,110,1,n,4
1399,I1399,1500,1000,800,1066.0,110,1,n,4
4118,I4118,1500,1000,800,1023.0,110,1,n,4
1181,I1181,1500,800,800,1380.0,110,0,n,4
2106,I2106,1500,800,800,1546.0,110,0,n,4
1418,I1418,1500,1000,800,1549.0,110,1,n,4
4672,I4672,1500,1000,800,1047.0,110,1,n,4
602,I0602,1500,1000,800,0.0,110,1,n,4
2071,I2071,1500,1000,800,989.0,110,1,n,4
393,I0393,1500,800,800,1407.0,110,0,n,4
363,I0363,1500,1000,800,0.0,110,1,n,4
1783,I1783,1500,1000,800,0.0,110,1,n,4
3611,I3611,1500,800,800,0.0,110,0,n,4
1223,I1223,1500,1000,800,0.0,110,1,n,4
4354,I4354,1500,800,800,0.0,110,0,n,4
1075,I1075,1500,1000,800,0.0,110,1,n,4
3163,I3163,1500,800,800,0.0,110,0,n,4
3030,I3030,1500,800,800,0.0,110,0,n,4
4249,I4249,1500,1000,800,1108.0,110,1,n,4
1700,I1700,1500,800,800,0.0,110,0,n,4
708,I0708,1500,1000,800,1500.0,110,1,n,4
2308,I2308,1500,800,800,1099.0,110,0,n,4
3235,I3235,1500,800,800,1162.0,110,0,n,4
3315,I3315,1500,800,800,901.0,110,0,n,4
3332,I3332,1500,800,800,0.0,110,0,n,4
1276,I1276,1500,1000,800,1140.0,110,1,n,4
1114,I1114,1500,800,800,1007.0,110,0,n,4
4242,I4242,1500,800,800,915.0,110,0,n,4
2982,I2982,1500,1000,800,1534.0,110,1,n,4
4534,I4534,1500,800,800,948.0,110,0,n,4
1120,I1120,1500,800,800,1040.0,110,0,n,4
1507,I1507,1500,800,800,1225.0,110,0,n,4
3463,I3463,1500,1000,800,735.0,110,1,n,4
3109,I3109,1500,1000,800,0.0,110,1,n,4
1880,I1880,1500,1000,800,1357.0,110,1,n,4
4822,I4822,1500,1000,800,1044.0,110,1,n,4
1807,I1807,1500,800,800,947.0,110,0,n,4
1512,I1512,1500,1000,800,0.0,110,1,n,4
4541,I4541,1500,1000,800,0.0,110,1,n,4
993,I0993,1500,800,800,0.0,110,0,n,4
4483,I4483,1500,800,800,0.0,110,0,n,4
319,I0319,1500,800,800,0.0,110,0,n,4
4082,I4082,1500,800,800,0.0,110,0,n,4
3183,I3183,1500,800,800,0.0,110,0,n,4
2802,I2802,1500,800,800,0.0,110,0,n,4
241,I0241,1500,1000,800,0.0,110,1,n,4
1724,I1724,1500,1000,800,1438.0,110,1,n,4
104,I0104,1500,800,800,0.0,110,0,n,4
1865,I1865,1500,800,800,1077.0,110,0,n,4
173,I0173,1500,800,800,0.0,110,0,n,4
2221,I2221,1500,800,800,1409.0,110,0,n,4
3418,I3418,1500,1000,800,1095.0,110,1,n,4
2145,I2145,1500,800,800,0.0,110,0,n,4
410,I0410,1500,1000,800,0.0,110,1,n,4
601,I0601,1500,800,800,0.0,110,0,n,4
1502,I1502,1500,1000,800,1419.0,110,1,n,4
4589,I4589,1500,800,800,1085.0,110,0,n,4
2770,I2770,1500,1000,800,1390.0,110,1,n,4
4070,I4070,1500,800,800,1200.0,110,0,n,4
154,I0154,1500,1000,800,0.0,110,1,n,4
3811,I3811,1500,1000,800,1439.0,110,1,n,4
1750,I1750,1500,1000,800,1026.0,110,1,n,4
4689,I4689,1500,800,800,787.0,110,0,n,4
176,I0176,1500,1000,800,951.0,110,1,n,4
2396,I2396,1500,800,800,1066.0,110,0,n,4
1760,I1760,1500,800,800,0.0,110,0,n,4
2415,I2415,1500,1000,800,0.0,110,1,n,4
3281,I3281,1500,1000,800,0.0,110,1,n,4
3631,I3631,1500,800,800,0.0,110,0,n,4
3733,I3733,1500,800,800,1002.0,110,0,n,4
2674,I2674,1500,1000,800,1306.0,110,1,n,4
2878,I2878,1500,1000,800,0.0,110,1,n,4
2224,I2224,1500,800,800,807.0,110,0,n,4
3990,I3990,1500,800,800,997.0,110,0,n,4
1173,I1173,1500,800,800,1320.0,110,0,n,4
3824,I3824,1500,800,800,0.0,110,0,n,4
38,I0038,1500,800,800,0.0,110,0,n,4
259,I0259,1500,1000,800,1040.0,110,1,n,4
4340,I4340,1500,1000,800,930.0,110,1,n,4
1910,I1910,1500,800,800,0.0,110,0,n,4
3445,I3445,1500,800,800,774.0,110,0,n,4
2575,I2575,1500,800,800,1504.0,110,0,n,4
2301,I2301,1500,800,800,1132.0,110,0,n,4
1970,I1970,1500,1000,800,0.0,110,1,n,4
4256,I4256,1500,800,800,0.0,110,0,n,4
1658,I1658,1500,800,800,675.0,110,0,n,4
2445,I2445,1500,1000,800,0.0,110,1,n,4
306,I0306,1500,1000,800,835.0,110,1,n,4
1836,I1836,1500,800,800,0.0,110,0,n,4
10,I0010,1500,1000,800,0.0,110,1,n,4
4877,I4877,1500,800,800,1298.0,110,0,n,4
2597,I2597,1500,800,800,1003.0,110,0,n,4
4051,I4051,1500,800,800,0.0,110,0,n,4
738,I0738,1500,800,800,1291.0,110,0,n,4
4657,I4657,1500,1000,800,0.0,110,1,n,4
172,I0172,1500,1000,800,1088.0,110,1,n,4
3224,I3224,1500,800,800,0.0,110,0,n,4
3027,I3027,1500,1000,800,0.0,110,1,n,4
558,I0558,1500,800,800,0.0,110,0,n,4
4193,I4193,1500,800,800,0.0,110,0,n,4
1074,I1074,1500,1000,800,0.0,110,1,n,4
142,I0142,1500,1000,800,0.0,110,1,n,4
4812,I4812,1500,1000,800,0.0,110,1,n,4
214,I0214,1500,800,800,1047.0,110,0,n,4
3932,I3932,1500,1000,800,1465.0,110,1,n,4
813,I0813,1500,800,800,0.0,110,0,n,4
2988,I2988,1500,800,800,843.0,110,0,n,4
4364,I4364,1500,1000,800,0.0,110,1,n,4
2485,I2485,1500,800,800,1333.0,110,0,n,4
2192,I2192,1500,800,800,1480.0,110,0,n,4
2455,I2455,1500,800,800,1459.0,110,0,n,4
4419,I4419,1500,800,800,1262.0,110,0,n,4
3851,I3851,1500,1000,800,1114.0,110,1,n,4
1226,I1226,1500,1000,800,0.0,110,1,n,4
787,I0787,1500,1000,800,875.0,110,1,n,4
4863,I4863,1500,1000,800,1261.0,110,1,n,4
1979,I1979,1500,800,800,1103.0,110,0,n,4
324,I0324,1500,1000,800,877.0,110,1,n,4
452,I0452,1500,1000,800,849.0,110,1,n,4
1918,I1918,1500,1000,800,1243.0,110,1,n,4
4236,I4236,1500,800,800,931.0,110,0,n,4
441,I0441,1500,800,800,1334.0,110,0,n,4
19,I0019,1500,1000,800,1031.0,110,1,n,4
3593,I3593,1500,1000,800,0.0,110,1,n,4
2745,I2745,1500,800,800,1070.0,110,0,n,4
1222,I1222,1500,800,800,1360.0,110,0,n,4
45,I0045,1500,1000,800,1165.0,110,1,n,4
3696,I3696,1500,800,800,0.0,110,0,n,4
1444,I1444,1500,1000,800,935.0,110,1,n,4
865,I0865,1500,800,800,0.0,110,0,n,4
4421,I4421,1500,800,800,1309.0,110,0,n,4
4783,I4783,1500,800,800,0.0,110,0,n,4
4130,I4130,1500,1000,800,903.0,110,1,n,4
4007,I4007,1500,1000,800,1388.0,110,1,n,4
4873,I4873,1500,800,800,0.0,110,0,n,4
2550,I2550,1500,800,800,1062.0,110,0,n,4
2868,I2868,1500,1000,800,0.0,110,1,n,4
2269,I2269,1500,1000,800,1380.0,110,1,n,4
634,I0634,1500,800,800,0.0,110,0,n,4
711,I0711,1500,1000,800,0.0,110,1,n,4
4299,I4299,1500,800,800,1040.0,110,0,n,4
3349,I3349,1500,1000,800,0.0,110,1,n,4
480,I0480,1500,800,800,0.0,110,0,n,4
2680,I2680,1500,1000,800,0.0,110,1,n,4
2399,I2399,1500,1000,800,0.0,110,1,n,4
4524,I4524,1500,800,800,0.0,110,0,n,4
4712,I4712,1500,1000,800,866.0,110,1,n,4
274,I0274,1500,800,800,1489.0,110,0,n,4
1785,I1785,1500,800,800,1132.0,110,0,n,4
2235,I2235,1500,800,800,1275.0,110,0,n,4
3393,I3393,1500,1000,800,0.0,110,1,n,4
1457,I1457,1500,800,800,0.0,110,0,n,4
3606,I3606,1500,1000,800,0.0,110,1,n,4
2365,I2365,1500,1000,800,1167.0,110,1,n,4
4875,I4875,1500,800,800,1420.0,110,0,n,4
2746,I2746,1500,1000,800,1380.0,110,1,n,4
1718,I1718,1500,1000,800,1115.0,110,1,n,4
2363,I2363,1500,800,800,1127.0,110,0,n,4
1863,I1863,1500,800,800,0.0,110,0,n,4
2351,I2351,1500,800,800,580.0,110,0,n,4
4334,I4334,1500,800,800,0.0,110,0,n,4
1148,I1148,1500,1000,800,932.0,110,1,n,4
989,I0989,1500,800,800,0.0,110,0,n,4
3364,I3364,1500,800,800,0.0,110,0,n,4
1558,I1558,1500,800,800,0.0,110,0,n,4
4870,I4870,1500,1000,800,1430.0,110,1,n,4
4760,I4760,1500,800,800,1281.0,110,0,n,4
4050,I4050,1500,800,800,1054.0,110,0,n,4
1780,I1780,1500,800,800,894.0,110,0,n,4
4108,I4108,1500,1000,800,1500.0,110,1,n,4
4217,I4217,1500,1000,800,0.0,110,1,n,4
1428,I1428,1500,1000,800,1065.0,110,1,n,4
4274,I4274,1500,1000,800,0.0,110,1,n,4
1375,I1375,1500,800,800,0.0,110,0,n,4
4382,I4382,1500,1000,800,1439.0,110,1,n,4
3828,I3828,1500,1000,800,1545.0,110,1,n,4
1218,I1218,1500,800,800,1415.0,110,0,n,4
308,I0308,1500,800,800,1022.0,110,0,n,4
3498,I3498,1500,1000,800,1422.0,110,1,n,4
367,I0367,1500,1000,800,1115.0,110,1,n,4
1861,I1861,1500,1000,800,0.0,110,1,n,4
4090,I4090,1500,800,800,920.0,110,0,n,4
974,I0974,1500,800,800,0.0,110,0,n,4
4659,I4659,1500,1000,800,1106.0,110,1,n,4
1161,I1161,1500,1000,800,0.0,110,1,n,4
1506,I1506,1500,1000,800,917.0,110,1,n,4
4015,I4015,1500,1000,800,1329.0,110,1,n,4
3837,I3837,1500,800,800,1033.0,110,0,n,4
1516,I1516,1500,800,800,0.0,110,0,n,4
1695,I1695,1500,1000,800,0.0,110,1,n,4
4720,I4720,1500,1000,800,0.0,110,1,n,4
3580,I3580,1500,1000,800,0.0,110,1,n,4
2739,I2739,1500,800,800,1113.0,110,0,n,4
946,I0946,1500,800,800,1279.0,110,0,n,4
2649,I2649,1500,800,800,1338.0,110,0,n,4
4258,I4258,1500,800,800,1366.0,110,0,n,4
592,I0592,1500,1000,800,1458.0,110,1,n,4
4058,I4058,1500,800,800,957.0,110,0,n,4
3735,I3735,1500,1000,800,992.0,110,1,n,4
4538,I4538,1500,1000,800,0.0,110,1,n,4
3495,I3495,1500,1000,800,1528.0,110,1,n,4
4196,I4196,1500,800,800,1124.0,110,0,n,4
2103,I2103,1500,800,800,1190.0,110,0,n,4
3683,I3683,1500,800,800,1141.0,110,0,n,4
2801,I2801,1500,1000,800,1459.0,110,1,n,4
3764,I3764,1500,1000,800,0.0,110,1,n,4
1260,I1260,1500,800,800,1569.0,110,0,n,4
3175,I3175,1500,800,800,907.0,110,0,n,4
4495,I4495,1500,800,800,0.0,110,0,n,4
1781,I1781,1500,800,800,1188.0,110,0,n,4
608,I0608,1500,800,800,1021.0,110,0,n,4
3311,I3311,1500,1000,800,0.0,110,1,n,4
3478,I3478,1500,800,800,0.0,110,0,n,4
1314,I1314,1500,1000,800,1147.0,110,1,n,4
1248,I1248,1500,800,800,0.0,110,0,n,4
272,I0272,1500,800,800,1238.0,110,0,n,4
3037,I3037,1500,1000,800,1428.0,110,1,n,4
1485,I1485,1500,1000,800,0.0,110,1,n,4
1812,I1812,1500,800,800,0.0,110,0,n,4
762,I0762,1500,800,800,910.0,110,0,n,4
4278,I4278,1500,1000,800,0.0,110,1,n,4
617,I0617,1500,800,800,0.0,110,0,n,4
4915,I4915,1500,800,800,1130.0,110,0,n,4
3818,I3818,1500,1000,800,0.0,110,1,n,4
1753,I1753,1500,1000,800,1394.0,110,1,n,4
3822,I3822,1500,1000,800,974.0,110,1,n,4
1677,I1677,1500,800,800,1026.0,110,0,n,4
1679,I1679,1500,1000,800,708.0,110,1,n,4
3533,I3533,1500,800,800,1039.0,110,0,n,4
4427,I4427,1500,800,800,1097.0,110,0,n,4
155,I0155,1500,1000,800,1102.0,110,1,n,4
4182,I4182,1500,800,800,0.0,110,0,n,4
448,I0448,1500,1000,800,0.0,110,1,n,4
4910,I4910,1500,800,800,0.0,110,0,n,4
1752,I1752,1500,800,800,0.0,110,0,n,4
4281,I4281,1500,800,800,0.0,110,0,n,4
1486,I1486,1500,1000,800,0.0,110,1,n,4
4292,I4292,1500,1000,800,698.0,110,1,n,4
1149,I1149,1500,800,800,0.0,110,0,n,4
243,I0243,1500,1000,800,0.0,110,1,n,4
4558,I4558,1500,1000,800,1101.0,110,1,n,4
1198,I1198,1500,1000,800,0.0,110,1,n,4
382,I0382,1500,800,800,1334.0,110,0,n,4
2990,I2990,1500,1000,800,0.0,110,1,n,4
2138,I2138,1500,800,800,0.0,110,0,n,4
2453,I2453,1500,800,800,1033.0,110,0,n,4
4767,I4767,1500,800,800,0.0,110,0,n,4
277,I0277,1500,1000,800,842.0,110,1,n,4
3921,I3921,1500,1000,800,0.0,110,1,n,4
451,I0451,1500,800,800,0.0,110,0,n,4
193,I0193,1500,800,800,0.0,110,0,n,4
777,I0777,1500,1000,800,1482.0,110,1,n,4
735,I0735,1500,800,800,1027.0,110,0,n,4
2473,I2473,1500,1000,800,0.0,110,1,n,4
728,I0728,1500,1000,800,1004.0,110,1,n,4
2533,I2533,1500,800,800,929.0,110,0,n,4
3781,I3781,1500,800,800,1086.0,110,0,n,4
4889,I4889,1500,1000,800,1220.0,110,1,n,4
1202,I1202,1500,1000,800,1122.0,110,1,n,4
236,I0236,1500,1000,800,911.0,110,1,n,4
408,I0408,1500,1000,800,0.0,110,1,n,4
3510,I3510,1500,1000,800,1231.0,110,1,n,4
4740,I4740,1500,1000,800,925.0,110,1,n,4
2178,I2178,1500,800,800,1302.0,110,0,n,4
4809,I4809,1500,800,800,0.0,110,0,n,4
4420,I4420,1500,800,800,0.0,110,0,n,4
4154,I4154,1500,1000,800,0.0,110,1,n,4
2937,I2937,1500,1000,800,939.0,110,1,n,4
1094,I1094,1500,1000,800,1313.0,110,1,n,4
3407,I3407,1500,800,800,996.0,110,0,n,4
4494,I4494,1500,800,800,1418.0,110,0,n,4
1513,I1513,1500,800,800,1277.0,110,0,n,4
3643,I3643,1500,1000,800,1138.0,110,1,n,4
4815,I4815,1500,1000,800,1039.0,110,1,n,4
1243,I1243,1500,1000,800,1127.0,110,1,n,4
1831,I1831,1500,1000,800,1337.0,110,1,n,4
112,I0112,1500,1000,800,866.0,110,1,n,4
2759,I2759,1500,800,800,1280.0,110,0,n,4
2553,I2553,1500,1000,800,0.0,110,1,n,4
495,I0495,1500,1000,800,825.0,110,1,n,4
4714,I4714,1500,1000,800,1189.0,110,1,n,4
2251,I2251,1500,800,800,596.0,110,0,n,4
4722,I4722,1500,800,800,1145.0,110,0,n,4
464,I0464,1500,800,800,1208.0,110,0,n,4
4398,I4398,1500,800,800,1336.0,110,0,n,4
943,I0943,1500,800,800,656.0,110,0,n,4
4004,I4004,1500,1000,800,1420.0,110,1,n,4
349,I0349,1500,800,800,0.0,110,0,n,4
915,I0915,1500,1000,800,1094.0,110,1,n,4
3995,I3995,1500,1000,800,0.0,110,1,n,4
973,I0973,1500,800,800,0.0,110,0,n,4
2967,I2967,1500,800,800,1551.0,110,0,n,4
3444,I3444,1500,800,800,921.0,110,0,n,4
1016,I1016,1500,1000,800,0.0,110,1,n,4
1644,I1644,1500,800,800,0.0,110,0,n,4
4990,I4990,1500,1000,800,1167.0,110,1,n,4
313,I0313,1500,1000,800,1081.0,110,1,n,4
1957,I1957,1500,1000,800,1051.0,110,1,n,4
225,I0225,1500,1000,800,0.0,110,1,n,4
1849,I1849,1500,800,800,1045.0,110,0,n,4
508,I0508,1500,800,800,1342.0,110,0,n,4
1239,I1239,1500,1000,800,1236.0,110,1,n,4
1358,I1358,1500,1000,800,0.0,110,1,n,4
4520,I4520,1500,800,800,0.0,110,0,n,4
4684,I4684,1500,800,800,952.0,110,0,n,4
2144,I2144,1500,800,800,1040.0,110,0,n,4
4710,I4710,1500,1000,800,966.0,110,1,n,4
867,I0867,1500,800,800,0.0,110,0,n,4
1568,I1568,1500,800,800,0.0,110,0,n,4
3731,I3731,1500,1000,800,1194.0,110,1,n,4
4289,I4289,1500,1000,800,0.0,110,1,n,4
3399,I3399,1500,1000,800,0.0,110,1,n,4
573,I0573,1500,1000,800,1286.0,110,1,n,4
628,I0628,1500,1000,800,1330.0,110,1,n,4
988,I0988,1500,1000,800,1082.0,110,1,n,4
2324,I2324,1500,800,800,853.0,110,0,n,4
1251,I1251,1500,800,800,1036.0,110,0,n,4
1284,I1284,1500,1000,800,1108.0,110,1,n,4
1019,I1019,1500,1000,800,1004.0,110,1,n,4
2928,I2928,1500,1000,800,0.0,110,1,n,4
4839,I4839,1500,1000,800,0.0,110,1,n,4
106,I0106,1500,800,800,1131.0,110,0,n,4
205,I0205,1500,800,800,0.0,110,0,n,4
1641,I1641,1500,800,800,1246.0,110,0,n,4
143,I0143,1500,1000,800,0.0,110,1,n,4
1898,I1898,1500,800,800,913.0,110,0,n,4
364,I0364,1500,1000,800,0.0,110,1,n,4
4661,I4661,1500,800,800,1330.0,110,0,n,4
2086,I2086,1500,800,800,1411.0,110,0,n,4
2742,I2742,1500,1000,800,0.0,110,1,n,4
1092,I1092,1500,800,800,1360.0,110,0,n,4
3063,I3063,1500,800,800,1389.0,110,0,n,4
1741,I1741,1500,800,800,1071.0,110,0,n,4
3693,I3693,1500,1000,800,951.0,110,1,n,4
4350,I4350,1500,1000,800,0.0,110,1,n,4
707,I0707,1500,800,800,0.0,110,0,n,4
4279,I4279,1500,800,800,852.0,110,0,n,4
4929,I4929,1500,800,800,0.0,110,0,n,4
484,I0484,1500,800,800,952.0,110,0,n,4
192,I0192,1500,1000,800,805.0,110,1,n,4
2088,I2088,1500,1000,800,1148.0,110,1,n,4
4881,I4881,1500,1000,800,1212.0,110,1,n,4
810,I0810,1500,1000,800,1559.0,110,1,n,4
2156,I2156,1500,800,800,1244.0,110,0,n,4
4813,I4813,1500,1000,800,1043.0,110,1,n,4
4336,I4336,1500,800,800,0.0,110,0,n,4
4665,I4665,1500,800,800,1071.0,110,0,n,4
906,I0906,1500,1000,800,1403.0,110,1,n,4
2148,I2148,1500,800,800,1087.0,110,0,n,4
4251,I4251,1500,800,800,964.0,110,0,n,4
3909,I3909,1500,1000,800,971.0,110,1,n,4
4381,I4381,1500,800,800,1280.0,110,0,n,4
109,I0109,1500,800,800,1370.0,110,0,n,4
3860,I3860,1500,800,800,1055.0,110,0,n,4
2808,I2808,1500,800,800,1459.0,110,0,n,4
2183,I2183,1500,1000,800,1453.0,110,1,n,4
583,I0583,1500,800,800,1317.0,110,0,n,4
3920,I3920,1500,1000,800,0.0,110,1,n,4
4211,I4211,1500,800,800,922.0,110,0,n,4
1109,I1109,1500,1000,800,1005.0,110,1,n,4
2703,I2703,1500,1000,800,0.0,110,1,n,4
1710,I1710,1500,1000,800,891.0,110,1,n,4
4616,I4616,1500,800,800,1064.0,110,0,n,4
3404,I3404,1500,800,800,1485.0,110,0,n,4
3260,I3260,1500,1000,800,0.0,110,1,n,4
765,I0765,1500,1000,800,0.0,110,1,n,4
2719,I2719,1500,1000,800,0.0,110,1,n,4
332,I0332,1500,800,800,1380.0,110,0,n,4
1813,I1813,1500,800,800,0.0,110,0,n,4
2516,I2516,1500,800,800,0.0,110,0,n,4
3258,I3258,1500,800,800,1103.0,110,0,n,4
4368,I4368,1500,1000,800,0.0,110,1,n,4
401,I0401,1500,800,800,0.0,110,0,n,4
418,I0418,1500,1000,800,1345.0,110,1,n,4
3913,I3913,1500,1000,800,0.0,110,1,n,4
1652,I1652,1500,1000,800,0.0,110,1,n,4
4697,I4697,1500,800,800,0.0,110,0,n,4
53,I0053,1500,1000,800,1026.0,110,1,n,4
3583,I3583,1500,1000,800,0.0,110,1,n,4
1662,I1662,1500,800,800,769.0,110,0,n,4
3856,I3856,1500,800,800,0.0,110,0,n,4
4814,I4814,1500,1000,800,0.0,110,1,n,4
3626,I3626,1500,800,800,0.0,110,0,n,4
4851,I4851,1500,1000,800,0.0,110,1,n,4
3514,I3514,1500,800,800,0.0,110,0,n,4
3483,I3483,1500,1000,800,1142.0,110,1,n,4
871,I0871,1500,1000,800,0.0,110,1,n,4
2258,I2258,1500,800,800,1190.0,110,0,n,4
3557,I3557,1500,800,800,1330.0,110,0,n,4
3820,I3820,1500,1000,800,0.0,110,1,n,4
4310,I4310,1500,1000,800,0.0,110,1,n,4
4674,I4674,1500,800,800,0.0,110,0,n,4
2876,I2876,1500,1000,800,1367.0,110,1,n,4
2962,I2962,1500,1000,800,0.0,110,1,n,4
1194,I1194,1500,800,800,1497.0,110,0,n,4
4081,I4081,1500,800,800,1059.0,110,0,n,4
1588,I1588,1500,800,800,0.0,110,0,n,4
1964,I1964,1500,1000,800,1537.0,110,1,n,4
3326,I3326,1500,1000,800,1450.0,110,1,n,4
1496,I1496,1500,1000,800,0.0,110,1,n,4
754,I0754,1500,800,800,1214.0,110,0,n,4
442,I0442,1500,1000,800,1163.0,110,1,n,4
1213,I1213,1500,800,800,0.0,110,0,n,4
3272,I3272,1500,1000,800,1014.0,110,1,n,4
2427,I2427,1500,1000,800,1234.0,110,1,n,4
4588,I4588,1500,800,800,0.0,110,0,n,4
256,I0256,1500,1000,800,1222.0,110,1,n,4
2437,I2437,1500,1000,800,0.0,110,1,n,4
1846,I1846,1500,800,800,704.0,110,0,n,4
1168,I1168,1500,1000,800,828.0,110,1,n,4
1117,I1117,1500,800,800,0.0,110,0,n,4
2897,I2897,1500,800,800,1438.0,110,0,n,4
4694,I4694,1500,800,800,1397.0,110,0,n,4
4429,I4429,1500,800,800,0.0,110,0,n,4
947,I0947,1500,800,800,825.0,110,0,n,4
3367,I3367,1500,1000,800,1134.0,110,1,n,4
3376,I3376,1500,800,800,974.0,110,0,n,4
51,I0051,1500,1000,800,1100.0,110,1,n,4
4843,I4843,1500,800,800,1193.0,110,0,n,4
4785,I4785,1500,800,800,1403.0,110,0,n,4
4297,I4297,1500,800,800,0.0,110,0,n,4
889,I0889,1500,800,800,0.0,110,0,n,4
538,I0538,1500,1000,800,1508.0,110,1,n,4
4679,I4679,1500,1000,800,990.0,110,1,n,4
4298,I4298,1500,800,800,1290.0,110,0,n,4
3885,I3885,1500,1000,800,0.0,110,1,n,4
782,I0782,1500,1000,800,1498.0,110,1,n,4
2700,I2700,1500,1000,800,1174.0,110,1,n,4
217,I0217,1500,1000,800,1110.0,110,1,n,4
4481,I4481,1500,800,800,925.0,110,0,n,4
489,I0489,1500,1000,800,972.0,110,1,n,4
1950,I1950,1500,1000,800,0.0,110,1,n,4
647,I0647,1500,1000,800,0.0,110,1,n,4
2907,I2907,1500,1000,800,1088.0,110,1,n,4
3573,I3573,1500,800,800,949.0,110,0,n,4
4921,I4921,1500,1000,800,0.0,110,1,n,4
1683,I1683,1500,800,800,1450.0,110,0,n,4
4977,I4977,1500,800,800,0.0,110,0,n,4
3618,I3618,1500,1000,800,0.0,110,1,n,4
2296,I2296,1500,800,800,1109.0,110,0,n,4
3305,I3305,1500,1000,800,965.0,110,1,n,4
1175,I1175,1500,800,800,0.0,110,0,n,4
1042,I1042,1500,800,800,0.0,110,0,n,4
3917,I3917,1500,800,800,1510.0,110,0,n,4
916,I0916,1500,800,800,1019.0,110,0,n,4
2892,I2892,1500,1000,800,637.0,110,1,n,4
2263,I2263,1500,1000,800,1207.0,110,1,n,4
2916,I2916,1500,1000,800,0.0,110,1,n,4
1895,I1895,1500,800,800,0.0,110,0,n,4
3517,I3517,1500,800,800,1303.0,110,0,n,4
1933,I1933,1500,800,800,0.0,110,0,n,4
2793,I2793,1500,1000,800,1082.0,110,1,n,4
803,I0803,1500,800,800,0.0,110,0,n,4
2146,I2146,1500,1000,800,0.0,110,1,n,4
1263,I1263,1500,1000,800,0.0,110,1,n,4
357,I0357,1500,1000,800,1264.0,110,1,n,4
922,I0922,1500,800,800,1459.0,110,0,n,4
1085,I1085,1500,1000,800,1070.0,110,1,n,4
3564,I3564,1500,1000,800,0.0,110,1,n,4
561,I0561,1500,1000,800,911.0,110,1,n,4
2016,I2016,1500,800,800,1066.0,110,0,n,4
3228,I3228,1500,800,800,816.0,110,0,n,4
2246,I2246,1500,1000,800,984.0,110,1,n,4
4774,I4774,1500,1000,800,0.0,110,1,n,4
500,I0500,1500,800,800,0.0,110,0,n,4
3412,I3412,1500,1000,800,0.0,110,1,n,4
3223,I3223,1500,1000,800,958.0,110,1,n,4
4277,I4277,1500,1000,800,0.0,110,1,n,4
3496,I3496,1500,800,800,943.0,110,0,n,4
4862,I4862,1500,1000,800,0.0,110,1,n,4
4757,I4757,1500,1000,800,937.0,110,1,n,4
4066,I4066,1500,800,800,0.0,110,0,n,4
1740,I1740,1500,800,800,0.0,110,0,n,4
2100,I2100,1500,800,800,1300.0,110,0,n,4
3049,I3049,1500,800,800,960.0,110,0,n,4
4574,I4574,1500,800,800,0.0,110,0,n,4
3887,I3887,1500,800,800,833.0,110,0,n,4
2989,I2989,1500,1000,800,1094.0,110,1,n,4
1112,I1112,1500,800,800,1258.0,110,0,n,4
4179,I4179,1500,1000,800,1571.0,110,1,n,4
2124,I2124,1500,800,800,0.0,110,0,n,4
816,I0816,1500,800,800,0.0,110,0,n,4
1291,I1291,1500,800,800,0.0,110,0,n,4
565,I0565,1500,800,800,1401.0,110,0,n,4
3864,I3864,1500,1000,800,1089.0,110,1,n,4
3074,I3074,1500,1000,800,0.0,110,1,n,4
894,I0894,1500,800,800,707.0,110,0,n,4
1300,I1300,1500,1000,800,1047.0,110,1,n,4
793,I0793,1500,1000,800,1407.0,110,1,n,4
2642,I2642,1500,1000,800,1030.0,110,1,n,4
1768,I1768,1500,1000,800,0.0,110,1,n,4
4360,I4360,1500,800,800,1489.0,110,0,n,4
1596,I1596,1500,1000,800,0.0,110,1,n,4
1525,I1525,1500,800,800,977.0,110,0,n,4
684,I0684,1500,1000,800,1339.0,110,1,n,4
3071,I3071,1500,800,800,1274.0,110,0,n,4
2290,I2290,1500,800,800,1107.0,110,0,n,4
607,I0607,1500,1000,800,957.0,110,1,n,4
1801,I1801,1500,1000,800,1276.0,110,1,n,4
1835,I1835,1500,800,800,1283.0,110,0,n,4
1939,I1939,1500,1000,800,1035.0,110,1,n,4
717,I0717,1500,800,800,0.0,110,0,n,4
56,I0056,1500,800,800,1148.0,110,0,n,4
4762,I4762,1500,1000,800,1369.0,110,1,n,4
2618,I2618,1500,1000,800,0.0,110,1,n,4
1368,I1368,1500,800,800,1026.0,110,0,n,4
3806,I3806,1500,800,800,1370.0,110,0,n,4
2713,I2713,1500,800,800,907.0,110,0,n,4
4730,I4730,1500,800,800,0.0,110,0,n,4
1636,I1636,1500,800,800,0.0,110,0,n,4
1373,I1373,1500,800,800,0.0,110,0,n,4
898,I0898,1500,800,800,1020.0,110,0,n,4
1648,I1648,1500,800,800,882.0,110,0,n,4
2111,I2111,1500,800,800,820.0,110,0,n,4
3703,I3703,1500,1000,800,0.0,110,1,n,4
286,I0286,1500,800,800,0.0,110,0,n,4
2241,I2241,1500,800,800,1344.0,110,0,n,4
4830,I4830,1500,800,800,898.0,110,0,n,4
2167,I2167,1500,1000,800,1074.0,110,1,n,4
3167,I3167,1500,1000,800,0.0,110,1,n,4
1132,I1132,1500,1000,800,0.0,110,1,n,4
3409,I3409,1500,1000,800,0.0,110,1,n,4
110,I0110,1500,800,800,1359.0,110,0,n,4
3421,I3421,1500,1000,800,1036.0,110,1,n,4
2298,I2298,1500,800,800,1105.0,110,0,n,4
2638,I2638,1500,800,800,1192.0,110,0,n,4
1853,I1853,1500,1000,800,770.0,110,1,n,4
2677,I2677,1500,800,800,0.0,110,0,n,4
2017,I2017,1500,800,800,0.0,110,0,n,4
675,I0675,1500,800,800,0.0,110,0,n,4
692,I0692,1500,1000,800,0.0,110,1,n,4
4824,I4824,1500,1000,800,1142.0,110,1,n,4
4313,I4313,1500,1000,800,0.0,110,1,n,4
3834,I3834,1500,800,800,1115.0,110,0,n,4
4506,I4506,1500,800,800,0.0,110,0,n,4
3927,I3927,1500,800,800,976.0,110,0,n,4
4343,I4343,1500,1000,800,0.0,110,1,n,4
3845,I3845,1500,1000,800,1135.0,110,1,n,4
1489,I1489,1500,1000,800,0.0,110,1,n,4
4412,I4412,1500,800,800,1095.0,110,0,n,4
3476,I3476,1500,800,800,0.0,110,0,n,4
3011,I3011,1500,800,800,0.0,110,0,n,4
776,I0776,1500,800,800,1193.0,110,0,n,4
2309,I2309,1500,800,800,1150.0,110,0,n,4
2689,I2689,1500,800,800,1109.0,110,0,n,4
3785,I3785,1500,800,800,0.0,110,0,n,4
3440,I3440,1500,800,800,0.0,110,0,n,4
2717,I2717,1500,1000,800,1482.0,110,1,n,4
3417,I3417,1500,800,800,0.0,110,0,n,4
3500,I3500,1500,1000,800,870.0,110,1,n,4
4384,I4384,1500,800,800,1127.0,110,0,n,4
2656,I2656,1500,800,800,1393.0,110,0,n,4
1465,I1465,1500,1000,800,0.0,110,1,n,4
751,I0751,1500,800,800,0.0,110,0,n,4
2831,I2831,1500,800,800,0.0,110,0,n,4
1692,I1692,1500,800,800,1409.0,110,0,n,4
3762,I3762,1500,800,800,0.0,110,0,n,4
1509,I1509,1500,800,800,1022.0,110,0,n,4
2388,I2388,1500,1000,800,1082.0,110,1,n,4
4480,I4480,1500,1000,800,1244.0,110,1,n,4
1349,I1349,1500,800,800,0.0,110,0,n,4
4942,I4942,1500,800,800,986.0,110,0,n,4
343,I0343,1500,800,800,1250.0,110,0,n,4
957,I0957,1500,800,800,1077.0,110,0,n,4
3317,I3317,1500,1000,800,0.0,110,1,n,4
4012,I4012,1500,1000,800,0.0,110,1,n,4
1318,I1318,1500,800,800,1328.0,110,0,n,4
2957,I2957,1500,800,800,0.0,110,0,n,4
429,I0429,1500,800,800,0.0,110,0,n,4
3722,I3722,1500,800,800,1050.0,110,0,n,4
2313,I2313,1500,800,800,1409.0,110,0,n,4
4014,I4014,1500,800,800,959.0,110,0,n,4
469,I0469,1500,800,800,987.0,110,0,n,4
4167,I4167,1500,1000,800,0.0,110,1,n,4
883,I0883,1500,1000,800,1493.0,110,1,n,4
619,I0619,1500,800,800,0.0,110,0,n,4
1184,I1184,1500,1000,800,0.0,110,1,n,4
2371,I2371,1500,1000,800,0.0,110,1,n,4
2205,I2205,1500,1000,800,0.0,110,1,n,4
1884,I1884,1500,1000,800,1266.0,110,1,n,4
686,I0686,1500,800,800,0.0,110,0,n,4
3954,I3954,1500,1000,800,0.0,110,1,n,4
4247,I4247,1500,1000,800,991.0,110,1,n,4
4325,I4325,1500,800,800,0.0,110,0,n,4
388,I0388,1500,800,800,0.0,110,0,n,4
351,I0351,1500,1000,800,987.0,110,1,n,4
3642,I3642,1500,1000,800,1183.0,110,1,n,4
1430,I1430,1500,800,800,0.0,110,0,n,4
1095,I1095,1500,1000,800,955.0,110,1,n,4
2367,I2367,1500,1000,800,0.0,110,1,n,4
3169,I3169,1500,800,800,827.0,110,0,n,4
2340,I2340,1500,800,800,0.0,110,0,n,4
2233,I2233,1500,1000,800,1451.0,110,1,n,4
174,I0174,1500,800,800,1334.0,110,0,n,4
4468,I4468,1500,1000,800,0.0,110,1,n,4
281,I0281,1500,1000,800,893.0,110,1,n,4
3880,I3880,1500,1000,800,0.0,110,1,n,4
3552,I3552,1500,1000,800,1272.0,110,1,n,4
2409,I2409,1500,800,800,0.0,110,0,n,4
1342,I1342,1500,800,800,877.0,110,0,n,4
161,I0161,1500,800,800,0.0,110,0,n,4
3867,I3867,1500,800,800,932.0,110,0,n,4
3403,I3403,1500,800,800,974.0,110,0,n,4
4162,I4162,1500,1000,800,1456.0,110,1,n,4
4707,I4707,1500,800,800,1051.0,110,0,n,4
2608,I2608,1500,1000,800,960.0,110,1,n,4
1921,I1921,1500,800,800,729.0,110,0,n,4
1986,I1986,1500,800,800,0.0,110,0,n,4
1492,I1492,1500,1000,800,1319.0,110,1,n,4
1319,I1319,1500,1000,800,1478.0,110,1,n,4
1965,I1965,1500,1000,800,0.0,110,1,n,4
3622,I3622,1500,800,800,946.0,110,0,n,4
3786,I3786,1500,1000,800,0.0,110,1,n,4
257,I0257,1500,800,800,1231.0,110,0,n,4
1603,I1603,1500,800,800,0.0,110,0,n,4
944,I0944,1500,1000,800,1082.0,110,1,n,4
814,I0814,1500,1000,800,1256.0,110,1,n,4
1466,I1466,1500,800,800,0.0,110,0,n,4
3460,I3460,1500,800,800,834.0,110,0,n,4
213,I0213,1500,800,800,1376.0,110,0,n,4
1301,I1301,1500,1000,800,0.0,110,1,n,4
253,I0253,1500,1000,800,779.0,110,1,n,4
212,I0212,1500,1000,800,1246.0,110,1,n,4
3815,I3815,1500,800,800,1104.0,110,0,n,4
1258,I1258,1500,1000,800,1283.0,110,1,n,4
3650,I3650,1500,1000,800,0.0,110,1,n,4
82,I0082,1500,800,800,1021.0,110,0,n,4
2565,I2565,1500,1000,800,780.0,110,1,n,4
1261,I1261,1500,1000,800,1496.0,110,1,n,4
3086,I3086,1500,800,800,1356.0,110,0,n,4
4640,I4640,1500,800,800,1403.0,110,0,n,4
1687,I1687,1500,1000,800,1003.0,110,1,n,4
3930,I3930,1500,800,800,0.0,110,0,n,4
815,I0815,1500,1000,800,1371.0,110,1,n,4
1078,I1078,1500,1000,800,0.0,110,1,n,4
2212,I2212,1500,1000,800,1529.0,110,1,n,4
4144,I4144,1500,800,800,994.0,110,0,n,4
3286,I3286,1500,800,800,860.0,110,0,n,4
3768,I3768,1500,1000,800,1178.0,110,1,n,4
1867,I1867,1500,1000,800,1041.0,110,1,n,4
3350,I3350,1500,1000,800,1006.0,110,1,n,4
4963,I4963,1500,800,800,0.0,110,0,n,4
2778,I2778,1500,800,800,0.0,110,0,n,4
2737,I2737,1500,1000,800,1142.0,110,1,n,4
2862,I2862,1500,1000,800,0.0,110,1,n,4
4846,I4846,1500,1000,800,1306.0,110,1,n,4
4914,I4914,1500,800,800,0.0,110,0,n,4
1084,I1084,1500,800,800,962.0,110,0,n,4
3176,I3176,1500,800,800,1175.0,110,0,n,4
3431,I3431,1500,800,800,0.0,110,0,n,4
3707,I3707,1500,800,800,0.0,110,0,n,4
2463,I2463,1500,800,800,0.0,110,0,n,4
3559,I3559,1500,1000,800,0.0,110,1,n,4
1169,I1169,1500,800,800,1135.0,110,0,n,4
399,I0399,1500,800,800,1310.0,110,0,n,4
3529,I3529,1500,1000,800,1359.0,110,1,n,4
2798,I2798,1500,1000,800,1347.0,110,1,n,4
873,I0873,1500,800,800,1443.0,110,0,n,4
2923,I2923,1500,800,800,1569.0,110,0,n,4
3569,I3569,1500,800,800,0.0,110,0,n,4
4022,I4022,1500,800,800,0.0,110,0,n,4
3291,I3291,1500,1000,800,0.0,110,1,n,4
3138,I3138,1500,800,800,1007.0,110,0,n,4
4627,I4627,1500,1000,800,1002.0,110,1,n,4
612,I0612,1500,1000,800,1024.0,110,1,n,4
1273,I1273,1500,1000,800,0.0,110,1,n,4
2323,I2323,1500,1000,800,0.0,110,1,n,4
487,I0487,1500,800,800,1285.0,110,0,n,4
4686,I4686,1500,800,800,0.0,110,0,n,4
298,I0298,1500,800,800,1093.0,110,0,n,4
4098,I4098,1500,800,800,1505.0,110,0,n,4
1352,I1352,1500,800,800,1375.0,110,0,n,4
902,I0902,1500,800,800,0.0,110,0,n,4
4032,I4032,1500,800,800,1064.0,110,0,n,4
958,I0958,1500,1000,800,0.0,110,1,n,4
1340,I1340,1500,1000,800,1137.0,110,1,n,4
3354,I3354,1500,1000,800,1107.0,110,1,n,4
2767,I2767,1500,800,800,0.0,110,0,n,4
2166,I2166,1500,800,800,1012.0,110,0,n,4
1472,I1472,1500,800,800,0.0,110,0,n,4
4967,I4967,1500,1000,800,0.0,110,1,n,4
456,I0456,1500,800,800,0.0,110,0,n,4
2667,I2667,1500,800,800,0.0,110,0,n,4
1217,I1217,1500,1000,800,1087.0,110,1,n,4
3688,I3688,1500,800,800,1113.0,110,0,n,4
2256,I2256,1500,800,800,0.0,110,0,n,4
2625,I2625,1500,1000,800,854.0,110,1,n,4
4763,I4763,1500,800,800,0.0,110,0,n,4
4226,I4226,1500,1000,800,0.0,110,1,n,4
4001,I4001,1500,1000,800,0.0,110,1,n,4
1220,I1220,1500,1000,800,0.0,110,1,n,4
4335,I4335,1500,1000,800,0.0,110,1,n,4
3249,I3249,1500,800,800,998.0,110,0,n,4
2930,I2930,1500,1000,800,0.0,110,1,n,4
4489,I4489,1500,800,800,0.0,110,0,n,4
2657,I2657,1500,1000,800,0.0,110,1,n,4
4946,I4946,1500,1000,800,0.0,110,1,n,4
1474,I1474,1500,800,800,1481.0,110,0,n,4
4888,I4888,1500,800,800,1014.0,110,0,n,4
3059,I3059,1500,1000,800,0.0,110,1,n,4
4084,I4084,1500,800,800,1045.0,110,0,n,4
3096,I3096,1500,1000,800,1385.0,110,1,n,4
2039,I2039,1500,800,800,1317.0,110,0,n,4
4230,I4230,1500,800,800,0.0,110,0,n,4
2794,I2794,1500,800,800,974.0,110,0,n,4
3242,I3242,1500,800,800,0.0,110,0,n,4
3802,I3802,1500,1000,800,0.0,110,1,n,4
3558,I3558,1500,800,800,1068.0,110,0,n,4
3368,I3368,1500,1000,800,1550.0,110,1,n,4
148,I0148,1500,1000,800,0.0,110,1,n,4
4901,I4901,1500,800,800,0.0,110,0,n,4
3191,I3191,1500,1000,800,0.0,110,1,n,4
875,I0875,1500,800,800,0.0,110,0,n,4
639,I0639,1500,1000,800,1589.0,110,1,n,4
2052,I2052,1500,1000,800,1416.0,110,1,n,4
2999,I2999,1500,800,800,0.0,110,0,n,4
2820,I2820,1500,800,800,0.0,110,0,n,4
2922,I2922,1500,800,800,0.0,110,0,n,4
3405,I3405,1500,1000,800,918.0,110,1,n,4
4353,I4353,1500,800,800,1378.0,110,0,n,4
3508,I3508,1500,1000,800,950.0,110,1,n,4
4418,I4418,1500,800,800,953.0,110,0,n,4
863,I0863,1500,800,800,1225.0,110,0,n,4
2662,I2662,1500,1000,800,1100.0,110,1,n,4
3527,I3527,1500,800,800,1183.0,110,0,n,4
404,I0404,1500,1000,800,0.0,110,1,n,4
2018,I2018,1500,1000,800,0.0,110,1,n,4
2620,I2620,1500,800,800,1336.0,110,0,n,4
1989,I1989,1500,800,800,1123.0,110,0,n,4
4490,I4490,1500,800,800,0.0,110,0,n,4
4492,I4492,1500,800,800,0.0,110,0,n,4
2803,I2803,1500,1000,800,1265.0,110,1,n,4
2046,I2046,1500,1000,800,0.0,110,1,n,4
218,I0218,1500,800,800,0.0,110,0,n,4
4463,I4463,1500,1000,800,1437.0,110,1,n,4
2945,I2945,1500,800,800,0.0,110,0,n,4
718,I0718,1500,1000,800,1002.0,110,1,n,4
2624,I2624,1500,800,800,1258.0,110,0,n,4
1338,I1338,1500,1000,800,0.0,110,1,n,4
3639,I3639,1500,1000,800,0.0,110,1,n,4
412,I0412,1500,1000,800,949.0,110,1,n,4
687,I0687,1500,800,800,0.0,110,0,n,4
1716,I1716,1500,1000,800,0.0,110,1,n,4
3656,I3656,1500,1000,800,1549.0,110,1,n,4
3560,I3560,1500,1000,800,1040.0,110,1,n,4
2539,I2539,1500,800,800,1094.0,110,0,n,4
291,I0291,1500,800,800,0.0,110,0,n,4
3070,I3070,1500,800,800,1027.0,110,0,n,4
4557,I4557,1500,1000,800,1371.0,110,1,n,4
3133,I3133,1500,1000,800,1372.0,110,1,n,4
719,I0719,1500,800,800,0.0,110,0,n,4
2736,I2736,1500,800,800,0.0,110,0,n,4
4584,I4584,1500,800,800,0.0,110,0,n,4
398,I0398,1500,800,800,798.0,110,0,n,4
2489,I2489,1500,1000,800,0.0,110,1,n,4
1153,I1153,1500,800,800,0.0,110,0,n,4
4567,I4567,1500,1000,800,0.0,110,1,n,4
3003,I3003,1500,800,800,1011.0,110,0,n,4
4799,I4799,1500,1000,800,0.0,110,1,n,4
164,I0164,1500,800,800,911.0,110,0,n,4
307,I0307,1500,800,800,996.0,110,0,n,4
539,I0539,1500,1000,800,0.0,110,1,n,4
2317,I2317,1500,1000,800,0.0,110,1,n,4
1066,I1066,1500,1000,800,1229.0,110,1,n,4
3493,I3493,1500,800,800,1560.0,110,0,n,4
3075,I3075,1500,800,800,1535.0,110,0,n,4
2865,I2865,1500,1000,800,888.0,110,1,n,4
1086,I1086,1500,800,800,0.0,110,0,n,4
1624,I1624,1500,800,800,0.0,110,0,n,4
2895,I2895,1500,800,800,0.0,110,0,n,4
417,I0417,1500,800,800,854.0,110,0,n,4
1806,I1806,1500,800,800,1083.0,110,0,n,4
4275,I4275,1500,1000,800,1384.0,110,1,n,4
4214,I4214,1500,800,800,0.0,110,0,n,4
3173,I3173,1500,800,800,0.0,110,0,n,4
3058,I3058,1500,800,800,1407.0,110,0,n,4
4731,I4731,1500,1000,800,0.0,110,1,n,4
2069,I2069,1500,800,800,0.0,110,0,n,4
949,I0949,1500,800,800,925.0,110,0,n,4
2872,I2872,1500,800,800,1099.0,110,0,n,4
4966,I4966,1500,1000,800,0.0,110,1,n,4
4452,I4452,1500,800,800,1358.0,110,0,n,4
2299,I2299,1500,800,800,1081.0,110,0,n,4
3023,I3023,1500,800,800,1123.0,110,0,n,4
4033,I4033,1500,800,800,877.0,110,0,n,4
4213,I4213,1500,800,800,0.0,110,0,n,4
4633,I4633,1500,800,800,1027.0,110,0,n,4
1969,I1969,1500,800,800,1102.0,110,0,n,4
330,I0330,1500,800,800,858.0,110,0,n,4
2326,I2326,1500,800,800,0.0,110,0,n,4
2239,I2239,1500,800,800,1166.0,110,0,n,4
1182,I1182,1500,1000,800,0.0,110,1,n,4
356,I0356,1500,1000,800,0.0,110,1,n,4
2353,I2353,1500,800,800,1194.0,110,0,n,4
779,I0779,1500,1000,800,0.0,110,1,n,4
640,I0640,1500,800,800,0.0,110,0,n,4
1788,I1788,1500,800,800,1492.0,110,0,n,4
1411,I1411,1500,1000,800,1403.0,110,1,n,4
2621,I2621,1500,800,800,1093.0,110,0,n,4
3380,I3380,1500,1000,800,0.0,110,1,n,4
2556,I2556,1500,1000,800,0.0,110,1,n,4
1497,I1497,1500,800,800,0.0,110,0,n,4
1401,I1401,1500,1000,800,1238.0,110,1,n,4
3282,I3282,1500,800,800,1537.0,110,0,n,4
473,I0473,1500,1000,800,1205.0,110,1,n,4
2,I0002,1500,800,800,0.0,110,0,n,4
4605,I4605,1500,800,800,1085.0,110,0,n,4
3104,I3104,1500,800,800,0.0,110,0,n,4
4101,I4101,1500,1000,800,0.0,110,1,n,4
1228,I1228,1500,1000,800,0.0,110,1,n,4
2440,I2440,1500,1000,800,1002.0,110,1,n,4
1770,I1770,1500,1000,800,1522.0,110,1,n,4
3089,I3089,1500,800,800,0.0,110,0,n,4
672,I0672,1500,800,800,894.0,110,0,n,4
71,I0071,1500,1000,800,1090.0,110,1,n,4
3123,I3123,1500,800,800,0.0,110,0,n,4
2426,I2426,1500,800,800,0.0,110,0,n,4
1708,I1708,1500,1000,800,0.0,110,1,n,4
4652,I4652,1500,1000,800,748.0,110,1,n,4
4750,I4750,1500,800,800,0.0,110,0,n,4
2613,I2613,1500,800,800,1112.0,110,0,n,4
1233,I1233,1500,800,800,1080.0,110,0,n,4
2029,I2029,1500,1000,800,1405.0,110,1,n,4
688,I0688,1500,800,800,0.0,110,0,n,4
3629,I3629,1500,1000,800,1142.0,110,1,n,4
3253,I3253,1500,800,800,1093.0,110,0,n,4
2837,I2837,1500,800,800,0.0,110,0,n,4
2407,I2407,1500,1000,800,1122.0,110,1,n,4
2861,I2861,1500,800,800,1012.0,110,0,n,4
2908,I2908,1500,800,800,0.0,110,0,n,4
1080,I1080,1500,1000,800,1111.0,110,1,n,4
4752,I4752,1500,800,800,1033.0,110,0,n,4
3329,I3329,1500,800,800,0.0,110,0,n,4
269,I0269,1500,800,800,0.0,110,0,n,4
238,I0238,1500,800,800,0.0,110,0,n,4
2898,I2898,1500,1000,800,0.0,110,1,n,4
2829,I2829,1500,800,800,935.0,110,0,n,4
2253,I2253,1500,1000,800,1148.0,110,1,n,4
153,I0153,1500,1000,800,1529.0,110,1,n,4
784,I0784,1500,800,800,0.0,110,0,n,4
2428,I2428,1500,1000,800,1420.0,110,1,n,4
2384,I2384,1500,1000,800,0.0,110,1,n,4
2567,I2567,1500,1000,800,0.0,110,1,n,4
490,I0490,1500,1000,800,1472.0,110,1,n,4
48,I0048,1500,800,800,958.0,110,0,n,4
3945,I3945,1500,800,800,0.0,110,0,n,4
1802,I1802,1500,800,800,0.0,110,0,n,4
3331,I3331,1500,1000,800,0.0,110,1,n,4
268,I0268,1500,800,800,1387.0,110,0,n,4
2337,I2337,1500,1000,800,0.0,110,1,n,4
3202,I3202,1500,1000,800,1115.0,110,1,n,4
1711,I1711,1500,1000,800,1191.0,110,1,n,4
1531,I1531,1500,800,800,1427.0,110,0,n,4
4513,I4513,1500,800,800,1511.0,110,0,n,4
1916,I1916,1500,800,800,1335.0,110,0,n,4
3952,I3952,1500,1000,800,0.0,110,1,n,4
3402,I3402,1500,800,800,0.0,110,0,n,4
3965,I3965,1500,800,800,1012.0,110,0,n,4
4688,I4688,1500,800,800,0.0,110,0,n,4
2584,I2584,1500,1000,800,1264.0,110,1,n,4
2520,I2520,1500,800,800,996.0,110,0,n,4
4540,I4540,1500,800,800,0.0,110,0,n,4
2998,I2998,1500,1000,800,1043.0,110,1,n,4
3387,I3387,1500,800,800,0.0,110,0,n,4
3857,I3857,1500,1000,800,952.0,110,1,n,4
4087,I4087,1500,800,800,0.0,110,0,n,4
4641,I4641,1500,1000,800,0.0,110,1,n,4
3356,I3356,1500,800,800,991.0,110,0,n,4
3426,I3426,1500,1000,800,0.0,110,1,n,4
4099,I4099,1500,1000,800,0.0,110,1,n,4
2213,I2213,1500,1000,800,1479.0,110,1,n,4
1138,I1138,1500,1000,800,1449.0,110,1,n,4
562,I0562,1500,800,800,1318.0,110,0,n,4
1330,I1330,1500,800,800,1251.0,110,0,n,4
4925,I4925,1500,800,800,0.0,110,0,n,4
2845,I2845,1500,1000,800,1326.0,110,1,n,4
2376,I2376,1500,1000,800,1074.0,110,1,n,4
2195,I2195,1500,1000,800,0.0,110,1,n,4
2406,I2406,1500,800,800,0.0,110,0,n,4
536,I0536,1500,1000,800,1540.0,110,1,n,4
3637,I3637,1500,1000,800,1441.0,110,1,n,4
2826,I2826,1500,1000,800,840.0,110,1,n,4
2827,I2827,1500,800,800,0.0,110,0,n,4
733,I0733,1500,1000,800,0.0,110,1,n,4
846,I0846,1500,800,800,0.0,110,0,n,4
3940,I3940,1500,1000,800,0.0,110,1,n,4
4136,I4136,1500,800,800,0.0,110,0,n,4
3047,I3047,1500,1000,800,1304.0,110,1,n,4
3947,I3947,1500,1000,800,0.0,110,1,n,4
4530,I4530,1500,800,800,1283.0,110,0,n,4
4467,I4467,1500,1000,800,0.0,110,1,n,4
2726,I2726,1500,800,800,0.0,110,0,n,4
2531,I2531,1500,1000,800,1505.0,110,1,n,4
4426,I4426,1500,800,800,1487.0,110,0,n,4
3873,I3873,1500,1000,800,712.0,110,1,n,4
2082,I2082,1500,1000,800,877.0,110,1,n,4
4194,I4194,1500,800,800,987.0,110,0,n,4
965,I0965,1500,800,800,0.0,110,0,n,4
1475,I1475,1500,800,800,1253.0,110,0,n,4
2983,I2983,1500,1000,800,1213.0,110,1,n,4
4406,I4406,1500,1000,800,0.0,110,1,n,4
979,I0979,1500,1000,800,0.0,110,1,n,4
4207,I4207,1500,1000,800,0.0,110,1,n,4
3121,I3121,1500,800,800,0.0,110,0,n,4
4979,I4979,1500,1000,800,1101.0,110,1,n,4
2627,I2627,1500,800,800,858.0,110,0,n,4
1108,I1108,1500,1000,800,825.0,110,1,n,4
3905,I3905,1500,800,800,0.0,110,0,n,4
704,I0704,1500,1000,800,1465.0,110,1,n,4
2858,I2858,1500,1000,800,0.0,110,1,n,4
624,I0624,1500,1000,800,879.0,110,1,n,4
2184,I2184,1500,1000,800,1486.0,110,1,n,4
1621,I1621,1500,800,800,1445.0,110,0,n,4
3736,I3736,1500,800,800,0.0,110,0,n,4
2791,I2791,1500,1000,800,1107.0,110,1,n,4
511,I0511,1500,800,800,1210.0,110,0,n,4
4356,I4356,1500,1000,800,1105.0,110,1,n,4
2142,I2142,1500,800,800,0.0,110,0,n,4
4026,I4026,1500,1000,800,0.0,110,1,n,4
2357,I2357,1500,800,800,1322.0,110,0,n,4
4696,I4696,1500,1000,800,1156.0,110,1,n,4
4777,I4777,1500,1000,800,814.0,110,1,n,4
449,I0449,1500,1000,800,1055.0,110,1,n,4
2404,I2404,1500,800,800,890.0,110,0,n,4
4434,I4434,1500,800,800,1459.0,110,0,n,4
742,I0742,1500,800,800,929.0,110,0,n,4
2211,I2211,1500,800,800,0.0,110,0,n,4
1996,I1996,1500,800,800,962.0,110,0,n,4
3784,I3784,1500,800,800,0.0,110,0,n,4
2685,I2685,1500,1000,800,1442.0,110,1,n,4
1241,I1241,1500,800,800,1433.0,110,0,n,4
4048,I4048,1500,1000,800,1315.0,110,1,n,4
229,I0229,1500,800,800,874.0,110,0,n,4
991,I0991,1500,1000,800,1090.0,110,1,n,4
3262,I3262,1500,1000,800,1366.0,110,1,n,4
715,I0715,1500,800,800,0.0,110,0,n,4
184,I0184,1500,800,800,1086.0,110,0,n,4
1545,I1545,1500,1000,800,0.0,110,1,n,4
1907,I1907,1500,800,800,1021.0,110,0,n,4
2116,I2116,1500,800,800,1095.0,110,0,n,4
3998,I3998,1500,1000,800,1368.0,110,1,n,4
1631,I1631,1500,1000,800,0.0,110,1,n,4
2654,I2654,1500,1000,800,1380.0,110,1,n,4
645,I0645,1500,800,800,933.0,110,0,n,4
4685,I4685,1500,800,800,1005.0,110,0,n,4
435,I0435,1500,1000,800,1189.0,110,1,n,4
1171,I1171,1500,800,800,0.0,110,0,n,4
237,I0237,1500,1000,800,1155.0,110,1,n,4
3951,I3951,1500,1000,800,0.0,110,1,n,4
1434,I1434,1500,1000,800,0.0,110,1,n,4
171,I0171,1500,1000,800,0.0,110,1,n,4
4169,I4169,1500,800,800,1543.0,110,0,n,4
1371,I1371,1500,800,800,0.0,110,0,n,4
3397,I3397,1500,800,800,0.0,110,0,n,4
3795,I3795,1500,800,800,1464.0,110,0,n,4
2141,I2141,1500,800,800,0.0,110,0,n,4
4503,I4503,1500,800,800,0.0,110,0,n,4
4250,I4250,1500,800,800,942.0,110,0,n,4
3290,I3290,1500,800,800,1478.0,110,0,n,4
3134,I3134,1500,800,800,0.0,110,0,n,4
2966,I2966,1500,800,800,1500.0,110,0,n,4
468,I0468,1500,800,800,990.0,110,0,n,4
651,I0651,1500,800,800,1144.0,110,0,n,4
271,I0271,1500,800,800,1006.0,110,0,n,4
4367,I4367,1500,1000,800,1089.0,110,1,n,4
4614,I4614,1500,800,800,1006.0,110,0,n,4
461,I0461,1500,1000,800,0.0,110,1,n,4
400,I0400,1500,800,800,1136.0,110,0,n,4
2411,I2411,1500,1000,800,1081.0,110,1,n,4
2040,I2040,1500,1000,800,1238.0,110,1,n,4
3062,I3062,1500,1000,800,0.0,110,1,n,4
2303,I2303,1500,1000,800,1368.0,110,1,n,4
1351,I1351,1500,800,800,1260.0,110,0,n,4
1256,I1256,1500,800,800,0.0,110,0,n,4
852,I0852,1500,800,800,1185.0,110,0,n,4
2612,I2612,1500,800,800,1291.0,110,0,n,4
1697,I1697,1500,800,800,0.0,110,0,n,4
3661,I3661,1500,800,800,1348.0,110,0,n,4
1845,I1845,1500,800,800,1166.0,110,0,n,4
1341,I1341,1500,800,800,0.0,110,0,n,4
2816,I2816,1500,800,800,1325.0,110,0,n,4
3064,I3064,1500,800,800,0.0,110,0,n,4
1593,I1593,1500,1000,800,1257.0,110,1,n,4
743,I0743,1500,1000,800,0.0,110,1,n,4
4062,I4062,1500,1000,800,1117.0,110,1,n,4
797,I0797,1500,1000,800,0.0,110,1,n,4
1224,I1224,1500,800,800,0.0,110,0,n,4
4333,I4333,1500,800,800,0.0,110,0,n,4
41,I0041,1500,1000,800,1142.0,110,1,n,4
598,I0598,1500,800,800,1215.0,110,0,n,4
631,I0631,1500,1000,800,0.0,110,1,n,4
646,I0646,1500,1000,800,912.0,110,1,n,4
362,I0362,1500,800,800,1256.0,110,0,n,4
2992,I2992,1500,800,800,0.0,110,0,n,4
3928,I3928,1500,1000,800,0.0,110,1,n,4
1800,I1800,1500,1000,800,0.0,110,1,n,4
2607,I2607,1500,1000,800,0.0,110,1,n,4
771,I0771,1500,800,800,1195.0,110,0,n,4
4654,I4654,1500,800,800,1279.0,110,0,n,4
956,I0956,1500,1000,800,1537.0,110,1,n,4
1968,I1968,1500,800,800,0.0,110,0,n,4
1062,I1062,1500,800,800,0.0,110,0,n,4
310,I0310,1500,1000,800,1387.0,110,1,n,4
2732,I2732,1500,800,800,969.0,110,0,n,4
2909,I2909,1500,1000,800,1324.0,110,1,n,4
381,I0381,1500,1000,800,0.0,110,1,n,4
950,I0950,1500,1000,800,0.0,110,1,n,4
4477,I4477,1500,800,800,1154.0,110,0,n,4
92,I0092,1500,1000,800,0.0,110,1,n,4
769,I0769,1500,1000,800,0.0,110,1,n,4
2684,I2684,1500,800,800,1113.0,110,0,n,4
2464,I2464,1500,1000,800,0.0,110,1,n,4
555,I0555,1500,800,800,0.0,110,0,n,4
3271,I3271,1500,1000,800,1137.0,110,1,n,4
254,I0254,1500,1000,800,1001.0,110,1,n,4
654,I0654,1500,800,800,1557.0,110,0,n,4
1249,I1249,1500,1000,800,1289.0,110,1,n,4
2974,I2974,1500,800,800,1091.0,110,0,n,4
755,I0755,1500,1000,800,0.0,110,1,n,4
3858,I3858,1500,1000,800,988.0,110,1,n,4
772,I0772,1500,800,800,876.0,110,0,n,4
1247,I1247,1500,1000,800,1439.0,110,1,n,4
2530,I2530,1500,800,800,0.0,110,0,n,4
3025,I3025,1500,800,800,1211.0,110,0,n,4
1280,I1280,1500,800,800,0.0,110,0,n,4
1400,I1400,1500,800,800,1566.0,110,0,n,4
1952,I1952,1500,800,800,0.0,110,0,n,4
1784,I1784,1500,1000,800,858.0,110,1,n,4
3787,I3787,1500,1000,800,970.0,110,1,n,4
3541,I3541,1500,800,800,739.0,110,0,n,4
774,I0774,1500,800,800,1132.0,110,0,n,4
824,I0824,1500,1000,800,0.0,110,1,n,4
1339,I1339,1500,1000,800,0.0,110,1,n,4
3391,I3391,1500,1000,800,1513.0,110,1,n,4
273,I0273,1500,800,800,0.0,110,0,n,4
3896,I3896,1500,800,800,0.0,110,0,n,4
4083,I4083,1500,1000,800,0.0,110,1,n,4
4448,I4448,1500,1000,800,0.0,110,1,n,4
2350,I2350,1500,1000,800,1258.0,110,1,n,4
3973,I3973,1500,1000,800,0.0,110,1,n,4
3211,I3211,1500,800,800,0.0,110,0,n,4
2863,I2863,1500,800,800,0.0,110,0,n,4
3730,I3730,1500,1000,800,0.0,110,1,n,4
4380,I4380,1500,800,800,0.0,110,0,n,4
1306,I1306,1500,800,800,1115.0,110,0,n,4
252,I0252,1500,800,800,1280.0,110,0,n,4
919,I0919,1500,1000,800,0.0,110,1,n,4
3451,I3451,1500,1000,800,1463.0,110,1,n,4
1427,I1427,1500,800,800,0.0,110,0,n,4
3433,I3433,1500,1000,800,0.0,110,1,n,4
4067,I4067,1500,800,800,0.0,110,0,n,4
2262,I2262,1500,800,800,1200.0,110,0,n,4
2315,I2315,1500,800,800,909.0,110,0,n,4
3416,I3416,1500,800,800,0.0,110,0,n,4
2285,I2285,1500,1000,800,0.0,110,1,n,4
3221,I3221,1500,800,800,0.0,110,0,n,4
1699,I1699,1500,1000,800,0.0,110,1,n,4
3912,I3912,1500,1000,800,966.0,110,1,n,4
1904,I1904,1500,800,800,1326.0,110,0,n,4
77,I0077,1500,1000,800,1483.0,110,1,n,4
3280,I3280,1500,1000,800,980.0,110,1,n,4
1909,I1909,1500,1000,800,0.0,110,1,n,4
1515,I1515,1500,800,800,1143.0,110,0,n,4
4553,I4553,1500,800,800,679.0,110,0,n,4
4645,I4645,1500,800,800,1158.0,110,0,n,4
2119,I2119,1500,800,800,0.0,110,0,n,4
2885,I2885,1500,1000,800,0.0,110,1,n,4
2766,I2766,1500,1000,800,0.0,110,1,n,4
3382,I3382,1500,800,800,0.0,110,0,n,4
3674,I3674,1500,1000,800,1139.0,110,1,n,4
2458,I2458,1500,800,800,1046.0,110,0,n,4
4102,I4102,1500,1000,800,836.0,110,1,n,4
4708,I4708,1500,800,800,0.0,110,0,n,4
204,I0204,1500,1000,800,0.0,110,1,n,4
1754,I1754,1500,1000,800,0.0,110,1,n,4
3682,I3682,1500,1000,800,0.0,110,1,n,4
4811,I4811,1500,1000,800,0.0,110,1,n,4
1643,I1643,1500,800,800,916.0,110,0,n,4
2600,I2600,1500,1000,800,1528.0,110,1,n,4
2812,I2812,1500,1000,800,0.0,110,1,n,4
4591,I4591,1500,1000,800,1028.0,110,1,n,4
365,I0365,1500,800,800,1156.0,110,0,n,4
3490,I3490,1500,800,800,1467.0,110,0,n,4
1463,I1463,1500,800,800,1295.0,110,0,n,4
197,I0197,1500,800,800,0.0,110,0,n,4
3092,I3092,1500,1000,800,1289.0,110,1,n,4
3882,I3882,1500,800,800,1096.0,110,0,n,4
31,I0031,1500,800,800,1223.0,110,0,n,4
3992,I3992,1500,800,800,0.0,110,0,n,4
3227,I3227,1500,800,800,941.0,110,0,n,4
927,I0927,1500,800,800,1479.0,110,0,n,4
4949,I4949,1500,800,800,0.0,110,0,n,4
3903,I3903,1500,800,800,0.0,110,0,n,4
2755,I2755,1500,1000,800,1024.0,110,1,n,4
3553,I3553,1500,800,800,0.0,110,0,n,4
2675,I2675,1500,800,800,1071.0,110,0,n,4
1896,I1896,1500,800,800,0.0,110,0,n,4
930,I0930,1500,1000,800,0.0,110,1,n,4
2170,I2170,1500,1000,800,0.0,110,1,n,4
4928,I4928,1500,800,800,1317.0,110,0,n,4
4751,I4751,1500,800,800,1304.0,110,0,n,4
70,I0070,1500,800,800,0.0,110,0,n,4
3240,I3240,1500,800,800,1435.0,110,0,n,4
1925,I1925,1500,1000,800,801.0,110,1,n,4
910,I0910,1500,1000,800,957.0,110,1,n,4
1077,I1077,1500,800,800,958.0,110,0,n,4
1304,I1304,1500,800,800,0.0,110,0,n,4
2471,I2471,1500,800,800,1353.0,110,0,n,4
4529,I4529,1500,1000,800,1328.0,110,1,n,4
4874,I4874,1500,800,800,0.0,110,0,n,4
802,I0802,1500,1000,800,1157.0,110,1,n,4
2284,I2284,1500,800,800,0.0,110,0,n,4
2540,I2540,1500,1000,800,0.0,110,1,n,4
2810,I2810,1500,1000,800,0.0,110,1,n,4
671,I0671,1500,800,800,1072.0,110,0,n,4
516,I0516,1500,800,800,0.0,110,0,n,4
1959,I1959,1500,800,800,879.0,110,0,n,4
1206,I1206,1500,1000,800,0.0,110,1,n,4
4950,I4950,1500,800,800,0.0,110,0,n,4
2591,I2591,1500,1000,800,0.0,110,1,n,4
3425,I3425,1500,1000,800,0.0,110,1,n,4
1704,I1704,1500,800,800,1073.0,110,0,n,4
3323,I3323,1500,1000,800,1382.0,110,1,n,4
1235,I1235,1500,800,800,1495.0,110,0,n,4
3655,I3655,1500,1000,800,0.0,110,1,n,4
2226,I2226,1500,1000,800,734.0,110,1,n,4
666,I0666,1500,800,800,1082.0,110,0,n,4
1036,I1036,1500,1000,800,1542.0,110,1,n,4
3055,I3055,1500,1000,800,942.0,110,1,n,4
472,I0472,1500,800,800,1096.0,110,0,n,4
690,I0690,1500,800,800,0.0,110,0,n,4
3941,I3941,1500,1000,800,0.0,110,1,n,4
1313,I1313,1500,1000,800,884.0,110,1,n,4
4892,I4892,1500,800,800,0.0,110,0,n,4
139,I0139,1500,800,800,0.0,110,0,n,4
1691,I1691,1500,1000,800,1371.0,110,1,n,4
1869,I1869,1500,1000,800,1293.0,110,1,n,4
3120,I3120,1500,800,800,0.0,110,0,n,4
1137,I1137,1500,1000,800,1147.0,110,1,n,4
1311,I1311,1500,1000,800,0.0,110,1,n,4
616,I0616,1500,1000,800,995.0,110,1,n,4
3895,I3895,1500,1000,800,1023.0,110,1,n,4
4460,I4460,1500,1000,800,1329.0,110,1,n,4
4076,I4076,1500,1000,800,1094.0,110,1,n,4
663,I0663,1500,1000,800,0.0,110,1,n,4
537,I0537,1500,800,800,1077.0,110,0,n,4
3114,I3114,1500,1000,800,0.0,110,1,n,4
4609,I4609,1500,800,800,0.0,110,0,n,4
890,I0890,1500,800,800,1153.0,110,0,n,4
267,I0267,1500,1000,800,1359.0,110,1,n,4
611,I0611,1500,1000,800,1008.0,110,1,n,4
835,I0835,1500,1000,800,1207.0,110,1,n,4
4515,I4515,1500,1000,800,1265.0,110,1,n,4
1253,I1253,1500,800,800,1530.0,110,0,n,4
1165,I1165,1500,1000,800,0.0,110,1,n,4
603,I0603,1500,800,800,1239.0,110,0,n,4
4465,I4465,1500,800,800,1056.0,110,0,n,4
2397,I2397,1500,800,800,1149.0,110,0,n,4
564,I0564,1500,1000,800,1340.0,110,1,n,4
3113,I3113,1500,1000,800,1169.0,110,1,n,4
1014,I1014,1500,1000,800,0.0,110,1,n,4
4378,I4378,1500,800,800,0.0,110,0,n,4
4564,I4564,1500,1000,800,1478.0,110,1,n,4
2698,I2698,1500,800,800,1391.0,110,0,n,4
3158,I3158,1500,800,800,0.0,110,0,n,4
4906,I4906,1500,1000,800,1040.0,110,1,n,4
4104,I4104,1500,1000,800,969.0,110,1,n,4
552,I0552,1500,1000,800,1087.0,110,1,n,4
2640,I2640,1500,1000,800,0.0,110,1,n,4
3306,I3306,1500,800,800,0.0,110,0,n,4
4521,I4521,1500,800,800,920.0,110,0,n,4
1128,I1128,1500,800,800,0.0,110,0,n,4
1607,I1607,1500,800,800,1399.0,110,0,n,4
942,I0942,1500,1000,800,0.0,110,1,n,4
1408,I1408,1500,800,800,1010.0,110,0,n,4
1993,I1993,1500,800,800,891.0,110,0,n,4
2287,I2287,1500,800,800,1590.0,110,0,n,4
1156,I1156,1500,800,800,0.0,110,0,n,4
2005,I2005,1500,1000,800,0.0,110,1,n,4
1855,I1855,1500,800,800,0.0,110,0,n,4
4793,I4793,1500,1000,800,1383.0,110,1,n,4
1980,I1980,1500,800,800,0.0,110,0,n,4
4902,I4902,1500,800,800,1459.0,110,0,n,4
2465,I2465,1500,1000,800,0.0,110,1,n,4
749,I0749,1500,800,800,0.0,110,0,n,4
850,I0850,1500,1000,800,0.0,110,1,n,4
208,I0208,1500,800,800,0.0,110,0,n,4
83,I0083,1500,1000,800,0.0,110,1,n,4
1547,I1547,1500,1000,800,1194.0,110,1,n,4
2123,I2123,1500,1000,800,0.0,110,1,n,4
4829,I4829,1500,1000,800,1229.0,110,1,n,4
3069,I3069,1500,1000,800,0.0,110,1,n,4
1832,I1832,1500,800,800,0.0,110,0,n,4
3690,I3690,1500,800,800,1101.0,110,0,n,4
3201,I3201,1500,800,800,0.0,110,0,n,4
820,I0820,1500,1000,800,1338.0,110,1,n,4
4284,I4284,1500,1000,800,0.0,110,1,n,4
4362,I4362,1500,1000,800,860.0,110,1,n,4
2536,I2536,1500,800,800,1112.0,110,0,n,4
3679,I3679,1500,1000,800,1162.0,110,1,n,4
3801,I3801,1500,1000,800,0.0,110,1,n,4
3135,I3135,1500,1000,800,1034.0,110,1,n,4
3609,I3609,1500,1000,800,1069.0,110,1,n,4
1413,I1413,1500,800,800,0.0,110,0,n,4
63,I0063,1500,800,800,1554.0,110,0,n,4
2839,I2839,1500,800,800,0.0,110,0,n,4
2047,I2047,1500,1000,800,0.0,110,1,n,4
1581,I1581,1500,1000,800,997.0,110,1,n,4
572,I0572,1500,800,800,1408.0,110,0,n,4
3506,I3506,1500,1000,800,0.0,110,1,n,4
1612,I1612,1500,1000,800,0.0,110,1,n,4
4441,I4441,1500,800,800,1063.0,110,0,n,4
4471,I4471,1500,800,800,1371.0,110,0,n,4
40,I0040,1500,800,800,890.0,110,0,n,4
534,I0534,1500,1000,800,1163.0,110,1,n,4
998,I0998,1500,1000,800,0.0,110,1,n,4
4020,I4020,1500,1000,800,1494.0,110,1,n,4
4383,I4383,1500,1000,800,0.0,110,1,n,4
270,I0270,1500,800,800,1319.0,110,0,n,4
3649,I3649,1500,800,800,0.0,110,0,n,4
2643,I2643,1500,800,800,1319.0,110,0,n,4
4035,I4035,1500,800,800,952.0,110,0,n,4
2524,I2524,1500,1000,800,1101.0,110,1,n,4
4734,I4734,1500,800,800,1546.0,110,0,n,4
609,I0609,1500,800,800,1262.0,110,0,n,4
200,I0200,1500,1000,800,1216.0,110,1,n,4
4676,I4676,1500,800,800,1082.0,110,0,n,4
699,I0699,1500,800,800,1023.0,110,0,n,4
443,I0443,1500,1000,800,1054.0,110,1,n,4
1764,I1764,1500,1000,800,1380.0,110,1,n,4
50,I0050,1500,1000,800,1024.0,110,1,n,4
3299,I3299,1500,800,800,0.0,110,0,n,4
705,I0705,1500,800,800,1034.0,110,0,n,4
4314,I4314,1500,1000,800,807.0,110,1,n,4
2480,I2480,1500,1000,800,0.0,110,1,n,4
1656,I1656,1500,800,800,1346.0,110,0,n,4
3480,I3480,1500,1000,800,0.0,110,1,n,4
284,I0284,1500,1000,800,973.0,110,1,n,4
1876,I1876,1500,1000,800,0.0,110,1,n,4
4184,I4184,1500,800,800,0.0,110,0,n,4
4941,I4941,1500,800,800,0.0,110,0,n,4
3165,I3165,1500,800,800,0.0,110,0,n,4
3607,I3607,1500,1000,800,976.0,110,1,n,4
3669,I3669,1500,800,800,1020.0,110,0,n,4
1070,I1070,1500,800,800,0.0,110,0,n,4
1749,I1749,1500,800,800,1089.0,110,0,n,4
4290,I4290,1500,1000,800,1580.0,110,1,n,4
4216,I4216,1500,1000,800,0.0,110,1,n,4
4376,I4376,1500,800,800,1417.0,110,0,n,4
4680,I4680,1500,1000,800,1314.0,110,1,n,4
2873,I2873,1500,1000,800,1313.0,110,1,n,4
3434,I3434,1500,1000,800,0.0,110,1,n,4
1079,I1079,1500,800,800,0.0,110,0,n,4
3487,I3487,1500,800,800,1474.0,110,0,n,4
1523,I1523,1500,800,800,0.0,110,0,n,4
1744,I1744,1500,1000,800,1108.0,110,1,n,4
2118,I2118,1500,1000,800,920.0,110,1,n,4
3793,I3793,1500,800,800,1083.0,110,0,n,4
2688,I2688,1500,800,800,0.0,110,0,n,4
1051,I1051,1500,1000,800,1342.0,110,1,n,4
641,I0641,1500,1000,800,0.0,110,1,n,4
775,I0775,1500,800,800,0.0,110,0,n,4
1571,I1571,1500,1000,800,0.0,110,1,n,4
2502,I2502,1500,1000,800,1319.0,110,1,n,4
3547,I3547,1500,1000,800,0.0,110,1,n,4
4596,I4596,1500,1000,800,1366.0,110,1,n,4
977,I0977,1500,1000,800,0.0,110,1,n,4
3022,I3022,1500,1000,800,1025.0,110,1,n,4
1327,I1327,1500,800,800,0.0,110,0,n,4
2658,I2658,1500,800,800,1402.0,110,0,n,4
4669,I4669,1500,1000,800,1107.0,110,1,n,4
1796,I1796,1500,1000,800,1375.0,110,1,n,4
2632,I2632,1500,800,800,1501.0,110,0,n,4
1690,I1690,1500,1000,800,1094.0,110,1,n,4
3575,I3575,1500,800,800,0.0,110,0,n,4
4911,I4911,1500,800,800,949.0,110,0,n,4
1556,I1556,1500,1000,800,0.0,110,1,n,4
4801,I4801,1500,1000,800,0.0,110,1,n,4
3499,I3499,1500,800,800,0.0,110,0,n,4
2840,I2840,1500,1000,800,0.0,110,1,n,4
1236,I1236,1500,800,800,0.0,110,0,n,4
3186,I3186,1500,800,800,0.0,110,0,n,4
1874,I1874,1500,800,800,1007.0,110,0,n,4
2610,I2610,1500,800,800,0.0,110,0,n,4
4243,I4243,1500,800,800,1061.0,110,0,n,4
4197,I4197,1500,800,800,0.0,110,0,n,4
3709,I3709,1500,800,800,1144.0,110,0,n,4
3763,I3763,1500,800,800,0.0,110,0,n,4
2479,I2479,1500,1000,800,0.0,110,1,n,4
304,I0304,1500,1000,800,1420.0,110,1,n,4
4399,I4399,1500,1000,800,1064.0,110,1,n,4
1167,I1167,1500,800,800,1119.0,110,0,n,4
4733,I4733,1500,800,800,992.0,110,0,n,4
2341,I2341,1500,1000,800,0.0,110,1,n,4
1917,I1917,1500,800,800,1313.0,110,0,n,4
3209,I3209,1500,1000,800,0.0,110,1,n,4
4522,I4522,1500,800,800,1323.0,110,0,n,4
2247,I2247,1500,1000,800,1411.0,110,1,n,4
1034,I1034,1500,1000,800,1220.0,110,1,n,4
1564,I1564,1500,1000,800,645.0,110,1,n,4
2560,I2560,1500,1000,800,0.0,110,1,n,4
4160,I4160,1500,800,800,844.0,110,0,n,4
3565,I3565,1500,800,800,1010.0,110,0,n,4
3172,I3172,1500,800,800,1001.0,110,0,n,4
1592,I1592,1500,800,800,1295.0,110,0,n,4
3411,I3411,1500,800,800,0.0,110,0,n,4
3663,I3663,1500,800,800,937.0,110,0,n,4
2697,I2697,1500,1000,800,1026.0,110,1,n,4
196,I0196,1500,1000,800,0.0,110,1,n,4
2274,I2274,1500,1000,800,1296.0,110,1,n,4
3217,I3217,1500,1000,800,890.0,110,1,n,4
1678,I1678,1500,800,800,0.0,110,0,n,4
0,I0000,1500,1000,800,977.0,110,1,n,4
1498,I1498,1500,800,800,1499.0,110,0,n,4
2306,I2306,1500,1000,800,0.0,110,1,n,4
2043,I2043,1500,1000,800,0.0,110,1,n,4
2527,I2527,1500,800,800,984.0,110,0,n,4
2354,I2354,1500,1000,800,1166.0,110,1,n,4
2676,I2676,1500,1000,800,1123.0,110,1,n,4
517,I0517,1500,1000,800,0.0,110,1,n,4
2280,I2280,1500,800,800,1130.0,110,0,n,4
4630,I4630,1500,1000,800,0.0,110,1,n,4
4682,I4682,1500,1000,800,0.0,110,1,n,4
3874,I3874,1500,1000,800,0.0,110,1,n,4
4943,I4943,1500,1000,800,1512.0,110,1,n,4
4842,I4842,1500,1000,800,0.0,110,1,n,4
3839,I3839,1500,800,800,1426.0,110,0,n,4
2669,I2669,1500,800,800,0.0,110,0,n,4
2664,I2664,1500,1000,800,1182.0,110,1,n,4
4563,I4563,1500,800,800,1443.0,110,0,n,4
2817,I2817,1500,1000,800,1379.0,110,1,n,4
4908,I4908,1500,800,800,0.0,110,0,n,4
1792,I1792,1500,1000,800,978.0,110,1,n,4
1438,I1438,1500,1000,800,0.0,110,1,n,4
505,I0505,1500,1000,800,1244.0,110,1,n,4
3189,I3189,1500,1000,800,0.0,110,1,n,4
2379,I2379,1500,1000,800,856.0,110,1,n,4
3031,I3031,1500,1000,800,0.0,110,1,n,4
4459,I4459,1500,800,800,911.0,110,0,n,4
97,I0097,1500,1000,800,0.0,110,1,n,4
3788,I3788,1500,800,800,1505.0,110,0,n,4
430,I0430,1500,800,800,0.0,110,0,n,4
3400,I3400,1500,1000,800,1017.0,110,1,n,4
1923,I1923,1500,1000,800,0.0,110,1,n,4
1994,I1994,1500,1000,800,1314.0,110,1,n,4
759,I0759,1500,800,800,1149.0,110,0,n,4
3597,I3597,1500,800,800,1031.0,110,0,n,4
470,I0470,1500,1000,800,869.0,110,1,n,4
3540,I3540,1500,800,800,0.0,110,0,n,4
2425,I2425,1500,1000,800,1275.0,110,1,n,4
2979,I2979,1500,1000,800,0.0,110,1,n,4
2702,I2702,1500,800,800,1008.0,110,0,n,4
3646,I3646,1500,800,800,0.0,110,0,n,4
3285,I3285,1500,1000,800,0.0,110,1,n,4
359,I0359,1500,800,800,0.0,110,0,n,4
3245,I3245,1500,1000,800,0.0,110,1,n,4
114,I0114,1500,800,800,0.0,110,0,n,4
2959,I2959,1500,1000,800,1462.0,110,1,n,4
3002,I3002,1500,800,800,1053.0,110,0,n,4
1437,I1437,1500,800,800,1476.0,110,0,n,4
3430,I3430,1500,1000,800,1261.0,110,1,n,4
3908,I3908,1500,1000,800,1511.0,110,1,n,4
4855,I4855,1500,800,800,0.0,110,0,n,4
4508,I4508,1500,1000,800,0.0,110,1,n,4
1902,I1902,1500,800,800,1048.0,110,0,n,4
3033,I3033,1500,1000,800,689.0,110,1,n,4
2218,I2218,1500,1000,800,0.0,110,1,n,4
3516,I3516,1500,1000,800,0.0,110,1,n,4
1751,I1751,1500,800,800,1415.0,110,0,n,4
3771,I3771,1500,800,800,975.0,110,0,n,4
1162,I1162,1500,1000,800,0.0,110,1,n,4
1451,I1451,1500,800,800,0.0,110,0,n,4
1242,I1242,1500,800,800,627.0,110,0,n,4
3884,I3884,1500,800,800,793.0,110,0,n,4
4423,I4423,1500,1000,800,0.0,110,1,n,4
3474,I3474,1500,1000,800,0.0,110,1,n,4
4000,I4000,1500,800,800,0.0,110,0,n,4
3608,I3608,1500,1000,800,1069.0,110,1,n,4
23,I0023,1500,800,800,1127.0,110,0,n,4
3241,I3241,1500,800,800,0.0,110,0,n,4
3149,I3149,1500,800,800,1527.0,110,0,n,4
808,I0808,1500,1000,800,0.0,110,1,n,4
3010,I3010,1500,1000,800,1101.0,110,1,n,4
1591,I1591,1500,800,800,0.0,110,0,n,4
2515,I2515,1500,800,800,0.0,110,0,n,4
2765,I2765,1500,1000,800,1570.0,110,1,n,4
3840,I3840,1500,800,800,1190.0,110,0,n,4
2168,I2168,1500,1000,800,893.0,110,1,n,4
2207,I2207,1500,1000,800,0.0,110,1,n,4
280,I0280,1500,800,800,1392.0,110,0,n,4
99,I0099,1500,1000,800,1352.0,110,1,n,4
3340,I3340,1500,800,800,0.0,110,0,n,4
234,I0234,1500,1000,800,0.0,110,1,n,4
1392,I1392,1500,1000,800,1133.0,110,1,n,4
1977,I1977,1500,1000,800,1235.0,110,1,n,4
4018,I4018,1500,1000,800,0.0,110,1,n,4
2348,I2348,1500,1000,800,0.0,110,1,n,4
936,I0936,1500,800,800,1047.0,110,0,n,4
2358,I2358,1500,800,800,782.0,110,0,n,4
4271,I4271,1500,1000,800,0.0,110,1,n,4
4379,I4379,1500,800,800,959.0,110,0,n,4
696,I0696,1500,1000,800,1427.0,110,1,n,4
1325,I1325,1500,1000,800,0.0,110,1,n,4
1705,I1705,1500,800,800,1172.0,110,0,n,4
4955,I4955,1500,1000,800,1156.0,110,1,n,4
1804,I1804,1500,1000,800,1101.0,110,1,n,4
4841,I4841,1500,800,800,0.0,110,0,n,4
4791,I4791,1500,1000,800,1094.0,110,1,n,4
4374,I4374,1500,1000,800,0.0,110,1,n,4
597,I0597,1500,800,800,932.0,110,0,n,4
2462,I2462,1500,1000,800,1015.0,110,1,n,4
2449,I2449,1500,1000,800,1061.0,110,1,n,4
2091,I2091,1500,800,800,0.0,110,0,n,4
115,I0115,1500,1000,800,0.0,110,1,n,4
4569,I4569,1500,800,800,0.0,110,0,n,4
2589,I2589,1500,800,800,0.0,110,0,n,4
4371,I4371,1500,1000,800,910.0,110,1,n,4
1119,I1119,1500,800,800,1483.0,110,0,n,4
3619,I3619,1500,800,800,1004.0,110,0,n,4
283,I0283,1500,1000,800,1413.0,110,1,n,4
3357,I3357,1500,1000,800,1137.0,110,1,n,4
2001,I2001,1500,800,800,846.0,110,0,n,4
3419,I3419,1500,800,800,0.0,110,0,n,4
1797,I1797,1500,1000,800,1092.0,110,1,n,4
419,I0419,1500,1000,800,1080.0,110,1,n,4
1634,I1634,1500,800,800,0.0,110,0,n,4
4469,I4469,1500,1000,800,0.0,110,1,n,4
2721,I2721,1500,800,800,0.0,110,0,n,4
4262,I4262,1500,1000,800,0.0,110,1,n,4
2216,I2216,1500,800,800,1023.0,110,0,n,4
2140,I2140,1500,1000,800,0.0,110,1,n,4
2321,I2321,1500,800,800,1277.0,110,0,n,4
1696,I1696,1500,1000,800,0.0,110,1,n,4
2204,I2204,1500,800,800,1110.0,110,0,n,4
297,I0297,1500,800,800,1339.0,110,0,n,4
3676,I3676,1500,800,800,1062.0,110,0,n,4
4890,I4890,1500,1000,800,0.0,110,1,n,4
4741,I4741,1500,1000,800,0.0,110,1,n,4
3501,I3501,1500,800,800,0.0,110,0,n,4
842,I0842,1500,800,800,1552.0,110,0,n,4
4844,I4844,1500,1000,800,0.0,110,1,n,4
899,I0899,1500,800,800,0.0,110,0,n,4
794,I0794,1500,1000,800,801.0,110,1,n,4
3007,I3007,1500,800,800,808.0,110,0,n,4
1127,I1127,1500,1000,800,0.0,110,1,n,4
3648,I3648,1500,800,800,0.0,110,0,n,4
2548,I2548,1500,800,800,0.0,110,0,n,4
3652,I3652,1500,800,800,1146.0,110,0,n,4
2854,I2854,1500,1000,800,0.0,110,1,n,4
4998,I4998,1500,1000,800,0.0,110,1,n,4
3236,I3236,1500,1000,800,990.0,110,1,n,4
191,I0191,1500,800,800,1045.0,110,0,n,4
4327,I4327,1500,800,800,0.0,110,0,n,4
4059,I4059,1500,1000,800,1340.0,110,1,n,4
1440,I1440,1500,800,800,998.0,110,0,n,4
3603,I3603,1500,800,800,0.0,110,0,n,4
542,I0542,1500,800,800,0.0,110,0,n,4
207,I0207,1500,1000,800,1246.0,110,1,n,4
3961,I3961,1500,800,800,1168.0,110,0,n,4
4954,I4954,1500,1000,800,871.0,110,1,n,4
4252,I4252,1500,800,800,1017.0,110,0,n,4
2121,I2121,1500,800,800,1126.0,110,0,n,4
3739,I3739,1500,800,800,0.0,110,0,n,4
2545,I2545,1500,800,800,848.0,110,0,n,4
385,I0385,1500,1000,800,0.0,110,1,n,4
1331,I1331,1500,800,800,788.0,110,0,n,4
474,I0474,1500,1000,800,1142.0,110,1,n,4
1617,I1617,1500,800,800,1524.0,110,0,n,4
4742,I4742,1500,800,800,1169.0,110,0,n,4
3032,I3032,1500,800,800,1438.0,110,0,n,4
792,I0792,1500,800,800,0.0,110,0,n,4
4705,I4705,1500,1000,800,1111.0,110,1,n,4
1478,I1478,1500,800,800,0.0,110,0,n,4
375,I0375,1500,1000,800,1412.0,110,1,n,4
2342,I2342,1500,1000,800,0.0,110,1,n,4
178,I0178,1500,1000,800,0.0,110,1,n,4
4800,I4800,1500,1000,800,0.0,110,1,n,4
3782,I3782,1500,800,800,0.0,110,0,n,4
1766,I1766,1500,1000,800,1427.0,110,1,n,4
4024,I4024,1500,800,800,1152.0,110,0,n,4
2860,I2860,1500,1000,800,969.0,110,1,n,4
678,I0678,1500,800,800,1320.0,110,0,n,4
12,I0012,1500,1000,800,1089.0,110,1,n,4
4202,I4202,1500,1000,800,0.0,110,1,n,4
4276,I4276,1500,1000,800,0.0,110,1,n,4
2395,I2395,1500,1000,800,1015.0,110,1,n,4
4772,I4772,1500,1000,800,1027.0,110,1,n,4
3230,I3230,1500,800,800,0.0,110,0,n,4
3757,I3757,1500,1000,800,1173.0,110,1,n,4
1675,I1675,1500,1000,800,0.0,110,1,n,4
1290,I1290,1500,1000,800,0.0,110,1,n,4
1795,I1795,1500,1000,800,0.0,110,1,n,4
2927,I2927,1500,800,800,0.0,110,0,n,4
2493,I2493,1500,800,800,0.0,110,0,n,4
2894,I2894,1500,1000,800,1331.0,110,1,n,4
4745,I4745,1500,800,800,0.0,110,0,n,4
1354,I1354,1500,1000,800,0.0,110,1,n,4
96,I0096,1500,800,800,0.0,110,0,n,4
4648,I4648,1500,800,800,1169.0,110,0,n,4
945,I0945,1500,1000,800,1236.0,110,1,n,4
579,I0579,1500,1000,800,1063.0,110,1,n,4
3590,I3590,1500,800,800,0.0,110,0,n,4
1789,I1789,1500,800,800,1217.0,110,0,n,4
3538,I3538,1500,800,800,0.0,110,0,n,4
4232,I4232,1500,800,800,1385.0,110,0,n,4
4175,I4175,1500,1000,800,1296.0,110,1,n,4
655,I0655,1500,800,800,0.0,110,0,n,4
3799,I3799,1500,1000,800,1122.0,110,1,n,4
1974,I1974,1500,1000,800,1445.0,110,1,n,4
4134,I4134,1500,1000,800,0.0,110,1,n,4
2825,I2825,1500,1000,800,1188.0,110,1,n,4
4346,I4346,1500,800,800,1264.0,110,0,n,4
4693,I4693,1500,1000,800,0.0,110,1,n,4
3014,I3014,1500,1000,800,0.0,110,1,n,4
1417,I1417,1500,800,800,1215.0,110,0,n,4
703,I0703,1500,800,800,0.0,110,0,n,4
2679,I2679,1500,800,800,0.0,110,0,n,4
3520,I3520,1500,800,800,1004.0,110,0,n,4
1073,I1073,1500,1000,800,0.0,110,1,n,4
3892,I3892,1500,800,800,0.0,110,0,n,4
2981,I2981,1500,1000,800,1439.0,110,1,n,4
1503,I1503,1500,1000,800,0.0,110,1,n,4
1087,I1087,1500,800,800,1363.0,110,0,n,4
2694,I2694,1500,800,800,1147.0,110,0,n,4
2590,I2590,1500,1000,800,0.0,110,1,n,4
1919,I1919,1500,1000,800,0.0,110,1,n,4
4884,I4884,1500,1000,800,0.0,110,1,n,4
1160,I1160,1500,1000,800,0.0,110,1,n,4
3938,I3938,1500,1000,800,1490.0,110,1,n,4
1491,I1491,1500,1000,800,0.0,110,1,n,4
440,I0440,1500,800,800,0.0,110,0,n,4
4738,I4738,1500,1000,800,1556.0,110,1,n,4
3716,I3716,1500,1000,800,751.0,110,1,n,4
2629,I2629,1500,800,800,1138.0,110,0,n,4
4980,I4980,1500,1000,800,0.0,110,1,n,4
1030,I1030,1500,800,800,0.0,110,0,n,4
543,I0543,1500,800,800,0.0,110,0,n,4
3953,I3953,1500,800,800,0.0,110,0,n,4
4510,I4510,1500,800,800,1038.0,110,0,n,4
2901,I2901,1500,800,800,1006.0,110,0,n,4
27,I0027,1500,1000,800,1044.0,110,1,n,4
4866,I4866,1500,1000,800,0.0,110,1,n,4
428,I0428,1500,800,800,1398.0,110,0,n,4
145,I0145,1500,800,800,0.0,110,0,n,4
2919,I2919,1500,800,800,0.0,110,0,n,4
2236,I2236,1500,800,800,1141.0,110,0,n,4
4653,I4653,1500,800,800,0.0,110,0,n,4
485,I0485,1500,800,800,0.0,110,0,n,4
657,I0657,1500,1000,800,1037.0,110,1,n,4
3366,I3366,1500,800,800,0.0,110,0,n,4
1529,I1529,1500,1000,800,1377.0,110,1,n,4
100,I0100,1500,1000,800,0.0,110,1,n,4
458,I0458,1500,1000,800,920.0,110,1,n,4
1580,I1580,1500,800,800,0.0,110,0,n,4
4337,I4337,1500,1000,800,1064.0,110,1,n,4
1772,I1772,1500,1000,800,1217.0,110,1,n,4
2331,I2331,1500,800,800,1043.0,110,0,n,4
3051,I3051,1500,800,800,793.0,110,0,n,4
4650,I4650,1500,800,800,937.0,110,0,n,4
502,I0502,1500,800,800,1019.0,110,0,n,4
4787,I4787,1500,800,800,1440.0,110,0,n,4
8,I0008,1500,1000,800,1029.0,110,1,n,4
3581,I3581,1500,1000,800,1209.0,110,1,n,4
900,I0900,1500,800,800,1217.0,110,0,n,4
168,I0168,1500,800,800,1023.0,110,0,n,4
1431,I1431,1500,1000,800,1284.0,110,1,n,4
1735,I1735,1500,800,800,1194.0,110,0,n,4
1761,I1761,1500,800,800,1053.0,110,0,n,4
1032,I1032,1500,1000,800,1076.0,110,1,n,4
439,I0439,1500,800,800,1048.0,110,0,n,4
120,I0120,1500,1000,800,1084.0,110,1,n,4
4781,I4781,1500,800,800,739.0,110,0,n,4
2416,I2416,1500,1000,800,0.0,110,1,n,4
3831,I3831,1500,1000,800,852.0,110,1,n,4
3678,I3678,1500,800,800,1056.0,110,0,n,4
4039,I4039,1500,800,800,1119.0,110,0,n,4
3429,I3429,1500,800,800,0.0,110,0,n,4
3073,I3073,1500,800,800,0.0,110,0,n,4
952,I0952,1500,800,800,0.0,110,0,n,4
4826,I4826,1500,800,800,1027.0,110,0,n,4
4931,I4931,1500,1000,800,1001.0,110,1,n,4
3039,I3039,1500,800,800,1155.0,110,0,n,4
1872,I1872,1500,1000,800,1042.0,110,1,n,4
613,I0613,1500,800,800,0.0,110,0,n,4
2112,I2112,1500,800,800,932.0,110,0,n,4
1787,I1787,1500,800,800,0.0,110,0,n,4
1790,I1790,1500,800,800,1363.0,110,0,n,4
618,I0618,1500,800,800,1351.0,110,0,n,4
3179,I3179,1500,800,800,1059.0,110,0,n,4
4527,I4527,1500,800,800,1040.0,110,0,n,4
2715,I2715,1500,1000,800,0.0,110,1,n,4
685,I0685,1500,800,800,1437.0,110,0,n,4
2764,I2764,1500,1000,800,1024.0,110,1,n,4
4241,I4241,1500,1000,800,0.0,110,1,n,4
1504,I1504,1500,800,800,1074.0,110,0,n,4
2532,I2532,1500,1000,800,0.0,110,1,n,4
4117,I4117,1500,1000,800,1366.0,110,1,n,4
4342,I4342,1500,1000,800,997.0,110,1,n,4
1333,I1333,1500,1000,800,1431.0,110,1,n,4
2762,I2762,1500,1000,800,0.0,110,1,n,4
1420,I1420,1500,1000,800,0.0,110,1,n,4
4375,I4375,1500,1000,800,871.0,110,1,n,4
460,I0460,1500,1000,800,1024.0,110,1,n,4
4991,I4991,1500,1000,800,0.0,110,1,n,4
3016,I3016,1500,1000,800,0.0,110,1,n,4
1973,I1973,1500,800,800,1155.0,110,0,n,4
4717,I4717,1500,800,800,0.0,110,0,n,4
78,I0078,1500,800,800,0.0,110,0,n,4
3723,I3723,1500,1000,800,1071.0,110,1,n,4
1720,I1720,1500,800,800,0.0,110,0,n,4
1015,I1015,1500,800,800,0.0,110,0,n,4
2177,I2177,1500,1000,800,1094.0,110,1,n,4
130,I0130,1500,800,800,0.0,110,0,n,4
2517,I2517,1500,1000,800,1429.0,110,1,n,4
2217,I2217,1500,1000,800,1067.0,110,1,n,4
3443,I3443,1500,1000,800,0.0,110,1,n,4
3432,I3432,1500,1000,800,993.0,110,1,n,4
188,I0188,1500,1000,800,0.0,110,1,n,4
2947,I2947,1500,800,800,1205.0,110,0,n,4
1424,I1424,1500,800,800,1019.0,110,0,n,4
819,I0819,1500,800,800,0.0,110,0,n,4
434,I0434,1500,800,800,860.0,110,0,n,4
431,I0431,1500,800,800,1008.0,110,0,n,4
4958,I4958,1500,1000,800,1407.0,110,1,n,4
1714,I1714,1500,1000,800,1127.0,110,1,n,4
840,I0840,1500,800,800,1159.0,110,0,n,4
1415,I1415,1500,1000,800,0.0,110,1,n,4
963,I0963,1500,800,800,1521.0,110,0,n,4
3950,I3950,1500,800,800,1018.0,110,0,n,4
1808,I1808,1500,800,800,0.0,110,0,n,4
4778,I4778,1500,800,800,1068.0,110,0,n,4
4159,I4159,1500,1000,800,0.0,110,1,n,4
2438,I2438,1500,1000,800,0.0,110,1,n,4
2048,I2048,1500,1000,800,1333.0,110,1,n,4
4002,I4002,1500,800,800,0.0,110,0,n,4
836,I0836,1500,1000,800,0.0,110,1,n,4
42,I0042,1500,1000,800,1073.0,110,1,n,4
4507,I4507,1500,800,800,1270.0,110,0,n,4
4049,I4049,1500,800,800,0.0,110,0,n,4
2380,I2380,1500,1000,800,0.0,110,1,n,4
676,I0676,1500,1000,800,0.0,110,1,n,4
2410,I2410,1500,800,800,878.0,110,0,n,4
4122,I4122,1500,1000,800,1214.0,110,1,n,4
4146,I4146,1500,1000,800,0.0,110,1,n,4
1637,I1637,1500,1000,800,777.0,110,1,n,4
662,I0662,1500,1000,800,0.0,110,1,n,4
3853,I3853,1500,1000,800,1239.0,110,1,n,4
2470,I2470,1500,800,800,1383.0,110,0,n,4
1854,I1854,1500,800,800,1165.0,110,0,n,4
4288,I4288,1500,1000,800,1537.0,110,1,n,4
3080,I3080,1500,1000,800,1096.0,110,1,n,4
3568,I3568,1500,1000,800,1590.0,110,1,n,4
962,I0962,1500,1000,800,0.0,110,1,n,4
4109,I4109,1500,800,800,975.0,110,0,n,4
4365,I4365,1500,800,800,994.0,110,0,n,4
4229,I4229,1500,800,800,1357.0,110,0,n,4
2537,I2537,1500,1000,800,0.0,110,1,n,4
494,I0494,1500,800,800,870.0,110,0,n,4
3452,I3452,1500,1000,800,0.0,110,1,n,4
4882,I4882,1500,1000,800,894.0,110,1,n,4
486,I0486,1500,800,800,0.0,110,0,n,4
4572,I4572,1500,800,800,1063.0,110,0,n,4
3406,I3406,1500,800,800,0.0,110,0,n,4
2653,I2653,1500,1000,800,1055.0,110,1,n,4
525,I0525,1500,800,800,992.0,110,0,n,4
1816,I1816,1500,800,800,767.0,110,0,n,4
371,I0371,1500,1000,800,1029.0,110,1,n,4
1873,I1873,1500,1000,800,0.0,110,1,n,4
1521,I1521,1500,800,800,0.0,110,0,n,4
3335,I3335,1500,1000,800,0.0,110,1,n,4
2706,I2706,1500,800,800,1200.0,110,0,n,4
4037,I4037,1500,800,800,943.0,110,0,n,4
4137,I4137,1500,1000,800,1329.0,110,1,n,4
2955,I2955,1500,1000,800,924.0,110,1,n,4
3198,I3198,1500,800,800,914.0,110,0,n,4
2525,I2525,1500,1000,800,1058.0,110,1,n,4
3024,I3024,1500,1000,800,1053.0,110,1,n,4
2846,I2846,1500,1000,800,1203.0,110,1,n,4
2809,I2809,1500,1000,800,1172.0,110,1,n,4
2472,I2472,1500,800,800,1223.0,110,0,n,4
3084,I3084,1500,800,800,0.0,110,0,n,4
2926,I2926,1500,800,800,0.0,110,0,n,4
3691,I3691,1500,1000,800,1153.0,110,1,n,4
4739,I4739,1500,800,800,1019.0,110,0,n,4
30,I0030,1500,800,800,957.0,110,0,n,4
1794,I1794,1500,800,800,0.0,110,0,n,4
3111,I3111,1500,1000,800,0.0,110,1,n,4
3751,I3751,1500,1000,800,0.0,110,1,n,4
4293,I4293,1500,800,800,0.0,110,0,n,4
2853,I2853,1500,1000,800,986.0,110,1,n,4
3715,I3715,1500,1000,800,0.0,110,1,n,4
3980,I3980,1500,800,800,0.0,110,0,n,4
2403,I2403,1500,800,800,1019.0,110,0,n,4
4615,I4615,1500,800,800,999.0,110,0,n,4
785,I0785,1500,1000,800,0.0,110,1,n,4
1844,I1844,1500,1000,800,1373.0,110,1,n,4
1759,I1759,1500,800,800,942.0,110,0,n,4
2756,I2756,1500,1000,800,1153.0,110,1,n,4
232,I0232,1500,1000,800,1105.0,110,1,n,4
4864,I4864,1500,1000,800,988.0,110,1,n,4
2053,I2053,1500,800,800,0.0,110,0,n,4
406,I0406,1500,800,800,1070.0,110,0,n,4
4766,I4766,1500,800,800,829.0,110,0,n,4
1286,I1286,1500,1000,800,0.0,110,1,n,4
325,I0325,1500,800,800,0.0,110,0,n,4
303,I0303,1500,1000,800,0.0,110,1,n,4
3891,I3891,1500,800,800,0.0,110,0,n,4
1376,I1376,1500,1000,800,0.0,110,1,n,4
2594,I2594,1500,800,800,1151.0,110,0,n,4
3926,I3926,1500,800,800,0.0,110,0,n,4
190,I0190,1500,1000,800,1087.0,110,1,n,4
2859,I2859,1500,1000,800,1378.0,110,1,n,4
4180,I4180,1500,800,800,947.0,110,0,n,4
1856,I1856,1500,800,800,0.0,110,0,n,4
3334,I3334,1500,800,800,1034.0,110,0,n,4
3448,I3448,1500,1000,800,1410.0,110,1,n,4
3274,I3274,1500,1000,800,1319.0,110,1,n,4
882,I0882,1500,1000,800,845.0,110,1,n,4
348,I0348,1500,800,800,0.0,110,0,n,4
2847,I2847,1500,800,800,1432.0,110,0,n,4
2508,I2508,1500,800,800,0.0,110,0,n,4
132,I0132,1500,800,800,959.0,110,0,n,4
1942,I1942,1500,1000,800,1178.0,110,1,n,4
344,I0344,1500,1000,800,1028.0,110,1,n,4
4768,I4768,1500,1000,800,0.0,110,1,n,4
4394,I4394,1500,1000,800,1476.0,110,1,n,4
2030,I2030,1500,1000,800,0.0,110,1,n,4
3486,I3486,1500,1000,800,1039.0,110,1,n,4
1955,I1955,1500,800,800,1328.0,110,0,n,4
3164,I3164,1500,800,800,848.0,110,0,n,4
1004,I1004,1500,800,800,0.0,110,0,n,4
781,I0781,1500,1000,800,0.0,110,1,n,4
1305,I1305,1500,800,800,1008.0,110,0,n,4
2751,I2751,1500,1000,800,0.0,110,1,n,4
4852,I4852,1500,1000,800,1151.0,110,1,n,4
2474,I2474,1500,1000,800,0.0,110,1,n,4
3053,I3053,1500,800,800,0.0,110,0,n,4
3081,I3081,1500,1000,800,1132.0,110,1,n,4
475,I0475,1500,1000,800,1513.0,110,1,n,4
4699,I4699,1500,800,800,817.0,110,0,n,4
3740,I3740,1500,800,800,1171.0,110,0,n,4
3322,I3322,1500,1000,800,1392.0,110,1,n,4
4968,I4968,1500,1000,800,0.0,110,1,n,4
2151,I2151,1500,800,800,1090.0,110,0,n,4
392,I0392,1500,800,800,902.0,110,0,n,4
2852,I2852,1500,800,800,0.0,110,0,n,4
1706,I1706,1500,1000,800,1310.0,110,1,n,4
2528,I2528,1500,1000,800,0.0,110,1,n,4
2738,I2738,1500,1000,800,1064.0,110,1,n,4
3939,I3939,1500,800,800,811.0,110,0,n,4
1576,I1576,1500,1000,800,1404.0,110,1,n,4
3544,I3544,1500,1000,800,1075.0,110,1,n,4
1715,I1715,1500,800,800,0.0,110,0,n,4
1833,I1833,1500,1000,800,1273.0,110,1,n,4
1277,I1277,1500,800,800,1252.0,110,0,n,4
546,I0546,1500,800,800,890.0,110,0,n,4
4178,I4178,1500,800,800,0.0,110,0,n,4
4603,I4603,1500,1000,800,0.0,110,1,n,4
4357,I4357,1500,800,800,1544.0,110,0,n,4
4121,I4121,1500,1000,800,0.0,110,1,n,4
1899,I1899,1500,1000,800,0.0,110,1,n,4
693,I0693,1500,800,800,922.0,110,0,n,4
637,I0637,1500,800,800,0.0,110,0,n,4
1456,I1456,1500,1000,800,0.0,110,1,n,4
4433,I4433,1500,800,800,1016.0,110,0,n,4
3518,I3518,1500,1000,800,0.0,110,1,n,4
1743,I1743,1500,800,800,0.0,110,0,n,4
1170,I1170,1500,800,800,1033.0,110,0,n,4
2728,I2728,1500,1000,800,0.0,110,1,n,4
1922,I1922,1500,800,800,0.0,110,0,n,4
3528,I3528,1500,800,800,1174.0,110,0,n,4
1240,I1240,1500,800,800,0.0,110,0,n,4
1126,I1126,1500,1000,800,952.0,110,1,n,4
2352,I2352,1500,800,800,0.0,110,0,n,4
3225,I3225,1500,1000,800,0.0,110,1,n,4
4142,I4142,1500,800,800,1261.0,110,0,n,4
1681,I1681,1500,1000,800,1362.0,110,1,n,4
3371,I3371,1500,800,800,756.0,110,0,n,4
3295,I3295,1500,800,800,1040.0,110,0,n,4
4610,I4610,1500,1000,800,0.0,110,1,n,4
3991,I3991,1500,1000,800,1063.0,110,1,n,4
4695,I4695,1500,800,800,0.0,110,0,n,4
2960,I2960,1500,1000,800,0.0,110,1,n,4
1479,I1479,1500,800,800,1461.0,110,0,n,4
3530,I3530,1500,800,800,1420.0,110,0,n,4
2045,I2045,1500,800,800,1496.0,110,0,n,4
1956,I1956,1500,1000,800,0.0,110,1,n,4
4729,I4729,1500,800,800,1249.0,110,0,n,4
337,I0337,1500,800,800,860.0,110,0,n,4
3415,I3415,1500,1000,800,0.0,110,1,n,4
3152,I3152,1500,1000,800,0.0,110,1,n,4
1727,I1727,1500,1000,800,1075.0,110,1,n,4
1626,I1626,1500,1000,800,0.0,110,1,n,4
1205,I1205,1500,800,800,0.0,110,0,n,4
2369,I2369,1500,1000,800,1115.0,110,1,n,4
3863,I3863,1500,800,800,0.0,110,0,n,4
3562,I3562,1500,800,800,1170.0,110,0,n,4
4088,I4088,1500,800,800,0.0,110,0,n,4
2811,I2811,1500,800,800,730.0,110,0,n,4
3780,I3780,1500,800,800,0.0,110,0,n,4
4871,I4871,1500,1000,800,1349.0,110,1,n,4
653,I0653,1500,800,800,0.0,110,0,n,4
4484,I4484,1500,800,800,864.0,110,0,n,4
4692,I4692,1500,800,800,1144.0,110,0,n,4
4858,I4858,1500,800,800,1075.0,110,0,n,4
302,I0302,1500,1000,800,1240.0,110,1,n,4
2383,I2383,1500,1000,800,1256.0,110,1,n,4
822,I0822,1500,1000,800,0.0,110,1,n,4
4151,I4151,1500,800,800,1456.0,110,0,n,4
1122,I1122,1500,1000,800,1071.0,110,1,n,4
556,I0556,1500,1000,800,0.0,110,1,n,4
2935,I2935,1500,800,800,834.0,110,0,n,4
3855,I3855,1500,800,800,0.0,110,0,n,4
531,I0531,1500,800,800,0.0,110,0,n,4
4514,I4514,1500,1000,800,0.0,110,1,n,4
1756,I1756,1500,1000,800,989.0,110,1,n,4
465,I0465,1500,1000,800,1550.0,110,1,n,4
1204,I1204,1500,800,800,0.0,110,0,n,4
907,I0907,1500,1000,800,1277.0,110,1,n,4
3819,I3819,1500,1000,800,922.0,110,1,n,4
345,I0345,1500,1000,800,0.0,110,1,n,4
642,I0642,1500,1000,800,0.0,110,1,n,4
59,I0059,1500,800,800,0.0,110,0,n,4
2774,I2774,1500,1000,800,1161.0,110,1,n,4
3420,I3420,1500,800,800,1060.0,110,0,n,4
2991,I2991,1500,800,800,0.0,110,0,n,4
2252,I2252,1500,1000,800,1468.0,110,1,n,4
1237,I1237,1500,1000,800,0.0,110,1,n,4
4045,I4045,1500,800,800,770.0,110,0,n,4
3056,I3056,1500,1000,800,0.0,110,1,n,4
4231,I4231,1500,1000,800,1513.0,110,1,n,4
4257,I4257,1500,800,800,969.0,110,0,n,4
1738,I1738,1500,1000,800,1017.0,110,1,n,4
3345,I3345,1500,800,800,1422.0,110,0,n,4
1151,I1151,1500,1000,800,1067.0,110,1,n,4
2065,I2065,1500,1000,800,0.0,110,1,n,4
3816,I3816,1500,800,800,1133.0,110,0,n,4
4840,I4840,1500,1000,800,0.0,110,1,n,4
3210,I3210,1500,800,800,0.0,110,0,n,4
3979,I3979,1500,1000,800,1168.0,110,1,n,4
903,I0903,1500,800,800,0.0,110,0,n,4
1346,I1346,1500,1000,800,1079.0,110,1,n,4
1862,I1862,1500,800,800,1130.0,110,0,n,4
1144,I1144,1500,1000,800,0.0,110,1,n,4
2741,I2741,1500,800,800,0.0,110,0,n,4
2081,I2081,1500,800,800,1015.0,110,0,n,4
3427,I3427,1500,1000,800,0.0,110,1,n,4
926,I0926,1500,1000,800,0.0,110,1,n,4
4430,I4430,1500,1000,800,886.0,110,1,n,4
4592,I4592,1500,800,800,845.0,110,0,n,4
3686,I3686,1500,800,800,0.0,110,0,n,4
3772,I3772,1500,800,800,1300.0,110,0,n,4
4961,I4961,1500,800,800,979.0,110,0,n,4
1361,I1361,1500,1000,800,1025.0,110,1,n,4
103,I0103,1500,1000,800,0.0,110,1,n,4
4201,I4201,1500,1000,800,0.0,110,1,n,4
885,I0885,1500,1000,800,0.0,110,1,n,4
2633,I2633,1500,1000,800,0.0,110,1,n,4
4308,I4308,1500,800,800,0.0,110,0,n,4
201,I0201,1500,800,800,1064.0,110,0,n,4
4703,I4703,1500,800,800,921.0,110,0,n,4
2573,I2573,1500,800,800,1162.0,110,0,n,4
1326,I1326,1500,1000,800,1112.0,110,1,n,4
731,I0731,1500,800,800,0.0,110,0,n,4
4345,I4345,1500,1000,800,1103.0,110,1,n,4
3199,I3199,1500,800,800,1137.0,110,0,n,4
231,I0231,1500,800,800,1237.0,110,0,n,4
710,I0710,1500,1000,800,0.0,110,1,n,4
3997,I3997,1500,1000,800,1136.0,110,1,n,4
1858,I1858,1500,1000,800,0.0,110,1,n,4
3097,I3097,1500,1000,800,1229.0,110,1,n,4
4868,I4868,1500,1000,800,0.0,110,1,n,4
1803,I1803,1500,1000,800,1538.0,110,1,n,4
2686,I2686,1500,1000,800,0.0,110,1,n,4
2934,I2934,1500,1000,800,0.0,110,1,n,4
567,I0567,1500,800,800,0.0,110,0,n,4
1684,I1684,1500,1000,800,1176.0,110,1,n,4
1216,I1216,1500,800,800,0.0,110,0,n,4
1579,I1579,1500,1000,800,961.0,110,1,n,4
1018,I1018,1500,800,800,953.0,110,0,n,4
1229,I1229,1500,800,800,1068.0,110,0,n,4
4687,I4687,1500,1000,800,1471.0,110,1,n,4
2821,I2821,1500,800,800,947.0,110,0,n,4
1562,I1562,1500,800,800,0.0,110,0,n,4
4576,I4576,1500,1000,800,1175.0,110,1,n,4
587,I0587,1500,800,800,1077.0,110,0,n,4
2939,I2939,1500,800,800,0.0,110,0,n,4
2593,I2593,1500,800,800,0.0,110,0,n,4
940,I0940,1500,1000,800,1487.0,110,1,n,4
4806,I4806,1500,1000,800,1478.0,110,1,n,4
3521,I3521,1500,1000,800,851.0,110,1,n,4
809,I0809,1500,800,800,1159.0,110,0,n,4
1174,I1174,1500,1000,800,1097.0,110,1,n,4
1723,I1723,1500,800,800,884.0,110,0,n,4
4080,I4080,1500,800,800,1030.0,110,0,n,4
2186,I2186,1500,1000,800,971.0,110,1,n,4
3166,I3166,1500,1000,800,0.0,110,1,n,4
1669,I1669,1500,1000,800,0.0,110,1,n,4
4498,I4498,1500,1000,800,952.0,110,1,n,4
3718,I3718,1500,800,800,1275.0,110,0,n,4
953,I0953,1500,800,800,903.0,110,0,n,4
3233,I3233,1500,1000,800,0.0,110,1,n,4
829,I0829,1500,800,800,0.0,110,0,n,4
716,I0716,1500,1000,800,0.0,110,1,n,4
4149,I4149,1500,800,800,1045.0,110,0,n,4
2563,I2563,1500,1000,800,0.0,110,1,n,4
830,I0830,1500,1000,800,1451.0,110,1,n,4
1203,I1203,1500,800,800,795.0,110,0,n,4
2890,I2890,1500,1000,800,961.0,110,1,n,4
1058,I1058,1500,800,800,0.0,110,0,n,4
1938,I1938,1500,1000,800,1082.0,110,1,n,4
4171,I4171,1500,800,800,1038.0,110,0,n,4
4261,I4261,1500,1000,800,0.0,110,1,n,4
3150,I3150,1500,800,800,1116.0,110,0,n,4
1180,I1180,1500,1000,800,1467.0,110,1,n,4
2797,I2797,1500,800,800,902.0,110,0,n,4
1639,I1639,1500,1000,800,0.0,110,1,n,4
4612,I4612,1500,1000,800,932.0,110,1,n,4
4947,I4947,1500,1000,800,1369.0,110,1,n,4
4372,I4372,1500,1000,800,1066.0,110,1,n,4
228,I0228,1500,800,800,1380.0,110,0,n,4
3470,I3470,1500,1000,800,1305.0,110,1,n,4
3215,I3215,1500,800,800,841.0,110,0,n,4
1495,I1495,1500,800,800,1040.0,110,0,n,4
3993,I3993,1500,1000,800,0.0,110,1,n,4
84,I0084,1500,1000,800,1300.0,110,1,n,4
323,I0323,1500,800,800,849.0,110,0,n,4
2109,I2109,1500,800,800,1196.0,110,0,n,4
4439,I4439,1500,800,800,1473.0,110,0,n,4
2842,I2842,1500,1000,800,0.0,110,1,n,4
1501,I1501,1500,1000,800,0.0,110,1,n,4
1398,I1398,1500,800,800,1323.0,110,0,n,4
879,I0879,1500,800,800,0.0,110,0,n,4
338,I0338,1500,1000,800,1156.0,110,1,n,4
2025,I2025,1500,800,800,0.0,110,0,n,4
1255,I1255,1500,1000,800,1415.0,110,1,n,4
3644,I3644,1500,1000,800,0.0,110,1,n,4
3743,I3743,1500,800,800,1309.0,110,0,n,4
2557,I2557,1500,1000,800,835.0,110,1,n,4
3116,I3116,1500,800,800,0.0,110,0,n,4
1232,I1232,1500,1000,800,0.0,110,1,n,4
4428,I4428,1500,1000,800,0.0,110,1,n,4
1056,I1056,1500,1000,800,0.0,110,1,n,4
4139,I4139,1500,1000,800,0.0,110,1,n,4
1252,I1252,1500,1000,800,667.0,110,1,n,4
1758,I1758,1500,800,800,1329.0,110,0,n,4
47,I0047,1500,800,800,0.0,110,0,n,4
4215,I4215,1500,800,800,1047.0,110,0,n,4
2724,I2724,1500,1000,800,1440.0,110,1,n,4
2496,I2496,1500,1000,800,1061.0,110,1,n,4
1193,I1193,1500,1000,800,940.0,110,1,n,4
783,I0783,1500,800,800,886.0,110,0,n,4
4085,I4085,1500,800,800,0.0,110,0,n,4
1546,I1546,1500,800,800,0.0,110,0,n,4
3261,I3261,1500,1000,800,1446.0,110,1,n,4
2946,I2946,1500,1000,800,0.0,110,1,n,4
2663,I2663,1500,1000,800,0.0,110,1,n,4
4041,I4041,1500,800,800,0.0,110,0,n,4
278,I0278,1500,800,800,0.0,110,0,n,4
1809,I1809,1500,1000,800,0.0,110,1,n,4
2451,I2451,1500,800,800,0.0,110,0,n,4
857,I0857,1500,800,800,837.0,110,0,n,4
183,I0183,1500,1000,800,0.0,110,1,n,4
426,I0426,1500,800,800,1139.0,110,0,n,4
1332,I1332,1500,1000,800,0.0,110,1,n,4
3264,I3264,1500,1000,800,767.0,110,1,n,4
4069,I4069,1500,1000,800,982.0,110,1,n,4
3250,I3250,1500,800,800,1427.0,110,0,n,4
1422,I1422,1500,800,800,963.0,110,0,n,4
3298,I3298,1500,800,800,0.0,110,0,n,4
3809,I3809,1500,1000,800,1126.0,110,1,n,4
2276,I2276,1500,800,800,981.0,110,0,n,4
3866,I3866,1500,800,800,0.0,110,0,n,4
4867,I4867,1500,1000,800,0.0,110,1,n,4
2036,I2036,1500,800,800,0.0,110,0,n,4
1017,I1017,1500,1000,800,0.0,110,1,n,4
1172,I1172,1500,800,800,0.0,110,0,n,4
3870,I3870,1500,1000,800,0.0,110,1,n,4
2544,I2544,1500,800,800,0.0,110,0,n,4
321,I0321,1500,1000,800,1050.0,110,1,n,4
3424,I3424,1500,800,800,0.0,110,0,n,4
3675,I3675,1500,800,800,0.0,110,0,n,4
632,I0632,1500,1000,800,1256.0,110,1,n,4
1713,I1713,1500,800,800,980.0,110,0,n,4
2929,I2929,1500,800,800,898.0,110,0,n,4
3923,I3923,1500,800,800,895.0,110,0,n,4
4509,I4509,1500,800,800,1380.0,110,0,n,4
4403,I4403,1500,800,800,0.0,110,0,n,4
3154,I3154,1500,800,800,0.0,110,0,n,4
3226,I3226,1500,800,800,1035.0,110,0,n,4
1238,I1238,1500,1000,800,0.0,110,1,n,4
1838,I1838,1500,1000,800,0.0,110,1,n,4
3959,I3959,1500,1000,800,983.0,110,1,n,4
3741,I3741,1500,1000,800,0.0,110,1,n,4
1347,I1347,1500,800,800,0.0,110,0,n,4
312,I0312,1500,800,800,0.0,110,0,n,4
2283,I2283,1500,800,800,0.0,110,0,n,4
2506,I2506,1500,1000,800,1042.0,110,1,n,4
1924,I1924,1500,1000,800,0.0,110,1,n,4
210,I0210,1500,1000,800,1479.0,110,1,n,4
1429,I1429,1500,800,800,0.0,110,0,n,4
3504,I3504,1500,800,800,1110.0,110,0,n,4
2559,I2559,1500,800,800,1434.0,110,0,n,4
3770,I3770,1500,1000,800,1229.0,110,1,n,4
3532,I3532,1500,1000,800,1069.0,110,1,n,4
3566,I3566,1500,1000,800,1513.0,110,1,n,4
4677,I4677,1500,800,800,1269.0,110,0,n,4
3511,I3511,1500,1000,800,0.0,110,1,n,4
2050,I2050,1500,1000,800,1451.0,110,1,n,4
3836,I3836,1500,1000,800,0.0,110,1,n,4
4737,I4737,1500,800,800,1117.0,110,0,n,4
300,I0300,1500,800,800,1077.0,110,0,n,4
3181,I3181,1500,800,800,806.0,110,0,n,4
3752,I3752,1500,800,800,0.0,110,0,n,4
2398,I2398,1500,1000,800,1088.0,110,1,n,4
4983,I4983,1500,1000,800,0.0,110,1,n,4
2152,I2152,1500,1000,800,0.0,110,1,n,4
523,I0523,1500,1000,800,1180.0,110,1,n,4
3126,I3126,1500,800,800,0.0,110,0,n,4
3265,I3265,1500,1000,800,0.0,110,1,n,4
2209,I2209,1500,1000,800,0.0,110,1,n,4
2456,I2456,1500,1000,800,0.0,110,1,n,4
4543,I4543,1500,1000,800,0.0,110,1,n,4
1141,I1141,1500,1000,800,1230.0,110,1,n,4
1025,I1025,1500,800,800,0.0,110,0,n,4
577,I0577,1500,800,800,1233.0,110,0,n,4
4006,I4006,1500,1000,800,0.0,110,1,n,4
1590,I1590,1500,800,800,1046.0,110,0,n,4
1536,I1536,1500,800,800,748.0,110,0,n,4
2255,I2255,1500,800,800,1527.0,110,0,n,4
4595,I4595,1500,1000,800,0.0,110,1,n,4
527,I0527,1500,1000,800,1157.0,110,1,n,4
95,I0095,1500,800,800,889.0,110,0,n,4
3050,I3050,1500,1000,800,1003.0,110,1,n,4
3312,I3312,1500,800,800,959.0,110,0,n,4
4580,I4580,1500,1000,800,1221.0,110,1,n,4
1737,I1737,1500,800,800,1389.0,110,0,n,4
1746,I1746,1500,1000,800,0.0,110,1,n,4
3229,I3229,1500,1000,800,1392.0,110,1,n,4
378,I0378,1500,800,800,1007.0,110,0,n,4
4268,I4268,1500,1000,800,1367.0,110,1,n,4
3383,I3383,1500,800,800,802.0,110,0,n,4
2261,I2261,1500,1000,800,0.0,110,1,n,4
2595,I2595,1500,1000,800,0.0,110,1,n,4
1630,I1630,1500,800,800,1525.0,110,0,n,4
2636,I2636,1500,800,800,1435.0,110,0,n,4
4939,I4939,1500,800,800,924.0,110,0,n,4
3301,I3301,1500,1000,800,0.0,110,1,n,4
3929,I3929,1500,1000,800,1022.0,110,1,n,4
3297,I3297,1500,1000,800,1087.0,110,1,n,4
4349,I4349,1500,1000,800,0.0,110,1,n,4
4893,I4893,1500,1000,800,1075.0,110,1,n,4
3916,I3916,1500,1000,800,1396.0,110,1,n,4
827,I0827,1500,1000,800,1469.0,110,1,n,4
2554,I2554,1500,1000,800,1270.0,110,1,n,4
3488,I3488,1500,800,800,0.0,110,0,n,4
1805,I1805,1500,1000,800,1382.0,110,1,n,4
1712,I1712,1500,800,800,759.0,110,0,n,4
4272,I4272,1500,800,800,1164.0,110,0,n,4
1329,I1329,1500,1000,800,0.0,110,1,n,4
514,I0514,1500,1000,800,1100.0,110,1,n,4
908,I0908,1500,1000,800,1065.0,110,1,n,4
3555,I3555,1500,1000,800,0.0,110,1,n,4
4784,I4784,1500,1000,800,1068.0,110,1,n,4
2716,I2716,1500,800,800,0.0,110,0,n,4
4798,I4798,1500,800,800,1047.0,110,0,n,4
2078,I2078,1500,1000,800,0.0,110,1,n,4
4270,I4270,1500,800,800,0.0,110,0,n,4
4253,I4253,1500,1000,800,836.0,110,1,n,4
2197,I2197,1500,1000,800,0.0,110,1,n,4
661,I0661,1500,800,800,828.0,110,0,n,4
2054,I2054,1500,800,800,937.0,110,0,n,4
4416,I4416,1500,1000,800,0.0,110,1,n,4
764,I0764,1500,1000,800,1041.0,110,1,n,4
3469,I3469,1500,800,800,1502.0,110,0,n,4
4628,I4628,1500,800,800,1309.0,110,0,n,4
2623,I2623,1500,1000,800,0.0,110,1,n,4
4113,I4113,1500,1000,800,1295.0,110,1,n,4
4845,I4845,1500,1000,800,773.0,110,1,n,4
1210,I1210,1500,1000,800,1464.0,110,1,n,4
2646,I2646,1500,1000,800,0.0,110,1,n,4
1416,I1416,1500,800,800,1424.0,110,0,n,4
858,I0858,1500,800,800,995.0,110,0,n,4
3333,I3333,1500,800,800,0.0,110,0,n,4
4301,I4301,1500,1000,800,0.0,110,1,n,4
1320,I1320,1500,800,800,0.0,110,0,n,4
4570,I4570,1500,800,800,827.0,110,0,n,4
1614,I1614,1500,800,800,1144.0,110,0,n,4
4408,I4408,1500,800,800,0.0,110,0,n,4
3956,I3956,1500,800,800,1410.0,110,0,n,4
366,I0366,1500,800,800,1269.0,110,0,n,4
2372,I2372,1500,800,800,1372.0,110,0,n,4
3346,I3346,1500,800,800,1234.0,110,0,n,4
1362,I1362,1500,800,800,1305.0,110,0,n,4
4437,I4437,1500,800,800,1030.0,110,0,n,4
4807,I4807,1500,800,800,859.0,110,0,n,4
3257,I3257,1500,1000,800,1321.0,110,1,n,4
3957,I3957,1500,800,800,1346.0,110,0,n,4
3943,I3943,1500,1000,800,963.0,110,1,n,4
2645,I2645,1500,800,800,0.0,110,0,n,4
4518,I4518,1500,1000,800,0.0,110,1,n,4
3160,I3160,1500,1000,800,0.0,110,1,n,4
2275,I2275,1500,1000,800,1441.0,110,1,n,4
3145,I3145,1500,800,800,1251.0,110,0,n,4
2790,I2790,1500,800,800,1362.0,110,0,n,4
2494,I2494,1500,800,800,0.0,110,0,n,4
2711,I2711,1500,800,800,930.0,110,0,n,4
282,I0282,1500,1000,800,1458.0,110,1,n,4
498,I0498,1500,800,800,1400.0,110,0,n,4
4126,I4126,1500,800,800,0.0,110,0,n,4
2229,I2229,1500,800,800,761.0,110,0,n,4
1629,I1629,1500,1000,800,1132.0,110,1,n,4
1810,I1810,1500,800,800,996.0,110,0,n,4
4987,I4987,1500,800,800,0.0,110,0,n,4
724,I0724,1500,1000,800,0.0,110,1,n,4
568,I0568,1500,800,800,0.0,110,0,n,4
553,I0553,1500,800,800,1443.0,110,0,n,4
591,I0591,1500,800,800,1323.0,110,0,n,4
2024,I2024,1500,800,800,1095.0,110,0,n,4
2723,I2723,1500,1000,800,0.0,110,1,n,4
2488,I2488,1500,800,800,1351.0,110,0,n,4
2203,I2203,1500,1000,800,0.0,110,1,n,4
3208,I3208,1500,1000,800,1069.0,110,1,n,4
4405,I4405,1500,800,800,1219.0,110,0,n,4
3625,I3625,1500,1000,800,1252.0,110,1,n,4
2336,I2336,1500,800,800,0.0,110,0,n,4
586,I0586,1500,1000,800,1037.0,110,1,n,4
3850,I3850,1500,800,800,0.0,110,0,n,4
1929,I1929,1500,1000,800,0.0,110,1,n,4
3507,I3507,1500,1000,800,1474.0,110,1,n,4
4547,I4547,1500,800,800,0.0,110,0,n,4
133,I0133,1500,800,800,960.0,110,0,n,4
4619,I4619,1500,800,800,0.0,110,0,n,4
75,I0075,1500,1000,800,0.0,110,1,n,4
198,I0198,1500,800,800,1094.0,110,0,n,4
3808,I3808,1500,800,800,0.0,110,0,n,4
1600,I1600,1500,800,800,0.0,110,0,n,4
3599,I3599,1500,800,800,1030.0,110,0,n,4
305,I0305,1500,1000,800,990.0,110,1,n,4
1110,I1110,1500,1000,800,0.0,110,1,n,4
1676,I1676,1500,1000,800,0.0,110,1,n,4
4358,I4358,1500,800,800,873.0,110,0,n,4
2534,I2534,1500,800,800,1453.0,110,0,n,4
2769,I2769,1500,1000,800,1573.0,110,1,n,4
3361,I3361,1500,1000,800,1482.0,110,1,n,4
1197,I1197,1500,1000,800,1351.0,110,1,n,4
1265,I1265,1500,800,800,0.0,110,0,n,4
823,I0823,1500,800,800,0.0,110,0,n,4
1987,I1987,1500,1000,800,1412.0,110,1,n,4
1824,I1824,1500,1000,800,0.0,110,1,n,4
1201,I1201,1500,1000,800,0.0,110,1,n,4
2004,I2004,1500,1000,800,1355.0,110,1,n,4
866,I0866,1500,800,800,0.0,110,0,n,4
18,I0018,1500,1000,800,868.0,110,1,n,4
2492,I2492,1500,1000,800,0.0,110,1,n,4
3868,I3868,1500,1000,800,953.0,110,1,n,4
656,I0656,1500,800,800,1042.0,110,0,n,4
4993,I4993,1500,800,800,942.0,110,0,n,4
2231,I2231,1500,1000,800,0.0,110,1,n,4
415,I0415,1500,1000,800,1144.0,110,1,n,4
3207,I3207,1500,800,800,1269.0,110,0,n,4
521,I0521,1500,1000,800,0.0,110,1,n,4
3140,I3140,1500,1000,800,1067.0,110,1,n,4
789,I0789,1500,1000,800,925.0,110,1,n,4
3854,I3854,1500,1000,800,1156.0,110,1,n,4
1966,I1966,1500,1000,800,1301.0,110,1,n,4
1584,I1584,1500,800,800,766.0,110,0,n,4
1410,I1410,1500,800,800,1124.0,110,0,n,4
4994,I4994,1500,800,800,941.0,110,0,n,4
2581,I2581,1500,1000,800,981.0,110,1,n,4
1372,I1372,1500,800,800,0.0,110,0,n,4
2558,I2558,1500,800,800,1388.0,110,0,n,4
1514,I1514,1500,1000,800,1048.0,110,1,n,4
2322,I2322,1500,1000,800,0.0,110,1,n,4
2813,I2813,1500,800,800,736.0,110,0,n,4
2661,I2661,1500,1000,800,961.0,110,1,n,4
2708,I2708,1500,1000,800,1542.0,110,1,n,4
317,I0317,1500,800,800,1398.0,110,0,n,4
2709,I2709,1500,800,800,1085.0,110,0,n,4
4442,I4442,1500,1000,800,1052.0,110,1,n,4
3672,I3672,1500,1000,800,1356.0,110,1,n,4
987,I0987,1500,800,800,0.0,110,0,n,4
4554,I4554,1500,800,800,1399.0,110,0,n,4
3524,I3524,1500,1000,800,1024.0,110,1,n,4
4361,I4361,1500,1000,800,0.0,110,1,n,4
1324,I1324,1500,1000,800,882.0,110,1,n,4
301,I0301,1500,1000,800,1545.0,110,1,n,4
3531,I3531,1500,800,800,0.0,110,0,n,4
4878,I4878,1500,800,800,868.0,110,0,n,4
540,I0540,1500,800,800,0.0,110,0,n,4
1328,I1328,1500,800,800,744.0,110,0,n,4
997,I0997,1500,1000,800,1063.0,110,1,n,4
34,I0034,1500,800,800,1013.0,110,0,n,4
3491,I3491,1500,800,800,905.0,110,0,n,4
3983,I3983,1500,1000,800,0.0,110,1,n,4
3512,I3512,1500,1000,800,1399.0,110,1,n,4
888,I0888,1500,1000,800,1186.0,110,1,n,4
3153,I3153,1500,800,800,952.0,110,0,n,4
3994,I3994,1500,800,800,0.0,110,0,n,4
799,I0799,1500,800,800,0.0,110,0,n,4
3388,I3388,1500,800,800,1343.0,110,0,n,4
2188,I2188,1500,800,800,1030.0,110,0,n,4
2381,I2381,1500,1000,800,926.0,110,1,n,4
3304,I3304,1500,800,800,0.0,110,0,n,4
3130,I3130,1500,800,800,1336.0,110,0,n,4
467,I0467,1500,800,800,1188.0,110,0,n,4
3753,I3753,1500,800,800,1159.0,110,0,n,4
123,I0123,1500,800,800,0.0,110,0,n,4
3660,I3660,1500,1000,800,1402.0,110,1,n,4
745,I0745,1500,1000,800,699.0,110,1,n,4
2529,I2529,1500,1000,800,0.0,110,1,n,4
4711,I4711,1500,1000,800,0.0,110,1,n,4
2984,I2984,1500,800,800,0.0,110,0,n,4
2297,I2297,1500,1000,800,1359.0,110,1,n,4
4189,I4189,1500,1000,800,903.0,110,1,n,4
3617,I3617,1500,800,800,0.0,110,0,n,4
1944,I1944,1500,800,800,0.0,110,0,n,4
2647,I2647,1500,1000,800,910.0,110,1,n,4
3878,I3878,1500,800,800,1336.0,110,0,n,4
585,I0585,1500,800,800,1193.0,110,0,n,4
4040,I4040,1500,800,800,1269.0,110,0,n,4
3687,I3687,1500,800,800,1089.0,110,0,n,4
848,I0848,1500,800,800,1085.0,110,0,n,4
3472,I3472,1500,800,800,1199.0,110,0,n,4
1666,I1666,1500,1000,800,0.0,110,1,n,4
507,I0507,1500,800,800,942.0,110,0,n,4
1609,I1609,1500,800,800,0.0,110,0,n,4
730,I0730,1500,800,800,0.0,110,0,n,4
4438,I4438,1500,1000,800,0.0,110,1,n,4
2136,I2136,1500,1000,800,905.0,110,1,n,4
2460,I2460,1500,1000,800,993.0,110,1,n,4
2733,I2733,1500,1000,800,1137.0,110,1,n,4
557,I0557,1500,800,800,1122.0,110,0,n,4
665,I0665,1500,1000,800,0.0,110,1,n,4
1176,I1176,1500,800,800,1090.0,110,0,n,4
1729,I1729,1500,1000,800,954.0,110,1,n,4
1693,I1693,1500,800,800,1405.0,110,0,n,4
778,I0778,1500,1000,800,0.0,110,1,n,4
