,id_item,length,width,height,weight,nesting_height,stackability_code,forced_orientation,max_stackability
3708,I3708,1400,1200,1450,179.4,45,3,n,100
6334,I6334,1600,1200,975,180.2,45,4,n,100
5889,I5889,1400,1225,1160,278.5,0,2,n,100
1983,I1983,1600,1200,1350,303.92,45,4,n,100
5618,I5618,1200,1000,750,176.5,45,1,n,100
1416,I1416,1200,1000,975,248.88,45,1,n,100
7536,I7536,1600,1200,1350,205.16,45,4,n,100
957,I0957,1600,1200,1350,207.72,45,4,n,100
1608,I1608,1200,1000,975,225.6,45,1,n,100
1104,I1104,1200,1000,975,293.32,45,1,n,100
6703,I6703,1400,1200,1450,179.4,45,3,n,100
3363,I3363,1400,1200,1450,179.4,45,3,n,100
6853,I6853,1400,1200,1450,179.4,45,3,n,100
2803,I2803,780,570,478,160.56,47,0,w,4
6775,I6775,1200,1000,975,337.45,45,1,n,100
7737,I7737,780,570,478,81.72,47,0,w,4
2744,I2744,780,570,478,160.56,47,0,w,4
4744,I4744,780,570,478,170.28,47,0,w,4
1292,I1292,1400,1200,1450,179.4,45,3,n,100
1570,I1570,1600,1200,975,180.2,45,4,n,100
2692,I2692,1400,1200,1450,179.4,45,3,n,100
569,I0569,1600,1200,1350,303.92,45,4,n,100
4129,I4129,1600,1200,1350,205.16,45,4,n,100
1647,I1647,1400,1200,1450,179.4,45,3,n,100
5598,I5598,1200,1000,975,248.88,45,1,n,100
6080,I6080,1600,1200,1350,303.92,45,4,n,100
2791,I2791,1600,1200,1350,207.72,45,4,n,100
885,I0885,1400,1200,1450,179.4,45,3,n,100
2258,I2258,1400,1200,1450,179.4,45,3,n,100
4592,I4592,1200,1000,975,527.4,45,1,n,100
2728,I2728,780,570,478,81.72,47,0,w,4
7194,I7194,1200,1000,975,225.6,45,1,n,100
5952,I5952,1400,1225,1160,317.0,0,2,n,100
1374,I1374,1400,1200,1450,179.4,45,3,n,100
3827,I3827,1600,1200,1350,303.92,45,4,n,100
4369,I4369,1600,1200,975,611.224,45,4,n,100
6977,I6977,1400,1200,1450,179.4,45,3,n,100
7499,I7499,1600,1200,975,611.224,45,4,n,100
7023,I7023,1600,1200,1350,207.72,45,4,n,100
3666,I3666,1600,1200,1350,207.72,45,4,n,100
2135,I2135,780,570,478,82.32,47,0,w,4
7951,I7951,1600,1200,1350,303.92,45,4,n,100
1013,I1013,1200,1000,975,156.15,45,1,n,100
4974,I4974,1400,1225,1160,278.5,0,2,n,100
3298,I3298,1200,1000,975,293.32,45,1,n,100
4325,I4325,1600,1200,930,438.4,45,4,n,100
5072,I5072,1200,1000,975,527.4,45,1,n,100
5501,I5501,1200,1000,975,225.6,45,1,n,100
2365,I2365,1200,1000,750,351.944,45,1,n,100
6737,I6737,1200,1000,975,527.4,45,1,n,100
259,I0259,1600,1200,1350,303.92,45,4,n,100
7923,I7923,1200,1000,975,293.32,45,1,n,100
868,I0868,1200,1000,975,527.4,45,1,n,100
4258,I4258,1400,1225,1160,278.5,0,2,n,100
5029,I5029,1400,1225,1160,317.0,0,2,n,100
1716,I1716,1400,1225,1160,317.0,0,2,n,100
5926,I5926,1400,1200,1450,179.4,45,3,n,100
6778,I6778,780,570,478,81.72,47,0,w,4
953,I0953,1400,1200,1450,179.4,45,3,n,100
8111,I8111,1400,1200,1450,179.4,45,3,n,100
4707,I4707,1400,1200,1450,179.4,45,3,n,100
7755,I7755,1400,1225,1160,278.5,0,2,n,100
6186,I6186,780,570,478,82.32,47,0,w,4
1500,I1500,1600,1200,930,438.4,45,4,n,100
3925,I3925,780,570,478,81.72,47,0,w,4
6183,I6183,1600,1200,1350,303.92,45,4,n,100
4509,I4509,1600,1200,930,438.4,45,4,n,100
2522,I2522,1400,1200,1450,179.4,45,3,n,100
7324,I7324,1200,1000,750,229.88,45,1,n,100
3099,I3099,1600,1200,975,180.2,45,4,n,100
1530,I1530,1600,1200,1350,303.92,45,4,n,100
3090,I3090,1400,1225,1160,317.0,0,2,n,100
5792,I5792,1600,1200,1350,303.92,45,4,n,100
5604,I5604,1900,1200,750,845.38,45,5,n,100
8261,I8261,1200,1000,975,156.15,45,1,n,100
7747,I7747,1200,1000,750,227.528,45,1,n,100
8071,I8071,1600,1200,1350,207.72,45,4,n,100
3806,I3806,1400,1200,1450,179.4,45,3,n,100
4892,I4892,1600,1200,930,514.24,45,4,n,100
6631,I6631,1400,1200,1450,179.4,45,3,n,100
7395,I7395,1600,1200,1350,207.72,45,4,n,100
5738,I5738,780,570,478,170.28,47,0,w,4
6463,I6463,1200,1000,930,324.1,45,1,n,100
7312,I7312,780,570,478,160.56,47,0,w,4
8399,I8399,1600,1200,930,454.873,45,4,n,100
7522,I7522,1200,1000,975,183.84,45,1,n,100
7185,I7185,1200,1000,975,259.6,45,1,n,100
7339,I7339,1400,1200,1450,179.4,45,3,n,100
5023,I5023,1400,1225,1160,317.0,0,2,n,100
2871,I2871,1400,1200,1450,179.4,45,3,n,100
4644,I4644,1400,1200,1450,179.4,45,3,n,100
1554,I1554,1600,1200,930,514.24,45,4,n,100
6660,I6660,1200,1000,1057,179.85,0,6,n,100
2955,I2955,1600,1200,1350,303.92,45,4,n,100
7058,I7058,1600,1200,1350,207.72,45,4,n,100
4436,I4436,1600,1200,1350,207.72,45,4,n,100
6663,I6663,1200,1000,975,337.9,45,1,n,100
1203,I1203,1600,1200,975,180.2,45,4,n,100
7512,I7512,1200,1000,975,183.84,45,1,n,100
1792,I1792,1200,1000,975,248.88,45,1,n,100
3611,I3611,780,570,478,96.256,47,0,w,4
1333,I1333,1400,1225,1160,278.5,0,2,n,100
1667,I1667,1200,1000,1057,179.85,0,6,n,100
257,I0257,1600,1200,1350,303.92,45,4,n,100
574,I0574,1600,1200,930,454.873,45,4,n,100
6650,I6650,1400,1200,1450,179.4,45,3,n,100
730,I0730,1600,1200,1350,205.16,45,4,n,100
1052,I1052,1600,1200,1350,303.92,45,4,n,100
2169,I2169,1600,1200,930,514.24,45,4,n,100
127,I0127,1400,1200,1450,179.4,45,3,n,100
1360,I1360,1600,1200,930,438.4,45,4,n,100
7455,I7455,1400,1225,1160,278.5,0,2,n,100
1729,I1729,1400,1225,1160,317.0,0,2,n,100
2697,I2697,1400,1200,1450,179.4,45,3,n,100
4357,I4357,1200,1000,750,500.86,45,1,n,100
8008,I8008,1200,1000,359,72.704,0,6,n,100
4909,I4909,1400,1200,1450,179.4,45,3,n,100
1871,I1871,1600,1200,1350,207.72,45,4,n,100
8147,I8147,1400,1200,1450,179.4,45,3,n,100
5055,I5055,780,570,478,100.96,47,0,w,4
45,I0045,1400,1200,1450,179.4,45,3,n,100
7444,I7444,1400,1225,1160,317.0,0,2,n,100
3515,I3515,780,570,478,81.72,47,0,w,4
1782,I1782,1400,1200,1450,179.4,45,3,n,100
4249,I4249,1400,1225,1160,278.5,0,2,n,100
7627,I7627,1400,1200,1450,179.4,45,3,n,100
5273,I5273,1400,1225,1160,278.5,0,2,n,100
1449,I1449,1200,1000,975,293.32,45,1,n,100
5941,I5941,1200,1000,975,183.84,45,1,n,100
3245,I3245,1400,1200,1450,179.4,45,3,n,100
8362,I8362,1200,1000,975,225.6,45,1,n,100
8229,I8229,1600,1200,1350,205.16,45,4,n,100
3153,I3153,1400,1225,1160,278.5,0,2,n,100
7420,I7420,780,570,478,82.32,47,0,w,4
1601,I1601,1200,1000,975,225.6,45,1,n,100
7833,I7833,1200,1000,975,259.6,45,1,n,100
3687,I3687,1600,1200,975,180.2,45,4,n,100
2498,I2498,1400,1200,1450,179.4,45,3,n,100
5322,I5322,1600,1200,1350,207.72,45,4,n,100
7125,I7125,1400,1200,1450,179.4,45,3,n,100
7301,I7301,780,570,478,100.96,47,0,w,4
177,I0177,1400,1200,1450,179.4,45,3,n,100
2924,I2924,1400,1225,1160,278.5,0,2,n,100
1355,I1355,1600,1200,930,438.4,45,4,n,100
5154,I5154,780,570,478,100.96,47,0,w,4
8044,I8044,780,570,478,170.28,47,0,w,4
615,I0615,1200,1000,1155,366.75,0,6,n,100
2933,I2933,1400,1225,1160,317.0,0,2,n,100
3524,I3524,1200,1000,975,577.8,45,1,n,100
4517,I4517,1600,1200,1350,303.92,45,4,n,100
2484,I2484,1200,1000,750,351.756,45,1,n,100
4518,I4518,1600,1200,1350,303.92,45,4,n,100
4628,I4628,1400,1200,1450,179.4,45,3,n,100
4505,I4505,1600,1200,930,438.4,45,4,n,100
5560,I5560,1600,1200,1350,207.72,45,4,n,100
4427,I4427,1200,1000,558,127.408,0,6,n,100
6050,I6050,1600,1200,975,180.2,45,4,n,100
2408,I2408,1400,1225,1160,278.5,0,2,n,100
6551,I6551,780,570,478,100.96,47,0,w,4
6779,I6779,780,570,478,81.72,47,0,w,4
4958,I4958,1600,1200,1350,207.72,45,4,n,100
6741,I6741,1600,1200,1350,303.92,45,4,n,100
5616,I5616,1600,1200,1350,205.16,45,4,n,100
2391,I2391,1400,1225,1160,278.5,0,2,n,100
4547,I4547,1400,1200,1450,179.4,45,3,n,100
594,I0594,1200,1000,750,351.944,45,1,n,100
4816,I4816,1200,1000,975,165.375,45,1,n,100
5502,I5502,1200,1000,975,225.6,45,1,n,100
1771,I1771,1200,1000,750,229.88,45,1,n,100
3983,I3983,1400,1200,1450,179.4,45,3,n,100
687,I0687,1600,1200,930,454.873,45,4,n,100
5768,I5768,1400,1200,1450,179.4,45,3,n,100
6867,I6867,780,570,478,170.28,47,0,w,4
6578,I6578,780,570,478,82.32,47,0,w,4
2054,I2054,1400,1200,1450,179.4,45,3,n,100
4630,I4630,1400,1200,1450,179.4,45,3,n,100
1692,I1692,1400,1200,1450,179.4,45,3,n,100
6289,I6289,1400,1225,1160,278.5,0,2,n,100
1474,I1474,1200,1000,975,293.32,45,1,n,100
1795,I1795,780,570,478,82.32,47,0,w,4
6288,I6288,1400,1225,1160,278.5,0,2,n,100
6554,I6554,1200,1000,750,229.88,45,1,n,100
5675,I5675,1600,1200,1350,205.16,45,4,n,100
2355,I2355,1200,1000,545,690.5,45,1,n,100
7911,I7911,1400,1200,1450,179.4,45,3,n,100
5169,I5169,1200,1000,750,229.88,45,1,n,100
3784,I3784,780,570,478,82.32,47,0,w,4
242,I0242,1400,1200,1450,179.4,45,3,n,100
6766,I6766,1600,1200,1350,205.16,45,4,n,100
6647,I6647,1400,1200,1450,179.4,45,3,n,100
3860,I3860,1200,1000,975,293.32,45,1,n,100
7419,I7419,780,570,478,82.32,47,0,w,4
5161,I5161,780,570,478,270.08,47,0,w,4
5323,I5323,1600,1200,1350,207.72,45,4,n,100
7166,I7166,1200,1000,975,527.4,45,1,n,100
5108,I5108,1600,1200,1350,207.72,45,4,n,100
7978,I7978,1200,1000,975,156.15,45,1,n,100
518,I0518,1400,1200,1450,179.4,45,3,n,100
1591,I1591,1600,1200,1350,303.92,45,4,n,100
2501,I2501,1600,1200,1350,303.92,45,4,n,100
5543,I5543,1200,1000,750,227.528,45,1,n,100
3626,I3626,1600,1200,1350,205.16,45,4,n,100
3212,I3212,1400,1200,1450,179.4,45,3,n,100
5869,I5869,1600,1200,1350,303.92,45,4,n,100
6782,I6782,1600,1200,1350,303.92,45,4,n,100
2172,I2172,1900,1200,750,713.62,45,5,n,100
6558,I6558,1200,1000,750,229.88,45,1,n,100
4377,I4377,1600,1200,1350,207.72,45,4,n,100
2324,I2324,780,570,478,96.256,47,0,w,4
6166,I6166,1400,1225,1160,317.0,0,2,n,100
6222,I6222,1600,1200,1350,207.72,45,4,n,100
7907,I7907,1400,1200,1450,179.4,45,3,n,100
4973,I4973,1400,1225,1160,278.5,0,2,n,100
192,I0192,1400,1200,1450,179.4,45,3,n,100
6381,I6381,780,570,478,96.256,47,0,w,4
2286,I2286,1600,1200,1350,207.72,45,4,n,100
3133,I3133,780,570,478,170.28,47,0,w,4
6344,I6344,1600,1200,975,180.2,45,4,n,100
6482,I6482,1600,1200,930,438.4,45,4,n,100
5718,I5718,1200,1000,975,248.88,45,1,n,100
3963,I3963,1400,1200,1450,179.4,45,3,n,100
3075,I3075,1200,1000,975,293.32,45,1,n,100
1648,I1648,1400,1200,1450,179.4,45,3,n,100
2055,I2055,1400,1200,1450,179.4,45,3,n,100
5346,I5346,1600,1200,1350,207.72,45,4,n,100
403,I0403,780,570,478,82.32,47,0,w,4
4198,I4198,1200,1000,750,229.88,45,1,n,100
4254,I4254,1400,1225,1160,278.5,0,2,n,100
217,I0217,1400,1200,1450,179.4,45,3,n,100
5853,I5853,1400,1200,1450,179.4,45,3,n,100
2996,I2996,1600,1200,1350,207.72,45,4,n,100
2393,I2393,1400,1225,1160,278.5,0,2,n,100
4895,I4895,780,570,478,269.32,47,0,w,4
2878,I2878,1400,1200,1450,179.4,45,3,n,100
2240,I2240,1400,1200,1450,179.4,45,3,n,100
6164,I6164,1400,1225,1160,317.0,0,2,n,100
2580,I2580,780,570,478,170.28,47,0,w,4
2850,I2850,1400,1200,1450,179.4,45,3,n,100
2472,I2472,1600,1200,1350,207.72,45,4,n,100
5293,I5293,1600,1200,975,180.2,45,4,n,100
7974,I7974,1600,1200,930,310.76,45,4,n,100
6727,I6727,1600,1200,1350,205.16,45,4,n,100
627,I0627,1400,1200,1450,179.4,45,3,n,100
6869,I6869,780,570,478,170.28,47,0,w,4
917,I0917,1200,1000,975,527.4,45,1,n,100
2936,I2936,1400,1225,1160,317.0,0,2,n,100
7292,I7292,1900,1200,750,845.38,45,5,n,100
5177,I5177,1200,1000,975,225.6,45,1,n,100
6609,I6609,1400,1200,1450,179.4,45,3,n,100
4002,I4002,1400,1225,1160,317.0,0,2,n,100
3640,I3640,780,570,478,96.256,47,0,w,4
210,I0210,1600,1200,930,438.4,45,4,n,100
7552,I7552,1200,1000,975,337.9,45,1,n,100
2129,I2129,1600,1200,930,547.3,45,4,n,100
5902,I5902,1400,1225,1160,317.0,0,2,n,100
2631,I2631,1200,1000,975,527.4,45,1,n,100
6081,I6081,780,570,478,270.08,47,0,w,4
3577,I3577,1600,1200,1350,205.16,45,4,n,100
6892,I6892,780,570,478,269.32,47,0,w,4
6730,I6730,1200,1000,1155,375.0,0,6,n,100
6467,I6467,1600,1200,930,547.3,45,4,n,100
8083,I8083,1600,1200,1350,207.72,45,4,n,100
248,I0248,1400,1200,1450,179.4,45,3,n,100
5388,I5388,780,570,478,100.96,47,0,w,4
4758,I4758,780,570,478,104.768,47,0,w,4
5791,I5791,1600,1200,1350,303.92,45,4,n,100
4860,I4860,1400,1200,1450,179.4,45,3,n,100
4529,I4529,1400,1200,1450,179.4,45,3,n,100
912,I0912,1200,1000,975,527.4,45,1,n,100
7388,I7388,1600,1200,1350,207.72,45,4,n,100
8016,I8016,1200,1000,750,227.528,45,1,n,100
4367,I4367,1200,1000,975,165.375,45,1,n,100
5774,I5774,1400,1200,1450,179.4,45,3,n,100
7844,I7844,1200,1000,750,305.32,45,1,n,100
7916,I7916,1200,1000,975,293.32,45,1,n,100
6497,I6497,1200,1000,975,577.8,45,1,n,100
5139,I5139,1400,1200,1450,179.4,45,3,n,100
4675,I4675,1600,1200,1350,207.72,45,4,n,100
1000,I1000,1200,1000,975,156.15,45,1,n,100
7780,I7780,1400,1200,1450,179.4,45,3,n,100
7902,I7902,1400,1200,1450,179.4,45,3,n,100
7504,I7504,780,570,478,82.32,47,0,w,4
7462,I7462,1400,1225,1160,278.5,0,2,n,100
4376,I4376,1600,1200,1350,207.72,45,4,n,100
7730,I7730,780,570,478,81.72,47,0,w,4
3294,I3294,1200,1000,975,293.32,45,1,n,100
4493,I4493,1400,1225,1160,317.0,0,2,n,100
6304,I6304,1400,1200,1450,179.4,45,3,n,100
4333,I4333,1200,1000,750,229.88,45,1,n,100
2590,I2590,1600,1200,1350,207.72,45,4,n,100
5854,I5854,1400,1200,1450,179.4,45,3,n,100
2879,I2879,1400,1200,1450,179.4,45,3,n,100
6653,I6653,1400,1200,1450,179.4,45,3,n,100
348,I0348,1600,1200,930,547.3,45,4,n,100
3266,I3266,1600,1200,930,438.4,45,4,n,100
1869,I1869,1600,1200,1350,207.72,45,4,n,100
356,I0356,1200,1000,975,156.15,45,1,n,100
6820,I6820,1400,1200,1450,179.4,45,3,n,100
4953,I4953,1600,1200,1350,207.72,45,4,n,100
3169,I3169,1400,1225,1160,278.5,0,2,n,100
2914,I2914,1200,1000,975,577.8,45,1,n,100
6052,I6052,1600,1200,975,180.2,45,4,n,100
2229,I2229,1400,1200,1450,179.4,45,3,n,100
2780,I2780,1600,1200,1350,207.72,45,4,n,100
2185,I2185,1600,1200,1350,207.72,45,4,n,100
4562,I4562,1400,1225,1160,278.5,0,2,n,100
8067,I8067,1600,1200,1350,303.92,45,4,n,100
67,I0067,1400,1225,1160,317.0,0,2,n,100
2902,I2902,1200,1000,558,127.408,0,6,n,100
6674,I6674,1400,1200,1450,179.4,45,3,n,100
1185,I1185,1600,1200,975,180.2,45,4,n,100
6079,I6079,1600,1200,1350,303.92,45,4,n,100
1880,I1880,1600,1200,1350,207.72,45,4,n,100
5249,I5249,1400,1200,1450,179.4,45,3,n,100
2106,I2106,1400,1225,1160,278.5,0,2,n,100
1671,I1671,1200,1000,750,229.88,45,1,n,100
7507,I7507,1200,1000,975,248.88,45,1,n,100
262,I0262,1200,1000,930,324.1,45,1,n,100
2699,I2699,1400,1200,1450,179.4,45,3,n,100
5258,I5258,1600,1200,1350,310.16,45,4,n,100
2712,I2712,1400,1225,1160,317.0,0,2,n,100
7121,I7121,1400,1200,1450,179.4,45,3,n,100
2733,I2733,780,570,478,81.72,47,0,w,4
6273,I6273,1400,1200,1450,179.4,45,3,n,100
435,I0435,1400,1200,1450,179.4,45,3,n,100
1520,I1520,1200,1000,975,156.15,45,1,n,100
2086,I2086,1600,1200,930,438.4,45,4,n,100
6806,I6806,1400,1225,1160,317.0,0,2,n,100
7114,I7114,1400,1200,1450,179.4,45,3,n,100
1945,I1945,780,570,478,100.96,47,0,w,4
3906,I3906,1400,1225,1160,317.0,0,2,n,100
8173,I8173,1400,1200,1450,179.4,45,3,n,100
3129,I3129,780,570,478,170.28,47,0,w,4
4737,I4737,1400,1200,1450,179.4,45,3,n,100
3484,I3484,1200,1000,975,293.32,45,1,n,100
7869,I7869,780,570,478,82.32,47,0,w,4
2477,I2477,1400,1225,1160,278.5,0,2,n,100
1461,I1461,1200,1000,975,293.32,45,1,n,100
3699,I3699,1600,1200,975,180.2,45,4,n,100
2787,I2787,1600,1200,1350,207.72,45,4,n,100
3445,I3445,1200,1000,750,235.4,45,1,n,100
8323,I8323,1200,1000,975,293.32,45,1,n,100
7025,I7025,1600,1200,1350,207.72,45,4,n,100
3490,I3490,1900,1200,750,713.62,45,5,n,100
6272,I6272,1400,1200,1450,179.4,45,3,n,100
2188,I2188,1600,1200,1350,207.72,45,4,n,100
7635,I7635,1400,1200,1450,179.4,45,3,n,100
4343,I4343,1600,1200,1350,207.72,45,4,n,100
2649,I2649,1200,1000,545,690.5,45,1,n,100
3071,I3071,1200,1000,975,293.32,45,1,n,100
7459,I7459,1400,1225,1160,278.5,0,2,n,100
7640,I7640,1600,1200,975,180.2,45,4,n,100
3227,I3227,1400,1200,1450,179.4,45,3,n,100
616,I0616,1200,1000,1057,164.04,0,6,n,100
891,I0891,1400,1200,1450,179.4,45,3,n,100
6212,I6212,1400,1225,1160,278.5,0,2,n,100
6553,I6553,1200,1000,750,229.88,45,1,n,100
322,I0322,1400,1200,1450,179.4,45,3,n,100
5353,I5353,1200,1000,975,225.6,45,1,n,100
5126,I5126,1200,1000,545,690.5,45,1,n,100
4992,I4992,1400,1200,1450,179.4,45,3,n,100
2051,I2051,1400,1200,1450,179.4,45,3,n,100
6760,I6760,1600,1200,1350,205.16,45,4,n,100
5394,I5394,780,570,478,100.96,47,0,w,4
6102,I6102,1400,1200,1450,179.4,45,3,n,100
2212,I2212,1600,1200,1350,207.72,45,4,n,100
6003,I6003,1200,1000,975,156.15,45,1,n,100
1123,I1123,1200,1000,975,293.32,45,1,n,100
714,I0714,1600,1200,1350,303.92,45,4,n,100
1858,I1858,1600,1200,1350,303.92,45,4,n,100
4036,I4036,1600,1200,1350,207.72,45,4,n,100
3009,I3009,1600,1200,1350,207.72,45,4,n,100
7409,I7409,1600,1200,1350,303.92,45,4,n,100
4982,I4982,1200,1000,975,225.6,45,1,n,100
7751,I7751,1400,1225,1160,278.5,0,2,n,100
6143,I6143,1400,1200,1450,179.4,45,3,n,100
4361,I4361,1200,1000,750,227.528,45,1,n,100
7503,I7503,780,570,478,82.32,47,0,w,4
3339,I3339,1600,1200,1350,303.92,45,4,n,100
439,I0439,1400,1200,1450,179.4,45,3,n,100
3919,I3919,1400,1225,1160,278.5,0,2,n,100
6441,I6441,1400,1225,1160,278.5,0,2,n,100
5290,I5290,1600,1200,975,180.2,45,4,n,100
4762,I4762,780,570,478,160.56,47,0,w,4
806,I0806,1200,1000,975,165.375,45,1,n,100
8155,I8155,1400,1200,1450,179.4,45,3,n,100
1448,I1448,1200,1000,975,293.32,45,1,n,100
4131,I4131,1200,1000,750,229.88,45,1,n,100
8299,I8299,780,570,478,160.56,47,0,w,4
2388,I2388,1400,1225,1160,278.5,0,2,n,100
5634,I5634,1600,1200,1350,207.72,45,4,n,100
2752,I2752,1600,1200,1350,303.92,45,4,n,100
2719,I2719,1400,1225,1160,317.0,0,2,n,100
8123,I8123,780,570,478,48.896,47,0,w,4
6768,I6768,1600,1200,1350,205.16,45,4,n,100
7104,I7104,1600,1200,930,547.3,45,4,n,100
8271,I8271,1400,1200,1450,179.4,45,3,n,100
94,I0094,1600,1200,930,547.3,45,4,n,100
7093,I7093,1200,1000,1155,375.0,0,6,n,100
2582,I2582,780,570,478,170.28,47,0,w,4
3749,I3749,1600,1200,1350,303.92,45,4,n,100
1663,I1663,1600,1200,1350,207.72,45,4,n,100
7592,I7592,1400,1225,1160,278.5,0,2,n,100
7120,I7120,1400,1200,1450,179.4,45,3,n,100
7318,I7318,1400,1225,1160,278.5,0,2,n,100
5240,I5240,1400,1200,1450,179.4,45,3,n,100
5428,I5428,1200,1000,975,246.0,45,1,n,100
6284,I6284,1400,1225,1160,278.5,0,2,n,100
4760,I4760,1200,1000,359,72.704,0,6,n,100
1273,I1273,1200,1000,975,169.0,45,1,n,100
2487,I2487,1400,1200,1450,179.4,45,3,n,100
7242,I7242,1400,1200,1450,179.4,45,3,n,100
65,I0065,1400,1225,1160,317.0,0,2,n,100
6847,I6847,1400,1200,1450,179.4,45,3,n,100
4418,I4418,1200,1000,975,169.0,45,1,n,100
5372,I5372,780,570,478,82.32,47,0,w,4
4611,I4611,1600,1200,1350,303.92,45,4,n,100
1937,I1937,780,570,478,100.96,47,0,w,4
8381,I8381,1600,1200,930,547.3,45,4,n,100
7133,I7133,1400,1200,1450,179.4,45,3,n,100
4411,I4411,1200,1000,975,169.0,45,1,n,100
4879,I4879,1600,1200,1350,207.72,45,4,n,100
7519,I7519,1200,1000,975,183.84,45,1,n,100
744,I0744,1600,1200,1350,303.92,45,4,n,100
5004,I5004,1400,1200,1450,179.4,45,3,n,100
3750,I3750,1600,1200,1350,303.92,45,4,n,100
5364,I5364,1400,1200,1450,179.4,45,3,n,100
4756,I4756,780,570,478,104.768,47,0,w,4
336,I0336,1600,1200,1350,207.72,45,4,n,100
2584,I2584,1600,1200,1350,207.72,45,4,n,100
2889,I2889,1600,1200,1350,303.92,45,4,n,100
3562,I3562,1400,1225,1160,278.5,0,2,n,100
4103,I4103,1400,1200,1450,179.4,45,3,n,100
8338,I8338,1400,1225,1160,317.0,0,2,n,100
4910,I4910,1400,1200,1450,179.4,45,3,n,100
506,I0506,780,570,478,100.96,47,0,w,4
3583,I3583,1600,1200,930,547.3,45,4,n,100
813,I0813,780,570,478,96.256,47,0,w,4
704,I0704,1600,1200,1350,303.92,45,4,n,100
599,I0599,1400,1225,1160,278.5,0,2,n,100
1377,I1377,1400,1200,1450,179.4,45,3,n,100
2793,I2793,1600,1200,1350,207.72,45,4,n,100
7249,I7249,1400,1200,1450,179.4,45,3,n,100
7882,I7882,1400,1200,1450,179.4,45,3,n,100
454,I0454,1200,1000,1057,164.04,0,6,n,100
6711,I6711,1400,1200,1450,179.4,45,3,n,100
3725,I3725,1400,1200,1450,179.4,45,3,n,100
6323,I6323,1600,1200,975,180.2,45,4,n,100
4748,I4748,1200,1000,975,304.12,45,1,n,100
4867,I4867,1400,1200,1450,179.4,45,3,n,100
5804,I5804,780,570,478,160.56,47,0,w,4
4600,I4600,1600,1200,930,547.3,45,4,n,100
3145,I3145,780,570,478,260.25,47,0,w,4
5887,I5887,1400,1225,1160,278.5,0,2,n,100
7603,I7603,1400,1225,1160,317.0,0,2,n,100
63,I0063,1600,1200,1350,303.92,45,4,n,100
8157,I8157,1400,1200,1450,179.4,45,3,n,100
6076,I6076,1600,1200,1350,303.92,45,4,n,100
4903,I4903,1400,1200,1450,179.4,45,3,n,100
7905,I7905,1400,1200,1450,179.4,45,3,n,100
2269,I2269,1400,1200,1450,179.4,45,3,n,100
5530,I5530,1600,1200,1350,205.16,45,4,n,100
5740,I5740,780,570,478,170.28,47,0,w,4
7421,I7421,1600,1200,1350,205.16,45,4,n,100
226,I0226,1400,1200,1450,179.4,45,3,n,100
2824,I2824,780,570,478,81.72,47,0,w,4
2404,I2404,1400,1225,1160,278.5,0,2,n,100
2293,I2293,780,570,478,82.32,47,0,w,4
6997,I6997,1400,1200,1450,179.4,45,3,n,100
2112,I2112,1400,1225,1160,278.5,0,2,n,100
2750,I2750,1600,1200,1350,207.72,45,4,n,100
6966,I6966,1400,1200,1450,179.4,45,3,n,100
6685,I6685,1400,1200,1450,179.4,45,3,n,100
5461,I5461,1400,1225,1160,317.0,0,2,n,100
2145,I2145,1200,1000,975,156.15,45,1,n,100
7468,I7468,1400,1225,1160,317.0,0,2,n,100
6859,I6859,1400,1200,1450,179.4,45,3,n,100
6905,I6905,1400,1225,1160,317.0,0,2,n,100
1426,I1426,1200,1000,750,229.88,45,1,n,100
7920,I7920,1200,1000,975,293.32,45,1,n,100
7400,I7400,1600,1200,930,547.3,45,4,n,100
4573,I4573,1400,1225,1160,278.5,0,2,n,100
1282,I1282,1200,1000,975,577.8,45,1,n,100
1492,I1492,1200,1000,975,225.6,45,1,n,100
578,I0578,780,570,478,100.96,47,0,w,4
176,I0176,1400,1200,1450,179.4,45,3,n,100
2847,I2847,1400,1200,1450,179.4,45,3,n,100
382,I0382,1200,1000,750,405.72,45,1,n,100
5746,I5746,1400,1200,1450,179.4,45,3,n,100
7108,I7108,1600,1200,930,547.3,45,4,n,100
470,I0470,1200,1000,750,229.88,45,1,n,100
7621,I7621,1400,1200,1450,179.4,45,3,n,100
7044,I7044,1200,1000,975,183.84,45,1,n,100
3146,I3146,1600,1200,1350,205.16,45,4,n,100
3055,I3055,1200,1000,975,293.32,45,1,n,100
4759,I4759,780,570,478,104.768,47,0,w,4
975,I0975,780,570,478,81.72,47,0,w,4
5783,I5783,1200,1000,545,729.5,45,1,n,100
1335,I1335,1400,1225,1160,278.5,0,2,n,100
6952,I6952,780,570,478,104.768,47,0,w,4
1121,I1121,1200,1000,975,293.32,45,1,n,100
4289,I4289,1400,1225,1160,317.0,0,2,n,100
4893,I4893,1200,1000,975,246.0,45,1,n,100
1139,I1139,1600,1200,1350,207.72,45,4,n,100
7653,I7653,1600,1200,975,180.2,45,4,n,100
240,I0240,1400,1200,1450,179.4,45,3,n,100
3997,I3997,1400,1200,1450,179.4,45,3,n,100
2428,I2428,1400,1200,1450,179.4,45,3,n,100
1632,I1632,1400,1200,1450,179.4,45,3,n,100
3334,I3334,1600,1200,1350,303.92,45,4,n,100
2308,I2308,1600,1200,1350,207.72,45,4,n,100
7126,I7126,1400,1200,1450,179.4,45,3,n,100
5609,I5609,1200,1000,750,229.88,45,1,n,100
1659,I1659,1200,1000,750,229.88,45,1,n,100
3318,I3318,1200,1000,975,293.32,45,1,n,100
4890,I4890,1200,1000,975,336.7,45,1,n,100
7055,I7055,1600,1200,1350,207.72,45,4,n,100
6900,I6900,1200,1000,975,577.8,45,1,n,100
1077,I1077,1600,1200,1350,207.72,45,4,n,100
5672,I5672,1600,1200,1350,205.16,45,4,n,100
1438,I1438,780,570,478,170.28,47,0,w,4
6469,I6469,1600,1200,930,547.3,45,4,n,100
1166,I1166,1600,1200,975,180.2,45,4,n,100
7243,I7243,1400,1200,1450,179.4,45,3,n,100
140,I0140,1400,1200,1450,179.4,45,3,n,100
7406,I7406,1600,1200,1350,303.92,45,4,n,100
4642,I4642,1400,1200,1450,179.4,45,3,n,100
5918,I5918,1400,1200,1450,179.4,45,3,n,100
5113,I5113,780,570,478,160.56,47,0,w,4
774,I0774,1200,1000,975,293.32,45,1,n,100
2523,I2523,1400,1200,1450,179.4,45,3,n,100
819,I0819,1400,1200,1450,179.4,45,3,n,100
3530,I3530,1600,1200,930,438.4,45,4,n,100
4873,I4873,1400,1200,1450,179.4,45,3,n,100
1714,I1714,1400,1225,1160,317.0,0,2,n,100
1836,I1836,1600,1200,1350,303.92,45,4,n,100
3327,I3327,1400,1225,1160,317.0,0,2,n,100
29,I0029,1400,1200,1450,179.4,45,3,n,100
2898,I2898,1600,1200,930,438.4,45,4,n,100
3742,I3742,1900,1200,750,713.62,45,5,n,100
6403,I6403,1600,1200,1350,207.72,45,4,n,100
6274,I6274,1400,1200,1450,179.4,45,3,n,100
1644,I1644,1400,1200,1450,179.4,45,3,n,100
7015,I7015,1600,1200,1350,207.72,45,4,n,100
6035,I6035,1600,1200,975,180.2,45,4,n,100
427,I0427,1400,1200,1450,179.4,45,3,n,100
6177,I6177,1600,1200,1350,303.92,45,4,n,100
6473,I6473,1600,1200,930,547.3,45,4,n,100
55,I0055,1400,1200,1450,179.4,45,3,n,100
5263,I5263,1200,1000,975,183.84,45,1,n,100
5499,I5499,780,570,478,170.28,47,0,w,4
2995,I2995,1600,1200,1350,207.72,45,4,n,100
8129,I8129,780,570,478,82.32,47,0,w,4
6890,I6890,1200,1000,750,351.756,45,1,n,100
2192,I2192,1600,1200,1350,207.72,45,4,n,100
4197,I4197,1200,1000,750,305.32,45,1,n,100
2375,I2375,1400,1225,1160,317.0,0,2,n,100
6710,I6710,1400,1200,1450,179.4,45,3,n,100
6291,I6291,1600,1200,1350,207.72,45,4,n,100
6156,I6156,1200,1000,975,337.45,45,1,n,100
2458,I2458,1600,1200,1350,207.72,45,4,n,100
3282,I3282,1200,1000,975,293.32,45,1,n,100
8126,I8126,1200,1000,975,248.88,45,1,n,100
7216,I7216,780,570,478,104.768,47,0,w,4
7958,I7958,1600,1200,1350,205.16,45,4,n,100
1768,I1768,780,570,478,100.96,47,0,w,4
1777,I1777,1200,1000,750,229.88,45,1,n,100
3641,I3641,1400,1225,1160,317.0,0,2,n,100
3274,I3274,1600,1200,1350,303.92,45,4,n,100
7169,I7169,1200,1000,545,690.5,45,1,n,100
2754,I2754,1600,1200,1350,303.92,45,4,n,100
1351,I1351,780,570,478,104.768,47,0,w,4
1175,I1175,1600,1200,975,180.2,45,4,n,100
7724,I7724,1200,1000,975,577.8,45,1,n,100
6677,I6677,1400,1200,1450,179.4,45,3,n,100
3893,I3893,1400,1225,1160,278.5,0,2,n,100
4749,I4749,1200,1000,975,304.12,45,1,n,100
1365,I1365,1400,1200,1450,179.4,45,3,n,100
7797,I7797,1600,1200,930,438.4,45,4,n,100
3818,I3818,1600,1200,1350,207.72,45,4,n,100
7456,I7456,1400,1225,1160,278.5,0,2,n,100
4500,I4500,1400,1225,1160,317.0,0,2,n,100
1178,I1178,1600,1200,975,180.2,45,4,n,100
4727,I4727,1400,1200,1450,179.4,45,3,n,100
1894,I1894,1200,1000,359,72.704,0,6,n,100
2575,I2575,1400,1200,1450,179.4,45,3,n,100
7089,I7089,1900,1200,750,713.62,45,5,n,100
2197,I2197,1600,1200,1350,207.72,45,4,n,100
7826,I7826,1200,1000,975,577.8,45,1,n,100
4574,I4574,1400,1225,1160,278.5,0,2,n,100
7229,I7229,1200,1000,558,136.704,0,6,n,100
5816,I5816,1200,1000,750,229.88,45,1,n,100
605,I0605,1400,1225,1160,278.5,0,2,n,100
6230,I6230,1600,1200,1350,207.72,45,4,n,100
2155,I2155,1600,1200,930,547.3,45,4,n,100
2329,I2329,1600,1200,1350,303.92,45,4,n,100
4051,I4051,1200,1000,975,169.0,45,1,n,100
3220,I3220,1400,1200,1450,179.4,45,3,n,100
3679,I3679,1600,1200,975,180.2,45,4,n,100
1454,I1454,1200,1000,975,293.32,45,1,n,100
558,I0558,780,570,478,100.96,47,0,w,4
7794,I7794,1400,1200,1450,179.4,45,3,n,100
4161,I4161,1200,1000,975,336.7,45,1,n,100
6673,I6673,1400,1200,1450,179.4,45,3,n,100
5208,I5208,1600,1200,1350,207.72,45,4,n,100
8132,I8132,780,570,478,82.32,47,0,w,4
7047,I7047,1200,1000,975,183.84,45,1,n,100
7738,I7738,1600,1200,930,277.828,45,4,n,100
4847,I4847,1400,1200,1450,179.4,45,3,n,100
6430,I6430,1400,1225,1160,317.0,0,2,n,100
6672,I6672,1400,1200,1450,179.4,45,3,n,100
360,I0360,1600,1200,975,611.224,45,4,n,100
4101,I4101,1400,1200,1450,179.4,45,3,n,100
1486,I1486,1200,1000,750,405.72,45,1,n,100
7064,I7064,1600,1200,1350,207.72,45,4,n,100
5980,I5980,1400,1200,1450,179.4,45,3,n,100
647,I0647,1400,1225,1160,278.5,0,2,n,100
3916,I3916,1400,1225,1160,278.5,0,2,n,100
4478,I4478,1400,1225,1160,317.0,0,2,n,100
3288,I3288,1200,1000,975,293.32,45,1,n,100
5557,I5557,1600,1200,1350,207.72,45,4,n,100
5201,I5201,1600,1200,1350,303.92,45,4,n,100
3880,I3880,1200,1000,750,176.5,45,1,n,100
4820,I4820,1200,1000,975,527.4,45,1,n,100
5996,I5996,1200,1000,975,248.88,45,1,n,100
1574,I1574,1600,1200,975,180.2,45,4,n,100
8240,I8240,1600,1200,1350,303.92,45,4,n,100
2664,I2664,1600,1200,1350,303.92,45,4,n,100
8286,I8286,780,570,478,100.96,47,0,w,4
7816,I7816,1600,1200,1350,207.72,45,4,n,100
4753,I4753,780,570,478,81.72,47,0,w,4
6333,I6333,1600,1200,975,180.2,45,4,n,100
3802,I3802,1400,1200,1450,179.4,45,3,n,100
2620,I2620,1600,1200,1350,303.92,45,4,n,100
6505,I6505,1200,1000,975,165.375,45,1,n,100
6233,I6233,780,570,478,96.256,47,0,w,4
8174,I8174,1400,1200,1450,179.4,45,3,n,100
5519,I5519,1200,1000,750,267.8,45,1,n,100
3413,I3413,1400,1225,1160,278.5,0,2,n,100
5500,I5500,780,570,478,170.28,47,0,w,4
7261,I7261,1400,1200,1450,179.4,45,3,n,100
5024,I5024,1400,1225,1160,317.0,0,2,n,100
6365,I6365,1400,1225,1160,278.5,0,2,n,100
4250,I4250,1400,1225,1160,278.5,0,2,n,100
8183,I8183,1200,1000,750,176.5,45,1,n,100
5828,I5828,1200,1000,750,229.88,45,1,n,100
4863,I4863,1400,1200,1450,179.4,45,3,n,100
4273,I4273,1600,1200,1350,303.92,45,4,n,100
4468,I4468,1200,1000,975,577.8,45,1,n,100
4162,I4162,1200,1000,975,336.7,45,1,n,100
6282,I6282,1400,1225,1160,278.5,0,2,n,100
7731,I7731,780,570,478,81.72,47,0,w,4
1629,I1629,1600,1200,1350,303.92,45,4,n,100
4266,I4266,1400,1225,1160,278.5,0,2,n,100
1887,I1887,1600,1200,1350,303.92,45,4,n,100
3682,I3682,1600,1200,975,180.2,45,4,n,100
2081,I2081,780,570,478,81.72,47,0,w,4
5872,I5872,1600,1200,1350,303.92,45,4,n,100
2359,I2359,1200,1000,750,229.88,45,1,n,100
6250,I6250,1400,1200,1450,179.4,45,3,n,100
511,I0511,1600,1200,1350,207.72,45,4,n,100
369,I0369,1400,1225,1160,317.0,0,2,n,100
7311,I7311,780,570,478,270.08,47,0,w,4
7317,I7317,1400,1225,1160,278.5,0,2,n,100
429,I0429,1400,1200,1450,179.4,45,3,n,100
4704,I4704,1400,1200,1450,179.4,45,3,n,100
6618,I6618,1200,1000,975,336.7,45,1,n,100
7132,I7132,1400,1200,1450,179.4,45,3,n,100
3637,I3637,1200,1000,975,308.76,45,1,n,100
1239,I1239,1400,1200,1450,179.4,45,3,n,100
1862,I1862,1600,1200,1350,207.72,45,4,n,100
4523,I4523,1400,1200,1450,179.4,45,3,n,100
6372,I6372,1600,1200,1350,205.16,45,4,n,100
6360,I6360,1400,1225,1160,278.5,0,2,n,100
7852,I7852,1400,1225,1160,278.5,0,2,n,100
2174,I2174,1200,1000,750,229.88,45,1,n,100
7652,I7652,1600,1200,975,180.2,45,4,n,100
6358,I6358,1400,1225,1160,278.5,0,2,n,100
5429,I5429,1200,1000,975,246.0,45,1,n,100
5717,I5717,1200,1000,975,248.88,45,1,n,100
6301,I6301,1400,1200,1450,179.4,45,3,n,100
3778,I3778,780,570,478,100.96,47,0,w,4
5374,I5374,1600,1200,1350,207.72,45,4,n,100
79,I0079,1600,1200,930,454.873,45,4,n,100
5061,I5061,1900,1200,750,713.62,45,5,n,100
1313,I1313,1600,1200,1350,303.92,45,4,n,100
8059,I8059,780,570,478,100.96,47,0,w,4
5848,I5848,1400,1200,1450,179.4,45,3,n,100
3195,I3195,1200,1000,975,577.8,45,1,n,100
166,I0166,1600,1200,1350,207.72,45,4,n,100
5702,I5702,1400,1225,1160,317.0,0,2,n,100
4808,I4808,1600,1200,1350,303.92,45,4,n,100
3122,I3122,1200,1000,750,227.528,45,1,n,100
3377,I3377,1400,1200,1450,179.4,45,3,n,100
5268,I5268,1400,1225,1160,278.5,0,2,n,100
576,I0576,1600,1200,930,454.873,45,4,n,100
7719,I7719,1600,1200,1350,205.16,45,4,n,100
2256,I2256,1400,1200,1450,179.4,45,3,n,100
1149,I1149,1200,1000,975,183.84,45,1,n,100
4750,I4750,1200,1000,975,304.12,45,1,n,100
510,I0510,1200,1000,1057,164.04,0,6,n,100
6786,I6786,1600,1200,930,438.4,45,4,n,100
6538,I6538,1600,1200,1350,207.72,45,4,n,100
1080,I1080,1600,1200,1350,207.72,45,4,n,100
8020,I8020,1200,1000,750,229.88,45,1,n,100
544,I0544,1400,1200,1450,179.4,45,3,n,100
4417,I4417,1200,1000,975,169.0,45,1,n,100
2846,I2846,1400,1200,1450,179.4,45,3,n,100
8005,I8005,780,570,478,170.28,47,0,w,4
7199,I7199,780,570,478,104.768,47,0,w,4
7331,I7331,1400,1200,1450,179.4,45,3,n,100
2261,I2261,1400,1200,1450,179.4,45,3,n,100
5440,I5440,1400,1200,1450,179.4,45,3,n,100
2160,I2160,1600,1200,1350,207.72,45,4,n,100
676,I0676,1400,1200,1450,179.4,45,3,n,100
6075,I6075,1600,1200,1350,303.92,45,4,n,100
4444,I4444,1200,1000,975,165.375,45,1,n,100
1876,I1876,1600,1200,1350,207.72,45,4,n,100
7524,I7524,1600,1200,1350,303.92,45,4,n,100
5574,I5574,1600,1200,1350,207.72,45,4,n,100
8378,I8378,1400,1225,1160,278.5,0,2,n,100
6773,I6773,1600,1200,1350,205.16,45,4,n,100
6670,I6670,1400,1225,1160,278.5,0,2,n,100
5145,I5145,780,570,478,100.96,47,0,w,4
1097,I1097,1200,1000,975,293.32,45,1,n,100
3882,I3882,1400,1225,1160,278.5,0,2,n,100
2638,I2638,1900,1200,750,713.62,45,5,n,100
7787,I7787,1400,1200,1450,179.4,45,3,n,100
4222,I4222,1400,1200,1450,179.4,45,3,n,100
1145,I1145,1200,1000,975,183.84,45,1,n,100
6704,I6704,1400,1200,1450,179.4,45,3,n,100
2799,I2799,1200,1000,975,169.0,45,1,n,100
2662,I2662,1600,1200,1350,303.92,45,4,n,100
8124,I8124,1200,1000,975,248.88,45,1,n,100
2599,I2599,1600,1200,1350,303.92,45,4,n,100
7965,I7965,1600,1200,1350,205.16,45,4,n,100
4330,I4330,1200,1000,750,229.88,45,1,n,100
4829,I4829,1200,1000,975,336.7,45,1,n,100
474,I0474,1200,1000,975,183.84,45,1,n,100
2911,I2911,1200,1000,975,577.8,45,1,n,100
5192,I5192,1400,1225,1160,278.5,0,2,n,100
8114,I8114,1400,1200,1450,179.4,45,3,n,100
5620,I5620,780,570,478,170.28,47,0,w,4
5683,I5683,1400,1200,1450,179.4,45,3,n,100
386,I0386,1400,1225,1160,317.0,0,2,n,100
7458,I7458,1400,1225,1160,278.5,0,2,n,100
3420,I3420,1400,1225,1160,278.5,0,2,n,100
6548,I6548,780,570,478,100.96,47,0,w,4
4977,I4977,1400,1225,1160,278.5,0,2,n,100
1324,I1324,1200,1000,545,729.5,45,1,n,100
3985,I3985,1400,1200,1450,179.4,45,3,n,100
883,I0883,1400,1200,1450,179.4,45,3,n,100
5403,I5403,1600,1200,1350,303.92,45,4,n,100
1990,I1990,1200,1000,975,336.7,45,1,n,100
6791,I6791,1600,1200,930,438.4,45,4,n,100
4869,I4869,1400,1200,1450,179.4,45,3,n,100
4569,I4569,1400,1225,1160,278.5,0,2,n,100
789,I0789,1200,1000,975,293.32,45,1,n,100
1910,I1910,1200,1000,975,169.0,45,1,n,100
840,I0840,1600,1200,1350,303.92,45,4,n,100
7764,I7764,1400,1225,1160,317.0,0,2,n,100
2180,I2180,1600,1200,1350,207.72,45,4,n,100
5103,I5103,1600,1200,1350,207.72,45,4,n,100
1081,I1081,1600,1200,1350,207.72,45,4,n,100
99,I0099,1200,1000,545,729.5,45,1,n,100
6348,I6348,1200,1000,975,169.0,45,1,n,100
450,I0450,1200,1000,975,337.9,45,1,n,100
8384,I8384,1600,1200,930,547.3,45,4,n,100
1816,I1816,780,570,478,160.56,47,0,w,4
1244,I1244,1400,1200,1450,179.4,45,3,n,100
3331,I3331,1400,1225,1160,317.0,0,2,n,100
7933,I7933,1200,1000,975,293.32,45,1,n,100
5559,I5559,1600,1200,1350,207.72,45,4,n,100
1099,I1099,1200,1000,975,293.32,45,1,n,100
7298,I7298,780,570,478,100.96,47,0,w,4
577,I0577,780,570,478,100.96,47,0,w,4
6039,I6039,1600,1200,975,180.2,45,4,n,100
3690,I3690,1600,1200,975,180.2,45,4,n,100
821,I0821,1400,1200,1450,179.4,45,3,n,100
4941,I4941,1600,1200,1350,207.72,45,4,n,100
4531,I4531,1400,1200,1450,179.4,45,3,n,100
183,I0183,1400,1200,1450,179.4,45,3,n,100
517,I0517,1400,1200,1450,179.4,45,3,n,100
4843,I4843,780,570,478,101.52,47,0,w,4
890,I0890,1400,1200,1450,179.4,45,3,n,100
5220,I5220,1600,1200,1350,303.92,45,4,n,100
4715,I4715,1400,1200,1450,179.4,45,3,n,100
4508,I4508,1600,1200,930,438.4,45,4,n,100
7582,I7582,1200,1000,975,248.88,45,1,n,100
5546,I5546,780,570,478,81.72,47,0,w,4
3308,I3308,1200,1000,975,293.32,45,1,n,100
7335,I7335,1400,1200,1450,179.4,45,3,n,100
7063,I7063,1600,1200,1350,207.72,45,4,n,100
1730,I1730,1400,1225,1160,317.0,0,2,n,100
3489,I3489,1900,1200,750,713.62,45,5,n,100
3620,I3620,780,570,478,260.25,47,0,w,4
8206,I8206,1600,1200,1350,303.92,45,4,n,100
5585,I5585,1600,1200,1350,303.92,45,4,n,100
4526,I4526,1400,1200,1450,179.4,45,3,n,100
7057,I7057,1600,1200,1350,207.72,45,4,n,100
7207,I7207,780,570,478,81.72,47,0,w,4
992,I0992,1600,1200,930,438.4,45,4,n,100
6489,I6489,1600,1200,930,438.4,45,4,n,100
7548,I7548,1200,1000,1057,164.04,0,6,n,100
7887,I7887,1400,1200,1450,179.4,45,3,n,100
1414,I1414,1200,1000,975,248.88,45,1,n,100
5244,I5244,1400,1200,1450,179.4,45,3,n,100
3988,I3988,1400,1200,1450,179.4,45,3,n,100
89,I0089,1600,1200,1350,303.92,45,4,n,100
763,I0763,1200,1000,975,293.32,45,1,n,100
1734,I1734,780,570,478,170.28,47,0,w,4
8315,I8315,1200,1000,975,293.32,45,1,n,100
4666,I4666,1900,1200,750,845.38,45,5,n,100
7798,I7798,1600,1200,930,438.4,45,4,n,100
5617,I5617,1600,1200,1350,205.16,45,4,n,100
6244,I6244,1400,1200,1450,179.4,45,3,n,100
5243,I5243,1400,1200,1450,179.4,45,3,n,100
5204,I5204,1200,1000,975,259.6,45,1,n,100
7669,I7669,1600,1200,1350,207.72,45,4,n,100
5224,I5224,1600,1200,1350,207.72,45,4,n,100
7745,I7745,1200,1000,1057,164.04,0,6,n,100
1573,I1573,1600,1200,975,180.2,45,4,n,100
4174,I4174,1400,1225,1160,278.5,0,2,n,100
7770,I7770,1400,1225,1160,317.0,0,2,n,100
4405,I4405,1200,1000,975,169.0,45,1,n,100
5294,I5294,1600,1200,975,180.2,45,4,n,100
6955,I6955,780,570,478,104.768,47,0,w,4
5030,I5030,1600,1200,930,277.828,45,4,n,100
7020,I7020,1600,1200,1350,207.72,45,4,n,100
128,I0128,1400,1200,1450,179.4,45,3,n,100
5570,I5570,1600,1200,1350,207.72,45,4,n,100
8058,I8058,780,570,478,100.96,47,0,w,4
7430,I7430,1600,1200,1350,207.72,45,4,n,100
6308,I6308,1200,1000,545,729.5,45,1,n,100
6699,I6699,1400,1200,1450,179.4,45,3,n,100
7554,I7554,1600,1200,930,438.4,45,4,n,100
3653,I3653,1600,1200,1350,303.92,45,4,n,100
7187,I7187,1200,1000,545,690.5,45,1,n,100
6534,I6534,1400,1200,1450,179.4,45,3,n,100
7825,I7825,1200,1000,975,577.8,45,1,n,100
1271,I1271,1200,1000,975,169.0,45,1,n,100
7999,I7999,1600,1200,1350,303.92,45,4,n,100
4208,I4208,780,570,478,82.32,47,0,w,4
4651,I4651,1600,1200,975,611.224,45,4,n,100
6213,I6213,1400,1225,1160,278.5,0,2,n,100
5835,I5835,1600,1200,1350,207.72,45,4,n,100
5628,I5628,1600,1200,1350,207.72,45,4,n,100
5469,I5469,1400,1225,1160,317.0,0,2,n,100
5412,I5412,1200,1000,1057,164.04,0,6,n,100
1061,I1061,1200,1000,975,259.6,45,1,n,100
5608,I5608,1200,1000,750,229.88,45,1,n,100
6902,I6902,1400,1225,1160,317.0,0,2,n,100
3542,I3542,1200,1000,975,206.6,45,1,n,100
458,I0458,1200,1000,645,330.5,0,6,n,100
6376,I6376,1600,1200,1350,205.16,45,4,n,100
5813,I5813,1200,1000,975,156.15,45,1,n,100
2317,I2317,1400,1200,1450,179.4,45,3,n,100
1954,I1954,1200,1000,750,227.528,45,1,n,100
6946,I6946,1400,1225,1160,278.5,0,2,n,100
705,I0705,1600,1200,1350,303.92,45,4,n,100
4617,I4617,1400,1200,1450,179.4,45,3,n,100
3155,I3155,1400,1225,1160,278.5,0,2,n,100
4896,I4896,780,570,478,96.256,47,0,w,4
2598,I2598,1600,1200,1350,303.92,45,4,n,100
1738,I1738,780,570,478,170.28,47,0,w,4
2224,I2224,1200,1000,750,227.528,45,1,n,100
7959,I7959,1600,1200,1350,205.16,45,4,n,100
548,I0548,780,570,478,100.96,47,0,w,4
7214,I7214,1200,1000,359,29.38,0,6,n,100
6234,I6234,1600,1200,930,438.4,45,4,n,100
5116,I5116,1200,1000,930,324.1,45,1,n,100
6054,I6054,1600,1200,975,180.2,45,4,n,100
7940,I7940,1200,1000,975,293.32,45,1,n,100
7234,I7234,1400,1200,1450,179.4,45,3,n,100
5588,I5588,1200,1000,975,255.0,45,1,n,100
3011,I3011,1600,1200,1350,207.72,45,4,n,100
3696,I3696,1600,1200,975,180.2,45,4,n,100
4935,I4935,1200,1000,750,227.528,45,1,n,100
8089,I8089,1600,1200,1350,207.72,45,4,n,100
2085,I2085,1600,1200,930,438.4,45,4,n,100
526,I0526,1400,1200,1450,179.4,45,3,n,100
4448,I4448,1200,1000,750,227.528,45,1,n,100
4553,I4553,1400,1200,1450,179.4,45,3,n,100
2573,I2573,1400,1200,1450,179.4,45,3,n,100
3665,I3665,1200,1000,1155,375.0,0,6,n,100
437,I0437,1400,1200,1450,179.4,45,3,n,100
179,I0179,1400,1200,1450,179.4,45,3,n,100
1808,I1808,1200,1000,975,527.4,45,1,n,100
6142,I6142,1400,1200,1450,179.4,45,3,n,100
2684,I2684,1400,1200,1450,179.4,45,3,n,100
6217,I6217,1400,1225,1160,278.5,0,2,n,100
7517,I7517,1200,1000,975,183.84,45,1,n,100
3538,I3538,1200,1000,545,729.5,45,1,n,100
4738,I4738,1400,1200,1450,179.4,45,3,n,100
1736,I1736,780,570,478,170.28,47,0,w,4
3888,I3888,1400,1225,1160,278.5,0,2,n,100
5166,I5166,1200,1000,750,229.88,45,1,n,100
4683,I4683,1600,1200,930,438.4,45,4,n,100
1507,I1507,1200,1000,975,156.15,45,1,n,100
5378,I5378,1200,1000,750,229.88,45,1,n,100
708,I0708,1600,1200,1350,303.92,45,4,n,100
1470,I1470,1200,1000,975,293.32,45,1,n,100
4836,I4836,1200,1000,975,336.7,45,1,n,100
4271,I4271,1600,1200,1350,303.92,45,4,n,100
1074,I1074,1600,1200,1350,207.72,45,4,n,100
3974,I3974,1400,1200,1450,179.4,45,3,n,100
3676,I3676,1600,1200,975,180.2,45,4,n,100
180,I0180,1400,1200,1450,179.4,45,3,n,100
5275,I5275,1400,1225,1160,278.5,0,2,n,100
7180,I7180,1400,1225,1160,278.5,0,2,n,100
4988,I4988,1400,1200,1450,179.4,45,3,n,100
7993,I7993,1600,1200,1350,303.92,45,4,n,100
2725,I2725,1400,1225,1160,317.0,0,2,n,100
7222,I7222,1600,1200,1350,303.92,45,4,n,100
117,I0117,780,570,478,269.32,47,0,w,4
2792,I2792,1600,1200,1350,207.72,45,4,n,100
4521,I4521,1400,1200,1450,179.4,45,3,n,100
1283,I1283,1200,1000,975,577.8,45,1,n,100
3664,I3664,1200,1000,750,405.72,45,1,n,100
1982,I1982,1600,1200,1350,303.92,45,4,n,100
4094,I4094,1400,1200,1450,179.4,45,3,n,100
4331,I4331,1200,1000,750,229.88,45,1,n,100
3452,I3452,1200,1000,975,293.32,45,1,n,100
5185,I5185,1200,1000,975,248.88,45,1,n,100
5167,I5167,1200,1000,750,229.88,45,1,n,100
105,I0105,1400,1200,1450,179.4,45,3,n,100
4096,I4096,1400,1200,1450,179.4,45,3,n,100
1132,I1132,1200,1000,975,248.88,45,1,n,100
5106,I5106,1200,1000,750,351.944,45,1,n,100
7347,I7347,1400,1200,1450,179.4,45,3,n,100
3657,I3657,1600,1200,930,547.3,45,4,n,100
5205,I5205,1600,1200,1350,207.72,45,4,n,100
4030,I4030,780,570,478,100.96,47,0,w,4
2969,I2969,1600,1200,1350,207.72,45,4,n,100
6471,I6471,1600,1200,930,547.3,45,4,n,100
7414,I7414,780,570,478,160.56,47,0,w,4
5629,I5629,1600,1200,1350,207.72,45,4,n,100
1962,I1962,780,570,478,100.96,47,0,w,4
3035,I3035,1200,1000,1057,164.04,0,6,n,100
2665,I2665,1600,1200,1350,303.92,45,4,n,100
1541,I1541,1600,1200,1350,303.92,45,4,n,100
7720,I7720,1200,1000,975,577.8,45,1,n,100
4783,I4783,1200,1000,975,156.15,45,1,n,100
2354,I2354,1200,1000,545,690.5,45,1,n,100
7281,I7281,1600,1200,1350,303.92,45,4,n,100
3830,I3830,1600,1200,1350,303.92,45,4,n,100
7630,I7630,1400,1200,1450,179.4,45,3,n,100
1883,I1883,1200,1000,975,165.375,45,1,n,100
1576,I1576,1600,1200,975,180.2,45,4,n,100
4443,I4443,1200,1000,975,165.375,45,1,n,100
5861,I5861,780,570,478,100.96,47,0,w,4
151,I0151,1400,1200,1450,179.4,45,3,n,100
2018,I2018,1600,1200,1350,207.72,45,4,n,100
7118,I7118,1400,1200,1450,179.4,45,3,n,100
138,I0138,1400,1200,1450,179.4,45,3,n,100
6153,I6153,1200,1000,750,351.756,45,1,n,100
7845,I7845,1200,1000,750,305.32,45,1,n,100
5472,I5472,1400,1225,1160,317.0,0,2,n,100
7903,I7903,1400,1200,1450,179.4,45,3,n,100
5137,I5137,1400,1200,1450,179.4,45,3,n,100
468,I0468,1200,1000,750,229.88,45,1,n,100
3072,I3072,1200,1000,975,293.32,45,1,n,100
4670,I4670,780,570,478,82.32,47,0,w,4
564,I0564,1200,1000,750,351.756,45,1,n,100
6589,I6589,1600,1200,1350,303.92,45,4,n,100
7107,I7107,1600,1200,930,547.3,45,4,n,100
3508,I3508,1400,1225,1160,317.0,0,2,n,100
8019,I8019,1200,1000,750,229.88,45,1,n,100
2364,I2364,1200,1000,750,351.944,45,1,n,100
5531,I5531,1600,1200,1350,205.16,45,4,n,100
8127,I8127,1200,1000,1057,179.85,0,6,n,100
2162,I2162,1600,1200,1350,207.72,45,4,n,100
6063,I6063,780,570,478,170.28,47,0,w,4
4082,I4082,1400,1200,1450,179.4,45,3,n,100
4678,I4678,1600,1200,1350,207.72,45,4,n,100
4211,I4211,1200,1000,750,500.86,45,1,n,100
804,I0804,1200,1000,975,337.45,45,1,n,100
1544,I1544,780,570,478,100.96,47,0,w,4
8101,I8101,1400,1200,1450,179.4,45,3,n,100
8161,I8161,1400,1200,1450,179.4,45,3,n,100
464,I0464,1200,1000,975,652.0,45,1,n,100
2087,I2087,1600,1200,930,438.4,45,4,n,100
7928,I7928,1200,1000,975,293.32,45,1,n,100
5099,I5099,1600,1200,1350,207.72,45,4,n,100
8017,I8017,1200,1000,750,229.88,45,1,n,100
7752,I7752,1400,1225,1160,278.5,0,2,n,100
6901,I6901,1200,1000,975,577.8,45,1,n,100
7645,I7645,1600,1200,975,180.2,45,4,n,100
6868,I6868,780,570,478,170.28,47,0,w,4
773,I0773,1200,1000,975,293.32,45,1,n,100
7511,I7511,1600,1200,1350,207.72,45,4,n,100
3581,I3581,1600,1200,1350,205.16,45,4,n,100
7966,I7966,1600,1200,1350,205.16,45,4,n,100
6389,I6389,1400,1225,1160,278.5,0,2,n,100
1118,I1118,1200,1000,975,293.32,45,1,n,100
928,I0928,1400,1200,1450,179.4,45,3,n,100
3188,I3188,1600,1200,930,277.828,45,4,n,100
7060,I7060,1600,1200,1350,207.72,45,4,n,100
4147,I4147,780,570,478,170.28,47,0,w,4
1733,I1733,780,570,478,170.28,47,0,w,4
3586,I3586,1200,1000,975,384.74,45,1,n,100
8375,I8375,1400,1225,1160,278.5,0,2,n,100
717,I0717,1600,1200,1350,205.16,45,4,n,100
3080,I3080,1200,1000,750,267.8,45,1,n,100
3476,I3476,1200,1000,975,293.32,45,1,n,100
252,I0252,1600,1200,1350,303.92,45,4,n,100
6605,I6605,1600,1200,1350,205.16,45,4,n,100
5142,I5142,1400,1200,1450,179.4,45,3,n,100
6540,I6540,1600,1200,1350,207.72,45,4,n,100
4874,I4874,1400,1200,1450,179.4,45,3,n,100
7530,I7530,1600,1200,1350,303.92,45,4,n,100
3899,I3899,1400,1225,1160,317.0,0,2,n,100
4189,I4189,1200,1000,750,229.88,45,1,n,100
4071,I4071,1400,1200,1450,179.4,45,3,n,100
2445,I2445,1400,1200,1450,179.4,45,3,n,100
5737,I5737,1200,1000,558,127.408,0,6,n,100
8275,I8275,1400,1200,1450,179.4,45,3,n,100
275,I0275,1200,1000,975,577.8,45,1,n,100
3424,I3424,1600,1200,1350,303.92,45,4,n,100
4871,I4871,1400,1200,1450,179.4,45,3,n,100
4947,I4947,1600,1200,1350,207.72,45,4,n,100
5227,I5227,1600,1200,1350,207.72,45,4,n,100
3239,I3239,1400,1200,1450,179.4,45,3,n,100
3198,I3198,1600,1200,1350,207.72,45,4,n,100
7876,I7876,1200,1000,975,527.4,45,1,n,100
3309,I3309,1200,1000,975,293.32,45,1,n,100
3836,I3836,1200,1000,750,176.5,45,1,n,100
6990,I6990,1200,1000,750,227.528,45,1,n,100
776,I0776,1200,1000,975,293.32,45,1,n,100
775,I0775,1200,1000,975,293.32,45,1,n,100
3522,I3522,1200,1000,975,577.8,45,1,n,100
7205,I7205,1200,1000,750,351.944,45,1,n,100
5849,I5849,1400,1200,1450,179.4,45,3,n,100
5279,I5279,1200,1000,975,246.0,45,1,n,100
1240,I1240,1400,1200,1450,179.4,45,3,n,100
7863,I7863,780,570,478,82.32,47,0,w,4
6341,I6341,1600,1200,975,180.2,45,4,n,100
7408,I7408,1600,1200,1350,303.92,45,4,n,100
2328,I2328,1600,1200,1350,303.92,45,4,n,100
4128,I4128,1600,1200,1350,205.16,45,4,n,100
5944,I5944,1200,1000,975,183.84,45,1,n,100
478,I0478,1200,1000,975,183.84,45,1,n,100
6485,I6485,1600,1200,930,438.4,45,4,n,100
856,I0856,1400,1225,1160,278.5,0,2,n,100
5528,I5528,1600,1200,1350,303.92,45,4,n,100
2939,I2939,1400,1225,1160,317.0,0,2,n,100
2851,I2851,1400,1200,1450,179.4,45,3,n,100
4020,I4020,780,570,478,100.96,47,0,w,4
611,I0611,1400,1225,1160,278.5,0,2,n,100
1584,I1584,1600,1200,1350,303.92,45,4,n,100
5483,I5483,1600,1200,1350,303.92,45,4,n,100
4157,I4157,1200,1000,975,336.7,45,1,n,100
2118,I2118,780,570,478,81.72,47,0,w,4
783,I0783,1200,1000,975,293.32,45,1,n,100
5156,I5156,1400,1225,1160,317.0,0,2,n,100
106,I0106,1400,1200,1450,179.4,45,3,n,100
265,I0265,1200,1000,975,165.375,45,1,n,100
5763,I5763,1400,1200,1450,179.4,45,3,n,100
7084,I7084,780,570,478,100.96,47,0,w,4
6550,I6550,780,570,478,100.96,47,0,w,4
5796,I5796,1600,1200,1350,303.92,45,4,n,100
6425,I6425,1400,1225,1160,317.0,0,2,n,100
4283,I4283,1400,1225,1160,317.0,0,2,n,100
1838,I1838,1600,1200,930,277.828,45,4,n,100
653,I0653,1400,1225,1160,278.5,0,2,n,100
5824,I5824,1200,1000,975,652.0,45,1,n,100
3214,I3214,1400,1200,1450,179.4,45,3,n,100
8300,I8300,780,570,478,269.32,47,0,w,4
7562,I7562,1200,1000,750,229.88,45,1,n,100
2242,I2242,1400,1200,1450,179.4,45,3,n,100
5870,I5870,1600,1200,1350,303.92,45,4,n,100
5562,I5562,1600,1200,1350,207.72,45,4,n,100
8267,I8267,1200,1000,975,156.15,45,1,n,100
1376,I1376,1400,1200,1450,179.4,45,3,n,100
5671,I5671,1600,1200,1350,205.16,45,4,n,100
6134,I6134,1400,1200,1450,179.4,45,3,n,100
1113,I1113,1200,1000,975,293.32,45,1,n,100
8244,I8244,1600,1200,1350,303.92,45,4,n,100
7812,I7812,780,570,478,104.768,47,0,w,4
5594,I5594,1200,1000,975,183.84,45,1,n,100
6393,I6393,1600,1200,1350,207.72,45,4,n,100
4936,I4936,1900,1200,750,713.62,45,5,n,100
2410,I2410,1400,1225,1160,278.5,0,2,n,100
3671,I3671,1600,1200,1350,207.72,45,4,n,100
7356,I7356,1400,1200,1450,179.4,45,3,n,100
6264,I6264,1400,1200,1450,179.4,45,3,n,100
4204,I4204,1600,1200,930,277.828,45,4,n,100
7182,I7182,1400,1225,1160,278.5,0,2,n,100
156,I0156,1600,1200,1350,207.72,45,4,n,100
5043,I5043,1200,1000,975,165.375,45,1,n,100
5866,I5866,780,570,478,100.96,47,0,w,4
8010,I8010,780,570,478,160.56,47,0,w,4
2005,I2005,1600,1200,1350,207.72,45,4,n,100
7973,I7973,1600,1200,1350,205.16,45,4,n,100
7957,I7957,1600,1200,1350,205.16,45,4,n,100
7695,I7695,1200,1000,975,577.8,45,1,n,100
1916,I1916,1400,1225,1160,278.5,0,2,n,100
3839,I3839,1200,1000,1057,179.85,0,6,n,100
3869,I3869,1200,1000,975,293.32,45,1,n,100
6042,I6042,1600,1200,975,180.2,45,4,n,100
5693,I5693,1400,1225,1160,317.0,0,2,n,100
6639,I6639,1400,1200,1450,179.4,45,3,n,100
3509,I3509,1400,1225,1160,317.0,0,2,n,100
6886,I6886,1900,1200,750,845.38,45,5,n,100
8400,I8400,1600,1200,930,277.828,45,4,n,100
5389,I5389,780,570,478,100.96,47,0,w,4
4199,I4199,1200,1000,750,229.88,45,1,n,100
238,I0238,1400,1200,1450,179.4,45,3,n,100
88,I0088,1600,1200,1350,303.92,45,4,n,100
8125,I8125,1200,1000,975,248.88,45,1,n,100
136,I0136,1400,1200,1450,179.4,45,3,n,100
6893,I6893,1200,1000,750,500.86,45,1,n,100
6513,I6513,1400,1200,1450,179.4,45,3,n,100
1359,I1359,1600,1200,930,438.4,45,4,n,100
5692,I5692,1400,1225,1160,317.0,0,2,n,100
4565,I4565,1400,1225,1160,278.5,0,2,n,100
6245,I6245,1400,1200,1450,179.4,45,3,n,100
7840,I7840,1600,1200,1350,303.92,45,4,n,100
1294,I1294,1400,1200,1450,179.4,45,3,n,100
3714,I3714,1400,1200,1450,179.4,45,3,n,100
1622,I1622,1600,1200,930,438.4,45,4,n,100
5880,I5880,780,570,478,104.768,47,0,w,4
1293,I1293,1400,1200,1450,179.4,45,3,n,100
779,I0779,1200,1000,975,293.32,45,1,n,100
3820,I3820,1600,1200,1350,207.72,45,4,n,100
937,I0937,1400,1200,1450,179.4,45,3,n,100
1939,I1939,780,570,478,100.96,47,0,w,4
8387,I8387,1600,1200,930,547.3,45,4,n,100
7726,I7726,1200,1000,975,577.8,45,1,n,100
8191,I8191,1600,1200,1350,207.72,45,4,n,100
4677,I4677,1600,1200,1350,207.72,45,4,n,100
7195,I7195,1200,1000,975,225.6,45,1,n,100
5107,I5107,1200,1000,750,351.944,45,1,n,100
109,I0109,1400,1200,1450,179.4,45,3,n,100
2285,I2285,1600,1200,1350,207.72,45,4,n,100
7302,I7302,780,570,478,100.96,47,0,w,4
6478,I6478,1200,1000,975,336.7,45,1,n,100
725,I0725,1600,1200,1350,205.16,45,4,n,100
1518,I1518,1200,1000,975,156.15,45,1,n,100
4595,I4595,1200,1000,975,527.4,45,1,n,100
732,I0732,1600,1200,1350,205.16,45,4,n,100
6448,I6448,1600,1200,1350,207.72,45,4,n,100
6717,I6717,1400,1200,1450,179.4,45,3,n,100
2136,I2136,780,570,478,82.32,47,0,w,4
1068,I1068,1200,1000,975,248.88,45,1,n,100
4390,I4390,1200,1000,975,169.0,45,1,n,100
8047,I8047,780,570,478,170.28,47,0,w,4
2951,I2951,1600,1200,930,454.873,45,4,n,100
4931,I4931,1200,1000,750,351.756,45,1,n,100
7280,I7280,1600,1200,1350,303.92,45,4,n,100
1786,I1786,1400,1200,1450,179.4,45,3,n,100
1266,I1266,1200,1000,975,169.0,45,1,n,100
402,I0402,780,570,478,82.32,47,0,w,4
424,I0424,1600,1200,1350,207.72,45,4,n,100
6229,I6229,1600,1200,1350,207.72,45,4,n,100
225,I0225,1400,1200,1450,179.4,45,3,n,100
2685,I2685,1400,1200,1450,179.4,45,3,n,100
6799,I6799,1200,1000,975,165.375,45,1,n,100
4612,I4612,1600,1200,1350,303.92,45,4,n,100
8332,I8332,1200,1000,975,293.32,45,1,n,100
6171,I6171,1400,1225,1160,317.0,0,2,n,100
6931,I6931,1400,1225,1160,278.5,0,2,n,100
7097,I7097,1200,1000,750,351.944,45,1,n,100
4859,I4859,1400,1200,1450,179.4,45,3,n,100
1879,I1879,1600,1200,1350,207.72,45,4,n,100
5216,I5216,1600,1200,1350,207.72,45,4,n,100
1796,I1796,780,570,478,82.32,47,0,w,4
3691,I3691,1600,1200,975,180.2,45,4,n,100
2311,I2311,1200,1000,750,227.528,45,1,n,100
4626,I4626,1400,1200,1450,179.4,45,3,n,100
5821,I5821,1600,1200,1350,205.16,45,4,n,100
7080,I7080,780,570,478,100.96,47,0,w,4
8313,I8313,1200,1000,975,293.32,45,1,n,100
4891,I4891,1200,1000,975,336.7,45,1,n,100
4934,I4934,1200,1000,975,246.0,45,1,n,100
6974,I6974,1400,1200,1450,179.4,45,3,n,100
2736,I2736,780,570,478,160.56,47,0,w,4
7793,I7793,1400,1200,1450,179.4,45,3,n,100
2000,I2000,1600,1200,930,547.3,45,4,n,100
8205,I8205,780,570,478,100.96,47,0,w,4
1401,I1401,1400,1200,1450,179.4,45,3,n,100
6615,I6615,1400,1200,1450,179.4,45,3,n,100
6357,I6357,1400,1225,1160,278.5,0,2,n,100
7962,I7962,1600,1200,1350,205.16,45,4,n,100
4487,I4487,1200,1000,975,165.375,45,1,n,100
7735,I7735,780,570,478,81.72,47,0,w,4
423,I0423,1600,1200,1350,207.72,45,4,n,100
7308,I7308,780,570,478,170.28,47,0,w,4
4766,I4766,1200,1000,975,527.4,45,1,n,100
634,I0634,1400,1200,1450,179.4,45,3,n,100
1114,I1114,1200,1000,975,293.32,45,1,n,100
4984,I4984,1200,1000,975,225.6,45,1,n,100
440,I0440,1400,1200,1450,179.4,45,3,n,100
2527,I2527,1400,1200,1450,179.4,45,3,n,100
1669,I1669,1200,1000,750,229.88,45,1,n,100
6418,I6418,1400,1225,1160,317.0,0,2,n,100
5954,I5954,1400,1225,1160,317.0,0,2,n,100
7378,I7378,1600,1200,1350,207.72,45,4,n,100
2830,I2830,780,570,478,81.72,47,0,w,4
6531,I6531,1400,1200,1450,179.4,45,3,n,100
6944,I6944,1400,1225,1160,278.5,0,2,n,100
486,I0486,1600,1200,1350,303.92,45,4,n,100
1368,I1368,1400,1200,1450,179.4,45,3,n,100
4401,I4401,1200,1000,975,169.0,45,1,n,100
7282,I7282,1400,1225,1160,278.5,0,2,n,100
4409,I4409,1200,1000,975,169.0,45,1,n,100
2862,I2862,1400,1200,1450,179.4,45,3,n,100
6083,I6083,1200,1000,545,690.5,45,1,n,100
6130,I6130,1400,1200,1450,179.4,45,3,n,100
6851,I6851,1400,1200,1450,179.4,45,3,n,100
8298,I8298,780,570,478,160.56,47,0,w,4
4233,I4233,780,570,478,170.28,47,0,w,4
6809,I6809,1400,1225,1160,317.0,0,2,n,100
8066,I8066,1600,1200,1350,303.92,45,4,n,100
4219,I4219,1200,1000,975,156.15,45,1,n,100
978,I0978,780,570,478,81.72,47,0,w,4
5520,I5520,1600,1200,930,547.3,45,4,n,100
4812,I4812,780,570,478,170.28,47,0,w,4
3559,I3559,1400,1225,1160,278.5,0,2,n,100
5679,I5679,1400,1200,1450,179.4,45,3,n,100
7783,I7783,1400,1200,1450,179.4,45,3,n,100
6165,I6165,1400,1225,1160,317.0,0,2,n,100
750,I0750,1400,1200,1450,179.4,45,3,n,100
1933,I1933,780,570,478,81.72,47,0,w,4
1159,I1159,1200,1000,750,351.944,45,1,n,100
3966,I3966,1400,1200,1450,179.4,45,3,n,100
5144,I5144,1200,1000,750,267.8,45,1,n,100
3194,I3194,1200,1000,975,577.8,45,1,n,100
7593,I7593,1400,1225,1160,317.0,0,2,n,100
4438,I4438,1600,1200,1350,207.72,45,4,n,100
3931,I3931,1200,1000,750,351.756,45,1,n,100
2691,I2691,1400,1200,1450,179.4,45,3,n,100
1820,I1820,1600,1200,1350,303.92,45,4,n,100
1146,I1146,1200,1000,975,183.84,45,1,n,100
3418,I3418,1400,1225,1160,278.5,0,2,n,100
6402,I6402,1600,1200,930,454.873,45,4,n,100
7321,I7321,1400,1225,1160,278.5,0,2,n,100
5348,I5348,1200,1000,975,225.6,45,1,n,100
1088,I1088,1200,1000,750,229.88,45,1,n,100
2890,I2890,1200,1000,750,176.5,45,1,n,100
113,I0113,1400,1200,1450,179.4,45,3,n,100
147,I0147,1400,1200,1450,179.4,45,3,n,100
4168,I4168,1400,1225,1160,278.5,0,2,n,100
4712,I4712,1400,1200,1450,179.4,45,3,n,100
4989,I4989,1400,1200,1450,179.4,45,3,n,100
5310,I5310,1600,1200,975,180.2,45,4,n,100
7922,I7922,1200,1000,975,293.32,45,1,n,100
5262,I5262,1200,1000,975,183.84,45,1,n,100
1611,I1611,1200,1000,975,165.375,45,1,n,100
533,I0533,1400,1200,1450,179.4,45,3,n,100
7665,I7665,1600,1200,1350,207.72,45,4,n,100
7667,I7667,1600,1200,1350,207.72,45,4,n,100
3186,I3186,780,570,478,81.72,47,0,w,4
8080,I8080,1600,1200,1350,207.72,45,4,n,100
5985,I5985,1400,1200,1450,179.4,45,3,n,100
4227,I4227,1400,1200,1450,179.4,45,3,n,100
2592,I2592,1600,1200,1350,207.72,45,4,n,100
2363,I2363,1200,1000,975,652.0,45,1,n,100
3939,I3939,1400,1200,1450,179.4,45,3,n,100
3225,I3225,1400,1200,1450,179.4,45,3,n,100
816,I0816,1400,1200,1450,179.4,45,3,n,100
7571,I7571,1200,1000,975,156.15,45,1,n,100
1849,I1849,1200,1000,545,729.5,45,1,n,100
1223,I1223,1400,1200,1450,179.4,45,3,n,100
1599,I1599,1200,1000,975,225.6,45,1,n,100
1930,I1930,780,570,478,96.256,47,0,w,4
1047,I1047,1600,1200,1350,303.92,45,4,n,100
7859,I7859,1400,1225,1160,278.5,0,2,n,100
5174,I5174,1200,1000,975,225.6,45,1,n,100
3417,I3417,1400,1225,1160,278.5,0,2,n,100
4751,I4751,1200,1000,975,304.12,45,1,n,100
6765,I6765,1600,1200,1350,205.16,45,4,n,100
1445,I1445,1200,1000,975,165.375,45,1,n,100
7778,I7778,1400,1200,1450,179.4,45,3,n,100
1583,I1583,1200,1000,750,176.5,45,1,n,100
5646,I5646,1600,1200,930,547.3,45,4,n,100
688,I0688,1200,1000,975,308.76,45,1,n,100
1049,I1049,1600,1200,1350,303.92,45,4,n,100
4794,I4794,1600,1200,1350,207.72,45,4,n,100
77,I0077,780,570,478,101.52,47,0,w,4
1096,I1096,1200,1000,975,293.32,45,1,n,100
7184,I7184,1400,1225,1160,278.5,0,2,n,100
2461,I2461,1600,1200,1350,207.72,45,4,n,100
3619,I3619,780,570,478,100.96,47,0,w,4
1666,I1666,1200,1000,1057,179.85,0,6,n,100
5597,I5597,1200,1000,975,248.88,45,1,n,100
3497,I3497,1400,1225,1160,317.0,0,2,n,100
6648,I6648,1400,1200,1450,179.4,45,3,n,100
2376,I2376,1400,1225,1160,317.0,0,2,n,100
2351,I2351,1600,1200,1350,303.92,45,4,n,100
97,I0097,1200,1000,975,246.0,45,1,n,100
2530,I2530,1400,1200,1450,179.4,45,3,n,100
2248,I2248,1400,1200,1450,179.4,45,3,n,100
8012,I8012,1600,1200,930,547.3,45,4,n,100
2925,I2925,1400,1225,1160,278.5,0,2,n,100
1214,I1214,1600,1200,975,180.2,45,4,n,100
7186,I7186,1200,1000,975,259.6,45,1,n,100
5017,I5017,1400,1225,1160,317.0,0,2,n,100
6833,I6833,1400,1200,1450,179.4,45,3,n,100
6709,I6709,1400,1200,1450,179.4,45,3,n,100
5654,I5654,1200,1000,750,227.528,45,1,n,100
3532,I3532,1600,1200,930,547.3,45,4,n,100
163,I0163,1600,1200,1350,207.72,45,4,n,100
8312,I8312,1200,1000,975,293.32,45,1,n,100
4065,I4065,1200,1000,975,169.0,45,1,n,100
277,I0277,1200,1000,975,577.8,45,1,n,100
7134,I7134,1400,1200,1450,179.4,45,3,n,100
8194,I8194,1600,1200,1350,312.72,45,4,n,100
7779,I7779,1400,1200,1450,179.4,45,3,n,100
7257,I7257,1400,1200,1450,179.4,45,3,n,100
6154,I6154,1200,1000,750,351.756,45,1,n,100
1966,I1966,780,570,478,100.96,47,0,w,4
2266,I2266,1400,1200,1450,179.4,45,3,n,100
4485,I4485,1200,1000,975,165.375,45,1,n,100
5706,I5706,1400,1225,1160,317.0,0,2,n,100
2206,I2206,1200,1000,975,577.8,45,1,n,100
4010,I4010,780,570,478,160.56,47,0,w,4
6115,I6115,1400,1200,1450,179.4,45,3,n,100
3392,I3392,1600,1200,1350,303.92,45,4,n,100
1538,I1538,1600,1200,1350,303.92,45,4,n,100
7393,I7393,1600,1200,1350,207.72,45,4,n,100
2207,I2207,1600,1200,1350,303.92,45,4,n,100
8318,I8318,1200,1000,975,293.32,45,1,n,100
8215,I8215,1200,1000,359,29.38,0,6,n,100
4969,I4969,1200,1000,975,577.8,45,1,n,100
6754,I6754,1200,1000,1057,179.85,0,6,n,100
8037,I8037,1200,1000,975,156.15,45,1,n,100
1814,I1814,1200,1000,975,527.4,45,1,n,100
361,I0361,1400,1225,1160,317.0,0,2,n,100
4247,I4247,1400,1225,1160,278.5,0,2,n,100
3275,I3275,1600,1200,1350,303.92,45,4,n,100
7572,I7572,1200,1000,975,337.45,45,1,n,100
2529,I2529,1400,1200,1450,179.4,45,3,n,100
485,I0485,1600,1200,1350,303.92,45,4,n,100
353,I0353,1600,1200,930,547.3,45,4,n,100
5179,I5179,1200,1000,975,225.6,45,1,n,100
6221,I6221,1600,1200,930,454.873,45,4,n,100
1865,I1865,1600,1200,1350,207.72,45,4,n,100
6792,I6792,1600,1200,930,438.4,45,4,n,100
7190,I7190,1200,1000,975,225.6,45,1,n,100
6517,I6517,1400,1200,1450,179.4,45,3,n,100
1555,I1555,1600,1200,975,180.2,45,4,n,100
133,I0133,1400,1200,1450,179.4,45,3,n,100
2050,I2050,1400,1200,1450,179.4,45,3,n,100
7341,I7341,1400,1200,1450,179.4,45,3,n,100
4949,I4949,1600,1200,1350,207.72,45,4,n,100
7448,I7448,1400,1225,1160,317.0,0,2,n,100
748,I0748,1400,1200,1450,179.4,45,3,n,100
5688,I5688,1400,1200,1450,179.4,45,3,n,100
6771,I6771,1600,1200,1350,205.16,45,4,n,100
3730,I3730,1400,1200,1450,179.4,45,3,n,100
1363,I1363,780,570,478,269.32,47,0,w,4
4645,I4645,1400,1200,1450,179.4,45,3,n,100
1332,I1332,1400,1225,1160,278.5,0,2,n,100
7191,I7191,1200,1000,975,225.6,45,1,n,100
696,I0696,1600,1200,1350,207.72,45,4,n,100
7029,I7029,1600,1200,1350,207.72,45,4,n,100
5065,I5065,780,570,478,96.256,47,0,w,4
7553,I7553,1600,1200,930,438.4,45,4,n,100
5092,I5092,1600,1200,1350,207.72,45,4,n,100
7016,I7016,1600,1200,1350,207.72,45,4,n,100
1102,I1102,1200,1000,975,293.32,45,1,n,100
1928,I1928,780,570,478,96.256,47,0,w,4
6856,I6856,1400,1200,1450,179.4,45,3,n,100
4373,I4373,1600,1200,1350,207.72,45,4,n,100
1275,I1275,1200,1000,975,169.0,45,1,n,100
2964,I2964,1600,1200,1350,207.72,45,4,n,100
7792,I7792,1400,1200,1450,179.4,45,3,n,100
4213,I4213,1200,1000,975,156.15,45,1,n,100
1130,I1130,1200,1000,750,229.88,45,1,n,100
2553,I2553,1600,1200,930,277.828,45,4,n,100
7701,I7701,1400,1225,1160,317.0,0,2,n,100
3215,I3215,1400,1200,1450,179.4,45,3,n,100
7843,I7843,1200,1000,558,136.704,0,6,n,100
4317,I4317,1600,1200,1350,207.72,45,4,n,100
963,I0963,780,570,478,160.56,47,0,w,4
1442,I1442,1200,1000,975,165.375,45,1,n,100
2016,I2016,1600,1200,1350,207.72,45,4,n,100
153,I0153,1400,1200,1450,179.4,45,3,n,100
2605,I2605,1600,1200,930,547.3,45,4,n,100
847,I0847,1600,1200,930,547.3,45,4,n,100
2307,I2307,1600,1200,1350,207.72,45,4,n,100
5475,I5475,1600,1200,1350,303.92,45,4,n,100
263,I0263,1200,1000,975,165.375,45,1,n,100
345,I0345,1200,1000,750,351.756,45,1,n,100
3662,I3662,1600,1200,930,547.3,45,4,n,100
1256,I1256,1200,1000,975,169.0,45,1,n,100
1566,I1566,1600,1200,975,180.2,45,4,n,100
4740,I4740,780,570,478,160.56,47,0,w,4
1058,I1058,1200,1000,750,229.88,45,1,n,100
3165,I3165,1400,1225,1160,278.5,0,2,n,100
5409,I5409,1200,1000,1155,366.75,0,6,n,100
3483,I3483,1200,1000,975,293.32,45,1,n,100
5965,I5965,1600,1200,930,438.4,45,4,n,100
5400,I5400,1600,1200,1350,303.92,45,4,n,100
3565,I3565,1600,1200,930,454.873,45,4,n,100
6314,I6314,1600,1200,1350,303.92,45,4,n,100
8075,I8075,1600,1200,1350,207.72,45,4,n,100
158,I0158,1600,1200,1350,207.72,45,4,n,100
4178,I4178,1200,1000,750,351.756,45,1,n,100
3100,I3100,1600,1200,975,180.2,45,4,n,100
5940,I5940,780,570,478,270.08,47,0,w,4
8202,I8202,780,570,478,100.96,47,0,w,4
2075,I2075,1400,1200,1450,179.4,45,3,n,100
7181,I7181,1400,1225,1160,278.5,0,2,n,100
1731,I1731,1400,1225,1160,317.0,0,2,n,100
5467,I5467,1400,1225,1160,317.0,0,2,n,100
2230,I2230,1400,1200,1450,179.4,45,3,n,100
4929,I4929,1400,1200,1450,179.4,45,3,n,100
2707,I2707,1600,1200,1350,207.72,45,4,n,100
3697,I3697,1600,1200,975,180.2,45,4,n,100
3246,I3246,1400,1200,1450,179.4,45,3,n,100
3537,I3537,1200,1000,359,77.352,0,6,n,100
4818,I4818,1200,1000,558,136.704,0,6,n,100
3317,I3317,1200,1000,975,293.32,45,1,n,100
6866,I6866,1600,1200,975,1471.6,45,4,n,100
6046,I6046,1600,1200,975,180.2,45,4,n,100
2868,I2868,1400,1200,1450,179.4,45,3,n,100
6125,I6125,1400,1200,1450,179.4,45,3,n,100
3856,I3856,1200,1000,975,293.32,45,1,n,100
7350,I7350,1400,1200,1450,179.4,45,3,n,100
908,I0908,1400,1200,1450,179.4,45,3,n,100
5304,I5304,1600,1200,975,180.2,45,4,n,100
3352,I3352,1600,1200,930,438.4,45,4,n,100
4652,I4652,1200,1000,1057,164.04,0,6,n,100
8208,I8208,1600,1200,1350,303.92,45,4,n,100
514,I0514,1200,1000,750,351.756,45,1,n,100
4809,I4809,1600,1200,1350,303.92,45,4,n,100
1456,I1456,1200,1000,975,293.32,45,1,n,100
3151,I3151,1400,1225,1160,278.5,0,2,n,100
1897,I1897,1200,1000,975,156.15,45,1,n,100
4329,I4329,1200,1000,750,229.88,45,1,n,100
7943,I7943,1200,1000,975,293.32,45,1,n,100
681,I0681,1400,1200,1450,179.4,45,3,n,100
5775,I5775,1400,1200,1450,179.4,45,3,n,100
2334,I2334,1600,1200,1350,303.92,45,4,n,100
843,I0843,1600,1200,930,547.3,45,4,n,100
5454,I5454,1200,1000,750,229.88,45,1,n,100
1536,I1536,1600,1200,1350,303.92,45,4,n,100
2635,I2635,1200,1000,975,527.4,45,1,n,100
1641,I1641,1400,1200,1450,179.4,45,3,n,100
4634,I4634,1400,1200,1450,179.4,45,3,n,100
1318,I1318,1600,1200,1350,303.92,45,4,n,100
204,I0204,1400,1200,1450,179.4,45,3,n,100
812,I0812,780,570,478,96.256,47,0,w,4
3401,I3401,1200,1000,975,165.375,45,1,n,100
3455,I3455,1200,1000,975,293.32,45,1,n,100
1977,I1977,1600,1200,1350,303.92,45,4,n,100
3852,I3852,1200,1000,975,293.32,45,1,n,100
1494,I1494,1200,1000,975,225.6,45,1,n,100
5459,I5459,1400,1225,1160,317.0,0,2,n,100
7623,I7623,1400,1200,1450,179.4,45,3,n,100
3622,I3622,780,570,478,104.768,47,0,w,4
4856,I4856,1400,1200,1450,179.4,45,3,n,100
4054,I4054,1200,1000,975,169.0,45,1,n,100
6569,I6569,1600,1200,930,277.828,45,4,n,100
2608,I2608,1400,1225,1160,317.0,0,2,n,100
6432,I6432,1400,1225,1160,317.0,0,2,n,100
2703,I2703,1600,1200,1350,207.72,45,4,n,100
6601,I6601,1600,1200,1350,205.16,45,4,n,100
287,I0287,1600,1200,1350,303.92,45,4,n,100
7568,I7568,1200,1000,975,156.15,45,1,n,100
6530,I6530,1400,1200,1450,179.4,45,3,n,100
5547,I5547,780,570,478,81.72,47,0,w,4
3047,I3047,1200,1000,975,293.32,45,1,n,100
7189,I7189,1200,1000,750,500.86,45,1,n,100
1404,I1404,1400,1200,1450,179.4,45,3,n,100
4572,I4572,1400,1225,1160,278.5,0,2,n,100
7035,I7035,1600,1200,1350,207.72,45,4,n,100
1305,I1305,1600,1200,1350,207.72,45,4,n,100
7330,I7330,1400,1200,1450,179.4,45,3,n,100
118,I0118,1600,1200,1350,303.92,45,4,n,100
3728,I3728,1400,1200,1450,179.4,45,3,n,100
1184,I1184,1600,1200,975,180.2,45,4,n,100
3935,I3935,1400,1200,1450,179.4,45,3,n,100
6941,I6941,1400,1225,1160,278.5,0,2,n,100
6662,I6662,1200,1000,975,239.52,45,1,n,100
1234,I1234,1400,1200,1450,179.4,45,3,n,100
5997,I5997,1200,1000,975,248.88,45,1,n,100
8045,I8045,780,570,478,170.28,47,0,w,4
5505,I5505,1200,1000,975,225.6,45,1,n,100
3853,I3853,1200,1000,975,293.32,45,1,n,100
5266,I5266,1200,1000,975,246.0,45,1,n,100
304,I0304,1400,1200,1450,179.4,45,3,n,100
2788,I2788,1600,1200,1350,207.72,45,4,n,100
4656,I4656,1600,1200,975,611.224,45,4,n,100
5682,I5682,1400,1200,1450,179.4,45,3,n,100
1888,I1888,1600,1200,1350,303.92,45,4,n,100
4846,I4846,1200,1000,545,690.5,45,1,n,100
2669,I2669,1400,1200,1450,179.4,45,3,n,100
2320,I2320,1400,1200,1450,179.4,45,3,n,100
6695,I6695,1400,1200,1450,179.4,45,3,n,100
1407,I1407,1200,1000,750,229.88,45,1,n,100
7677,I7677,1600,1200,1350,207.72,45,4,n,100
6085,I6085,1600,1200,1350,207.72,45,4,n,100
2239,I2239,1400,1200,1450,179.4,45,3,n,100
3423,I3423,1600,1200,1350,303.92,45,4,n,100
4798,I4798,1600,1200,1350,207.72,45,4,n,100
918,I0918,1200,1000,975,527.4,45,1,n,100
546,I0546,1600,1200,930,277.828,45,4,n,100
6185,I6185,1600,1200,1350,303.92,45,4,n,100
301,I0301,1400,1200,1450,179.4,45,3,n,100
1373,I1373,1400,1200,1450,179.4,45,3,n,100
6734,I6734,1200,1000,975,527.4,45,1,n,100
1015,I1015,780,570,478,96.256,47,0,w,4
5345,I5345,1600,1200,1350,207.72,45,4,n,100
4631,I4631,1400,1200,1450,179.4,45,3,n,100
150,I0150,1400,1200,1450,179.4,45,3,n,100
1593,I1593,1600,1200,1350,303.92,45,4,n,100
7801,I7801,1600,1200,930,438.4,45,4,n,100
3544,I3544,780,570,478,269.32,47,0,w,4
930,I0930,1400,1200,1450,179.4,45,3,n,100
3260,I3260,1600,1200,1350,303.92,45,4,n,100
2839,I2839,1200,1000,975,259.6,45,1,n,100
5580,I5580,1600,1200,975,611.224,45,4,n,100
3051,I3051,1200,1000,975,293.32,45,1,n,100
7728,I7728,780,570,478,81.72,47,0,w,4
793,I0793,1200,1000,975,293.32,45,1,n,100
5488,I5488,1200,1000,975,248.88,45,1,n,100
5327,I5327,1200,1000,545,729.5,45,1,n,100
2960,I2960,1600,1200,1350,207.72,45,4,n,100
6396,I6396,1200,1000,750,305.32,45,1,n,100
5708,I5708,1400,1225,1160,317.0,0,2,n,100
6332,I6332,1600,1200,975,180.2,45,4,n,100
4109,I4109,1400,1225,1160,317.0,0,2,n,100
2994,I2994,1600,1200,1350,207.72,45,4,n,100
7007,I7007,1400,1200,1450,179.4,45,3,n,100
2167,I2167,1600,1200,1350,207.72,45,4,n,100
1503,I1503,1600,1200,930,438.4,45,4,n,100
5995,I5995,1600,1200,1350,207.72,45,4,n,100
2056,I2056,1400,1200,1450,179.4,45,3,n,100
4153,I4153,1200,1000,1155,366.75,0,6,n,100
3848,I3848,1200,1000,975,293.32,45,1,n,100
5639,I5639,1600,1200,1350,207.72,45,4,n,100
421,I0421,1600,1200,1350,207.72,45,4,n,100
5097,I5097,1600,1200,1350,207.72,45,4,n,100
4353,I4353,1600,1200,1350,303.92,45,4,n,100
8236,I8236,1200,1000,975,248.88,45,1,n,100
4375,I4375,1200,1000,1057,164.04,0,6,n,100
3095,I3095,1600,1200,975,180.2,45,4,n,100
1900,I1900,1200,1000,975,156.15,45,1,n,100
315,I0315,1400,1200,1450,179.4,45,3,n,100
3162,I3162,1400,1225,1160,278.5,0,2,n,100
3672,I3672,1200,1000,359,70.016,0,6,n,100
3572,I3572,1600,1200,1350,303.92,45,4,n,100
3536,I3536,1600,1200,930,547.3,45,4,n,100
1992,I1992,1200,1000,975,336.7,45,1,n,100
1515,I1515,1200,1000,975,156.15,45,1,n,100
6237,I6237,1600,1200,930,438.4,45,4,n,100
5196,I5196,1600,1200,1350,303.92,45,4,n,100
7310,I7310,1200,1000,645,330.5,0,6,n,100
4608,I4608,1600,1200,1350,303.92,45,4,n,100
7864,I7864,780,570,478,82.32,47,0,w,4
7946,I7946,1200,1000,975,293.32,45,1,n,100
3461,I3461,1200,1000,975,293.32,45,1,n,100
5228,I5228,1600,1200,1350,207.72,45,4,n,100
8054,I8054,1600,1200,1350,303.92,45,4,n,100
3609,I3609,1200,1000,975,183.84,45,1,n,100
3357,I3357,1400,1200,1450,179.4,45,3,n,100
4815,I4815,1200,1000,975,165.375,45,1,n,100
1023,I1023,1200,1000,975,156.15,45,1,n,100
7910,I7910,1400,1200,1450,179.4,45,3,n,100
3494,I3494,1400,1225,1160,317.0,0,2,n,100
598,I0598,1400,1225,1160,278.5,0,2,n,100
7096,I7096,780,570,478,96.256,47,0,w,4
4210,I4210,780,570,478,82.32,47,0,w,4
6739,I6739,1200,1000,975,527.4,45,1,n,100
1389,I1389,1400,1200,1450,179.4,45,3,n,100
5534,I5534,1600,1200,1350,205.16,45,4,n,100
2419,I2419,1400,1200,1450,179.4,45,3,n,100
7213,I7213,1200,1000,975,337.9,45,1,n,100
1201,I1201,1600,1200,975,180.2,45,4,n,100
1122,I1122,1200,1000,975,293.32,45,1,n,100
139,I0139,1400,1200,1450,179.4,45,3,n,100
979,I0979,780,570,478,170.28,47,0,w,4
18,I0018,1400,1225,1160,278.5,0,2,n,100
7289,I7289,1400,1225,1160,278.5,0,2,n,100
677,I0677,1400,1200,1450,179.4,45,3,n,100
1551,I1551,780,570,478,100.96,47,0,w,4
7718,I7718,1600,1200,1350,205.16,45,4,n,100
4907,I4907,1400,1200,1450,179.4,45,3,n,100
1761,I1761,780,570,478,100.96,47,0,w,4
305,I0305,1400,1200,1450,179.4,45,3,n,100
2137,I2137,780,570,478,82.32,47,0,w,4
1614,I1614,1600,1200,930,438.4,45,4,n,100
5056,I5056,780,570,478,100.96,47,0,w,4
2979,I2979,1200,1000,1155,366.75,0,6,n,100
5529,I5529,1200,1000,750,305.32,45,1,n,100
7691,I7691,1200,1000,975,577.8,45,1,n,100
5071,I5071,1200,1000,975,527.4,45,1,n,100
1412,I1412,1200,1000,750,229.88,45,1,n,100
881,I0881,1400,1200,1450,179.4,45,3,n,100
4408,I4408,1200,1000,975,169.0,45,1,n,100
761,I0761,1200,1000,975,293.32,45,1,n,100
6803,I6803,1200,1000,975,165.375,45,1,n,100
4414,I4414,1200,1000,975,169.0,45,1,n,100
276,I0276,1200,1000,975,577.8,45,1,n,100
15,I0015,1400,1225,1160,278.5,0,2,n,100
2209,I2209,1600,1200,1350,303.92,45,4,n,100
7323,I7323,1400,1225,1160,278.5,0,2,n,100
1778,I1778,1200,1000,750,500.86,45,1,n,100
2226,I2226,1200,1000,1155,373.25,0,6,n,100
502,I0502,780,570,478,100.96,47,0,w,4
198,I0198,1400,1200,1450,179.4,45,3,n,100
2668,I2668,1400,1200,1450,179.4,45,3,n,100
2379,I2379,1400,1225,1160,317.0,0,2,n,100
6635,I6635,1400,1200,1450,179.4,45,3,n,100
7431,I7431,1200,1000,750,227.528,45,1,n,100
4492,I4492,1400,1225,1160,317.0,0,2,n,100
2910,I2910,1200,1000,975,577.8,45,1,n,100
4679,I4679,1600,1200,1350,207.72,45,4,n,100
5095,I5095,1600,1200,1350,207.72,45,4,n,100
1617,I1617,1600,1200,930,438.4,45,4,n,100
4915,I4915,1400,1200,1450,179.4,45,3,n,100
4458,I4458,1200,1000,975,336.7,45,1,n,100
4532,I4532,1400,1200,1450,179.4,45,3,n,100
6252,I6252,1400,1200,1450,179.4,45,3,n,100
4055,I4055,1200,1000,975,169.0,45,1,n,100
4823,I4823,1200,1000,975,527.4,45,1,n,100
1251,I1251,1400,1200,1450,179.4,45,3,n,100
726,I0726,1600,1200,1350,205.16,45,4,n,100
3337,I3337,1600,1200,1350,303.92,45,4,n,100
2949,I2949,1600,1200,930,454.873,45,4,n,100
6617,I6617,1400,1200,1450,179.4,45,3,n,100
3500,I3500,1400,1225,1160,317.0,0,2,n,100
7846,I7846,1600,1200,975,1471.6,45,4,n,100
7834,I7834,1200,1000,975,259.6,45,1,n,100
397,I0397,1400,1225,1160,317.0,0,2,n,100
5782,I5782,1600,1200,1350,303.92,45,4,n,100
7600,I7600,1400,1225,1160,317.0,0,2,n,100
6256,I6256,1400,1200,1450,179.4,45,3,n,100
508,I0508,780,570,478,100.96,47,0,w,4
7853,I7853,1400,1225,1160,278.5,0,2,n,100
7484,I7484,1400,1200,1450,179.4,45,3,n,100
5837,I5837,1600,1200,1350,207.72,45,4,n,100
2070,I2070,1400,1200,1450,179.4,45,3,n,100
6706,I6706,1400,1200,1450,179.4,45,3,n,100
8232,I8232,1600,1200,1350,205.16,45,4,n,100
3926,I3926,780,570,478,160.56,47,0,w,4
5421,I5421,1600,1200,1350,303.92,45,4,n,100
4388,I4388,1200,1000,975,169.0,45,1,n,100
8108,I8108,1400,1200,1450,179.4,45,3,n,100
291,I0291,1600,1200,1350,303.92,45,4,n,100
5664,I5664,1600,1200,930,454.873,45,4,n,100
5365,I5365,1400,1200,1450,179.4,45,3,n,100
993,I0993,1600,1200,930,438.4,45,4,n,100
8212,I8212,1600,1200,1350,303.92,45,4,n,100
7564,I7564,1200,1000,750,229.88,45,1,n,100
23,I0023,780,570,478,100.96,47,0,w,4
1833,I1833,1200,1000,545,729.5,45,1,n,100
1609,I1609,1200,1000,930,343.9,45,1,n,100
42,I0042,1400,1200,1450,179.4,45,3,n,100
581,I0581,780,570,478,100.96,47,0,w,4
1193,I1193,1600,1200,975,180.2,45,4,n,100
2514,I2514,1400,1200,1450,179.4,45,3,n,100
6745,I6745,1600,1200,930,547.3,45,4,n,100
3630,I3630,1600,1200,1350,205.16,45,4,n,100
6784,I6784,1600,1200,1350,303.92,45,4,n,100
3409,I3409,1600,1200,930,438.4,45,4,n,100
5820,I5820,1600,1200,1350,205.16,45,4,n,100
4435,I4435,1600,1200,1350,207.72,45,4,n,100
4972,I4972,1400,1225,1160,278.5,0,2,n,100
2028,I2028,1600,1200,1350,207.72,45,4,n,100
672,I0672,1400,1200,1450,179.4,45,3,n,100
7083,I7083,780,570,478,100.96,47,0,w,4
2952,I2952,1600,1200,930,310.76,45,4,n,100
3971,I3971,1400,1200,1450,179.4,45,3,n,100
4582,I4582,1400,1225,1160,278.5,0,2,n,100
3389,I3389,1400,1200,1450,179.4,45,3,n,100
5312,I5312,1600,1200,1350,207.72,45,4,n,100
4164,I4164,1200,1000,975,336.7,45,1,n,100
4261,I4261,1400,1225,1160,278.5,0,2,n,100
3367,I3367,1400,1200,1450,179.4,45,3,n,100
1521,I1521,1200,1000,975,156.15,45,1,n,100
3257,I3257,1600,1200,1350,303.92,45,4,n,100
5810,I5810,1200,1000,975,156.15,45,1,n,100
8373,I8373,1400,1225,1160,278.5,0,2,n,100
1269,I1269,1200,1000,975,169.0,45,1,n,100
6935,I6935,1400,1225,1160,278.5,0,2,n,100
5621,I5621,780,570,478,170.28,47,0,w,4
1083,I1083,1600,1200,1350,207.72,45,4,n,100
898,I0898,1400,1200,1450,179.4,45,3,n,100
4999,I4999,1400,1200,1450,179.4,45,3,n,100
3136,I3136,1200,1000,750,229.88,45,1,n,100
6903,I6903,1400,1225,1160,317.0,0,2,n,100
2265,I2265,1400,1200,1450,179.4,45,3,n,100
787,I0787,1200,1000,975,293.32,45,1,n,100
1287,I1287,1200,1000,975,577.8,45,1,n,100
5640,I5640,1600,1200,1350,207.72,45,4,n,100
3867,I3867,1200,1000,975,293.32,45,1,n,100
7022,I7022,1600,1200,1350,207.72,45,4,n,100
1382,I1382,1400,1200,1450,179.4,45,3,n,100
6595,I6595,1600,1200,1350,205.16,45,4,n,100
6150,I6150,1200,1000,975,337.45,45,1,n,100
6899,I6899,1200,1000,975,577.8,45,1,n,100
2040,I2040,1600,1200,1350,207.72,45,4,n,100
279,I0279,1200,1000,975,577.8,45,1,n,100
6965,I6965,1600,1200,1350,303.92,45,4,n,100
3229,I3229,1400,1200,1450,179.4,45,3,n,100
7578,I7578,1200,1000,750,500.86,45,1,n,100
1348,I1348,1200,1000,975,246.0,45,1,n,100
6093,I6093,1400,1200,1450,179.4,45,3,n,100
2296,I2296,1200,1000,750,227.528,45,1,n,100
3796,I3796,1600,1200,930,547.3,45,4,n,100
4092,I4092,1400,1200,1450,179.4,45,3,n,100
6354,I6354,1400,1225,1160,278.5,0,2,n,100
174,I0174,1400,1200,1450,179.4,45,3,n,100
2493,I2493,1400,1200,1450,179.4,45,3,n,100
1550,I1550,780,570,478,100.96,47,0,w,4
6073,I6073,780,570,478,82.32,47,0,w,4
6015,I6015,1400,1225,1160,317.0,0,2,n,100
7115,I7115,1400,1200,1450,179.4,45,3,n,100
461,I0461,1200,1000,975,577.8,45,1,n,100
234,I0234,1400,1200,1450,179.4,45,3,n,100
4629,I4629,1400,1200,1450,179.4,45,3,n,100
1187,I1187,1600,1200,975,180.2,45,4,n,100
5380,I5380,1200,1000,750,229.88,45,1,n,100
2489,I2489,1400,1200,1450,179.4,45,3,n,100
8227,I8227,1600,1200,1350,205.16,45,4,n,100
7703,I7703,1400,1225,1160,317.0,0,2,n,100
6363,I6363,1400,1225,1160,278.5,0,2,n,100
1565,I1565,1600,1200,975,180.2,45,4,n,100
4552,I4552,1400,1200,1450,179.4,45,3,n,100
5002,I5002,1400,1200,1450,179.4,45,3,n,100
154,I0154,1400,1200,1450,179.4,45,3,n,100
7041,I7041,1600,1200,1350,303.92,45,4,n,100
8152,I8152,1400,1200,1450,179.4,45,3,n,100
7643,I7643,1600,1200,975,180.2,45,4,n,100
3394,I3394,1600,1200,1350,303.92,45,4,n,100
6000,I6000,1200,1000,975,337.9,45,1,n,100
4942,I4942,1600,1200,1350,207.72,45,4,n,100
1033,I1033,1200,1000,750,405.72,45,1,n,100
3182,I3182,1200,1000,359,70.016,0,6,n,100
8398,I8398,1600,1200,930,454.873,45,4,n,100
4807,I4807,1600,1200,1350,303.92,45,4,n,100
7732,I7732,780,570,478,81.72,47,0,w,4
4315,I4315,1600,1200,1350,207.72,45,4,n,100
5757,I5757,1400,1200,1450,179.4,45,3,n,100
475,I0475,1200,1000,975,183.84,45,1,n,100
3891,I3891,1400,1225,1160,278.5,0,2,n,100
8175,I8175,1400,1200,1450,179.4,45,3,n,100
1406,I1406,1200,1000,750,229.88,45,1,n,100
4429,I4429,1600,1200,1350,207.72,45,4,n,100
7069,I7069,1200,1000,359,70.016,0,6,n,100
6008,I6008,1200,1000,975,156.15,45,1,n,100
3911,I3911,1600,1200,975,611.224,45,4,n,100
2508,I2508,1400,1200,1450,179.4,45,3,n,100
7772,I7772,1400,1225,1160,317.0,0,2,n,100
4466,I4466,1200,1000,975,577.8,45,1,n,100
5544,I5544,1200,1000,750,227.528,45,1,n,100
1575,I1575,1600,1200,975,180.2,45,4,n,100
7671,I7671,1600,1200,1350,207.72,45,4,n,100
1423,I1423,1200,1000,750,229.88,45,1,n,100
7371,I7371,1200,1000,975,308.76,45,1,n,100
1155,I1155,1600,1200,1350,303.92,45,4,n,100
5888,I5888,1400,1225,1160,278.5,0,2,n,100
862,I0862,1200,1000,545,690.5,45,1,n,100
1420,I1420,1600,1200,1350,205.16,45,4,n,100
4959,I4959,1600,1200,1350,205.16,45,4,n,100
7436,I7436,1400,1225,1160,317.0,0,2,n,100
398,I0398,1400,1225,1160,317.0,0,2,n,100
7264,I7264,1600,1200,1350,303.92,45,4,n,100
4393,I4393,1200,1000,975,169.0,45,1,n,100
7857,I7857,1400,1225,1160,278.5,0,2,n,100
5936,I5936,1400,1200,1450,179.4,45,3,n,100
3332,I3332,1400,1225,1160,317.0,0,2,n,100
186,I0186,1400,1200,1450,179.4,45,3,n,100
4848,I4848,1400,1200,1450,179.4,45,3,n,100
5536,I5536,1600,1200,1350,205.16,45,4,n,100
3535,I3535,1600,1200,930,547.3,45,4,n,100
335,I0335,1600,1200,1350,207.72,45,4,n,100
6040,I6040,1600,1200,975,180.2,45,4,n,100
4579,I4579,1400,1225,1160,278.5,0,2,n,100
3356,I3356,1600,1200,930,438.4,45,4,n,100
2657,I2657,780,570,478,100.96,47,0,w,4
4646,I4646,1400,1200,1450,179.4,45,3,n,100
3444,I3444,1200,1000,1155,366.75,0,6,n,100
2682,I2682,1400,1200,1450,179.4,45,3,n,100
6168,I6168,1400,1225,1160,317.0,0,2,n,100
8251,I8251,780,570,478,160.56,47,0,w,4
2568,I2568,1400,1200,1450,179.4,45,3,n,100
4835,I4835,1200,1000,975,336.7,45,1,n,100
3892,I3892,1400,1225,1160,278.5,0,2,n,100
5677,I5677,1400,1200,1450,179.4,45,3,n,100
329,I0329,1200,1000,558,122.032,0,6,n,100
1165,I1165,1600,1200,975,180.2,45,4,n,100
5370,I5370,780,570,478,82.32,47,0,w,4
81,I0081,1600,1200,930,454.873,45,4,n,100
5764,I5764,1400,1200,1450,179.4,45,3,n,100
3264,I3264,1600,1200,930,438.4,45,4,n,100
4913,I4913,1400,1200,1450,179.4,45,3,n,100
3110,I3110,1600,1200,975,180.2,45,4,n,100
521,I0521,1400,1200,1450,179.4,45,3,n,100
3204,I3204,1600,1200,930,277.828,45,4,n,100
3202,I3202,1600,1200,1350,207.72,45,4,n,100
3976,I3976,1400,1200,1450,179.4,45,3,n,100
1943,I1943,780,570,478,100.96,47,0,w,4
2815,I2815,1200,1000,975,527.4,45,1,n,100
5325,I5325,1600,1200,1350,207.72,45,4,n,100
349,I0349,1600,1200,930,547.3,45,4,n,100
651,I0651,1400,1225,1160,278.5,0,2,n,100
7149,I7149,1400,1225,1160,317.0,0,2,n,100
7759,I7759,1400,1225,1160,278.5,0,2,n,100
7895,I7895,1400,1200,1450,179.4,45,3,n,100
1927,I1927,1600,1200,1350,303.92,45,4,n,100
2908,I2908,780,570,478,170.28,47,0,w,4
8392,I8392,1200,1000,975,384.74,45,1,n,100
3029,I3029,1200,1000,750,227.528,45,1,n,100
1699,I1699,1600,1200,1350,207.72,45,4,n,100
753,I0753,1400,1200,1450,179.4,45,3,n,100
7789,I7789,1400,1200,1450,179.4,45,3,n,100
2755,I2755,1600,1200,1350,303.92,45,4,n,100
6187,I6187,780,570,478,82.32,47,0,w,4
3999,I3999,1400,1200,1450,179.4,45,3,n,100
3082,I3082,1200,1000,975,246.0,45,1,n,100
6507,I6507,1200,1000,975,165.375,45,1,n,100
267,I0267,1600,1200,930,277.828,45,4,n,100
6198,I6198,1400,1225,1160,317.0,0,2,n,100
3200,I3200,1600,1200,1350,207.72,45,4,n,100
430,I0430,1400,1200,1450,179.4,45,3,n,100
4659,I4659,1600,1200,1350,303.92,45,4,n,100
4181,I4181,1600,1200,1350,303.92,45,4,n,100
3838,I3838,1200,1000,750,305.32,45,1,n,100
4403,I4403,1200,1000,975,169.0,45,1,n,100
1580,I1580,1600,1200,975,180.2,45,4,n,100
5554,I5554,1600,1200,1350,207.72,45,4,n,100
6963,I6963,1600,1200,1350,303.92,45,4,n,100
3346,I3346,1200,1000,975,225.6,45,1,n,100
5731,I5731,1200,1000,975,527.4,45,1,n,100
2976,I2976,1600,1200,1350,207.72,45,4,n,100
4255,I4255,1400,1225,1160,278.5,0,2,n,100
4332,I4332,1200,1000,750,229.88,45,1,n,100
6621,I6621,1200,1000,975,336.7,45,1,n,100
4037,I4037,780,570,478,269.32,47,0,w,4
1670,I1670,1200,1000,750,229.88,45,1,n,100
2045,I2045,1200,1000,975,527.4,45,1,n,100
3505,I3505,1400,1225,1160,317.0,0,2,n,100
7286,I7286,1400,1225,1160,278.5,0,2,n,100
2065,I2065,1400,1200,1450,179.4,45,3,n,100
2827,I2827,780,570,478,81.72,47,0,w,4
2456,I2456,1600,1200,930,438.4,45,4,n,100
8277,I8277,1400,1200,1450,179.4,45,3,n,100
6281,I6281,1400,1225,1160,278.5,0,2,n,100
6136,I6136,1400,1200,1450,179.4,45,3,n,100
4943,I4943,1600,1200,1350,207.72,45,4,n,100
8326,I8326,1200,1000,975,293.32,45,1,n,100
2409,I2409,1400,1225,1160,278.5,0,2,n,100
428,I0428,1400,1200,1450,179.4,45,3,n,100
8347,I8347,1400,1225,1160,317.0,0,2,n,100
740,I0740,780,570,478,81.72,47,0,w,4
3677,I3677,1600,1200,975,180.2,45,4,n,100
6532,I6532,1400,1200,1450,179.4,45,3,n,100
1639,I1639,1400,1200,1450,179.4,45,3,n,100
4581,I4581,1400,1225,1160,278.5,0,2,n,100
1299,I1299,1400,1200,1450,179.4,45,3,n,100
1152,I1152,1600,1200,1350,303.92,45,4,n,100
5568,I5568,1600,1200,1350,207.72,45,4,n,100
3369,I3369,1400,1200,1450,179.4,45,3,n,100
3330,I3330,1400,1225,1160,317.0,0,2,n,100
4150,I4150,780,570,478,170.28,47,0,w,4
2455,I2455,1600,1200,930,438.4,45,4,n,100
632,I0632,1400,1200,1450,179.4,45,3,n,100
4117,I4117,1400,1225,1160,317.0,0,2,n,100
7610,I7610,1200,1000,750,351.756,45,1,n,100
4469,I4469,1200,1000,975,577.8,45,1,n,100
4106,I4106,780,570,478,104.768,47,0,w,4
2462,I2462,1600,1200,1350,207.72,45,4,n,100
4057,I4057,1200,1000,975,169.0,45,1,n,100
504,I0504,780,570,478,100.96,47,0,w,4
4347,I4347,1600,1200,1350,207.72,45,4,n,100
5558,I5558,1600,1200,1350,207.72,45,4,n,100
1889,I1889,1600,1200,1350,303.92,45,4,n,100
851,I0851,1400,1225,1160,278.5,0,2,n,100
5210,I5210,1600,1200,1350,207.72,45,4,n,100
5605,I5605,1200,1000,750,229.88,45,1,n,100
7142,I7142,1400,1225,1160,317.0,0,2,n,100
5441,I5441,1400,1200,1450,179.4,45,3,n,100
6455,I6455,1600,1200,1350,207.72,45,4,n,100
3135,I3135,1200,1000,750,229.88,45,1,n,100
7225,I7225,1200,1000,750,229.88,45,1,n,100
3811,I3811,1400,1200,1450,179.4,45,3,n,100
4410,I4410,1200,1000,975,169.0,45,1,n,100
3190,I3190,1200,1000,750,176.5,45,1,n,100
3602,I3602,1200,1000,975,577.8,45,1,n,100
6998,I6998,1400,1200,1450,179.4,45,3,n,100
2032,I2032,1600,1200,1350,207.72,45,4,n,100
1802,I1802,1200,1000,750,176.5,45,1,n,100
6987,I6987,1600,1200,1350,207.72,45,4,n,100
4477,I4477,1400,1225,1160,317.0,0,2,n,100
1557,I1557,1600,1200,975,180.2,45,4,n,100
584,I0584,1200,1000,975,336.7,45,1,n,100
3628,I3628,1600,1200,1350,205.16,45,4,n,100
4445,I4445,1200,1000,975,165.375,45,1,n,100
595,I0595,1400,1225,1160,278.5,0,2,n,100
5278,I5278,1200,1000,975,246.0,45,1,n,100
2915,I2915,1200,1000,975,337.45,45,1,n,100
4144,I4144,1200,1000,975,156.15,45,1,n,100
4182,I4182,1600,1200,1350,303.92,45,4,n,100
2521,I2521,1400,1200,1450,179.4,45,3,n,100
5503,I5503,1200,1000,975,225.6,45,1,n,100
5435,I5435,1400,1200,1450,179.4,45,3,n,100
2044,I2044,1200,1000,975,527.4,45,1,n,100
6152,I6152,1200,1000,750,500.86,45,1,n,100
2303,I2303,1600,1200,1350,303.92,45,4,n,100
626,I0626,1400,1200,1450,179.4,45,3,n,100
19,I0019,1400,1225,1160,278.5,0,2,n,100
2537,I2537,1400,1200,1450,179.4,45,3,n,100
5994,I5994,1600,1200,1350,207.72,45,4,n,100
1274,I1274,1200,1000,975,169.0,45,1,n,100
699,I0699,1600,1200,1350,207.72,45,4,n,100
2997,I2997,1600,1200,1350,207.72,45,4,n,100
2250,I2250,1400,1200,1450,179.4,45,3,n,100
6278,I6278,1200,1000,750,351.756,45,1,n,100
5420,I5420,1200,1000,750,227.528,45,1,n,100
3112,I3112,1600,1200,975,180.2,45,4,n,100
5565,I5565,1600,1200,1350,207.72,45,4,n,100
3550,I3550,1600,1200,1350,207.72,45,4,n,100
2452,I2452,1600,1200,930,438.4,45,4,n,100
7931,I7931,1200,1000,975,293.32,45,1,n,100
7877,I7877,1200,1000,975,527.4,45,1,n,100
6025,I6025,1600,1200,975,611.224,45,4,n,100
7490,I7490,1400,1200,1450,179.4,45,3,n,100
1002,I1002,1200,1000,975,156.15,45,1,n,100
7673,I7673,1600,1200,1350,207.72,45,4,n,100
3607,I3607,1200,1000,975,183.84,45,1,n,100
3554,I3554,1600,1200,930,438.4,45,4,n,100
1259,I1259,1200,1000,975,169.0,45,1,n,100
3210,I3210,1200,1000,750,229.88,45,1,n,100
6607,I6607,1400,1200,1450,179.4,45,3,n,100
3007,I3007,1600,1200,1350,207.72,45,4,n,100
825,I0825,1400,1200,1450,179.4,45,3,n,100
6135,I6135,1400,1200,1450,179.4,45,3,n,100
8317,I8317,1200,1000,975,293.32,45,1,n,100
5082,I5082,1600,1200,930,438.4,45,4,n,100
285,I0285,1600,1200,1350,303.92,45,4,n,100
7934,I7934,1200,1000,975,293.32,45,1,n,100
4519,I4519,1400,1200,1450,179.4,45,3,n,100
3791,I3791,1200,1000,750,227.528,45,1,n,100
1342,I1342,1400,1225,1160,278.5,0,2,n,100
129,I0129,1400,1200,1450,179.4,45,3,n,100
6797,I6797,1600,1200,930,438.4,45,4,n,100
6009,I6009,1200,1000,975,156.15,45,1,n,100
7068,I7068,780,570,478,104.768,47,0,w,4
2007,I2007,1600,1200,1350,207.72,45,4,n,100
5776,I5776,780,570,478,160.56,47,0,w,4
8163,I8163,1400,1200,1450,179.4,45,3,n,100
4658,I4658,1600,1200,1350,303.92,45,4,n,100
7879,I7879,1200,1000,975,527.4,45,1,n,100
3502,I3502,1400,1225,1160,317.0,0,2,n,100
1090,I1090,1200,1000,750,229.88,45,1,n,100
272,I0272,780,570,478,96.256,47,0,w,4
4322,I4322,780,570,478,82.32,47,0,w,4
8360,I8360,1200,1000,975,225.6,45,1,n,100
4768,I4768,1200,1000,975,527.4,45,1,n,100
7557,I7557,1200,1000,750,229.88,45,1,n,100
4307,I4307,1600,1200,1350,207.72,45,4,n,100
6638,I6638,1400,1200,1450,179.4,45,3,n,100
4588,I4588,1200,1000,750,227.528,45,1,n,100
846,I0846,1600,1200,930,547.3,45,4,n,100
7551,I7551,1200,1000,750,227.528,45,1,n,100
3254,I3254,1400,1200,1450,179.4,45,3,n,100
4134,I4134,1200,1000,750,229.88,45,1,n,100
5334,I5334,1600,1200,1350,207.72,45,4,n,100
5805,I5805,780,570,478,160.56,47,0,w,4
1542,I1542,780,570,478,100.96,47,0,w,4
5027,I5027,1400,1225,1160,317.0,0,2,n,100
2179,I2179,1600,1200,1350,207.72,45,4,n,100
4649,I4649,1400,1200,1450,179.4,45,3,n,100
624,I0624,1400,1200,1450,179.4,45,3,n,100
7487,I7487,1400,1200,1450,179.4,45,3,n,100
2083,I2083,1600,1200,930,438.4,45,4,n,100
5599,I5599,1200,1000,975,248.88,45,1,n,100
7283,I7283,1400,1225,1160,278.5,0,2,n,100
4337,I4337,1600,1200,1350,207.72,45,4,n,100
745,I0745,1600,1200,1350,303.92,45,4,n,100
7741,I7741,1600,1200,930,454.873,45,4,n,100
2849,I2849,1400,1200,1450,179.4,45,3,n,100
8144,I8144,780,570,478,160.56,47,0,w,4
5019,I5019,1400,1225,1160,317.0,0,2,n,100
4257,I4257,1400,1225,1160,278.5,0,2,n,100
3373,I3373,1400,1200,1450,179.4,45,3,n,100
4708,I4708,1400,1200,1450,179.4,45,3,n,100
1997,I1997,1600,1200,975,611.224,45,4,n,100
6124,I6124,1400,1200,1450,179.4,45,3,n,100
1230,I1230,1400,1200,1450,179.4,45,3,n,100
1672,I1672,1200,1000,750,229.88,45,1,n,100
2536,I2536,1400,1200,1450,179.4,45,3,n,100
2373,I2373,1400,1225,1160,317.0,0,2,n,100
7396,I7396,1600,1200,1350,207.72,45,4,n,100
3462,I3462,1200,1000,975,293.32,45,1,n,100
233,I0233,1400,1200,1450,179.4,45,3,n,100
351,I0351,1600,1200,930,547.3,45,4,n,100
6074,I6074,780,570,478,82.32,47,0,w,4
4066,I4066,1200,1000,975,169.0,45,1,n,100
2403,I2403,1400,1225,1160,278.5,0,2,n,100
1045,I1045,1200,1000,975,336.7,45,1,n,100
4000,I4000,1400,1200,1450,179.4,45,3,n,100
2232,I2232,1400,1200,1450,179.4,45,3,n,100
6103,I6103,1400,1200,1450,179.4,45,3,n,100
1508,I1508,1200,1000,975,156.15,45,1,n,100
4362,I4362,1200,1000,750,227.528,45,1,n,100
4146,I4146,780,570,478,170.28,47,0,w,4
4311,I4311,1600,1200,1350,207.72,45,4,n,100
4,I0004,780,570,478,96.256,47,0,w,4
2659,I2659,780,570,478,100.96,47,0,w,4
6940,I6940,1400,1225,1160,278.5,0,2,n,100
3134,I3134,1200,1000,750,229.88,45,1,n,100
1938,I1938,780,570,478,100.96,47,0,w,4
8097,I8097,1400,1200,1450,179.4,45,3,n,100
1226,I1226,1400,1200,1450,179.4,45,3,n,100
7314,I7314,1400,1225,1160,278.5,0,2,n,100
1959,I1959,1200,1000,975,183.84,45,1,n,100
4502,I4502,1400,1225,1160,317.0,0,2,n,100
2341,I2341,1200,1000,545,690.5,45,1,n,100
4452,I4452,1200,1000,750,229.88,45,1,n,100
64,I0064,1600,1200,1350,303.92,45,4,n,100
7874,I7874,1200,1000,975,527.4,45,1,n,100
5292,I5292,1600,1200,975,180.2,45,4,n,100
251,I0251,1400,1200,1450,179.4,45,3,n,100
3816,I3816,1600,1200,1350,207.72,45,4,n,100
4371,I4371,1600,1200,930,277.828,45,4,n,100
4797,I4797,1600,1200,1350,207.72,45,4,n,100
2808,I2808,1200,1000,975,527.4,45,1,n,100
1354,I1354,1600,1200,930,438.4,45,4,n,100
6789,I6789,1600,1200,930,438.4,45,4,n,100
6658,I6658,1200,1000,750,229.88,45,1,n,100
5471,I5471,1400,1225,1160,317.0,0,2,n,100
5458,I5458,1400,1225,1160,317.0,0,2,n,100
7750,I7750,1400,1225,1160,278.5,0,2,n,100
3168,I3168,1400,1225,1160,278.5,0,2,n,100
3187,I3187,1600,1200,930,277.828,45,4,n,100
1300,I1300,1400,1200,1450,179.4,45,3,n,100
2751,I2751,1600,1200,1350,303.92,45,4,n,100
4928,I4928,1400,1200,1450,179.4,45,3,n,100
3905,I3905,1400,1225,1160,317.0,0,2,n,100
1134,I1134,1200,1000,975,248.88,45,1,n,100
6891,I6891,780,570,478,101.52,47,0,w,4
4171,I4171,1400,1225,1160,278.5,0,2,n,100
7090,I7090,1900,1200,750,713.62,45,5,n,100
2706,I2706,1600,1200,1350,207.72,45,4,n,100
4104,I4104,1400,1200,1450,179.4,45,3,n,100
3436,I3436,1900,1200,750,845.38,45,5,n,100
3374,I3374,1400,1200,1450,179.4,45,3,n,100
7576,I7576,1600,1200,1350,303.92,45,4,n,100
7878,I7878,1200,1000,975,527.4,45,1,n,100
901,I0901,1400,1200,1450,179.4,45,3,n,100
7897,I7897,1400,1200,1450,179.4,45,3,n,100
5044,I5044,1200,1000,975,165.375,45,1,n,100
1924,I1924,1400,1225,1160,278.5,0,2,n,100
6536,I6536,1600,1200,1350,207.72,45,4,n,100
6466,I6466,1600,1200,930,547.3,45,4,n,100
3144,I3144,1600,1200,930,454.873,45,4,n,100
4881,I4881,1200,1000,545,729.5,45,1,n,100
2450,I2450,1200,1000,1155,375.0,0,6,n,100
2622,I2622,1600,1200,1350,303.92,45,4,n,100
1286,I1286,1200,1000,975,577.8,45,1,n,100
1263,I1263,1200,1000,975,169.0,45,1,n,100
6137,I6137,1400,1200,1450,179.4,45,3,n,100
405,I0405,1200,1000,1057,179.85,0,6,n,100
746,I0746,1400,1200,1450,179.4,45,3,n,100
3521,I3521,1200,1000,975,577.8,45,1,n,100
8189,I8189,1600,1200,1350,207.72,45,4,n,100
5274,I5274,1400,1225,1160,278.5,0,2,n,100
7002,I7002,1400,1200,1450,179.4,45,3,n,100
8003,I8003,1600,1200,1350,205.16,45,4,n,100
3259,I3259,1600,1200,1350,303.92,45,4,n,100
6992,I6992,1200,1000,545,690.5,45,1,n,100
7215,I7215,780,570,478,104.768,47,0,w,4
1125,I1125,1200,1000,750,500.86,45,1,n,100
235,I0235,1400,1200,1450,179.4,45,3,n,100
6267,I6267,1400,1200,1450,179.4,45,3,n,100
5111,I5111,780,570,478,160.56,47,0,w,4
3847,I3847,1200,1000,975,293.32,45,1,n,100
5545,I5545,780,570,478,81.72,47,0,w,4
3804,I3804,1400,1200,1450,179.4,45,3,n,100
187,I0187,1400,1200,1450,179.4,45,3,n,100
7659,I7659,1600,1200,975,180.2,45,4,n,100
6294,I6294,1400,1200,1450,179.4,45,3,n,100
4342,I4342,1600,1200,1350,207.72,45,4,n,100
7482,I7482,1400,1200,1450,179.4,45,3,n,100
2302,I2302,1600,1200,1350,303.92,45,4,n,100
4784,I4784,1200,1000,975,156.15,45,1,n,100
7542,I7542,1600,1200,1350,205.16,45,4,n,100
6437,I6437,1400,1225,1160,278.5,0,2,n,100
280,I0280,1200,1000,975,577.8,45,1,n,100
6854,I6854,1400,1200,1450,179.4,45,3,n,100
467,I0467,1600,1200,1350,207.72,45,4,n,100
2183,I2183,1600,1200,1350,207.72,45,4,n,100
8133,I8133,1200,1000,975,308.76,45,1,n,100
6565,I6565,1600,1200,1350,303.92,45,4,n,100
6047,I6047,1600,1200,975,180.2,45,4,n,100
1630,I1630,1400,1200,1450,179.4,45,3,n,100
3803,I3803,1400,1200,1450,179.4,45,3,n,100
4234,I4234,1600,1200,1350,303.92,45,4,n,100
3028,I3028,1200,1000,975,248.88,45,1,n,100
1147,I1147,1200,1000,975,183.84,45,1,n,100
6059,I6059,1600,1200,975,180.2,45,4,n,100
3446,I3446,1600,1200,1350,207.72,45,4,n,100
5136,I5136,1400,1200,1450,179.4,45,3,n,100
680,I0680,1400,1200,1450,179.4,45,3,n,100
562,I0562,780,570,478,100.96,47,0,w,4
3914,I3914,1400,1225,1160,278.5,0,2,n,100
7202,I7202,1200,1000,750,351.756,45,1,n,100
1386,I1386,1400,1200,1450,179.4,45,3,n,100
6182,I6182,1600,1200,1350,303.92,45,4,n,100
2219,I2219,1200,1000,975,259.6,45,1,n,100
5550,I5550,780,570,478,160.56,47,0,w,4
3365,I3365,1400,1200,1450,179.4,45,3,n,100
4700,I4700,1200,1000,750,229.88,45,1,n,100
2010,I2010,1600,1200,1350,207.72,45,4,n,100
3739,I3739,1600,1200,1350,303.92,45,4,n,100
5255,I5255,1600,1200,1350,310.16,45,4,n,100
7277,I7277,1600,1200,1350,303.92,45,4,n,100
1646,I1646,1400,1200,1450,179.4,45,3,n,100
7985,I7985,1200,1000,975,183.84,45,1,n,100
2717,I2717,1400,1225,1160,317.0,0,2,n,100
5729,I5729,1200,1000,1155,375.0,0,6,n,100
3358,I3358,1400,1200,1450,179.4,45,3,n,100
5615,I5615,1600,1200,1350,205.16,45,4,n,100
7716,I7716,1600,1200,1350,205.16,45,4,n,100
7028,I7028,1600,1200,1350,207.72,45,4,n,100
4718,I4718,1400,1200,1450,179.4,45,3,n,100
7407,I7407,1600,1200,1350,303.92,45,4,n,100
2946,I2946,1400,1225,1160,317.0,0,2,n,100
7927,I7927,1200,1000,975,293.32,45,1,n,100
8272,I8272,1400,1200,1450,179.4,45,3,n,100
1221,I1221,1400,1200,1450,179.4,45,3,n,100
5163,I5163,1600,1200,1350,207.72,45,4,n,100
754,I0754,1400,1200,1450,179.4,45,3,n,100
1999,I1999,1600,1200,930,547.3,45,4,n,100
1935,I1935,1200,1000,750,176.5,45,1,n,100
3105,I3105,1600,1200,975,180.2,45,4,n,100
5153,I5153,780,570,478,100.96,47,0,w,4
6340,I6340,1600,1200,975,180.2,45,4,n,100
6397,I6397,1200,1000,750,305.32,45,1,n,100
2020,I2020,1600,1200,1350,207.72,45,4,n,100
906,I0906,1400,1200,1450,179.4,45,3,n,100
8181,I8181,780,570,478,81.72,47,0,w,4
6227,I6227,1600,1200,1350,207.72,45,4,n,100
8279,I8279,780,570,478,100.96,47,0,w,4
1053,I1053,1600,1200,1350,303.92,45,4,n,100
4298,I4298,1600,1200,1350,312.72,45,4,n,100
4381,I4381,1200,1000,975,183.84,45,1,n,100
3217,I3217,1400,1200,1450,179.4,45,3,n,100
5109,I5109,1200,1000,1057,164.04,0,6,n,100
7921,I7921,1200,1000,975,293.32,45,1,n,100
5932,I5932,1400,1200,1450,179.4,45,3,n,100
6486,I6486,1600,1200,930,438.4,45,4,n,100
4956,I4956,1600,1200,1350,207.72,45,4,n,100
4346,I4346,1600,1200,1350,207.72,45,4,n,100
2588,I2588,1600,1200,1350,207.72,45,4,n,100
4684,I4684,1600,1200,930,438.4,45,4,n,100
4742,I4742,1600,1200,1350,303.92,45,4,n,100
25,I0025,780,570,478,100.96,47,0,w,4
2069,I2069,1200,1000,750,227.528,45,1,n,100
2282,I2282,1600,1200,1350,207.72,45,4,n,100
4091,I4091,1400,1200,1450,179.4,45,3,n,100
2726,I2726,1900,1200,750,845.38,45,5,n,100
5434,I5434,1400,1200,1450,179.4,45,3,n,100
5342,I5342,1600,1200,1350,207.72,45,4,n,100
1787,I1787,1400,1200,1450,179.4,45,3,n,100
2048,I2048,1200,1000,975,527.4,45,1,n,100
2520,I2520,1400,1200,1450,179.4,45,3,n,100
7109,I7109,1400,1200,1450,179.4,45,3,n,100
5164,I5164,1200,1000,1057,164.04,0,6,n,100
5286,I5286,1600,1200,975,180.2,45,4,n,100
5366,I5366,1400,1200,1450,179.4,45,3,n,100
2071,I2071,1400,1200,1450,179.4,45,3,n,100
2674,I2674,1400,1200,1450,179.4,45,3,n,100
3748,I3748,1600,1200,1350,303.92,45,4,n,100
2513,I2513,1400,1200,1450,179.4,45,3,n,100
5799,I5799,1600,1200,1350,303.92,45,4,n,100
7807,I7807,1600,1200,1350,303.92,45,4,n,100
1369,I1369,1400,1200,1450,179.4,45,3,n,100
6953,I6953,780,570,478,104.768,47,0,w,4
8116,I8116,1400,1200,1450,179.4,45,3,n,100
2143,I2143,1200,1000,750,229.88,45,1,n,100
8273,I8273,1400,1200,1450,179.4,45,3,n,100
54,I0054,1400,1200,1450,179.4,45,3,n,100
6132,I6132,1400,1200,1450,179.4,45,3,n,100
749,I0749,1400,1200,1450,179.4,45,3,n,100
4027,I4027,780,570,478,100.96,47,0,w,4
6383,I6383,1200,1000,975,652.0,45,1,n,100
253,I0253,1600,1200,1350,303.92,45,4,n,100
4925,I4925,1400,1200,1450,179.4,45,3,n,100
3233,I3233,1400,1200,1450,179.4,45,3,n,100
3942,I3942,1400,1200,1450,179.4,45,3,n,100
8009,I8009,780,570,478,160.56,47,0,w,4
2843,I2843,1400,1200,1450,179.4,45,3,n,100
1036,I1036,780,570,478,104.768,47,0,w,4
7614,I7614,1600,1200,975,1471.6,45,4,n,100
5734,I5734,1200,1000,975,527.4,45,1,n,100
1162,I1162,1600,1200,975,180.2,45,4,n,100
91,I0091,1600,1200,930,547.3,45,4,n,100
1638,I1638,1400,1200,1450,179.4,45,3,n,100
2103,I2103,1200,1000,1155,375.0,0,6,n,100
2617,I2617,1600,1200,1350,303.92,45,4,n,100
6028,I6028,1600,1200,930,277.828,45,4,n,100
6947,I6947,780,570,478,100.96,47,0,w,4
3719,I3719,1400,1200,1450,179.4,45,3,n,100
3371,I3371,1400,1200,1450,179.4,45,3,n,100
554,I0554,780,570,478,100.96,47,0,w,4
6864,I6864,1400,1200,1450,179.4,45,3,n,100
362,I0362,1400,1225,1160,317.0,0,2,n,100
3056,I3056,1200,1000,975,293.32,45,1,n,100
6092,I6092,1400,1200,1450,179.4,45,3,n,100
1460,I1460,1200,1000,975,293.32,45,1,n,100
6713,I6713,1400,1200,1450,179.4,45,3,n,100
7201,I7201,780,570,478,104.768,47,0,w,4
886,I0886,1400,1200,1450,179.4,45,3,n,100
896,I0896,1400,1200,1450,179.4,45,3,n,100
4192,I4192,1200,1000,975,165.375,45,1,n,100
6180,I6180,1600,1200,1350,303.92,45,4,n,100
2154,I2154,1600,1200,930,547.3,45,4,n,100
977,I0977,780,570,478,81.72,47,0,w,4
4046,I4046,1200,1000,975,169.0,45,1,n,100
7417,I7417,780,570,478,82.32,47,0,w,4
1911,I1911,1200,1000,975,169.0,45,1,n,100
4107,I4107,780,570,478,104.768,47,0,w,4
6404,I6404,1200,1000,545,690.5,45,1,n,100
1126,I1126,1200,1000,359,77.352,0,6,n,100
249,I0249,1400,1200,1450,179.4,45,3,n,100
4594,I4594,1200,1000,975,527.4,45,1,n,100
5845,I5845,1400,1200,1450,179.4,45,3,n,100
545,I0545,1400,1200,1450,179.4,45,3,n,100
4813,I4813,780,570,478,170.28,47,0,w,4
2439,I2439,1400,1200,1450,179.4,45,3,n,100
3507,I3507,1400,1225,1160,317.0,0,2,n,100
5495,I5495,1900,1200,750,713.62,45,5,n,100
6232,I6232,780,570,478,96.256,47,0,w,4
920,I0920,1400,1200,1450,179.4,45,3,n,100
3316,I3316,1200,1000,975,293.32,45,1,n,100
7343,I7343,1400,1200,1450,179.4,45,3,n,100
6011,I6011,1400,1225,1160,317.0,0,2,n,100
3854,I3854,1200,1000,975,293.32,45,1,n,100
1310,I1310,1600,1200,1350,303.92,45,4,n,100
3833,I3833,1600,1200,1350,303.92,45,4,n,100
2187,I2187,1600,1200,1350,207.72,45,4,n,100
4567,I4567,1400,1225,1160,278.5,0,2,n,100
1985,I1985,780,570,478,170.28,47,0,w,4
3600,I3600,1200,1000,975,577.8,45,1,n,100
5836,I5836,1600,1200,1350,207.72,45,4,n,100
6758,I6758,1200,1000,750,229.88,45,1,n,100
4844,I4844,1600,1200,975,611.224,45,4,n,100
7386,I7386,1600,1200,1350,207.72,45,4,n,100
338,I0338,1600,1200,1350,207.72,45,4,n,100
6414,I6414,1900,1200,750,845.38,45,5,n,100
4614,I4614,1600,1200,1350,303.92,45,4,n,100
6557,I6557,1200,1000,750,229.88,45,1,n,100
3552,I3552,1600,1200,930,438.4,45,4,n,100
6914,I6914,1400,1225,1160,317.0,0,2,n,100
3578,I3578,1600,1200,1350,205.16,45,4,n,100
948,I0948,1400,1200,1450,179.4,45,3,n,100
5630,I5630,1600,1200,1350,207.72,45,4,n,100
6101,I6101,1400,1200,1450,179.4,45,3,n,100
8085,I8085,1600,1200,1350,207.72,45,4,n,100
4326,I4326,1600,1200,930,438.4,45,4,n,100
4108,I4108,780,570,478,104.768,47,0,w,4
7848,I7848,1200,1000,750,229.88,45,1,n,100
3001,I3001,1600,1200,1350,207.72,45,4,n,100
2465,I2465,1600,1200,1350,207.72,45,4,n,100
7470,I7470,1400,1225,1160,317.0,0,2,n,100
2625,I2625,1600,1200,1350,303.92,45,4,n,100
2417,I2417,1400,1200,1450,179.4,45,3,n,100
3828,I3828,1600,1200,1350,303.92,45,4,n,100
372,I0372,1400,1225,1160,317.0,0,2,n,100
6671,I6671,1400,1200,1450,179.4,45,3,n,100
3979,I3979,1400,1200,1450,179.4,45,3,n,100
6329,I6329,1600,1200,975,180.2,45,4,n,100
2100,I2100,1200,1000,750,305.32,45,1,n,100
5480,I5480,1200,1000,1155,366.75,0,6,n,100
3375,I3375,1400,1200,1450,179.4,45,3,n,100
4223,I4223,1400,1200,1450,179.4,45,3,n,100
4911,I4911,1400,1200,1450,179.4,45,3,n,100
5074,I5074,1200,1000,975,527.4,45,1,n,100
2800,I2800,1200,1000,975,169.0,45,1,n,100
3324,I3324,1400,1225,1160,317.0,0,2,n,100
7605,I7605,1200,1000,750,305.32,45,1,n,100
5436,I5436,1400,1200,1450,179.4,45,3,n,100
1902,I1902,1600,1200,930,310.76,45,4,n,100
4050,I4050,1200,1000,975,169.0,45,1,n,100
7304,I7304,780,570,478,170.28,47,0,w,4
3694,I3694,1600,1200,975,180.2,45,4,n,100
1016,I1016,780,570,478,96.256,47,0,w,4
8386,I8386,1600,1200,930,547.3,45,4,n,100
4632,I4632,1400,1200,1450,179.4,45,3,n,100
2333,I2333,1600,1200,1350,303.92,45,4,n,100
4392,I4392,1200,1000,975,169.0,45,1,n,100
5989,I5989,1600,1200,1350,207.72,45,4,n,100
5912,I5912,1400,1200,1450,179.4,45,3,n,100
6148,I6148,1400,1200,1450,179.4,45,3,n,100
7464,I7464,1400,1225,1160,317.0,0,2,n,100
926,I0926,1400,1200,1450,179.4,45,3,n,100
6044,I6044,1600,1200,975,180.2,45,4,n,100
224,I0224,1400,1200,1450,179.4,45,3,n,100
58,I0058,1600,1200,1350,303.92,45,4,n,100
2323,I2323,1200,1000,975,246.0,45,1,n,100
6030,I6030,1600,1200,1350,303.92,45,4,n,100
6951,I6951,780,570,478,100.96,47,0,w,4
6564,I6564,1600,1200,1350,303.92,45,4,n,100
1375,I1375,1400,1200,1450,179.4,45,3,n,100
6976,I6976,1400,1200,1450,179.4,45,3,n,100
5900,I5900,1400,1225,1160,317.0,0,2,n,100
6796,I6796,1600,1200,930,438.4,45,4,n,100
6451,I6451,1600,1200,1350,207.72,45,4,n,100
3961,I3961,1400,1200,1450,179.4,45,3,n,100
5031,I5031,1600,1200,930,277.828,45,4,n,100
1513,I1513,1200,1000,975,156.15,45,1,n,100
8078,I8078,1600,1200,1350,207.72,45,4,n,100
3858,I3858,1200,1000,975,293.32,45,1,n,100
7619,I7619,1400,1200,1450,179.4,45,3,n,100
1770,I1770,1200,1000,750,229.88,45,1,n,100
2594,I2594,1600,1200,1350,207.72,45,4,n,100
1953,I1953,1200,1000,750,227.528,45,1,n,100
4709,I4709,1400,1200,1450,179.4,45,3,n,100
4463,I4463,1200,1000,975,336.7,45,1,n,100
3605,I3605,1200,1000,975,577.8,45,1,n,100
6681,I6681,1400,1200,1450,179.4,45,3,n,100
4406,I4406,1200,1000,975,169.0,45,1,n,100
5589,I5589,1200,1000,975,255.0,45,1,n,100
3216,I3216,1400,1200,1450,179.4,45,3,n,100
8081,I8081,1600,1200,1350,207.72,45,4,n,100
2451,I2451,1600,1200,930,438.4,45,4,n,100
3038,I3038,1200,1000,750,229.88,45,1,n,100
845,I0845,1600,1200,930,547.3,45,4,n,100
2312,I2312,1200,1000,750,227.528,45,1,n,100
3297,I3297,1200,1000,975,293.32,45,1,n,100
4839,I4839,1600,1200,1350,303.92,45,4,n,100
1964,I1964,780,570,478,100.96,47,0,w,4
1106,I1106,1200,1000,975,293.32,45,1,n,100
7010,I7010,1200,1000,975,248.88,45,1,n,100
1784,I1784,1400,1200,1450,179.4,45,3,n,100
1832,I1832,1200,1000,545,729.5,45,1,n,100
1257,I1257,1200,1000,975,169.0,45,1,n,100
7379,I7379,1600,1200,1350,207.72,45,4,n,100
6374,I6374,1600,1200,1350,205.16,45,4,n,100
947,I0947,1400,1200,1450,179.4,45,3,n,100
7969,I7969,1600,1200,1350,205.16,45,4,n,100
2510,I2510,1400,1200,1450,179.4,45,3,n,100
7873,I7873,1200,1000,975,527.4,45,1,n,100
5935,I5935,1400,1200,1450,179.4,45,3,n,100
550,I0550,780,570,478,100.96,47,0,w,4
7688,I7688,1200,1000,975,169.0,45,1,n,100
6831,I6831,1400,1200,1450,179.4,45,3,n,100
7867,I7867,780,570,478,82.32,47,0,w,4
4032,I4032,780,570,478,100.96,47,0,w,4
3835,I3835,1200,1000,750,227.528,45,1,n,100
7835,I7835,1600,1200,1350,312.72,45,4,n,100
5571,I5571,1600,1200,1350,207.72,45,4,n,100
3710,I3710,1400,1200,1450,179.4,45,3,n,100
6167,I6167,1400,1225,1160,317.0,0,2,n,100
5644,I5644,1600,1200,930,547.3,45,4,n,100
6192,I6192,1400,1225,1160,317.0,0,2,n,100
3967,I3967,1400,1200,1450,179.4,45,3,n,100
4064,I4064,1200,1000,975,169.0,45,1,n,100
1708,I1708,1400,1225,1160,317.0,0,2,n,100
980,I0980,780,570,478,170.28,47,0,w,4
3118,I3118,1600,1200,975,180.2,45,4,n,100
932,I0932,1400,1200,1450,179.4,45,3,n,100
5556,I5556,1600,1200,1350,207.72,45,4,n,100
3067,I3067,1200,1000,975,293.32,45,1,n,100
1425,I1425,1200,1000,750,229.88,45,1,n,100
2542,I2542,1400,1200,1450,179.4,45,3,n,100
3574,I3574,1600,1200,1350,303.92,45,4,n,100
2854,I2854,1400,1200,1450,179.4,45,3,n,100
5809,I5809,1200,1000,975,156.15,45,1,n,100
638,I0638,1400,1200,1450,179.4,45,3,n,100
1807,I1807,1200,1000,975,527.4,45,1,n,100
6459,I6459,1600,1200,1350,207.72,45,4,n,100
390,I0390,1400,1225,1160,317.0,0,2,n,100
5203,I5203,1200,1000,975,259.6,45,1,n,100
5335,I5335,1600,1200,1350,207.72,45,4,n,100
6236,I6236,1600,1200,930,438.4,45,4,n,100
4389,I4389,1200,1000,975,169.0,45,1,n,100
542,I0542,1400,1200,1450,179.4,45,3,n,100
2434,I2434,1400,1200,1450,179.4,45,3,n,100
4034,I4034,1600,1200,1350,207.72,45,4,n,100
378,I0378,1600,1200,1350,303.92,45,4,n,100
2554,I2554,1600,1200,930,277.828,45,4,n,100
5446,I5446,1200,1000,750,500.86,45,1,n,100
5668,I5668,1600,1200,1350,205.16,45,4,n,100
5777,I5777,1900,1200,750,845.38,45,5,n,100
8042,I8042,1200,1000,558,122.032,0,6,n,100
7672,I7672,1600,1200,1350,207.72,45,4,n,100
5572,I5572,1600,1200,1350,207.72,45,4,n,100
2987,I2987,1600,1200,1350,207.72,45,4,n,100
3399,I3399,1600,1200,1350,303.92,45,4,n,100
3464,I3464,1200,1000,975,293.32,45,1,n,100
5259,I5259,1600,1200,1350,310.16,45,4,n,100
3480,I3480,1200,1000,975,293.32,45,1,n,100
4657,I4657,1200,1000,750,305.32,45,1,n,100
5291,I5291,1600,1200,975,180.2,45,4,n,100
4470,I4470,1200,1000,975,577.8,45,1,n,100
178,I0178,1400,1200,1450,179.4,45,3,n,100
2821,I2821,1200,1000,750,229.88,45,1,n,100
7831,I7831,1200,1000,975,259.6,45,1,n,100
7936,I7936,1200,1000,975,293.32,45,1,n,100
181,I0181,1400,1200,1450,179.4,45,3,n,100
188,I0188,1400,1200,1450,179.4,45,3,n,100
6610,I6610,1400,1200,1450,179.4,45,3,n,100
835,I0835,1400,1200,1450,179.4,45,3,n,100
5689,I5689,1400,1200,1450,179.4,45,3,n,100
5579,I5579,780,570,478,82.32,47,0,w,4
4548,I4548,1400,1200,1450,179.4,45,3,n,100
3510,I3510,780,570,478,81.72,47,0,w,4
7525,I7525,1600,1200,1350,303.92,45,4,n,100
2004,I2004,1600,1200,930,277.828,45,4,n,100
7960,I7960,1600,1200,1350,205.16,45,4,n,100
1704,I1704,1200,1000,975,183.84,45,1,n,100
4800,I4800,780,570,478,81.72,47,0,w,4
4817,I4817,1200,1000,975,165.375,45,1,n,100
1829,I1829,1600,1200,1350,303.92,45,4,n,100
307,I0307,1400,1200,1450,179.4,45,3,n,100
4484,I4484,780,570,478,81.72,47,0,w,4
3652,I3652,1600,1200,1350,303.92,45,4,n,100
6518,I6518,1400,1200,1450,179.4,45,3,n,100
254,I0254,1600,1200,1350,303.92,45,4,n,100
751,I0751,1400,1200,1450,179.4,45,3,n,100
5133,I5133,1400,1200,1450,179.4,45,3,n,100
7980,I7980,1200,1000,975,156.15,45,1,n,100
49,I0049,1400,1200,1450,179.4,45,3,n,100
2254,I2254,1400,1200,1450,179.4,45,3,n,100
5979,I5979,1400,1200,1450,179.4,45,3,n,100
8319,I8319,1200,1000,975,293.32,45,1,n,100
4834,I4834,1200,1000,975,336.7,45,1,n,100
1712,I1712,1400,1225,1160,317.0,0,2,n,100
853,I0853,1400,1225,1160,278.5,0,2,n,100
4741,I4741,1600,1200,1350,303.92,45,4,n,100
3762,I3762,780,570,478,81.72,47,0,w,4
2161,I2161,1600,1200,1350,207.72,45,4,n,100
1422,I1422,1200,1000,750,229.88,45,1,n,100
2505,I2505,1400,1200,1450,179.4,45,3,n,100
1904,I1904,1200,1000,1057,179.85,0,6,n,100
895,I0895,1400,1200,1450,179.4,45,3,n,100
2570,I2570,1400,1200,1450,179.4,45,3,n,100
1453,I1453,1200,1000,975,293.32,45,1,n,100
492,I0492,1600,1200,1350,303.92,45,4,n,100
5477,I5477,1200,1000,975,259.6,45,1,n,100
4269,I4269,1200,1000,645,330.5,0,6,n,100
802,I0802,1200,1000,1155,366.75,0,6,n,100
5070,I5070,1200,1000,975,527.4,45,1,n,100
4620,I4620,1400,1200,1450,179.4,45,3,n,100
4897,I4897,780,570,478,96.256,47,0,w,4
4882,I4882,1200,1000,545,729.5,45,1,n,100
3829,I3829,1600,1200,1350,303.92,45,4,n,100
1988,I1988,1200,1000,975,336.7,45,1,n,100
6945,I6945,1400,1225,1160,278.5,0,2,n,100
5371,I5371,780,570,478,82.32,47,0,w,4
1616,I1616,1600,1200,930,438.4,45,4,n,100
2931,I2931,1400,1225,1160,278.5,0,2,n,100
8366,I8366,1200,1000,545,690.5,45,1,n,100
4714,I4714,1400,1200,1450,179.4,45,3,n,100
3208,I3208,1200,1000,750,229.88,45,1,n,100
2507,I2507,1400,1200,1450,179.4,45,3,n,100
122,I0122,1600,1200,1350,303.92,45,4,n,100
3173,I3173,1200,1000,975,165.375,45,1,n,100
7676,I7676,1600,1200,1350,207.72,45,4,n,100
2563,I2563,1400,1200,1450,179.4,45,3,n,100
3938,I3938,1400,1200,1450,179.4,45,3,n,100
2125,I2125,1600,1200,930,547.3,45,4,n,100
8235,I8235,1200,1000,975,248.88,45,1,n,100
6160,I6160,1400,1225,1160,317.0,0,2,n,100
4467,I4467,1200,1000,975,577.8,45,1,n,100
955,I0955,1600,1200,1350,207.72,45,4,n,100
7961,I7961,1600,1200,1350,205.16,45,4,n,100
4993,I4993,1400,1200,1450,179.4,45,3,n,100
5330,I5330,1600,1200,930,438.4,45,4,n,100
6733,I6733,1200,1000,975,527.4,45,1,n,100
5933,I5933,1400,1200,1450,179.4,45,3,n,100
3910,I3910,1200,1000,975,708.0,45,1,n,100
3379,I3379,1400,1200,1450,179.4,45,3,n,100
960,I0960,1900,1200,750,845.38,45,5,n,100
5953,I5953,1400,1225,1160,317.0,0,2,n,100
5300,I5300,1600,1200,975,180.2,45,4,n,100
4447,I4447,1200,1000,750,227.528,45,1,n,100
444,I0444,1400,1200,1450,179.4,45,3,n,100
3119,I3119,1600,1200,975,180.2,45,4,n,100
5754,I5754,1400,1200,1450,179.4,45,3,n,100
1602,I1602,1200,1000,975,225.6,45,1,n,100
316,I0316,1400,1200,1450,179.4,45,3,n,100
6055,I6055,1600,1200,975,180.2,45,4,n,100
4013,I4013,1200,1000,975,156.15,45,1,n,100
7236,I7236,1400,1200,1450,179.4,45,3,n,100
6216,I6216,1400,1225,1160,278.5,0,2,n,100
3539,I3539,1200,1000,545,729.5,45,1,n,100
1605,I1605,1200,1000,975,225.6,45,1,n,100
3659,I3659,1600,1200,930,547.3,45,4,n,100
1459,I1459,1200,1000,975,293.32,45,1,n,100
2583,I2583,780,570,478,170.28,47,0,w,4
1661,I1661,1200,1000,558,127.408,0,6,n,100
2670,I2670,1400,1200,1450,179.4,45,3,n,100
7346,I7346,1400,1200,1450,179.4,45,3,n,100
2917,I2917,1200,1000,645,330.5,0,6,n,100
2679,I2679,1400,1200,1450,179.4,45,3,n,100
7489,I7489,1400,1200,1450,179.4,45,3,n,100
2842,I2842,1400,1200,1450,179.4,45,3,n,100
8382,I8382,1600,1200,930,547.3,45,4,n,100
6342,I6342,1600,1200,975,180.2,45,4,n,100
872,I0872,1200,1000,975,527.4,45,1,n,100
413,I0413,1600,1200,930,454.873,45,4,n,100
5868,I5868,1600,1200,1350,303.92,45,4,n,100
4305,I4305,1600,1200,1350,207.72,45,4,n,100
4914,I4914,1400,1200,1450,179.4,45,3,n,100
8057,I8057,780,570,478,100.96,47,0,w,4
678,I0678,1400,1200,1450,179.4,45,3,n,100
6098,I6098,1400,1200,1450,179.4,45,3,n,100
3131,I3131,780,570,478,170.28,47,0,w,4
741,I0741,780,570,478,81.72,47,0,w,4
6022,I6022,1400,1225,1160,317.0,0,2,n,100
2845,I2845,1400,1200,1450,179.4,45,3,n,100
1603,I1603,1200,1000,975,225.6,45,1,n,100
7555,I7555,1600,1200,930,438.4,45,4,n,100
2541,I2541,1400,1200,1450,179.4,45,3,n,100
6687,I6687,1400,1200,1450,179.4,45,3,n,100
98,I0098,1200,1000,545,729.5,45,1,n,100
1882,I1882,1600,1200,1350,207.72,45,4,n,100
8351,I8351,1400,1225,1160,317.0,0,2,n,100
8086,I8086,1600,1200,1350,207.72,45,4,n,100
1031,I1031,1200,1000,750,229.88,45,1,n,100
998,I0998,1200,1000,975,156.15,45,1,n,100
5913,I5913,1400,1200,1450,179.4,45,3,n,100
3564,I3564,1400,1225,1160,278.5,0,2,n,100
4970,I4970,780,570,478,160.56,47,0,w,4
1817,I1817,1600,1200,930,514.24,45,4,n,100
1634,I1634,1400,1200,1450,179.4,45,3,n,100
4394,I4394,1200,1000,975,169.0,45,1,n,100
4044,I4044,1200,1000,975,169.0,45,1,n,100
4880,I4880,1600,1200,1350,207.72,45,4,n,100
327,I0327,1200,1000,750,500.86,45,1,n,100
7596,I7596,1400,1225,1160,317.0,0,2,n,100
888,I0888,1400,1200,1450,179.4,45,3,n,100
6668,I6668,1200,1000,975,294.46,45,1,n,100
3201,I3201,1600,1200,1350,207.72,45,4,n,100
1029,I1029,1900,1200,750,713.62,45,5,n,100
5431,I5431,1400,1200,1450,179.4,45,3,n,100
5489,I5489,1200,1000,975,248.88,45,1,n,100
7860,I7860,1200,1000,1057,164.04,0,6,n,100
3474,I3474,1200,1000,975,293.32,45,1,n,100
5509,I5509,1200,1000,975,225.6,45,1,n,100
1842,I1842,1600,1200,1350,303.92,45,4,n,100
2761,I2761,780,570,478,81.72,47,0,w,4
2215,I2215,1600,1200,1350,207.72,45,4,n,100
2593,I2593,1600,1200,1350,207.72,45,4,n,100
5548,I5548,780,570,478,81.72,47,0,w,4
1107,I1107,1200,1000,975,293.32,45,1,n,100
7808,I7808,1600,1200,1350,303.92,45,4,n,100
2140,I2140,1200,1000,750,229.88,45,1,n,100
7073,I7073,1200,1000,975,577.8,45,1,n,100
7091,I7091,1200,1000,1155,375.0,0,6,n,100
4763,I4763,1200,1000,750,176.5,45,1,n,100
7544,I7544,1600,1200,1350,205.16,45,4,n,100
1243,I1243,1400,1200,1450,179.4,45,3,n,100
5667,I5667,1600,1200,1350,205.16,45,4,n,100
5663,I5663,1600,1200,930,454.873,45,4,n,100
1735,I1735,780,570,478,170.28,47,0,w,4
2865,I2865,1400,1200,1450,179.4,45,3,n,100
208,I0208,1600,1200,930,438.4,45,4,n,100
3307,I3307,1200,1000,975,293.32,45,1,n,100
5122,I5122,1600,1200,1350,303.92,45,4,n,100
3608,I3608,1200,1000,975,183.84,45,1,n,100
4201,I4201,1200,1000,750,229.88,45,1,n,100
6210,I6210,1400,1225,1160,278.5,0,2,n,100
6157,I6157,1400,1225,1160,317.0,0,2,n,100
8304,I8304,1200,1000,975,293.32,45,1,n,100
7675,I7675,1600,1200,1350,207.72,45,4,n,100
721,I0721,1600,1200,1350,205.16,45,4,n,100
4746,I4746,780,570,478,170.28,47,0,w,4
7862,I7862,1600,1200,930,277.828,45,4,n,100
6120,I6120,1400,1200,1450,179.4,45,3,n,100
991,I0991,1600,1200,930,438.4,45,4,n,100
1595,I1595,780,570,478,160.56,47,0,w,4
983,I0983,780,570,478,170.28,47,0,w,4
8322,I8322,1200,1000,975,293.32,45,1,n,100
5716,I5716,1200,1000,975,248.88,45,1,n,100
7227,I7227,1200,1000,750,229.88,45,1,n,100
3741,I3741,1200,1000,975,337.9,45,1,n,100
6265,I6265,1400,1200,1450,179.4,45,3,n,100
6702,I6702,1400,1200,1450,179.4,45,3,n,100
5188,I5188,1400,1225,1160,278.5,0,2,n,100
5839,I5839,1400,1200,1450,179.4,45,3,n,100
1082,I1082,1600,1200,1350,207.72,45,4,n,100
3059,I3059,1200,1000,975,293.32,45,1,n,100
2653,I2653,1200,1000,975,652.0,45,1,n,100
6537,I6537,1600,1200,1350,207.72,45,4,n,100
5411,I5411,1200,1000,750,500.86,45,1,n,100
2107,I2107,1400,1225,1160,278.5,0,2,n,100
2634,I2634,1200,1000,975,527.4,45,1,n,100
6871,I6871,780,570,478,170.28,47,0,w,4
2632,I2632,1200,1000,975,527.4,45,1,n,100
4281,I4281,1200,1000,750,176.5,45,1,n,100
1346,I1346,1400,1225,1160,278.5,0,2,n,100
6077,I6077,1600,1200,1350,303.92,45,4,n,100
4069,I4069,1200,1000,975,169.0,45,1,n,100
4799,I4799,780,570,478,81.72,47,0,w,4
6934,I6934,1400,1225,1160,278.5,0,2,n,100
297,I0297,1900,1200,750,845.38,45,5,n,100
16,I0016,1400,1225,1160,278.5,0,2,n,100
1154,I1154,1600,1200,1350,303.92,45,4,n,100
4183,I4183,1200,1000,750,500.86,45,1,n,100
3203,I3203,1600,1200,930,277.828,45,4,n,100
8158,I8158,1400,1200,1450,179.4,45,3,n,100
7111,I7111,1400,1200,1450,179.4,45,3,n,100
2944,I2944,1400,1225,1160,317.0,0,2,n,100
4948,I4948,1600,1200,1350,207.72,45,4,n,100
3030,I3030,1200,1000,750,227.528,45,1,n,100
1744,I1744,1400,1225,1160,317.0,0,2,n,100
8230,I8230,1600,1200,1350,205.16,45,4,n,100
1112,I1112,1200,1000,975,293.32,45,1,n,100
7754,I7754,1400,1225,1160,278.5,0,2,n,100
6262,I6262,1400,1200,1450,179.4,45,3,n,100
4716,I4716,1400,1200,1450,179.4,45,3,n,100
5407,I5407,1600,1200,1350,303.92,45,4,n,100
2731,I2731,780,570,478,81.72,47,0,w,4
6391,I6391,1400,1225,1160,278.5,0,2,n,100
1586,I1586,1600,1200,1350,303.92,45,4,n,100
6447,I6447,1600,1200,1350,207.72,45,4,n,100
1680,I1680,1400,1200,1450,179.4,45,3,n,100
1720,I1720,1400,1225,1160,317.0,0,2,n,100
1944,I1944,780,570,478,100.96,47,0,w,4
1961,I1961,780,570,478,100.96,47,0,w,4
2402,I2402,1400,1225,1160,278.5,0,2,n,100
3842,I3842,1200,1000,975,384.74,45,1,n,100
731,I0731,1600,1200,1350,205.16,45,4,n,100
2064,I2064,1400,1200,1450,179.4,45,3,n,100
6580,I6580,1200,1000,975,165.375,45,1,n,100
3837,I3837,1900,1200,750,713.62,45,5,n,100
4242,I4242,1600,1200,1350,207.72,45,4,n,100
5058,I5058,1200,1000,975,337.45,45,1,n,100
6707,I6707,1400,1200,1450,179.4,45,3,n,100
4130,I4130,1200,1000,359,72.704,0,6,n,100
5382,I5382,1200,1000,750,229.88,45,1,n,100
5347,I5347,1600,1200,1350,207.72,45,4,n,100
2732,I2732,780,570,478,81.72,47,0,w,4
1317,I1317,1600,1200,1350,303.92,45,4,n,100
7768,I7768,1400,1225,1160,317.0,0,2,n,100
7654,I7654,1600,1200,975,180.2,45,4,n,100
5128,I5128,1400,1200,1450,179.4,45,3,n,100
2640,I2640,780,570,478,270.08,47,0,w,4
6960,I6960,1200,1000,750,351.944,45,1,n,100
75,I0075,1400,1225,1160,317.0,0,2,n,100
3026,I3026,780,570,478,160.56,47,0,w,4
2611,I2611,1400,1225,1160,317.0,0,2,n,100
6416,I6416,1200,1000,750,227.528,45,1,n,100
62,I0062,1600,1200,1350,303.92,45,4,n,100
2133,I2133,780,570,478,82.32,47,0,w,4
4007,I4007,1400,1225,1160,317.0,0,2,n,100
1766,I1766,780,570,478,100.96,47,0,w,4
8102,I8102,1400,1200,1450,179.4,45,3,n,100
5176,I5176,1200,1000,975,225.6,45,1,n,100
4005,I4005,1400,1225,1160,317.0,0,2,n,100
5715,I5715,780,570,478,96.256,47,0,w,4
5631,I5631,1600,1200,1350,207.72,45,4,n,100
887,I0887,1400,1200,1450,179.4,45,3,n,100
1581,I1581,1600,1200,975,180.2,45,4,n,100
1444,I1444,1200,1000,975,165.375,45,1,n,100
5751,I5751,1400,1200,1450,179.4,45,3,n,100
5170,I5170,1200,1000,750,229.88,45,1,n,100
1621,I1621,1600,1200,930,438.4,45,4,n,100
7492,I7492,1400,1200,1450,179.4,45,3,n,100
6896,I6896,1200,1000,975,577.8,45,1,n,100
121,I0121,1600,1200,1350,303.92,45,4,n,100
2805,I2805,1200,1000,1057,179.85,0,6,n,100
4706,I4706,1400,1200,1450,179.4,45,3,n,100
6933,I6933,1400,1225,1160,278.5,0,2,n,100
7076,I7076,1200,1000,359,72.704,0,6,n,100
8363,I8363,1600,1200,1350,205.16,45,4,n,100
8266,I8266,1200,1000,975,156.15,45,1,n,100
5826,I5826,1200,1000,750,229.88,45,1,n,100
488,I0488,1600,1200,1350,303.92,45,4,n,100
2418,I2418,1400,1200,1450,179.4,45,3,n,100
266,I0266,1200,1000,975,165.375,45,1,n,100
7702,I7702,1400,1225,1160,317.0,0,2,n,100
6037,I6037,1600,1200,975,180.2,45,4,n,100
2540,I2540,1400,1200,1450,179.4,45,3,n,100
4059,I4059,1200,1000,975,169.0,45,1,n,100
4195,I4195,1200,1000,975,165.375,45,1,n,100
2905,I2905,780,570,478,170.28,47,0,w,4
6845,I6845,1400,1200,1450,179.4,45,3,n,100
1901,I1901,1200,1000,975,156.15,45,1,n,100
7231,I7231,1400,1200,1450,179.4,45,3,n,100
5648,I5648,1600,1200,930,547.3,45,4,n,100
418,I0418,780,570,478,160.56,47,0,w,4
3219,I3219,1400,1200,1450,179.4,45,3,n,100
2141,I2141,1200,1000,750,229.88,45,1,n,100
4926,I4926,1400,1200,1450,179.4,45,3,n,100
5413,I5413,1200,1000,1057,164.04,0,6,n,100
1056,I1056,1200,1000,750,229.88,45,1,n,100
52,I0052,1400,1200,1450,179.4,45,3,n,100
1228,I1228,1400,1200,1450,179.4,45,3,n,100
1707,I1707,1400,1225,1160,317.0,0,2,n,100
310,I0310,1400,1200,1450,179.4,45,3,n,100
4864,I4864,1400,1200,1450,179.4,45,3,n,100
6788,I6788,1600,1200,930,438.4,45,4,n,100
212,I0212,1600,1200,930,438.4,45,4,n,100
1218,I1218,1600,1200,975,180.2,45,4,n,100
2756,I2756,1600,1200,1350,303.92,45,4,n,100
2305,I2305,1600,1200,1350,303.92,45,4,n,100
8253,I8253,780,570,478,160.56,47,0,w,4
2105,I2105,1400,1225,1160,278.5,0,2,n,100
4558,I4558,1400,1225,1160,278.5,0,2,n,100
1073,I1073,1600,1200,1350,207.72,45,4,n,100
6924,I6924,1400,1225,1160,278.5,0,2,n,100
4946,I4946,1600,1200,1350,207.72,45,4,n,100
515,I0515,1600,1200,930,514.24,45,4,n,100
8259,I8259,1200,1000,975,384.74,45,1,n,100
4395,I4395,1200,1000,975,169.0,45,1,n,100
6726,I6726,1400,1200,1450,179.4,45,3,n,100
572,I0572,1200,1000,545,690.5,45,1,n,100
2538,I2538,1400,1200,1450,179.4,45,3,n,100
6923,I6923,1600,1200,1350,207.72,45,4,n,100
7230,I7230,1400,1200,1450,179.4,45,3,n,100
2335,I2335,780,570,478,104.768,47,0,w,4
3808,I3808,1400,1200,1450,179.4,45,3,n,100
1810,I1810,1200,1000,975,527.4,45,1,n,100
5250,I5250,1400,1200,1450,179.4,45,3,n,100
1072,I1072,1600,1200,1350,207.72,45,4,n,100
3871,I3871,1200,1000,975,293.32,45,1,n,100
3457,I3457,1200,1000,975,293.32,45,1,n,100
7636,I7636,1400,1200,1450,179.4,45,3,n,100
2059,I2059,1400,1200,1450,179.4,45,3,n,100
5132,I5132,1400,1200,1450,179.4,45,3,n,100
4732,I4732,1400,1200,1450,179.4,45,3,n,100
6060,I6060,1600,1200,975,180.2,45,4,n,100
6822,I6822,1400,1200,1450,179.4,45,3,n,100
157,I0157,1600,1200,1350,207.72,45,4,n,100
1579,I1579,1600,1200,975,180.2,45,4,n,100
8280,I8280,780,570,478,100.96,47,0,w,4
3704,I3704,1400,1200,1450,179.4,45,3,n,100
1703,I1703,1200,1000,975,183.84,45,1,n,100
5184,I5184,1200,1000,975,248.88,45,1,n,100
6686,I6686,1400,1200,1450,179.4,45,3,n,100
5649,I5649,1600,1200,930,547.3,45,4,n,100
1209,I1209,1600,1200,975,180.2,45,4,n,100
7579,I7579,1200,1000,750,500.86,45,1,n,100
4335,I4335,1600,1200,1350,207.72,45,4,n,100
3402,I3402,1200,1000,975,165.375,45,1,n,100
3083,I3083,1200,1000,975,246.0,45,1,n,100
5526,I5526,1200,1000,975,248.88,45,1,n,100
536,I0536,1400,1200,1450,179.4,45,3,n,100
35,I0035,1400,1200,1450,179.4,45,3,n,100
108,I0108,1400,1200,1450,179.4,45,3,n,100
1215,I1215,1600,1200,975,180.2,45,4,n,100
2745,I2745,780,570,478,160.56,47,0,w,4
5881,I5881,780,570,478,104.768,47,0,w,4
1851,I1851,1600,1200,1350,303.92,45,4,n,100
2469,I2469,1600,1200,1350,207.72,45,4,n,100
1195,I1195,1600,1200,975,180.2,45,4,n,100
5206,I5206,1600,1200,1350,207.72,45,4,n,100
2743,I2743,1200,1000,750,351.944,45,1,n,100
6738,I6738,1200,1000,975,527.4,45,1,n,100
7303,I7303,780,570,478,170.28,47,0,w,4
4696,I4696,1400,1200,1450,179.4,45,3,n,100
3429,I3429,1600,1200,930,547.3,45,4,n,100
2466,I2466,1600,1200,1350,207.72,45,4,n,100
1610,I1610,1200,1000,975,165.375,45,1,n,100
6577,I6577,780,570,478,82.32,47,0,w,4
1840,I1840,1600,1200,1350,303.92,45,4,n,100
4852,I4852,1400,1200,1450,179.4,45,3,n,100
1065,I1065,1200,1000,1057,164.04,0,6,n,100
667,I0667,1400,1200,1450,179.4,45,3,n,100
3623,I3623,780,570,478,104.768,47,0,w,4
2556,I2556,1400,1200,1450,179.4,45,3,n,100
701,I0701,1600,1200,1350,207.72,45,4,n,100
7756,I7756,1400,1225,1160,278.5,0,2,n,100
7892,I7892,1400,1200,1450,179.4,45,3,n,100
6770,I6770,1600,1200,1350,205.16,45,4,n,100
5237,I5237,1400,1200,1450,179.4,45,3,n,100
2043,I2043,1200,1000,975,527.4,45,1,n,100
3296,I3296,1200,1000,975,293.32,45,1,n,100
7170,I7170,1200,1000,545,690.5,45,1,n,100
8364,I8364,1200,1000,975,294.46,45,1,n,100
7172,I7172,1600,1200,930,454.873,45,4,n,100
4510,I4510,1600,1200,930,438.4,45,4,n,100
4421,I4421,1200,1000,975,169.0,45,1,n,100
5657,I5657,780,570,478,170.28,47,0,w,4
4290,I4290,1400,1225,1160,317.0,0,2,n,100
5910,I5910,1200,1000,545,690.5,45,1,n,100
8252,I8252,780,570,478,160.56,47,0,w,4
3121,I3121,1600,1200,975,180.2,45,4,n,100
5437,I5437,1400,1200,1450,179.4,45,3,n,100
4840,I4840,1600,1200,1350,303.92,45,4,n,100
6202,I6202,1400,1225,1160,317.0,0,2,n,100
2571,I2571,1400,1200,1450,179.4,45,3,n,100
1179,I1179,1600,1200,975,180.2,45,4,n,100
3590,I3590,1400,1225,1160,278.5,0,2,n,100
5877,I5877,1600,1200,1350,303.92,45,4,n,100
2380,I2380,1400,1225,1160,317.0,0,2,n,100
1847,I1847,1600,1200,1350,303.92,45,4,n,100
6331,I6331,1600,1200,975,180.2,45,4,n,100
1874,I1874,1600,1200,1350,207.72,45,4,n,100
5150,I5150,780,570,478,100.96,47,0,w,4
4920,I4920,1200,1000,750,351.944,45,1,n,100
561,I0561,780,570,478,100.96,47,0,w,4
663,I0663,1400,1200,1450,179.4,45,3,n,100
5733,I5733,1200,1000,975,527.4,45,1,n,100
3280,I3280,1200,1000,975,293.32,45,1,n,100
2600,I2600,1600,1200,1350,303.92,45,4,n,100
2984,I2984,780,570,478,270.08,47,0,w,4
2170,I2170,1900,1200,750,713.62,45,5,n,100
4858,I4858,1400,1200,1450,179.4,45,3,n,100
715,I0715,1200,1000,1155,375.0,0,6,n,100
1843,I1843,1200,1000,750,176.5,45,1,n,100
7664,I7664,1600,1200,1350,207.72,45,4,n,100
7460,I7460,1400,1225,1160,278.5,0,2,n,100
4402,I4402,1200,1000,975,169.0,45,1,n,100
2475,I2475,1400,1225,1160,278.5,0,2,n,100
5162,I5162,1600,1200,1350,207.72,45,4,n,100
7416,I7416,780,570,478,82.32,47,0,w,4
6920,I6920,1600,1200,1350,207.72,45,4,n,100
5474,I5474,1400,1225,1160,317.0,0,2,n,100
6280,I6280,1400,1225,1160,278.5,0,2,n,100
4633,I4633,1400,1200,1450,179.4,45,3,n,100
3159,I3159,1400,1225,1160,278.5,0,2,n,100
5198,I5198,1600,1200,1350,303.92,45,4,n,100
1963,I1963,780,570,478,100.96,47,0,w,4
7896,I7896,1400,1200,1450,179.4,45,3,n,100
7344,I7344,1400,1200,1450,179.4,45,3,n,100
8179,I8179,780,570,478,81.72,47,0,w,4
5873,I5873,1600,1200,1350,303.92,45,4,n,100
2247,I2247,1400,1200,1450,179.4,45,3,n,100
2090,I2090,1600,1200,930,438.4,45,4,n,100
2806,I2806,1200,1000,1057,179.85,0,6,n,100
2003,I2003,1600,1200,930,547.3,45,4,n,100
3795,I3795,1600,1200,930,547.3,45,4,n,100
897,I0897,1400,1200,1450,179.4,45,3,n,100
7832,I7832,1200,1000,975,259.6,45,1,n,100
3794,I3794,1600,1200,930,547.3,45,4,n,100
6588,I6588,1600,1200,1350,303.92,45,4,n,100
28,I0028,1400,1200,1450,179.4,45,3,n,100
5487,I5487,1600,1200,1350,303.92,45,4,n,100
6104,I6104,1400,1200,1450,179.4,45,3,n,100
1014,I1014,1200,1000,975,156.15,45,1,n,100
8109,I8109,1400,1200,1450,179.4,45,3,n,100
660,I0660,1400,1200,1450,179.4,45,3,n,100
6246,I6246,1400,1200,1450,179.4,45,3,n,100
207,I0207,1600,1200,930,438.4,45,4,n,100
7950,I7950,1200,1000,975,293.32,45,1,n,100
3234,I3234,1400,1200,1450,179.4,45,3,n,100
6629,I6629,1200,1000,750,176.5,45,1,n,100
4924,I4924,1400,1200,1450,179.4,45,3,n,100
44,I0044,1900,1200,750,713.62,45,5,n,100
6203,I6203,1400,1225,1160,317.0,0,2,n,100
3338,I3338,1600,1200,1350,303.92,45,4,n,100
795,I0795,1200,1000,975,293.32,45,1,n,100
1380,I1380,1400,1200,1450,179.4,45,3,n,100
4774,I4774,1200,1000,750,229.88,45,1,n,100
5239,I5239,1400,1200,1450,179.4,45,3,n,100
3970,I3970,1400,1200,1450,179.4,45,3,n,100
6746,I6746,1600,1200,930,547.3,45,4,n,100
5087,I5087,1600,1200,1350,303.92,45,4,n,100
6158,I6158,1400,1225,1160,317.0,0,2,n,100
4888,I4888,1200,1000,975,336.7,45,1,n,100
3256,I3256,1400,1200,1450,179.4,45,3,n,100
6472,I6472,1600,1200,930,547.3,45,4,n,100
5159,I5159,1400,1225,1160,317.0,0,2,n,100
4089,I4089,1400,1200,1450,179.4,45,3,n,100
4019,I4019,780,570,478,100.96,47,0,w,4
6649,I6649,1400,1200,1450,179.4,45,3,n,100
6179,I6179,1600,1200,1350,303.92,45,4,n,100
8032,I8032,1200,1000,975,156.15,45,1,n,100
1224,I1224,1400,1200,1450,179.4,45,3,n,100
5046,I5046,1200,1000,975,165.375,45,1,n,100
3495,I3495,1400,1225,1160,317.0,0,2,n,100
7858,I7858,1400,1225,1160,278.5,0,2,n,100
3917,I3917,1400,1225,1160,278.5,0,2,n,100
6774,I6774,1600,1200,1350,205.16,45,4,n,100
8164,I8164,1400,1200,1450,179.4,45,3,n,100
278,I0278,1200,1000,975,577.8,45,1,n,100
1633,I1633,1400,1200,1450,179.4,45,3,n,100
6487,I6487,1600,1200,930,438.4,45,4,n,100
798,I0798,1200,1000,750,500.86,45,1,n,100
706,I0706,1600,1200,1350,303.92,45,4,n,100
6108,I6108,1400,1200,1450,179.4,45,3,n,100
516,I0516,1400,1200,1450,179.4,45,3,n,100
5950,I5950,1400,1225,1160,317.0,0,2,n,100
7580,I7580,780,570,478,260.25,47,0,w,4
6882,I6882,1600,1200,1350,207.72,45,4,n,100
5874,I5874,1600,1200,1350,303.92,45,4,n,100
5876,I5876,1600,1200,1350,303.92,45,4,n,100
6583,I6583,1200,1000,975,165.375,45,1,n,100
6800,I6800,1200,1000,975,165.375,45,1,n,100
4179,I4179,1200,1000,750,351.756,45,1,n,100
940,I0940,1400,1200,1450,179.4,45,3,n,100
994,I0994,1600,1200,930,438.4,45,4,n,100
6630,I6630,1400,1200,1450,179.4,45,3,n,100
5468,I5468,1400,1225,1160,317.0,0,2,n,100
7514,I7514,1200,1000,975,183.84,45,1,n,100
7204,I7204,1200,1000,750,351.944,45,1,n,100
4043,I4043,1200,1000,975,169.0,45,1,n,100
1909,I1909,1200,1000,975,169.0,45,1,n,100
5358,I5358,1400,1200,1450,179.4,45,3,n,100
7266,I7266,1600,1200,1350,303.92,45,4,n,100
3343,I3343,1200,1000,975,225.6,45,1,n,100
1212,I1212,1600,1200,975,180.2,45,4,n,100
7977,I7977,1200,1000,975,156.15,45,1,n,100
5102,I5102,1600,1200,1350,207.72,45,4,n,100
7885,I7885,1400,1200,1450,179.4,45,3,n,100
4420,I4420,1200,1000,975,169.0,45,1,n,100
85,I0085,1600,1200,1350,303.92,45,4,n,100
590,I0590,1900,1200,750,845.38,45,5,n,100
6616,I6616,1400,1200,1450,179.4,45,3,n,100
1417,I1417,1600,1200,1350,205.16,45,4,n,100
3021,I3021,1200,1000,975,183.84,45,1,n,100
3903,I3903,1400,1225,1160,317.0,0,2,n,100
2550,I2550,1400,1200,1450,179.4,45,3,n,100
5000,I5000,1400,1200,1450,179.4,45,3,n,100
739,I0739,780,570,478,81.72,47,0,w,4
5670,I5670,1600,1200,1350,205.16,45,4,n,100
6623,I6623,1200,1000,975,336.7,45,1,n,100
6146,I6146,1400,1200,1450,179.4,45,3,n,100
3376,I3376,1400,1200,1450,179.4,45,3,n,100
2517,I2517,1400,1200,1450,179.4,45,3,n,100
5308,I5308,1600,1200,975,180.2,45,4,n,100
4512,I4512,1600,1200,1350,303.92,45,4,n,100
780,I0780,1200,1000,975,293.32,45,1,n,100
200,I0200,1400,1200,1450,179.4,45,3,n,100
1213,I1213,1600,1200,975,180.2,45,4,n,100
7273,I7273,780,570,478,100.96,47,0,w,4
841,I0841,1600,1200,1350,303.92,45,4,n,100
8257,I8257,780,570,478,100.96,47,0,w,4
4216,I4216,1200,1000,975,156.15,45,1,n,100
1589,I1589,1600,1200,1350,303.92,45,4,n,100
6908,I6908,1400,1225,1160,317.0,0,2,n,100
6086,I6086,1600,1200,1350,207.72,45,4,n,100
6556,I6556,1200,1000,750,229.88,45,1,n,100
4177,I4177,780,570,478,260.25,47,0,w,4
7774,I7774,1400,1225,1160,317.0,0,2,n,100
2386,I2386,1400,1225,1160,278.5,0,2,n,100
6411,I6411,1200,1000,975,294.46,45,1,n,100
2313,I2313,1400,1200,1450,179.4,45,3,n,100
1141,I1141,780,570,478,81.72,47,0,w,4
4188,I4188,1200,1000,750,229.88,45,1,n,100
1972,I1972,1200,1000,930,324.1,45,1,n,100
2468,I2468,1600,1200,1350,207.72,45,4,n,100
6764,I6764,1600,1200,1350,205.16,45,4,n,100
5406,I5406,1600,1200,1350,303.92,45,4,n,100
5032,I5032,1600,1200,930,277.828,45,4,n,100
5575,I5575,1600,1200,1350,207.72,45,4,n,100
8070,I8070,1600,1200,1350,207.72,45,4,n,100
4293,I4293,1400,1225,1160,317.0,0,2,n,100
5462,I5462,1400,1225,1160,317.0,0,2,n,100
6477,I6477,1200,1000,975,336.7,45,1,n,100
3783,I3783,780,570,478,82.32,47,0,w,4
3526,I3526,1200,1000,975,577.8,45,1,n,100
5673,I5673,1600,1200,1350,205.16,45,4,n,100
3715,I3715,1400,1200,1450,179.4,45,3,n,100
6089,I6089,1400,1200,1450,179.4,45,3,n,100
6985,I6985,1600,1200,1350,207.72,45,4,n,100
6928,I6928,1400,1225,1160,278.5,0,2,n,100
5982,I5982,1400,1200,1450,179.4,45,3,n,100
6127,I6127,1400,1200,1450,179.4,45,3,n,100
5578,I5578,780,570,478,82.32,47,0,w,4
7994,I7994,1600,1200,1350,303.92,45,4,n,100
5486,I5486,1600,1200,1350,303.92,45,4,n,100
7014,I7014,1600,1200,1350,207.72,45,4,n,100
4123,I4123,1200,1000,750,227.528,45,1,n,100
3584,I3584,1600,1200,930,547.3,45,4,n,100
7042,I7042,1600,1200,1350,303.92,45,4,n,100
8243,I8243,1600,1200,1350,303.92,45,4,n,100
6384,I6384,1400,1225,1160,278.5,0,2,n,100
1931,I1931,780,570,478,96.256,47,0,w,4
5767,I5767,1400,1200,1450,179.4,45,3,n,100
4132,I4132,1200,1000,750,229.88,45,1,n,100
4689,I4689,780,570,478,96.256,47,0,w,4
7426,I7426,780,570,478,170.28,47,0,w,4
2636,I2636,1200,1000,975,527.4,45,1,n,100
2766,I2766,780,570,478,81.72,47,0,w,4
4368,I4368,1200,1000,975,165.375,45,1,n,100
1860,I1860,780,570,478,160.56,47,0,w,4
3952,I3952,1200,1000,750,227.528,45,1,n,100
220,I0220,1400,1200,1450,179.4,45,3,n,100
3450,I3450,1200,1000,975,293.32,45,1,n,100
5219,I5219,1600,1200,1350,303.92,45,4,n,100
5581,I5581,1600,1200,975,611.224,45,4,n,100
3982,I3982,1400,1200,1450,179.4,45,3,n,100
3351,I3351,1600,1200,930,438.4,45,4,n,100
5788,I5788,1600,1200,1350,303.92,45,4,n,100
3396,I3396,1600,1200,1350,303.92,45,4,n,100
2490,I2490,1400,1200,1450,179.4,45,3,n,100
1268,I1268,1200,1000,975,169.0,45,1,n,100
1231,I1231,1400,1200,1450,179.4,45,3,n,100
8256,I8256,780,570,478,100.96,47,0,w,4
1664,I1664,1600,1200,1350,207.72,45,4,n,100
3703,I3703,1400,1200,1450,179.4,45,3,n,100
3271,I3271,1600,1200,1350,303.92,45,4,n,100
8396,I8396,1600,1200,930,454.873,45,4,n,100
436,I0436,1400,1200,1450,179.4,45,3,n,100
6842,I6842,1400,1200,1450,179.4,45,3,n,100
6326,I6326,1600,1200,975,180.2,45,4,n,100
4710,I4710,1400,1200,1450,179.4,45,3,n,100
7336,I7336,1400,1200,1450,179.4,45,3,n,100
7447,I7447,1400,1225,1160,317.0,0,2,n,100
6872,I6872,1200,1000,1155,366.75,0,6,n,100
7901,I7901,1400,1200,1450,179.4,45,3,n,100
1805,I1805,1200,1000,558,122.032,0,6,n,100
6700,I6700,1400,1200,1450,179.4,45,3,n,100
981,I0981,780,570,478,170.28,47,0,w,4
6321,I6321,1600,1200,975,180.2,45,4,n,100
5356,I5356,1200,1000,975,337.9,45,1,n,100
205,I0205,1400,1200,1450,179.4,45,3,n,100
7508,I7508,1200,1000,975,248.88,45,1,n,100
7722,I7722,1200,1000,975,577.8,45,1,n,100
2686,I2686,1400,1200,1450,179.4,45,3,n,100
4866,I4866,1400,1200,1450,179.4,45,3,n,100
5822,I5822,1600,1200,1350,205.16,45,4,n,100
5948,I5948,780,570,478,104.768,47,0,w,4
7036,I7036,1600,1200,1350,303.92,45,4,n,100
6936,I6936,1400,1225,1160,278.5,0,2,n,100
6684,I6684,1400,1200,1450,179.4,45,3,n,100
2965,I2965,1600,1200,1350,207.72,45,4,n,100
718,I0718,1600,1200,1350,205.16,45,4,n,100
2978,I2978,1600,1200,1350,207.72,45,4,n,100
7971,I7971,1600,1200,1350,205.16,45,4,n,100
2591,I2591,1600,1200,1350,207.72,45,4,n,100
3360,I3360,1400,1200,1450,179.4,45,3,n,100
4334,I4334,1600,1200,1350,207.72,45,4,n,100
4356,I4356,1200,1000,750,305.32,45,1,n,100
2433,I2433,1400,1200,1450,179.4,45,3,n,100
1906,I1906,1200,1000,975,652.0,45,1,n,100
1350,I1350,780,570,478,104.768,47,0,w,4
7130,I7130,1400,1200,1450,179.4,45,3,n,100
5963,I5963,1600,1200,1350,207.72,45,4,n,100
3603,I3603,1200,1000,975,577.8,45,1,n,100
7009,I7009,1200,1000,975,248.88,45,1,n,100
1138,I1138,1600,1200,1350,207.72,45,4,n,100
7697,I7697,1400,1225,1160,317.0,0,2,n,100
480,I0480,1200,1000,975,165.375,45,1,n,100
6036,I6036,1600,1200,975,180.2,45,4,n,100
3471,I3471,1200,1000,975,293.32,45,1,n,100
6749,I6749,1600,1200,930,277.828,45,4,n,100
7591,I7591,1400,1225,1160,278.5,0,2,n,100
1280,I1280,1200,1000,975,169.0,45,1,n,100
3405,I3405,1200,1000,975,165.375,45,1,n,100
2941,I2941,1400,1225,1160,317.0,0,2,n,100
2316,I2316,1400,1200,1450,179.4,45,3,n,100
4793,I4793,1600,1200,1350,207.72,45,4,n,100
2095,I2095,1200,1000,975,308.76,45,1,n,100
2385,I2385,1400,1225,1160,278.5,0,2,n,100
2395,I2395,1400,1225,1160,278.5,0,2,n,100
1755,I1755,780,570,478,100.96,47,0,w,4
5211,I5211,1600,1200,1350,207.72,45,4,n,100
5893,I5893,780,570,478,104.768,47,0,w,4
1683,I1683,1400,1200,1450,179.4,45,3,n,100
1511,I1511,1200,1000,975,156.15,45,1,n,100
3933,I3933,780,570,478,104.768,47,0,w,4
6201,I6201,1400,1225,1160,317.0,0,2,n,100
1826,I1826,1600,1200,1350,303.92,45,4,n,100
8031,I8031,1200,1000,975,156.15,45,1,n,100
5856,I5856,1400,1200,1450,179.4,45,3,n,100
2221,I2221,780,570,478,101.52,47,0,w,4
5260,I5260,1200,1000,975,183.84,45,1,n,100
8268,I8268,1200,1000,975,156.15,45,1,n,100
1446,I1446,780,570,478,160.56,47,0,w,4
5674,I5674,1600,1200,1350,205.16,45,4,n,100
7660,I7660,1600,1200,975,180.2,45,4,n,100
7405,I7405,1600,1200,930,547.3,45,4,n,100
8213,I8213,1600,1200,1350,303.92,45,4,n,100
4042,I4042,1200,1000,975,169.0,45,1,n,100
6324,I6324,1600,1200,975,180.2,45,4,n,100
1008,I1008,1200,1000,750,229.88,45,1,n,100
414,I0414,1600,1200,930,454.873,45,4,n,100
7842,I7842,1600,1200,1350,303.92,45,4,n,100
3531,I3531,1600,1200,930,438.4,45,4,n,100
1506,I1506,1600,1200,930,514.24,45,4,n,100
2900,I2900,780,570,478,170.28,47,0,w,4
5110,I5110,1200,1000,750,351.944,45,1,n,100
3149,I3149,780,570,478,96.256,47,0,w,4
5317,I5317,1600,1200,1350,207.72,45,4,n,100
3293,I3293,1200,1000,975,293.32,45,1,n,100
1220,I1220,1400,1200,1450,179.4,45,3,n,100
3020,I3020,1200,1000,975,183.84,45,1,n,100
1325,I1325,1200,1000,545,729.5,45,1,n,100
7560,I7560,1200,1000,750,229.88,45,1,n,100
2486,I2486,1400,1200,1450,179.4,45,3,n,100
2515,I2515,1400,1200,1450,179.4,45,3,n,100
4894,I4894,1200,1000,975,246.0,45,1,n,100
1481,I1481,1200,1000,975,293.32,45,1,n,100
1330,I1330,1400,1225,1160,278.5,0,2,n,100
155,I0155,1400,1200,1450,179.4,45,3,n,100
4127,I4127,1600,1200,1350,205.16,45,4,n,100
4022,I4022,780,570,478,100.96,47,0,w,4
3306,I3306,1200,1000,975,293.32,45,1,n,100
5842,I5842,1400,1200,1450,179.4,45,3,n,100
7162,I7162,1200,1000,975,527.4,45,1,n,100
654,I0654,1400,1200,1450,179.4,45,3,n,100
2848,I2848,1400,1200,1450,179.4,45,3,n,100
1387,I1387,1400,1200,1450,179.4,45,3,n,100
1071,I1071,1600,1200,1350,207.72,45,4,n,100
4264,I4264,1400,1225,1160,278.5,0,2,n,100
2166,I2166,1600,1200,1350,207.72,45,4,n,100
6712,I6712,1400,1200,1450,179.4,45,3,n,100
6017,I6017,1400,1225,1160,317.0,0,2,n,100
2006,I2006,1600,1200,1350,207.72,45,4,n,100
3171,I3171,1400,1225,1160,278.5,0,2,n,100
3010,I3010,1600,1200,1350,207.72,45,4,n,100
7432,I7432,780,570,478,96.256,47,0,w,4
1491,I1491,1200,1000,975,225.6,45,1,n,100
8035,I8035,1200,1000,975,156.15,45,1,n,100
525,I0525,1400,1200,1450,179.4,45,3,n,100
4056,I4056,1200,1000,975,169.0,45,1,n,100
1246,I1246,1400,1200,1450,179.4,45,3,n,100
4017,I4017,1200,1000,975,156.15,45,1,n,100
3555,I3555,1200,1000,545,729.5,45,1,n,100
4777,I4777,1200,1000,750,229.88,45,1,n,100
3937,I3937,1400,1200,1450,179.4,45,3,n,100
4260,I4260,1400,1225,1160,278.5,0,2,n,100
5151,I5151,780,570,478,100.96,47,0,w,4
6313,I6313,1600,1200,930,514.24,45,4,n,100
1813,I1813,1200,1000,975,527.4,45,1,n,100
7320,I7320,1400,1225,1160,278.5,0,2,n,100
6454,I6454,1600,1200,1350,207.72,45,4,n,100
969,I0969,1400,1200,1450,179.4,45,3,n,100
8159,I8159,1400,1200,1450,179.4,45,3,n,100
3992,I3992,1400,1200,1450,179.4,45,3,n,100
2117,I2117,780,570,478,81.72,47,0,w,4
4245,I4245,1400,1225,1160,278.5,0,2,n,100
4997,I4997,1400,1200,1450,179.4,45,3,n,100
7122,I7122,1400,1200,1450,179.4,45,3,n,100
6465,I6465,1600,1200,930,547.3,45,4,n,100
7098,I7098,1600,1200,1350,303.92,45,4,n,100
7305,I7305,780,570,478,170.28,47,0,w,4
6205,I6205,1400,1225,1160,317.0,0,2,n,100
1076,I1076,1600,1200,1350,207.72,45,4,n,100
7698,I7698,1400,1225,1160,317.0,0,2,n,100
5281,I5281,1600,1200,1350,303.92,45,4,n,100
8254,I8254,780,570,478,100.96,47,0,w,4
6585,I6585,1200,1000,975,246.0,45,1,n,100
4733,I4733,1400,1200,1450,179.4,45,3,n,100
4344,I4344,1600,1200,1350,207.72,45,4,n,100
2259,I2259,1400,1200,1450,179.4,45,3,n,100
4770,I4770,1200,1000,975,527.4,45,1,n,100
7765,I7765,1400,1225,1160,317.0,0,2,n,100
1815,I1815,780,570,478,160.56,47,0,w,4
465,I0465,1600,1200,1350,207.72,45,4,n,100
6090,I6090,1400,1200,1450,179.4,45,3,n,100
801,I0801,1900,1200,750,713.62,45,5,n,100
5194,I5194,1600,1200,1350,303.92,45,4,n,100
1811,I1811,1200,1000,975,527.4,45,1,n,100
5349,I5349,1200,1000,975,225.6,45,1,n,100
4944,I4944,1600,1200,1350,207.72,45,4,n,100
2798,I2798,1200,1000,975,169.0,45,1,n,100
7493,I7493,1400,1200,1450,179.4,45,3,n,100
6013,I6013,1400,1225,1160,317.0,0,2,n,100
2735,I2735,1200,1000,975,308.76,45,1,n,100
6795,I6795,1600,1200,930,438.4,45,4,n,100
5001,I5001,1400,1200,1450,179.4,45,3,n,100
173,I0173,1200,1000,750,267.8,45,1,n,100
7655,I7655,1600,1200,975,180.2,45,4,n,100
618,I0618,1400,1200,1450,179.4,45,3,n,100
7485,I7485,1400,1200,1450,179.4,45,3,n,100
5789,I5789,1600,1200,1350,303.92,45,4,n,100
5039,I5039,1600,1200,1350,303.92,45,4,n,100
8098,I8098,1400,1200,1450,179.4,45,3,n,100
762,I0762,1200,1000,975,293.32,45,1,n,100
3123,I3123,1200,1000,750,227.528,45,1,n,100
1502,I1502,1600,1200,930,438.4,45,4,n,100
8141,I8141,1200,1000,975,527.4,45,1,n,100
2927,I2927,1400,1225,1160,278.5,0,2,n,100
944,I0944,1400,1200,1450,179.4,45,3,n,100
1129,I1129,1200,1000,750,229.88,45,1,n,100
2104,I2104,1400,1225,1160,278.5,0,2,n,100
5084,I5084,1600,1200,1350,303.92,45,4,n,100
3236,I3236,1400,1200,1450,179.4,45,3,n,100
6626,I6626,1200,1000,975,183.84,45,1,n,100
6566,I6566,1200,1000,1155,373.25,0,6,n,100
1070,I1070,1200,1000,975,248.88,45,1,n,100
2437,I2437,1400,1200,1450,179.4,45,3,n,100
5563,I5563,1600,1200,1350,207.72,45,4,n,100
4559,I4559,1400,1225,1160,278.5,0,2,n,100
786,I0786,1200,1000,975,293.32,45,1,n,100
6241,I6241,1400,1200,1450,179.4,45,3,n,100
1968,I1968,780,570,478,100.96,47,0,w,4
3292,I3292,1200,1000,975,293.32,45,1,n,100
2651,I2651,1200,1000,1155,373.25,0,6,n,100
7124,I7124,1400,1200,1450,179.4,45,3,n,100
5923,I5923,1400,1200,1450,179.4,45,3,n,100
4221,I4221,1400,1200,1450,179.4,45,3,n,100
6056,I6056,1600,1200,975,180.2,45,4,n,100
3868,I3868,1200,1000,975,293.32,45,1,n,100
451,I0451,1200,1000,975,384.74,45,1,n,100
1773,I1773,1200,1000,750,229.88,45,1,n,100
5811,I5811,1200,1000,975,156.15,45,1,n,100
2958,I2958,1600,1200,1350,303.92,45,4,n,100
3040,I3040,780,570,478,96.256,47,0,w,4
8056,I8056,780,570,478,100.96,47,0,w,4
3849,I3849,1200,1000,975,293.32,45,1,n,100
2088,I2088,1600,1200,930,438.4,45,4,n,100
5633,I5633,1600,1200,1350,207.72,45,4,n,100
3968,I3968,1400,1200,1450,179.4,45,3,n,100
6510,I6510,1400,1200,1450,179.4,45,3,n,100
3023,I3023,1200,1000,750,305.32,45,1,n,100
3896,I3896,1400,1225,1160,317.0,0,2,n,100
5098,I5098,1600,1200,1350,207.72,45,4,n,100
7226,I7226,1200,1000,750,229.88,45,1,n,100
2058,I2058,1400,1200,1450,179.4,45,3,n,100
6116,I6116,1400,1200,1450,179.4,45,3,n,100
2928,I2928,1400,1225,1160,278.5,0,2,n,100
3243,I3243,1400,1200,1450,179.4,45,3,n,100
7739,I7739,1600,1200,930,454.873,45,4,n,100
4382,I4382,1200,1000,975,183.84,45,1,n,100
3061,I3061,1200,1000,975,293.32,45,1,n,100
4277,I4277,1600,1200,1350,303.92,45,4,n,100
4423,I4423,1200,1000,1155,366.75,0,6,n,100
4743,I4743,1600,1200,1350,303.92,45,4,n,100
4697,I4697,1400,1200,1450,179.4,45,3,n,100
4609,I4609,1600,1200,1350,303.92,45,4,n,100
1284,I1284,1200,1000,975,577.8,45,1,n,100
5398,I5398,1600,1200,1350,303.92,45,4,n,100
1676,I1676,1400,1200,1450,179.4,45,3,n,100
6439,I6439,1400,1225,1160,278.5,0,2,n,100
4288,I4288,1400,1225,1160,317.0,0,2,n,100
211,I0211,1600,1200,930,438.4,45,4,n,100
5022,I5022,1400,1225,1160,317.0,0,2,n,100
2569,I2569,1400,1200,1450,179.4,45,3,n,100
6446,I6446,1600,1200,1350,207.72,45,4,n,100
7052,I7052,1600,1200,1350,207.72,45,4,n,100
1941,I1941,780,570,478,100.96,47,0,w,4
4551,I4551,1400,1200,1450,179.4,45,3,n,100
1133,I1133,1200,1000,975,248.88,45,1,n,100
1289,I1289,1200,1000,975,577.8,45,1,n,100
8237,I8237,1200,1000,975,248.88,45,1,n,100
5921,I5921,1400,1200,1450,179.4,45,3,n,100
4962,I4962,1600,1200,1350,205.16,45,4,n,100
2072,I2072,1400,1200,1450,179.4,45,3,n,100
6839,I6839,780,570,478,48.896,47,0,w,4
484,I0484,1600,1200,930,277.828,45,4,n,100
7776,I7776,1200,1000,359,29.38,0,6,n,100
5798,I5798,1600,1200,1350,303.92,45,4,n,100
199,I0199,1400,1200,1450,179.4,45,3,n,100
6161,I6161,1400,1225,1160,317.0,0,2,n,100
1265,I1265,1200,1000,975,169.0,45,1,n,100
5425,I5425,780,570,478,269.32,47,0,w,4
2492,I2492,1400,1200,1450,179.4,45,3,n,100
2309,I2309,1600,1200,1350,207.72,45,4,n,100
695,I0695,1600,1200,930,277.828,45,4,n,100
3878,I3878,1200,1000,975,293.32,45,1,n,100
4385,I4385,1200,1000,975,169.0,45,1,n,100
8329,I8329,1200,1000,975,293.32,45,1,n,100
4340,I4340,1600,1200,1350,207.72,45,4,n,100
659,I0659,1400,1200,1450,179.4,45,3,n,100
3601,I3601,1200,1000,975,577.8,45,1,n,100
2506,I2506,1400,1200,1450,179.4,45,3,n,100
2561,I2561,1400,1200,1450,179.4,45,3,n,100
1085,I1085,1600,1200,1350,207.72,45,4,n,100
4070,I4070,1200,1000,750,405.72,45,1,n,100
1859,I1859,780,570,478,160.56,47,0,w,4
2210,I2210,1200,1000,750,351.756,45,1,n,100
146,I0146,1400,1200,1450,179.4,45,3,n,100
7749,I7749,1200,1000,545,729.5,45,1,n,100
2644,I2644,1200,1000,750,229.88,45,1,n,100
3823,I3823,780,570,478,82.32,47,0,w,4
102,I0102,1200,1000,750,229.88,45,1,n,100
1170,I1170,1600,1200,975,180.2,45,4,n,100
5360,I5360,1400,1200,1450,179.4,45,3,n,100
7699,I7699,1400,1225,1160,317.0,0,2,n,100
5034,I5034,780,570,478,82.32,47,0,w,4
5073,I5073,1200,1000,975,527.4,45,1,n,100
1588,I1588,1600,1200,1350,303.92,45,4,n,100
4006,I4006,1400,1225,1160,317.0,0,2,n,100
2412,I2412,1400,1225,1160,278.5,0,2,n,100
6361,I6361,1400,1225,1160,278.5,0,2,n,100
46,I0046,1400,1200,1450,179.4,45,3,n,100
404,I0404,1200,1000,750,500.86,45,1,n,100
3004,I3004,1600,1200,1350,207.72,45,4,n,100
4536,I4536,1400,1200,1450,179.4,45,3,n,100
7265,I7265,1600,1200,1350,303.92,45,4,n,100
3773,I3773,780,570,478,100.96,47,0,w,4
5991,I5991,1600,1200,1350,207.72,45,4,n,100
1745,I1745,1400,1225,1160,317.0,0,2,n,100
6369,I6369,1400,1225,1160,278.5,0,2,n,100
6091,I6091,1400,1200,1450,179.4,45,3,n,100
4384,I4384,1200,1000,975,169.0,45,1,n,100
936,I0936,1400,1200,1450,179.4,45,3,n,100
4380,I4380,1200,1000,975,183.84,45,1,n,100
7024,I7024,1600,1200,1350,207.72,45,4,n,100
7618,I7618,1400,1200,1450,179.4,45,3,n,100
8060,I8060,780,570,478,270.08,47,0,w,4
95,I0095,1600,1200,1350,303.92,45,4,n,100
5728,I5728,1200,1000,975,259.6,45,1,n,100
60,I0060,1600,1200,1350,303.92,45,4,n,100
1772,I1772,1200,1000,750,229.88,45,1,n,100
7822,I7822,1200,1000,975,577.8,45,1,n,100
7836,I7836,780,570,478,160.56,47,0,w,4
7434,I7434,780,570,478,96.256,47,0,w,4
4782,I4782,1200,1000,975,156.15,45,1,n,100
8310,I8310,1200,1000,975,293.32,45,1,n,100
8248,I8248,1200,1000,975,246.0,45,1,n,100
7366,I7366,780,570,478,81.72,47,0,w,4
8165,I8165,1400,1200,1450,179.4,45,3,n,100
5083,I5083,1200,1000,1155,373.25,0,6,n,100
796,I0796,1200,1000,975,384.74,45,1,n,100
4218,I4218,1200,1000,975,156.15,45,1,n,100
7061,I7061,1600,1200,1350,207.72,45,4,n,100
4121,I4121,1400,1225,1160,317.0,0,2,n,100
7235,I7235,1400,1200,1450,179.4,45,3,n,100
1390,I1390,1400,1200,1450,179.4,45,3,n,100
824,I0824,1400,1200,1450,179.4,45,3,n,100
3438,I3438,1200,1000,545,690.5,45,1,n,100
3647,I3647,1400,1225,1160,317.0,0,2,n,100
1812,I1812,1200,1000,975,527.4,45,1,n,100
5946,I5946,780,570,478,104.768,47,0,w,4
7758,I7758,1400,1225,1160,278.5,0,2,n,100
3569,I3569,1200,1000,750,405.72,45,1,n,100
5602,I5602,1900,1200,750,845.38,45,5,n,100
4102,I4102,1400,1200,1450,179.4,45,3,n,100
814,I0814,780,570,478,96.256,47,0,w,4
5490,I5490,1200,1000,975,183.84,45,1,n,100
4014,I4014,1200,1000,975,156.15,45,1,n,100
96,I0096,1600,1200,1350,303.92,45,4,n,100
7533,I7533,1600,1200,1350,205.16,45,4,n,100
3955,I3955,1400,1200,1450,179.4,45,3,n,100
5538,I5538,1600,1200,1350,205.16,45,4,n,100
6370,I6370,1200,1000,975,652.0,45,1,n,100
3081,I3081,780,570,478,269.32,47,0,w,4
5155,I5155,780,570,478,100.96,47,0,w,4
4503,I4503,1600,1200,930,438.4,45,4,n,100
3754,I3754,1200,1000,975,183.84,45,1,n,100
7830,I7830,1600,1200,930,514.24,45,4,n,100
471,I0471,1200,1000,750,229.88,45,1,n,100
7429,I7429,1600,1200,1350,207.72,45,4,n,100
7263,I7263,1400,1200,1450,179.4,45,3,n,100
5879,I5879,780,570,478,104.768,47,0,w,4
4263,I4263,1400,1225,1160,278.5,0,2,n,100
2491,I2491,1400,1200,1450,179.4,45,3,n,100
2128,I2128,1600,1200,930,547.3,45,4,n,100
2938,I2938,1400,1225,1160,317.0,0,2,n,100
597,I0597,1400,1225,1160,278.5,0,2,n,100
2826,I2826,780,570,478,81.72,47,0,w,4
2834,I2834,780,570,478,96.256,47,0,w,4
7154,I7154,780,570,478,160.56,47,0,w,4
842,I0842,1600,1200,1350,303.92,45,4,n,100
1548,I1548,780,570,478,100.96,47,0,w,4
7813,I7813,1600,1200,1350,207.72,45,4,n,100
5233,I5233,1600,1200,930,454.873,45,4,n,100
7075,I7075,780,570,478,101.52,47,0,w,4
8285,I8285,780,570,478,100.96,47,0,w,4
383,I0383,1200,1000,558,127.408,0,6,n,100
6654,I6654,1200,1000,750,229.88,45,1,n,100
1597,I1597,780,570,478,160.56,47,0,w,4
7646,I7646,1600,1200,975,180.2,45,4,n,100
620,I0620,1400,1200,1450,179.4,45,3,n,100
6190,I6190,780,570,478,82.32,47,0,w,4
3304,I3304,1200,1000,975,293.32,45,1,n,100
7918,I7918,1200,1000,975,293.32,45,1,n,100
7233,I7233,1400,1200,1450,179.4,45,3,n,100
4702,I4702,1200,1000,750,229.88,45,1,n,100
7639,I7639,1600,1200,975,180.2,45,4,n,100
4828,I4828,1900,1200,750,713.62,45,5,n,100
3568,I3568,1200,1000,750,176.5,45,1,n,100
