,id_item,length,width,height,weight,nesting_height,stackability_code,forced_orientation,max_stackability
3322,I3322,1400,1225,1160,317.0,0,2,n,100
206,I0206,1600,1200,930,438.4,45,4,n,100
4917,I4917,1400,1200,1450,179.4,45,3,n,100
3809,I3809,1400,1200,1450,179.4,45,3,n,100
4318,I4318,1600,1200,1350,207.72,45,4,n,100
3041,I3041,780,570,478,96.256,47,0,w,4
4938,I4938,780,570,478,104.768,47,0,w,4
6747,I6747,1600,1200,930,547.3,45,4,n,100
3207,I3207,1200,1000,750,229.88,45,1,n,100
3877,I3877,1200,1000,975,293.32,45,1,n,100
4815,I4815,1200,1000,975,165.375,45,1,n,100
3898,I3898,1400,1225,1160,317.0,0,2,n,100
3086,I3086,1600,1200,1350,303.92,45,4,n,100
2754,I2754,1600,1200,1350,303.92,45,4,n,100
1240,I1240,1400,1200,1450,179.4,45,3,n,100
6791,I6791,1600,1200,930,438.4,45,4,n,100
7575,I7575,1600,1200,1350,303.92,45,4,n,100
7218,I7218,1600,1200,1350,303.92,45,4,n,100
8073,I8073,1600,1200,1350,207.72,45,4,n,100
5229,I5229,1600,1200,1350,207.72,45,4,n,100
3920,I3920,1400,1225,1160,278.5,0,2,n,100
7731,I7731,780,570,478,81.72,47,0,w,4
1599,I1599,1200,1000,975,225.6,45,1,n,100
5183,I5183,1200,1000,750,405.72,45,1,n,100
1200,I1200,1600,1200,975,180.2,45,4,n,100
5054,I5054,780,570,478,100.96,47,0,w,4
5542,I5542,1600,1200,1350,205.16,45,4,n,100
5704,I5704,1400,1225,1160,317.0,0,2,n,100
5990,I5990,1600,1200,1350,207.72,45,4,n,100
5600,I5600,1200,1000,1057,179.85,0,6,n,100
5952,I5952,1400,1225,1160,317.0,0,2,n,100
5384,I5384,1200,1000,750,229.88,45,1,n,100
326,I0326,1400,1200,1450,179.4,45,3,n,100
528,I0528,1400,1200,1450,179.4,45,3,n,100
6496,I6496,1600,1200,1350,303.92,45,4,n,100
7426,I7426,780,570,478,170.28,47,0,w,4
676,I0676,1400,1200,1450,179.4,45,3,n,100
6136,I6136,1400,1200,1450,179.4,45,3,n,100
1029,I1029,1900,1200,750,713.62,45,5,n,100
8330,I8330,1200,1000,975,293.32,45,1,n,100
2193,I2193,1600,1200,1350,207.72,45,4,n,100
2614,I2614,780,570,478,104.768,47,0,w,4
1319,I1319,1600,1200,1350,303.92,45,4,n,100
7006,I7006,1400,1200,1450,179.4,45,3,n,100
6143,I6143,1400,1200,1450,179.4,45,3,n,100
7286,I7286,1400,1225,1160,278.5,0,2,n,100
4494,I4494,1400,1225,1160,317.0,0,2,n,100
8313,I8313,1200,1000,975,293.32,45,1,n,100
949,I0949,1400,1200,1450,179.4,45,3,n,100
37,I0037,1400,1200,1450,179.4,45,3,n,100
7077,I7077,1600,1200,930,310.76,45,4,n,100
2871,I2871,1400,1200,1450,179.4,45,3,n,100
1127,I1127,1200,1000,750,351.756,45,1,n,100
360,I0360,1600,1200,975,611.224,45,4,n,100
7069,I7069,1200,1000,359,70.016,0,6,n,100
1720,I1720,1400,1225,1160,317.0,0,2,n,100
2839,I2839,1200,1000,975,259.6,45,1,n,100
7479,I7479,1600,1200,1350,303.92,45,4,n,100
5744,I5744,1400,1200,1450,179.4,45,3,n,100
3587,I3587,1400,1225,1160,278.5,0,2,n,100
3641,I3641,1400,1225,1160,317.0,0,2,n,100
5672,I5672,1600,1200,1350,205.16,45,4,n,100
1284,I1284,1200,1000,975,577.8,45,1,n,100
4704,I4704,1400,1200,1450,179.4,45,3,n,100
3486,I3486,1200,1000,975,293.32,45,1,n,100
940,I0940,1400,1200,1450,179.4,45,3,n,100
8272,I8272,1400,1200,1450,179.4,45,3,n,100
7815,I7815,1600,1200,1350,207.72,45,4,n,100
2466,I2466,1600,1200,1350,207.72,45,4,n,100
2633,I2633,1200,1000,975,527.4,45,1,n,100
2746,I2746,1200,1000,750,405.72,45,1,n,100
6636,I6636,1400,1200,1450,179.4,45,3,n,100
6864,I6864,1400,1200,1450,179.4,45,3,n,100
289,I0289,1600,1200,1350,303.92,45,4,n,100
5980,I5980,1400,1200,1450,179.4,45,3,n,100
3215,I3215,1400,1200,1450,179.4,45,3,n,100
1644,I1644,1400,1200,1450,179.4,45,3,n,100
3730,I3730,1400,1200,1450,179.4,45,3,n,100
3456,I3456,1200,1000,975,293.32,45,1,n,100
561,I0561,780,570,478,100.96,47,0,w,4
4861,I4861,1400,1200,1450,179.4,45,3,n,100
1577,I1577,1600,1200,975,180.2,45,4,n,100
3134,I3134,1200,1000,750,229.88,45,1,n,100
1550,I1550,780,570,478,100.96,47,0,w,4
501,I0501,780,570,478,100.96,47,0,w,4
1955,I1955,1200,1000,975,337.45,45,1,n,100
5668,I5668,1600,1200,1350,205.16,45,4,n,100
6540,I6540,1600,1200,1350,207.72,45,4,n,100
8138,I8138,1200,1000,975,527.4,45,1,n,100
8336,I8336,1400,1225,1160,317.0,0,2,n,100
8084,I8084,1600,1200,1350,207.72,45,4,n,100
203,I0203,1400,1200,1450,179.4,45,3,n,100
2695,I2695,1400,1200,1450,179.4,45,3,n,100
4616,I4616,1400,1200,1450,179.4,45,3,n,100
1819,I1819,1200,1000,359,29.38,0,6,n,100
3816,I3816,1600,1200,1350,207.72,45,4,n,100
1034,I1034,780,570,478,101.52,47,0,w,4
1322,I1322,1200,1000,558,127.408,0,6,n,100
193,I0193,1400,1200,1450,179.4,45,3,n,100
22,I0022,780,570,478,100.96,47,0,w,4
1747,I1747,1400,1225,1160,317.0,0,2,n,100
2288,I2288,1600,1200,1350,207.72,45,4,n,100
6610,I6610,1400,1200,1450,179.4,45,3,n,100
7879,I7879,1200,1000,975,527.4,45,1,n,100
6956,I6956,780,570,478,104.768,47,0,w,4
8165,I8165,1400,1200,1450,179.4,45,3,n,100
2409,I2409,1400,1225,1160,278.5,0,2,n,100
238,I0238,1400,1200,1450,179.4,45,3,n,100
3033,I3033,1200,1000,750,351.944,45,1,n,100
5487,I5487,1600,1200,1350,303.92,45,4,n,100
6341,I6341,1600,1200,975,180.2,45,4,n,100
5263,I5263,1200,1000,975,183.84,45,1,n,100
122,I0122,1600,1200,1350,303.92,45,4,n,100
6871,I6871,780,570,478,170.28,47,0,w,4
3867,I3867,1200,1000,975,293.32,45,1,n,100
453,I0453,1200,1000,1057,164.04,0,6,n,100
397,I0397,1400,1225,1160,317.0,0,2,n,100
8253,I8253,780,570,478,160.56,47,0,w,4
4008,I4008,1400,1225,1160,317.0,0,2,n,100
7754,I7754,1400,1225,1160,278.5,0,2,n,100
7196,I7196,1200,1000,975,225.6,45,1,n,100
7948,I7948,1200,1000,975,293.32,45,1,n,100
73,I0073,1400,1225,1160,317.0,0,2,n,100
6806,I6806,1400,1225,1160,317.0,0,2,n,100
3439,I3439,1400,1225,1160,317.0,0,2,n,100
6706,I6706,1400,1200,1450,179.4,45,3,n,100
7959,I7959,1600,1200,1350,205.16,45,4,n,100
3291,I3291,1200,1000,975,293.32,45,1,n,100
2327,I2327,1600,1200,1350,303.92,45,4,n,100
2028,I2028,1600,1200,1350,207.72,45,4,n,100
5328,I5328,1200,1000,645,330.5,0,6,n,100
1581,I1581,1600,1200,975,180.2,45,4,n,100
7130,I7130,1400,1200,1450,179.4,45,3,n,100
1996,I1996,1200,1000,750,305.32,45,1,n,100
2429,I2429,1400,1200,1450,179.4,45,3,n,100
5916,I5916,1400,1200,1450,179.4,45,3,n,100
5274,I5274,1400,1225,1160,278.5,0,2,n,100
7531,I7531,1600,1200,1350,205.16,45,4,n,100
2358,I2358,1200,1000,750,229.88,45,1,n,100
5740,I5740,780,570,478,170.28,47,0,w,4
6480,I6480,1200,1000,975,336.7,45,1,n,100
8252,I8252,780,570,478,160.56,47,0,w,4
1815,I1815,780,570,478,160.56,47,0,w,4
3143,I3143,1600,1200,930,454.873,45,4,n,100
2299,I2299,1600,1200,1350,303.92,45,4,n,100
2068,I2068,1200,1000,750,227.528,45,1,n,100
7800,I7800,1600,1200,930,438.4,45,4,n,100
3880,I3880,1200,1000,750,176.5,45,1,n,100
888,I0888,1400,1200,1450,179.4,45,3,n,100
6335,I6335,1600,1200,975,180.2,45,4,n,100
5114,I5114,1200,1000,750,351.756,45,1,n,100
1036,I1036,780,570,478,104.768,47,0,w,4
5037,I5037,780,570,478,82.32,47,0,w,4
4165,I4165,1400,1225,1160,278.5,0,2,n,100
5789,I5789,1600,1200,1350,303.92,45,4,n,100
6331,I6331,1600,1200,975,180.2,45,4,n,100
537,I0537,1400,1200,1450,179.4,45,3,n,100
6915,I6915,1600,1200,930,277.828,45,4,n,100
5158,I5158,1400,1225,1160,317.0,0,2,n,100
1555,I1555,1600,1200,975,180.2,45,4,n,100
4888,I4888,1200,1000,975,336.7,45,1,n,100
4033,I4033,780,570,478,100.96,47,0,w,4
5494,I5494,1900,1200,750,713.62,45,5,n,100
6650,I6650,1400,1200,1450,179.4,45,3,n,100
2847,I2847,1400,1200,1450,179.4,45,3,n,100
3557,I3557,780,570,478,82.32,47,0,w,4
5768,I5768,1400,1200,1450,179.4,45,3,n,100
6413,I6413,1900,1200,750,845.38,45,5,n,100
161,I0161,1600,1200,1350,207.72,45,4,n,100
1901,I1901,1200,1000,975,156.15,45,1,n,100
1009,I1009,1600,1200,1350,312.72,45,4,n,100
6966,I6966,1400,1200,1450,179.4,45,3,n,100
5597,I5597,1200,1000,975,248.88,45,1,n,100
716,I0716,1600,1200,1350,205.16,45,4,n,100
3044,I3044,1200,1000,975,293.32,45,1,n,100
3833,I3833,1600,1200,1350,303.92,45,4,n,100
2304,I2304,1600,1200,1350,303.92,45,4,n,100
662,I0662,1400,1200,1450,179.4,45,3,n,100
2005,I2005,1600,1200,1350,207.72,45,4,n,100
1279,I1279,1200,1000,975,169.0,45,1,n,100
4672,I4672,780,570,478,82.32,47,0,w,4
6958,I6958,1200,1000,545,690.5,45,1,n,100
2994,I2994,1600,1200,1350,207.72,45,4,n,100
3926,I3926,780,570,478,160.56,47,0,w,4
1052,I1052,1600,1200,1350,303.92,45,4,n,100
2463,I2463,1600,1200,1350,207.72,45,4,n,100
7300,I7300,780,570,478,100.96,47,0,w,4
2051,I2051,1400,1200,1450,179.4,45,3,n,100
6642,I6642,1400,1200,1450,179.4,45,3,n,100
4495,I4495,1400,1225,1160,317.0,0,2,n,100
2755,I2755,1600,1200,1350,303.92,45,4,n,100
2452,I2452,1600,1200,930,438.4,45,4,n,100
7657,I7657,1600,1200,975,180.2,45,4,n,100
6528,I6528,1400,1200,1450,179.4,45,3,n,100
3659,I3659,1600,1200,930,547.3,45,4,n,100
4795,I4795,1600,1200,1350,207.72,45,4,n,100
2353,I2353,1200,1000,975,384.74,45,1,n,100
8355,I8355,1200,1000,975,225.6,45,1,n,100
618,I0618,1400,1200,1450,179.4,45,3,n,100
4619,I4619,1400,1200,1450,179.4,45,3,n,100
4751,I4751,1200,1000,975,304.12,45,1,n,100
6262,I6262,1400,1200,1450,179.4,45,3,n,100
6641,I6641,1400,1200,1450,179.4,45,3,n,100
4921,I4921,1400,1200,1450,179.4,45,3,n,100
1022,I1022,1200,1000,975,156.15,45,1,n,100
2120,I2120,1200,1000,975,337.45,45,1,n,100
6069,I6069,780,570,478,170.28,47,0,w,4
7674,I7674,1600,1200,1350,207.72,45,4,n,100
6495,I6495,1600,1200,1350,303.92,45,4,n,100
7729,I7729,780,570,478,81.72,47,0,w,4
5957,I5957,1400,1225,1160,317.0,0,2,n,100
1696,I1696,1600,1200,1350,207.72,45,4,n,100
3201,I3201,1600,1200,1350,207.72,45,4,n,100
6676,I6676,1400,1200,1450,179.4,45,3,n,100
7307,I7307,780,570,478,170.28,47,0,w,4
5656,I5656,780,570,478,170.28,47,0,w,4
7583,I7583,1200,1000,975,248.88,45,1,n,100
1672,I1672,1200,1000,750,229.88,45,1,n,100
5329,I5329,1200,1000,930,343.9,45,1,n,100
2183,I2183,1600,1200,1350,207.72,45,4,n,100
5202,I5202,1600,1200,1350,312.72,45,4,n,100
1946,I1946,1200,1000,750,229.88,45,1,n,100
7224,I7224,1200,1000,750,229.88,45,1,n,100
1661,I1661,1200,1000,558,127.408,0,6,n,100
1121,I1121,1200,1000,975,293.32,45,1,n,100
2973,I2973,1600,1200,1350,207.72,45,4,n,100
7282,I7282,1400,1225,1160,278.5,0,2,n,100
8325,I8325,1200,1000,975,293.32,45,1,n,100
60,I0060,1600,1200,1350,303.92,45,4,n,100
8116,I8116,1400,1200,1450,179.4,45,3,n,100
399,I0399,1200,1000,1057,164.04,0,6,n,100
4462,I4462,1200,1000,975,336.7,45,1,n,100
7391,I7391,1600,1200,1350,207.72,45,4,n,100
757,I0757,1400,1200,1450,179.4,45,3,n,100
6275,I6275,1400,1200,1450,179.4,45,3,n,100
2651,I2651,1200,1000,1155,373.25,0,6,n,100
6644,I6644,1400,1200,1450,179.4,45,3,n,100
8183,I8183,1200,1000,750,176.5,45,1,n,100
6873,I6873,1200,1000,975,527.4,45,1,n,100
3817,I3817,1600,1200,1350,207.72,45,4,n,100
7642,I7642,1600,1200,975,180.2,45,4,n,100
889,I0889,1400,1200,1450,179.4,45,3,n,100
6556,I6556,1200,1000,750,229.88,45,1,n,100
1400,I1400,1400,1200,1450,179.4,45,3,n,100
3899,I3899,1400,1225,1160,317.0,0,2,n,100
1076,I1076,1600,1200,1350,207.72,45,4,n,100
8223,I8223,1600,1200,1350,205.16,45,4,n,100
4100,I4100,1400,1200,1450,179.4,45,3,n,100
4337,I4337,1600,1200,1350,207.72,45,4,n,100
1054,I1054,1200,1000,750,176.5,45,1,n,100
6884,I6884,1600,1200,1350,205.16,45,4,n,100
5445,I5445,1200,1000,750,500.86,45,1,n,100
7726,I7726,1200,1000,975,577.8,45,1,n,100
270,I0270,780,570,478,101.52,47,0,w,4
4314,I4314,1600,1200,1350,207.72,45,4,n,100
7602,I7602,1400,1225,1160,317.0,0,2,n,100
5573,I5573,1600,1200,1350,207.72,45,4,n,100
2710,I2710,1600,1200,1350,207.72,45,4,n,100
2214,I2214,1600,1200,1350,207.72,45,4,n,100
3961,I3961,1400,1200,1450,179.4,45,3,n,100
975,I0975,780,570,478,81.72,47,0,w,4
6799,I6799,1200,1000,975,165.375,45,1,n,100
2496,I2496,1400,1200,1450,179.4,45,3,n,100
881,I0881,1400,1200,1450,179.4,45,3,n,100
7386,I7386,1600,1200,1350,207.72,45,4,n,100
1597,I1597,780,570,478,160.56,47,0,w,4
6735,I6735,1200,1000,975,527.4,45,1,n,100
428,I0428,1400,1200,1450,179.4,45,3,n,100
6573,I6573,1200,1000,750,229.88,45,1,n,100
544,I0544,1400,1200,1450,179.4,45,3,n,100
1195,I1195,1600,1200,975,180.2,45,4,n,100
2301,I2301,1600,1200,1350,303.92,45,4,n,100
5086,I5086,1600,1200,1350,303.92,45,4,n,100
2439,I2439,1400,1200,1450,179.4,45,3,n,100
3794,I3794,1600,1200,930,547.3,45,4,n,100
244,I0244,1400,1200,1450,179.4,45,3,n,100
2109,I2109,1400,1225,1160,278.5,0,2,n,100
5439,I5439,1400,1200,1450,179.4,45,3,n,100
1062,I1062,1200,1000,975,259.6,45,1,n,100
2962,I2962,1600,1200,1350,207.72,45,4,n,100
1726,I1726,1400,1225,1160,317.0,0,2,n,100
1478,I1478,1200,1000,975,293.32,45,1,n,100
5499,I5499,780,570,478,170.28,47,0,w,4
2772,I2772,1600,1200,1350,303.92,45,4,n,100
4770,I4770,1200,1000,975,527.4,45,1,n,100
7586,I7586,1400,1225,1160,278.5,0,2,n,100
5721,I5721,1200,1000,750,351.944,45,1,n,100
5708,I5708,1400,1225,1160,317.0,0,2,n,100
672,I0672,1400,1200,1450,179.4,45,3,n,100
7658,I7658,1600,1200,975,180.2,45,4,n,100
7902,I7902,1400,1200,1450,179.4,45,3,n,100
2259,I2259,1400,1200,1450,179.4,45,3,n,100
3225,I3225,1400,1200,1450,179.4,45,3,n,100
3891,I3891,1400,1225,1160,278.5,0,2,n,100
6164,I6164,1400,1225,1160,317.0,0,2,n,100
3286,I3286,1200,1000,975,293.32,45,1,n,100
3807,I3807,1400,1200,1450,179.4,45,3,n,100
3781,I3781,780,570,478,170.28,47,0,w,4
8132,I8132,780,570,478,82.32,47,0,w,4
2125,I2125,1600,1200,930,547.3,45,4,n,100
305,I0305,1400,1200,1450,179.4,45,3,n,100
1513,I1513,1200,1000,975,156.15,45,1,n,100
3618,I3618,780,570,478,100.96,47,0,w,4
6029,I6029,1600,1200,1350,303.92,45,4,n,100
2121,I2121,1600,1200,930,547.3,45,4,n,100
285,I0285,1600,1200,1350,303.92,45,4,n,100
5414,I5414,1200,1000,545,729.5,45,1,n,100
6320,I6320,1600,1200,975,180.2,45,4,n,100
1848,I1848,1200,1000,750,351.944,45,1,n,100
7649,I7649,1600,1200,975,180.2,45,4,n,100
2094,I2094,1200,1000,750,351.944,45,1,n,100
8016,I8016,1200,1000,750,227.528,45,1,n,100
2781,I2781,1600,1200,1350,207.72,45,4,n,100
4499,I4499,1400,1225,1160,317.0,0,2,n,100
5770,I5770,1400,1200,1450,179.4,45,3,n,100
1330,I1330,1400,1225,1160,278.5,0,2,n,100
8292,I8292,780,570,478,104.768,47,0,w,4
1943,I1943,780,570,478,100.96,47,0,w,4
5725,I5725,780,570,478,160.56,47,0,w,4
3592,I3592,1400,1225,1160,278.5,0,2,n,100
1963,I1963,780,570,478,100.96,47,0,w,4
2792,I2792,1600,1200,1350,207.72,45,4,n,100
4047,I4047,1200,1000,975,169.0,45,1,n,100
8021,I8021,1200,1000,750,229.88,45,1,n,100
1687,I1687,1400,1200,1450,179.4,45,3,n,100
7823,I7823,1200,1000,975,577.8,45,1,n,100
294,I0294,1600,1200,1350,303.92,45,4,n,100
7862,I7862,1600,1200,930,277.828,45,4,n,100
7,I0007,1200,1000,975,577.8,45,1,n,100
3569,I3569,1200,1000,750,405.72,45,1,n,100
3142,I3142,1600,1200,930,454.873,45,4,n,100
19,I0019,1400,1225,1160,278.5,0,2,n,100
4421,I4421,1200,1000,975,169.0,45,1,n,100
5699,I5699,1400,1225,1160,317.0,0,2,n,100
3567,I3567,1200,1000,750,176.5,45,1,n,100
6954,I6954,780,570,478,104.768,47,0,w,4
4884,I4884,1200,1000,975,336.7,45,1,n,100
4881,I4881,1200,1000,545,729.5,45,1,n,100
5897,I5897,1400,1225,1160,317.0,0,2,n,100
1155,I1155,1600,1200,1350,303.92,45,4,n,100
6017,I6017,1400,1225,1160,317.0,0,2,n,100
8172,I8172,1400,1200,1450,179.4,45,3,n,100
4682,I4682,1200,1000,930,343.9,45,1,n,100
228,I0228,1400,1200,1450,179.4,45,3,n,100
3725,I3725,1400,1200,1450,179.4,45,3,n,100
3218,I3218,1400,1200,1450,179.4,45,3,n,100
7735,I7735,780,570,478,81.72,47,0,w,4
6410,I6410,1200,1000,1057,179.85,0,6,n,100
3451,I3451,1200,1000,975,293.32,45,1,n,100
7368,I7368,780,570,478,81.72,47,0,w,4
2705,I2705,1600,1200,1350,207.72,45,4,n,100
6784,I6784,1600,1200,1350,303.92,45,4,n,100
7026,I7026,1600,1200,1350,207.72,45,4,n,100
8397,I8397,1600,1200,930,454.873,45,4,n,100
2853,I2853,1400,1200,1450,179.4,45,3,n,100
3595,I3595,1400,1225,1160,278.5,0,2,n,100
6582,I6582,1200,1000,975,165.375,45,1,n,100
2347,I2347,1600,1200,1350,303.92,45,4,n,100
6852,I6852,1400,1200,1450,179.4,45,3,n,100
837,I0837,1400,1200,1450,179.4,45,3,n,100
1582,I1582,1200,1000,750,176.5,45,1,n,100
4348,I4348,1600,1200,1350,207.72,45,4,n,100
6810,I6810,1400,1225,1160,317.0,0,2,n,100
7528,I7528,1600,1200,1350,303.92,45,4,n,100
3712,I3712,1400,1200,1450,179.4,45,3,n,100
279,I0279,1200,1000,975,577.8,45,1,n,100
4151,I4151,780,570,478,170.28,47,0,w,4
7550,I7550,1200,1000,750,227.528,45,1,n,100
6894,I6894,1200,1000,975,577.8,45,1,n,100
6903,I6903,1400,1225,1160,317.0,0,2,n,100
2776,I2776,1600,1200,1350,303.92,45,4,n,100
7369,I7369,780,570,478,81.72,47,0,w,4
1642,I1642,1400,1200,1450,179.4,45,3,n,100
929,I0929,1400,1200,1450,179.4,45,3,n,100
4606,I4606,1600,1200,930,547.3,45,4,n,100
4438,I4438,1600,1200,1350,207.72,45,4,n,100
1485,I1485,1200,1000,975,293.32,45,1,n,100
7655,I7655,1600,1200,975,180.2,45,4,n,100
5791,I5791,1600,1200,1350,303.92,45,4,n,100
572,I0572,1200,1000,545,690.5,45,1,n,100
262,I0262,1200,1000,930,324.1,45,1,n,100
2397,I2397,1400,1225,1160,278.5,0,2,n,100
1356,I1356,1600,1200,930,438.4,45,4,n,100
7636,I7636,1400,1200,1450,179.4,45,3,n,100
2107,I2107,1400,1225,1160,278.5,0,2,n,100
7915,I7915,1400,1200,1450,179.4,45,3,n,100
4937,I4937,780,570,478,104.768,47,0,w,4
1463,I1463,1200,1000,975,293.32,45,1,n,100
4039,I4039,1200,1000,975,169.0,45,1,n,100
6469,I6469,1600,1200,930,547.3,45,4,n,100
4011,I4011,1200,1000,750,267.8,45,1,n,100
3031,I3031,1200,1000,750,227.528,45,1,n,100
5406,I5406,1600,1200,1350,303.92,45,4,n,100
7894,I7894,1400,1200,1450,179.4,45,3,n,100
5088,I5088,1600,1200,1350,303.92,45,4,n,100
585,I0585,1200,1000,975,336.7,45,1,n,100
1783,I1783,1400,1200,1450,179.4,45,3,n,100
2712,I2712,1400,1225,1160,317.0,0,2,n,100
8129,I8129,780,570,478,82.32,47,0,w,4
5932,I5932,1400,1200,1450,179.4,45,3,n,100
6856,I6856,1400,1200,1450,179.4,45,3,n,100
5702,I5702,1400,1225,1160,317.0,0,2,n,100
2412,I2412,1400,1225,1160,278.5,0,2,n,100
3084,I3084,1600,1200,975,1471.6,45,4,n,100
2091,I2091,1600,1200,930,438.4,45,4,n,100
3684,I3684,1600,1200,975,180.2,45,4,n,100
8318,I8318,1200,1000,975,293.32,45,1,n,100
5203,I5203,1200,1000,975,259.6,45,1,n,100
661,I0661,1400,1200,1450,179.4,45,3,n,100
1854,I1854,1600,1200,1350,303.92,45,4,n,100
2271,I2271,1400,1200,1450,179.4,45,3,n,100
7742,I7742,1600,1200,930,454.873,45,4,n,100
7589,I7589,1400,1225,1160,278.5,0,2,n,100
6108,I6108,1400,1200,1450,179.4,45,3,n,100
343,I0343,1200,1000,750,229.88,45,1,n,100
1871,I1871,1600,1200,1350,207.72,45,4,n,100
2510,I2510,1400,1200,1450,179.4,45,3,n,100
3934,I3934,780,570,478,104.768,47,0,w,4
6699,I6699,1400,1200,1450,179.4,45,3,n,100
5822,I5822,1600,1200,1350,205.16,45,4,n,100
4425,I4425,1200,1000,750,500.86,45,1,n,100
7806,I7806,1200,1000,1155,373.25,0,6,n,100
5168,I5168,1200,1000,750,229.88,45,1,n,100
7205,I7205,1200,1000,750,351.944,45,1,n,100
6035,I6035,1600,1200,975,180.2,45,4,n,100
6872,I6872,1200,1000,1155,366.75,0,6,n,100
5325,I5325,1600,1200,1350,207.72,45,4,n,100
4631,I4631,1400,1200,1450,179.4,45,3,n,100
3848,I3848,1200,1000,975,293.32,45,1,n,100
958,I0958,1600,1200,1350,207.72,45,4,n,100
2731,I2731,780,570,478,81.72,47,0,w,4
7764,I7764,1400,1225,1160,317.0,0,2,n,100
8005,I8005,780,570,478,170.28,47,0,w,4
7741,I7741,1600,1200,930,454.873,45,4,n,100
8011,I8011,1200,1000,975,337.9,45,1,n,100
2730,I2730,780,570,478,81.72,47,0,w,4
3305,I3305,1200,1000,975,293.32,45,1,n,100
2336,I2336,1600,1200,930,454.873,45,4,n,100
6963,I6963,1600,1200,1350,303.92,45,4,n,100
4190,I4190,1200,1000,750,229.88,45,1,n,100
5181,I5181,1200,1000,975,225.6,45,1,n,100
3278,I3278,1600,1200,1350,207.72,45,4,n,100
5571,I5571,1600,1200,1350,207.72,45,4,n,100
402,I0402,780,570,478,82.32,47,0,w,4
4376,I4376,1600,1200,1350,207.72,45,4,n,100
5938,I5938,1400,1200,1450,179.4,45,3,n,100
4199,I4199,1200,1000,750,229.88,45,1,n,100
4735,I4735,1400,1200,1450,179.4,45,3,n,100
2597,I2597,1600,1200,1350,303.92,45,4,n,100
7609,I7609,1600,1200,975,1471.6,45,4,n,100
5796,I5796,1600,1200,1350,303.92,45,4,n,100
1825,I1825,1600,1200,1350,303.92,45,4,n,100
3189,I3189,1200,1000,750,176.5,45,1,n,100
865,I0865,1600,1200,930,277.828,45,4,n,100
944,I0944,1400,1200,1450,179.4,45,3,n,100
8374,I8374,1400,1225,1160,278.5,0,2,n,100
823,I0823,1400,1200,1450,179.4,45,3,n,100
2869,I2869,1400,1200,1450,179.4,45,3,n,100
872,I0872,1200,1000,975,527.4,45,1,n,100
1750,I1750,1600,1200,1350,303.92,45,4,n,100
358,I0358,1200,1000,975,156.15,45,1,n,100
5465,I5465,1400,1225,1160,317.0,0,2,n,100
805,I0805,1200,1000,975,165.375,45,1,n,100
1161,I1161,1600,1200,975,180.2,45,4,n,100
1238,I1238,1400,1200,1450,179.4,45,3,n,100
2899,I2899,780,570,478,170.28,47,0,w,4
1150,I1150,1200,1000,750,305.32,45,1,n,100
5984,I5984,1400,1200,1450,179.4,45,3,n,100
2375,I2375,1400,1225,1160,317.0,0,2,n,100
1763,I1763,780,570,478,100.96,47,0,w,4
7284,I7284,1400,1225,1160,278.5,0,2,n,100
6790,I6790,1600,1200,930,438.4,45,4,n,100
471,I0471,1200,1000,750,229.88,45,1,n,100
208,I0208,1600,1200,930,438.4,45,4,n,100
999,I0999,1200,1000,975,156.15,45,1,n,100
1574,I1574,1600,1200,975,180.2,45,4,n,100
7024,I7024,1600,1200,1350,207.72,45,4,n,100
1406,I1406,1200,1000,750,229.88,45,1,n,100
3285,I3285,1200,1000,975,293.32,45,1,n,100
5577,I5577,780,570,478,82.32,47,0,w,4
1584,I1584,1600,1200,1350,303.92,45,4,n,100
1012,I1012,1200,1000,975,156.15,45,1,n,100
3606,I3606,1200,1000,975,183.84,45,1,n,100
8233,I8233,1200,1000,975,308.76,45,1,n,100
1249,I1249,1400,1200,1450,179.4,45,3,n,100
4652,I4652,1200,1000,1057,164.04,0,6,n,100
2507,I2507,1400,1200,1450,179.4,45,3,n,100
744,I0744,1600,1200,1350,303.92,45,4,n,100
3678,I3678,1600,1200,975,180.2,45,4,n,100
1288,I1288,1200,1000,975,577.8,45,1,n,100
3869,I3869,1200,1000,975,293.32,45,1,n,100
5179,I5179,1200,1000,975,225.6,45,1,n,100
2324,I2324,780,570,478,96.256,47,0,w,4
7266,I7266,1600,1200,1350,303.92,45,4,n,100
7438,I7438,1400,1225,1160,317.0,0,2,n,100
2575,I2575,1400,1200,1450,179.4,45,3,n,100
6365,I6365,1400,1225,1160,278.5,0,2,n,100
6281,I6281,1400,1225,1160,278.5,0,2,n,100
5947,I5947,780,570,478,104.768,47,0,w,4
996,I0996,1200,1000,975,156.15,45,1,n,100
2903,I2903,780,570,478,170.28,47,0,w,4
6931,I6931,1400,1225,1160,278.5,0,2,n,100
6478,I6478,1200,1000,975,336.7,45,1,n,100
860,I0860,1200,1000,750,305.32,45,1,n,100
4168,I4168,1400,1225,1160,278.5,0,2,n,100
2812,I2812,1200,1000,975,527.4,45,1,n,100
2905,I2905,780,570,478,170.28,47,0,w,4
4595,I4595,1200,1000,975,527.4,45,1,n,100
516,I0516,1400,1200,1450,179.4,45,3,n,100
6488,I6488,1600,1200,930,438.4,45,4,n,100
7848,I7848,1200,1000,750,229.88,45,1,n,100
7185,I7185,1200,1000,975,259.6,45,1,n,100
6198,I6198,1400,1225,1160,317.0,0,2,n,100
2540,I2540,1400,1200,1450,179.4,45,3,n,100
3122,I3122,1200,1000,750,227.528,45,1,n,100
1315,I1315,1200,1000,750,227.528,45,1,n,100
6765,I6765,1600,1200,1350,205.16,45,4,n,100
2943,I2943,1400,1225,1160,317.0,0,2,n,100
7546,I7546,780,570,478,160.56,47,0,w,4
5620,I5620,780,570,478,170.28,47,0,w,4
6805,I6805,1400,1225,1160,317.0,0,2,n,100
6119,I6119,1400,1200,1450,179.4,45,3,n,100
4949,I4949,1600,1200,1350,207.72,45,4,n,100
2666,I2666,780,570,478,160.56,47,0,w,4
2225,I2225,1200,1000,1155,373.25,0,6,n,100
8364,I8364,1200,1000,975,294.46,45,1,n,100
7860,I7860,1200,1000,1057,164.04,0,6,n,100
2406,I2406,1400,1225,1160,278.5,0,2,n,100
1919,I1919,1400,1225,1160,278.5,0,2,n,100
2717,I2717,1400,1225,1160,317.0,0,2,n,100
4129,I4129,1600,1200,1350,205.16,45,4,n,100
6742,I6742,1600,1200,930,547.3,45,4,n,100
902,I0902,1400,1200,1450,179.4,45,3,n,100
3902,I3902,1400,1225,1160,317.0,0,2,n,100
5345,I5345,1600,1200,1350,207.72,45,4,n,100
2940,I2940,1400,1225,1160,317.0,0,2,n,100
1665,I1665,1200,1000,975,384.74,45,1,n,100
1296,I1296,1400,1200,1450,179.4,45,3,n,100
245,I0245,1400,1200,1450,179.4,45,3,n,100
5434,I5434,1400,1200,1450,179.4,45,3,n,100
1933,I1933,780,570,478,81.72,47,0,w,4
817,I0817,1400,1200,1450,179.4,45,3,n,100
3130,I3130,780,570,478,170.28,47,0,w,4
2256,I2256,1400,1200,1450,179.4,45,3,n,100
3101,I3101,1600,1200,975,180.2,45,4,n,100
5973,I5973,1400,1225,1160,278.5,0,2,n,100
5559,I5559,1600,1200,1350,207.72,45,4,n,100
5942,I5942,1200,1000,975,183.84,45,1,n,100
2467,I2467,1600,1200,1350,207.72,45,4,n,100
4072,I4072,1400,1200,1450,179.4,45,3,n,100
3375,I3375,1400,1200,1450,179.4,45,3,n,100
8279,I8279,780,570,478,100.96,47,0,w,4
4313,I4313,1600,1200,1350,207.72,45,4,n,100
5104,I5104,1600,1200,1350,207.72,45,4,n,100
6334,I6334,1600,1200,975,180.2,45,4,n,100
2811,I2811,1200,1000,975,527.4,45,1,n,100
6099,I6099,1400,1200,1450,179.4,45,3,n,100
776,I0776,1200,1000,975,293.32,45,1,n,100
978,I0978,780,570,478,81.72,47,0,w,4
1692,I1692,1400,1200,1450,179.4,45,3,n,100
7088,I7088,780,570,478,100.96,47,0,w,4
5311,I5311,1600,1200,1350,207.72,45,4,n,100
571,I0571,780,570,478,160.56,47,0,w,4
6896,I6896,1200,1000,975,577.8,45,1,n,100
7188,I7188,1200,1000,750,500.86,45,1,n,100
6943,I6943,1400,1225,1160,278.5,0,2,n,100
4050,I4050,1200,1000,975,169.0,45,1,n,100
3343,I3343,1200,1000,975,225.6,45,1,n,100
340,I0340,780,570,478,160.56,47,0,w,4
6764,I6764,1600,1200,1350,205.16,45,4,n,100
2222,I2222,1200,1000,750,305.32,45,1,n,100
8161,I8161,1400,1200,1450,179.4,45,3,n,100
798,I0798,1200,1000,750,500.86,45,1,n,100
751,I0751,1400,1200,1450,179.4,45,3,n,100
4977,I4977,1400,1225,1160,278.5,0,2,n,100
5153,I5153,780,570,478,100.96,47,0,w,4
1928,I1928,780,570,478,96.256,47,0,w,4
3095,I3095,1600,1200,975,180.2,45,4,n,100
298,I0298,1400,1200,1450,179.4,45,3,n,100
4948,I4948,1600,1200,1350,207.72,45,4,n,100
3489,I3489,1900,1200,750,713.62,45,5,n,100
2480,I2480,1400,1225,1160,278.5,0,2,n,100
4120,I4120,1400,1225,1160,317.0,0,2,n,100
674,I0674,1400,1200,1450,179.4,45,3,n,100
1676,I1676,1400,1200,1450,179.4,45,3,n,100
1699,I1699,1600,1200,1350,207.72,45,4,n,100
8351,I8351,1400,1225,1160,317.0,0,2,n,100
7868,I7868,780,570,478,82.32,47,0,w,4
448,I0448,1400,1200,1450,179.4,45,3,n,100
3653,I3653,1600,1200,1350,303.92,45,4,n,100
7010,I7010,1200,1000,975,248.88,45,1,n,100
4433,I4433,1600,1200,1350,207.72,45,4,n,100
7466,I7466,1400,1225,1160,317.0,0,2,n,100
5280,I5280,1200,1000,750,267.8,45,1,n,100
3953,I3953,1400,1200,1450,179.4,45,3,n,100
8338,I8338,1400,1225,1160,317.0,0,2,n,100
3440,I3440,1400,1225,1160,317.0,0,2,n,100
5837,I5837,1600,1200,1350,207.72,45,4,n,100
4872,I4872,1400,1200,1450,179.4,45,3,n,100
5387,I5387,780,570,478,100.96,47,0,w,4
7025,I7025,1600,1200,1350,207.72,45,4,n,100
1164,I1164,1600,1200,975,180.2,45,4,n,100
8219,I8219,1600,1200,1350,205.16,45,4,n,100
6392,I6392,1400,1225,1160,278.5,0,2,n,100
1001,I1001,1200,1000,975,156.15,45,1,n,100
4853,I4853,1400,1200,1450,179.4,45,3,n,100
135,I0135,1400,1200,1450,179.4,45,3,n,100
197,I0197,1400,1200,1450,179.4,45,3,n,100
4891,I4891,1200,1000,975,336.7,45,1,n,100
1994,I1994,1200,1000,975,336.7,45,1,n,100
991,I0991,1600,1200,930,438.4,45,4,n,100
23,I0023,780,570,478,100.96,47,0,w,4
172,I0172,1600,1200,1350,207.72,45,4,n,100
2855,I2855,1400,1200,1450,179.4,45,3,n,100
4432,I4432,1600,1200,1350,207.72,45,4,n,100
687,I0687,1600,1200,930,454.873,45,4,n,100
4650,I4650,1600,1200,975,611.224,45,4,n,100
2748,I2748,1600,1200,1350,207.72,45,4,n,100
3703,I3703,1400,1200,1450,179.4,45,3,n,100
2076,I2076,1200,1000,975,652.0,45,1,n,100
1770,I1770,1200,1000,750,229.88,45,1,n,100
4903,I4903,1400,1200,1450,179.4,45,3,n,100
2922,I2922,1400,1225,1160,278.5,0,2,n,100
8273,I8273,1400,1200,1450,179.4,45,3,n,100
5827,I5827,1200,1000,750,229.88,45,1,n,100
4455,I4455,1200,1000,750,229.88,45,1,n,100
6937,I6937,1400,1225,1160,278.5,0,2,n,100
7309,I7309,780,570,478,96.256,47,0,w,4
4544,I4544,1400,1200,1450,179.4,45,3,n,100
4062,I4062,1200,1000,975,169.0,45,1,n,100
1922,I1922,1400,1225,1160,278.5,0,2,n,100
1394,I1394,1400,1200,1450,179.4,45,3,n,100
3336,I3336,1600,1200,1350,303.92,45,4,n,100
6841,I6841,1200,1000,750,227.528,45,1,n,100
5703,I5703,1400,1225,1160,317.0,0,2,n,100
6861,I6861,1400,1200,1450,179.4,45,3,n,100
3026,I3026,780,570,478,160.56,47,0,w,4
1136,I1136,780,570,478,160.56,47,0,w,4
7670,I7670,1600,1200,1350,207.72,45,4,n,100
7234,I7234,1400,1200,1450,179.4,45,3,n,100
4768,I4768,1200,1000,975,527.4,45,1,n,100
6397,I6397,1200,1000,750,305.32,45,1,n,100
3969,I3969,1400,1200,1450,179.4,45,3,n,100
7448,I7448,1400,1225,1160,317.0,0,2,n,100
6032,I6032,1600,1200,1350,303.92,45,4,n,100
6342,I6342,1600,1200,975,180.2,45,4,n,100
4212,I4212,1200,1000,975,156.15,45,1,n,100
4918,I4918,1200,1000,750,351.944,45,1,n,100
83,I0083,1600,1200,930,547.3,45,4,n,100
2499,I2499,1400,1200,1450,179.4,45,3,n,100
985,I0985,780,570,478,170.28,47,0,w,4
556,I0556,780,570,478,100.96,47,0,w,4
7962,I7962,1600,1200,1350,205.16,45,4,n,100
1376,I1376,1400,1200,1450,179.4,45,3,n,100
3665,I3665,1200,1000,1155,375.0,0,6,n,100
637,I0637,1400,1200,1450,179.4,45,3,n,100
7744,I7744,1200,1000,1057,164.04,0,6,n,100
7446,I7446,1400,1225,1160,317.0,0,2,n,100
4684,I4684,1600,1200,930,438.4,45,4,n,100
6626,I6626,1200,1000,975,183.84,45,1,n,100
3097,I3097,1600,1200,975,180.2,45,4,n,100
6657,I6657,1200,1000,750,229.88,45,1,n,100
264,I0264,1200,1000,975,165.375,45,1,n,100
1367,I1367,1400,1200,1450,179.4,45,3,n,100
200,I0200,1400,1200,1450,179.4,45,3,n,100
7440,I7440,1400,1225,1160,317.0,0,2,n,100
4130,I4130,1200,1000,359,72.704,0,6,n,100
831,I0831,1400,1200,1450,179.4,45,3,n,100
2997,I2997,1600,1200,1350,207.72,45,4,n,100
3787,I3787,780,570,478,82.32,47,0,w,4
6539,I6539,1600,1200,1350,207.72,45,4,n,100
758,I0758,1600,1200,975,1471.6,45,4,n,100
7576,I7576,1600,1200,1350,303.92,45,4,n,100
7552,I7552,1200,1000,975,337.9,45,1,n,100
2956,I2956,1600,1200,1350,303.92,45,4,n,100
7107,I7107,1600,1200,930,547.3,45,4,n,100
2949,I2949,1600,1200,930,454.873,45,4,n,100
5985,I5985,1400,1200,1450,179.4,45,3,n,100
8195,I8195,780,570,478,100.96,47,0,w,4
2950,I2950,1600,1200,930,454.873,45,4,n,100
7190,I7190,1200,1000,975,225.6,45,1,n,100
2341,I2341,1200,1000,545,690.5,45,1,n,100
7180,I7180,1400,1225,1160,278.5,0,2,n,100
2694,I2694,1400,1200,1450,179.4,45,3,n,100
7033,I7033,1600,1200,1350,207.72,45,4,n,100
5746,I5746,1400,1200,1450,179.4,45,3,n,100
977,I0977,780,570,478,81.72,47,0,w,4
3895,I3895,1400,1225,1160,317.0,0,2,n,100
7633,I7633,1400,1200,1450,179.4,45,3,n,100
3918,I3918,1400,1225,1160,278.5,0,2,n,100
4798,I4798,1600,1200,1350,207.72,45,4,n,100
762,I0762,1200,1000,975,293.32,45,1,n,100
275,I0275,1200,1000,975,577.8,45,1,n,100
3088,I3088,1600,1200,1350,303.92,45,4,n,100
6969,I6969,1400,1200,1450,179.4,45,3,n,100
1907,I1907,1200,1000,1155,375.0,0,6,n,100
2374,I2374,1400,1225,1160,317.0,0,2,n,100
7270,I7270,780,570,478,100.96,47,0,w,4
3591,I3591,1400,1225,1160,278.5,0,2,n,100
1734,I1734,780,570,478,170.28,47,0,w,4
708,I0708,1600,1200,1350,303.92,45,4,n,100
1432,I1432,1600,1200,1350,303.92,45,4,n,100
1951,I1951,1200,1000,750,229.88,45,1,n,100
5902,I5902,1400,1225,1160,317.0,0,2,n,100
1978,I1978,1600,1200,1350,303.92,45,4,n,100
5437,I5437,1400,1200,1450,179.4,45,3,n,100
7337,I7337,1400,1200,1450,179.4,45,3,n,100
1264,I1264,1200,1000,975,169.0,45,1,n,100
5184,I5184,1200,1000,975,248.88,45,1,n,100
973,I0973,1200,1000,750,405.72,45,1,n,100
505,I0505,780,570,478,100.96,47,0,w,4
2636,I2636,1200,1000,975,527.4,45,1,n,100
3148,I3148,780,570,478,96.256,47,0,w,4
1180,I1180,1600,1200,975,180.2,45,4,n,100
6020,I6020,1400,1225,1160,317.0,0,2,n,100
1567,I1567,1600,1200,975,180.2,45,4,n,100
1425,I1425,1200,1000,750,229.88,45,1,n,100
5867,I5867,1600,1200,1350,303.92,45,4,n,100
2269,I2269,1400,1200,1450,179.4,45,3,n,100
7427,I7427,780,570,478,170.28,47,0,w,4
3823,I3823,780,570,478,82.32,47,0,w,4
2202,I2202,1200,1000,975,577.8,45,1,n,100
1247,I1247,1400,1200,1450,179.4,45,3,n,100
5546,I5546,780,570,478,81.72,47,0,w,4
6296,I6296,1400,1200,1450,179.4,45,3,n,100
3302,I3302,1200,1000,975,293.32,45,1,n,100
6982,I6982,1600,1200,1350,207.72,45,4,n,100
1735,I1735,780,570,478,170.28,47,0,w,4
395,I0395,1400,1225,1160,317.0,0,2,n,100
2238,I2238,1400,1200,1450,179.4,45,3,n,100
3576,I3576,1200,1000,975,304.12,45,1,n,100
7830,I7830,1600,1200,930,514.24,45,4,n,100
3642,I3642,1400,1225,1160,317.0,0,2,n,100
5299,I5299,1600,1200,975,180.2,45,4,n,100
2289,I2289,1600,1200,1350,207.72,45,4,n,100
7231,I7231,1400,1200,1450,179.4,45,3,n,100
383,I0383,1200,1000,558,127.408,0,6,n,100
1764,I1764,780,570,478,100.96,47,0,w,4
2541,I2541,1400,1200,1450,179.4,45,3,n,100
7295,I7295,780,570,478,100.96,47,0,w,4
7555,I7555,1600,1200,930,438.4,45,4,n,100
3970,I3970,1400,1200,1450,179.4,45,3,n,100
7157,I7157,1200,1000,930,324.1,45,1,n,100
6863,I6863,1400,1200,1450,179.4,45,3,n,100
1369,I1369,1400,1200,1450,179.4,45,3,n,100
6078,I6078,1600,1200,1350,303.92,45,4,n,100
4302,I4302,1600,1200,1350,207.72,45,4,n,100
3947,I3947,1400,1200,1450,179.4,45,3,n,100
1836,I1836,1600,1200,1350,303.92,45,4,n,100
3943,I3943,1400,1200,1450,179.4,45,3,n,100
7699,I7699,1400,1225,1160,317.0,0,2,n,100
1252,I1252,1200,1000,975,169.0,45,1,n,100
8105,I8105,1400,1200,1450,179.4,45,3,n,100
1167,I1167,1600,1200,975,180.2,45,4,n,100
5618,I5618,1200,1000,750,176.5,45,1,n,100
3485,I3485,1200,1000,975,293.32,45,1,n,100
4360,I4360,1200,1000,975,337.45,45,1,n,100
5163,I5163,1600,1200,1350,207.72,45,4,n,100
1910,I1910,1200,1000,975,169.0,45,1,n,100
5427,I5427,1200,1000,750,351.756,45,1,n,100
3615,I3615,780,570,478,100.96,47,0,w,4
4833,I4833,1200,1000,975,336.7,45,1,n,100
5166,I5166,1200,1000,750,229.88,45,1,n,100
1809,I1809,1200,1000,975,527.4,45,1,n,100
7610,I7610,1200,1000,750,351.756,45,1,n,100
1926,I1926,1600,1200,1350,303.92,45,4,n,100
7816,I7816,1600,1200,1350,207.72,45,4,n,100
1404,I1404,1400,1200,1450,179.4,45,3,n,100
1866,I1866,1600,1200,1350,207.72,45,4,n,100
1948,I1948,1200,1000,750,229.88,45,1,n,100
4598,I4598,1200,1000,975,527.4,45,1,n,100
4163,I4163,1200,1000,975,336.7,45,1,n,100
2235,I2235,1400,1200,1450,179.4,45,3,n,100
7092,I7092,1200,1000,545,690.5,45,1,n,100
2924,I2924,1400,1225,1160,278.5,0,2,n,100
2659,I2659,780,570,478,100.96,47,0,w,4
7060,I7060,1600,1200,1350,207.72,45,4,n,100
192,I0192,1400,1200,1450,179.4,45,3,n,100
2162,I2162,1600,1200,1350,207.72,45,4,n,100
992,I0992,1600,1200,930,438.4,45,4,n,100
4565,I4565,1400,1225,1160,278.5,0,2,n,100
252,I0252,1600,1200,1350,303.92,45,4,n,100
233,I0233,1400,1200,1450,179.4,45,3,n,100
7925,I7925,1200,1000,975,293.32,45,1,n,100
6048,I6048,1600,1200,975,180.2,45,4,n,100
4400,I4400,1200,1000,975,169.0,45,1,n,100
2182,I2182,1600,1200,1350,207.72,45,4,n,100
4320,I4320,780,570,478,82.32,47,0,w,4
1608,I1608,1200,1000,975,225.6,45,1,n,100
5260,I5260,1200,1000,975,183.84,45,1,n,100
2388,I2388,1400,1225,1160,278.5,0,2,n,100
2343,I2343,780,570,478,160.56,47,0,w,4
5144,I5144,1200,1000,750,267.8,45,1,n,100
6370,I6370,1200,1000,975,652.0,45,1,n,100
1920,I1920,1400,1225,1160,278.5,0,2,n,100
8074,I8074,1600,1200,1350,207.72,45,4,n,100
6500,I6500,1200,1000,975,577.8,45,1,n,100
6561,I6561,1600,1200,1350,310.16,45,4,n,100
8176,I8176,1400,1200,1450,179.4,45,3,n,100
8349,I8349,1400,1225,1160,317.0,0,2,n,100
7895,I7895,1400,1200,1450,179.4,45,3,n,100
472,I0472,1200,1000,750,229.88,45,1,n,100
2284,I2284,1600,1200,1350,207.72,45,4,n,100
6133,I6133,1400,1200,1450,179.4,45,3,n,100
8179,I8179,780,570,478,81.72,47,0,w,4
3133,I3133,780,570,478,170.28,47,0,w,4
3350,I3350,1200,1000,975,225.6,45,1,n,100
3930,I3930,1200,1000,750,351.756,45,1,n,100
1972,I1972,1200,1000,930,324.1,45,1,n,100
4737,I4737,1400,1200,1450,179.4,45,3,n,100
7912,I7912,1400,1200,1450,179.4,45,3,n,100
2197,I2197,1600,1200,1350,207.72,45,4,n,100
4766,I4766,1200,1000,975,527.4,45,1,n,100
4662,I4662,1600,1200,1350,303.92,45,4,n,100
6330,I6330,1600,1200,975,180.2,45,4,n,100
4630,I4630,1400,1200,1450,179.4,45,3,n,100
4046,I4046,1200,1000,975,169.0,45,1,n,100
8170,I8170,1400,1200,1450,179.4,45,3,n,100
5631,I5631,1600,1200,1350,207.72,45,4,n,100
97,I0097,1200,1000,975,246.0,45,1,n,100
1064,I1064,1200,1000,975,259.6,45,1,n,100
1885,I1885,1200,1000,975,165.375,45,1,n,100
495,I0495,1200,1000,975,165.375,45,1,n,100
5619,I5619,1200,1000,930,343.9,45,1,n,100
4908,I4908,1400,1200,1450,179.4,45,3,n,100
5392,I5392,780,570,478,100.96,47,0,w,4
2843,I2843,1400,1200,1450,179.4,45,3,n,100
8246,I8246,1200,1000,975,384.74,45,1,n,100
1269,I1269,1200,1000,975,169.0,45,1,n,100
2188,I2188,1600,1200,1350,207.72,45,4,n,100
333,I0333,1600,1200,1350,207.72,45,4,n,100
7810,I7810,1600,1200,1350,303.92,45,4,n,100
6467,I6467,1600,1200,930,547.3,45,4,n,100
1561,I1561,1600,1200,975,180.2,45,4,n,100
842,I0842,1600,1200,1350,303.92,45,4,n,100
8312,I8312,1200,1000,975,293.32,45,1,n,100
5021,I5021,1400,1225,1160,317.0,0,2,n,100
102,I0102,1200,1000,750,229.88,45,1,n,100
3039,I3039,1200,1000,1057,179.85,0,6,n,100
1667,I1667,1200,1000,1057,179.85,0,6,n,100
7189,I7189,1200,1000,750,500.86,45,1,n,100
5961,I5961,1600,1200,1350,207.72,45,4,n,100
891,I0891,1400,1200,1450,179.4,45,3,n,100
2280,I2280,1200,1000,750,229.88,45,1,n,100
2733,I2733,780,570,478,81.72,47,0,w,4
5067,I5067,780,570,478,96.256,47,0,w,4
2025,I2025,1600,1200,1350,207.72,45,4,n,100
2126,I2126,1600,1200,930,547.3,45,4,n,100
7086,I7086,780,570,478,100.96,47,0,w,4
2635,I2635,1200,1000,975,527.4,45,1,n,100
2350,I2350,1600,1200,1350,303.92,45,4,n,100
4002,I4002,1400,1225,1160,317.0,0,2,n,100
4800,I4800,780,570,478,81.72,47,0,w,4
473,I0473,1200,1000,750,229.88,45,1,n,100
1500,I1500,1600,1200,930,438.4,45,4,n,100
5297,I5297,1600,1200,975,180.2,45,4,n,100
2157,I2157,780,570,478,270.08,47,0,w,4
5006,I5006,1400,1200,1450,179.4,45,3,n,100
2548,I2548,1400,1200,1450,179.4,45,3,n,100
2612,I2612,1400,1225,1160,317.0,0,2,n,100
575,I0575,1600,1200,930,454.873,45,4,n,100
6380,I6380,1600,1200,1350,205.16,45,4,n,100
2438,I2438,1400,1200,1450,179.4,45,3,n,100
1268,I1268,1200,1000,975,169.0,45,1,n,100
8287,I8287,780,570,478,100.96,47,0,w,4
1782,I1782,1400,1200,1450,179.4,45,3,n,100
6585,I6585,1200,1000,975,246.0,45,1,n,100
8048,I8048,780,570,478,170.28,47,0,w,4
8203,I8203,780,570,478,100.96,47,0,w,4
3533,I3533,1600,1200,930,547.3,45,4,n,100
3396,I3396,1600,1200,1350,303.92,45,4,n,100
4401,I4401,1200,1000,975,169.0,45,1,n,100
5986,I5986,1400,1200,1450,179.4,45,3,n,100
3222,I3222,1400,1200,1450,179.4,45,3,n,100
7252,I7252,1400,1200,1450,179.4,45,3,n,100
5405,I5405,1600,1200,1350,303.92,45,4,n,100
4459,I4459,1200,1000,975,336.7,45,1,n,100
5401,I5401,1600,1200,1350,303.92,45,4,n,100
5295,I5295,1600,1200,975,180.2,45,4,n,100
2348,I2348,1600,1200,1350,303.92,45,4,n,100
7265,I7265,1600,1200,1350,303.92,45,4,n,100
715,I0715,1200,1000,1155,375.0,0,6,n,100
3107,I3107,1600,1200,975,180.2,45,4,n,100
6267,I6267,1400,1200,1450,179.4,45,3,n,100
4612,I4612,1600,1200,1350,303.92,45,4,n,100
2768,I2768,1200,1000,750,351.944,45,1,n,100
3067,I3067,1200,1000,975,293.32,45,1,n,100
6317,I6317,1600,1200,1350,303.92,45,4,n,100
7085,I7085,780,570,478,100.96,47,0,w,4
4596,I4596,1200,1000,975,527.4,45,1,n,100
2626,I2626,1600,1200,1350,303.92,45,4,n,100
160,I0160,1600,1200,1350,207.72,45,4,n,100
4955,I4955,1600,1200,1350,207.72,45,4,n,100
1974,I1974,1200,1000,750,227.528,45,1,n,100
5462,I5462,1400,1225,1160,317.0,0,2,n,100
2982,I2982,780,570,478,96.256,47,0,w,4
7909,I7909,1400,1200,1450,179.4,45,3,n,100
7901,I7901,1400,1200,1450,179.4,45,3,n,100
3280,I3280,1200,1000,975,293.32,45,1,n,100
7195,I7195,1200,1000,975,225.6,45,1,n,100
7623,I7623,1400,1200,1450,179.4,45,3,n,100
5838,I5838,780,570,478,270.08,47,0,w,4
2489,I2489,1400,1200,1450,179.4,45,3,n,100
3907,I3907,1400,1225,1160,317.0,0,2,n,100
827,I0827,1400,1200,1450,179.4,45,3,n,100
6897,I6897,1200,1000,975,577.8,45,1,n,100
6695,I6695,1400,1200,1450,179.4,45,3,n,100
6327,I6327,1600,1200,975,180.2,45,4,n,100
6355,I6355,1400,1225,1160,278.5,0,2,n,100
3762,I3762,780,570,478,81.72,47,0,w,4
7017,I7017,1600,1200,1350,207.72,45,4,n,100
350,I0350,1600,1200,930,547.3,45,4,n,100
3889,I3889,1400,1225,1160,278.5,0,2,n,100
110,I0110,1400,1200,1450,179.4,45,3,n,100
4362,I4362,1200,1000,750,227.528,45,1,n,100
5252,I5252,1400,1200,1450,179.4,45,3,n,100
4505,I4505,1600,1200,930,438.4,45,4,n,100
4561,I4561,1400,1225,1160,278.5,0,2,n,100
1723,I1723,1400,1225,1160,317.0,0,2,n,100
7588,I7588,1400,1225,1160,278.5,0,2,n,100
7203,I7203,1200,1000,750,351.756,45,1,n,100
139,I0139,1400,1200,1450,179.4,45,3,n,100
5029,I5029,1400,1225,1160,317.0,0,2,n,100
6721,I6721,1400,1200,1450,179.4,45,3,n,100
1629,I1629,1600,1200,1350,303.92,45,4,n,100
1515,I1515,1200,1000,975,156.15,45,1,n,100
7908,I7908,1400,1200,1450,179.4,45,3,n,100
2152,I2152,1600,1200,930,547.3,45,4,n,100
236,I0236,1400,1200,1450,179.4,45,3,n,100
1645,I1645,1400,1200,1450,179.4,45,3,n,100
2447,I2447,1400,1200,1450,179.4,45,3,n,100
4723,I4723,1400,1200,1450,179.4,45,3,n,100
5223,I5223,1600,1200,1350,207.72,45,4,n,100
1916,I1916,1400,1225,1160,278.5,0,2,n,100
983,I0983,780,570,478,170.28,47,0,w,4
4676,I4676,1600,1200,1350,207.72,45,4,n,100
3250,I3250,1400,1200,1450,179.4,45,3,n,100
2049,I2049,1400,1200,1450,179.4,45,3,n,100
1842,I1842,1600,1200,1350,303.92,45,4,n,100
7351,I7351,1400,1200,1450,179.4,45,3,n,100
1257,I1257,1200,1000,975,169.0,45,1,n,100
87,I0087,1600,1200,1350,303.92,45,4,n,100
5576,I5576,780,570,478,101.52,47,0,w,4
5148,I5148,780,570,478,100.96,47,0,w,4
7420,I7420,780,570,478,82.32,47,0,w,4
8329,I8329,1200,1000,975,293.32,45,1,n,100
1490,I1490,1200,1000,975,225.6,45,1,n,100
876,I0876,1400,1200,1450,179.4,45,3,n,100
4282,I4282,1400,1225,1160,317.0,0,2,n,100
3597,I3597,1400,1225,1160,278.5,0,2,n,100
280,I0280,1200,1000,975,577.8,45,1,n,100
6812,I6812,1400,1225,1160,317.0,0,2,n,100
845,I0845,1600,1200,930,547.3,45,4,n,100
3075,I3075,1200,1000,975,293.32,45,1,n,100
2167,I2167,1600,1200,1350,207.72,45,4,n,100
5904,I5904,1400,1225,1160,317.0,0,2,n,100
5355,I5355,1200,1000,975,225.6,45,1,n,100
2302,I2302,1600,1200,1350,303.92,45,4,n,100
8254,I8254,780,570,478,100.96,47,0,w,4
5524,I5524,1200,1000,975,248.88,45,1,n,100
7884,I7884,1400,1200,1450,179.4,45,3,n,100
487,I0487,1600,1200,1350,303.92,45,4,n,100
2854,I2854,1400,1200,1450,179.4,45,3,n,100
6277,I6277,1200,1000,750,227.528,45,1,n,100
6423,I6423,1400,1225,1160,317.0,0,2,n,100
6779,I6779,780,570,478,81.72,47,0,w,4
3023,I3023,1200,1000,750,305.32,45,1,n,100
8056,I8056,780,570,478,100.96,47,0,w,4
4865,I4865,1400,1200,1450,179.4,45,3,n,100
8335,I8335,1200,1000,975,293.32,45,1,n,100
7857,I7857,1400,1225,1160,278.5,0,2,n,100
7139,I7139,1200,1000,975,294.46,45,1,n,100
7718,I7718,1600,1200,1350,205.16,45,4,n,100
4275,I4275,1600,1200,1350,303.92,45,4,n,100
54,I0054,1400,1200,1450,179.4,45,3,n,100
6019,I6019,1400,1225,1160,317.0,0,2,n,100
4225,I4225,1400,1200,1450,179.4,45,3,n,100
4270,I4270,1200,1000,645,330.5,0,6,n,100
5640,I5640,1600,1200,1350,207.72,45,4,n,100
4557,I4557,1400,1225,1160,278.5,0,2,n,100
1232,I1232,1400,1200,1450,179.4,45,3,n,100
2330,I2330,1600,1200,1350,303.92,45,4,n,100
8109,I8109,1400,1200,1450,179.4,45,3,n,100
4576,I4576,1400,1225,1160,278.5,0,2,n,100
5132,I5132,1400,1200,1450,179.4,45,3,n,100
3276,I3276,1200,1000,750,267.8,45,1,n,100
2442,I2442,1400,1200,1450,179.4,45,3,n,100
1857,I1857,1600,1200,1350,303.92,45,4,n,100
8324,I8324,1200,1000,975,293.32,45,1,n,100
698,I0698,1600,1200,1350,207.72,45,4,n,100
7934,I7934,1200,1000,975,293.32,45,1,n,100
4344,I4344,1600,1200,1350,207.72,45,4,n,100
986,I0986,780,570,478,170.28,47,0,w,4
8107,I8107,1400,1200,1450,179.4,45,3,n,100
2892,I2892,780,570,478,160.56,47,0,w,4
1737,I1737,780,570,478,170.28,47,0,w,4
2102,I2102,1600,1200,930,277.828,45,4,n,100
1134,I1134,1200,1000,975,248.88,45,1,n,100
8093,I8093,1400,1200,1450,179.4,45,3,n,100
5419,I5419,1600,1200,930,277.828,45,4,n,100
449,I0449,1600,1200,930,514.24,45,4,n,100
29,I0029,1400,1200,1450,179.4,45,3,n,100
7235,I7235,1400,1200,1450,179.4,45,3,n,100
1102,I1102,1200,1000,975,293.32,45,1,n,100
2735,I2735,1200,1000,975,308.76,45,1,n,100
7415,I7415,780,570,478,82.32,47,0,w,4
5250,I5250,1400,1200,1450,179.4,45,3,n,100
6196,I6196,1400,1225,1160,317.0,0,2,n,100
7560,I7560,1200,1000,750,229.88,45,1,n,100
7834,I7834,1200,1000,975,259.6,45,1,n,100
3369,I3369,1400,1200,1450,179.4,45,3,n,100
2723,I2723,1400,1225,1160,317.0,0,2,n,100
3705,I3705,1400,1200,1450,179.4,45,3,n,100
2265,I2265,1400,1200,1450,179.4,45,3,n,100
7991,I7991,1600,1200,1350,207.72,45,4,n,100
1440,I1440,1600,1200,1350,207.72,45,4,n,100
3368,I3368,1400,1200,1450,179.4,45,3,n,100
4758,I4758,780,570,478,104.768,47,0,w,4
5389,I5389,780,570,478,100.96,47,0,w,4
2136,I2136,780,570,478,82.32,47,0,w,4
3176,I3176,1200,1000,975,165.375,45,1,n,100
2729,I2729,780,570,478,81.72,47,0,w,4
85,I0085,1600,1200,1350,303.92,45,4,n,100
480,I0480,1200,1000,975,165.375,45,1,n,100
417,I0417,780,570,478,160.56,47,0,w,4
64,I0064,1600,1200,1350,303.92,45,4,n,100
7646,I7646,1600,1200,975,180.2,45,4,n,100
7152,I7152,1400,1225,1160,317.0,0,2,n,100
2526,I2526,1400,1200,1450,179.4,45,3,n,100
7106,I7106,1600,1200,930,547.3,45,4,n,100
6493,I6493,1600,1200,930,438.4,45,4,n,100
337,I0337,1600,1200,1350,207.72,45,4,n,100
1049,I1049,1600,1200,1350,303.92,45,4,n,100
7613,I7613,780,570,478,270.08,47,0,w,4
5452,I5452,1200,1000,750,229.88,45,1,n,100
2052,I2052,1400,1200,1450,179.4,45,3,n,100
7399,I7399,1200,1000,975,308.76,45,1,n,100
2810,I2810,1200,1000,975,527.4,45,1,n,100
440,I0440,1400,1200,1450,179.4,45,3,n,100
4012,I4012,1200,1000,975,156.15,45,1,n,100
1552,I1552,1200,1000,975,169.0,45,1,n,100
3713,I3713,1400,1200,1450,179.4,45,3,n,100
5679,I5679,1400,1200,1450,179.4,45,3,n,100
6034,I6034,1600,1200,975,180.2,45,4,n,100
5351,I5351,1200,1000,975,225.6,45,1,n,100
6173,I6173,1600,1200,1350,207.72,45,4,n,100
7431,I7431,1200,1000,750,227.528,45,1,n,100
7315,I7315,1400,1225,1160,278.5,0,2,n,100
3320,I3320,1200,1000,1057,164.04,0,6,n,100
385,I0385,1400,1225,1160,317.0,0,2,n,100
6836,I6836,1400,1200,1450,179.4,45,3,n,100
150,I0150,1400,1200,1450,179.4,45,3,n,100
5035,I5035,780,570,478,82.32,47,0,w,4
5530,I5530,1600,1200,1350,205.16,45,4,n,100
6103,I6103,1400,1200,1450,179.4,45,3,n,100
2692,I2692,1400,1200,1450,179.4,45,3,n,100
3186,I3186,780,570,478,81.72,47,0,w,4
7874,I7874,1200,1000,975,527.4,45,1,n,100
2984,I2984,780,570,478,270.08,47,0,w,4
3871,I3871,1200,1000,975,293.32,45,1,n,100
3987,I3987,1400,1200,1450,179.4,45,3,n,100
7184,I7184,1400,1225,1160,278.5,0,2,n,100
1881,I1881,1600,1200,1350,207.72,45,4,n,100
4836,I4836,1200,1000,975,336.7,45,1,n,100
7327,I7327,1200,1000,750,405.72,45,1,n,100
3917,I3917,1400,1225,1160,278.5,0,2,n,100
8258,I8258,780,570,478,100.96,47,0,w,4
445,I0445,1400,1200,1450,179.4,45,3,n,100
3647,I3647,1400,1225,1160,317.0,0,2,n,100
6011,I6011,1400,1225,1160,317.0,0,2,n,100
5478,I5478,1200,1000,975,259.6,45,1,n,100
5038,I5038,780,570,478,82.32,47,0,w,4
1227,I1227,1400,1200,1450,179.4,45,3,n,100
5568,I5568,1600,1200,1350,207.72,45,4,n,100
4458,I4458,1200,1000,975,336.7,45,1,n,100
4541,I4541,1400,1200,1450,179.4,45,3,n,100
4920,I4920,1200,1000,750,351.944,45,1,n,100
643,I0643,1400,1200,1450,179.4,45,3,n,100
1729,I1729,1400,1225,1160,317.0,0,2,n,100
648,I0648,1400,1225,1160,278.5,0,2,n,100
6730,I6730,1200,1000,1155,375.0,0,6,n,100
6111,I6111,1400,1200,1450,179.4,45,3,n,100
7561,I7561,1200,1000,750,229.88,45,1,n,100
2960,I2960,1600,1200,1350,207.72,45,4,n,100
7171,I7171,1600,1200,930,454.873,45,4,n,100
5570,I5570,1600,1200,1350,207.72,45,4,n,100
3756,I3756,1200,1000,975,183.84,45,1,n,100
7506,I7506,780,570,478,82.32,47,0,w,4
1072,I1072,1600,1200,1350,207.72,45,4,n,100
6741,I6741,1600,1200,1350,303.92,45,4,n,100
5341,I5341,1600,1200,1350,207.72,45,4,n,100
8205,I8205,780,570,478,100.96,47,0,w,4
531,I0531,1400,1200,1450,179.4,45,3,n,100
665,I0665,1400,1200,1450,179.4,45,3,n,100
1144,I1144,780,570,478,81.72,47,0,w,4
3087,I3087,1600,1200,1350,303.92,45,4,n,100
2623,I2623,1600,1200,1350,303.92,45,4,n,100
3006,I3006,1600,1200,1350,207.72,45,4,n,100
4724,I4724,1400,1200,1450,179.4,45,3,n,100
7302,I7302,780,570,478,100.96,47,0,w,4
7681,I7681,1600,1200,1350,207.72,45,4,n,100
5649,I5649,1600,1200,930,547.3,45,4,n,100
1572,I1572,1600,1200,975,180.2,45,4,n,100
114,I0114,1400,1200,1450,179.4,45,3,n,100
1183,I1183,1600,1200,975,180.2,45,4,n,100
1048,I1048,1600,1200,1350,303.92,45,4,n,100
5713,I5713,780,570,478,96.256,47,0,w,4
3390,I3390,1400,1200,1450,179.4,45,3,n,100
2175,I2175,1200,1000,750,229.88,45,1,n,100
1398,I1398,1400,1200,1450,179.4,45,3,n,100
3909,I3909,1200,1000,750,227.528,45,1,n,100
324,I0324,1400,1200,1450,179.4,45,3,n,100
1646,I1646,1400,1200,1450,179.4,45,3,n,100
3782,I3782,780,570,478,170.28,47,0,w,4
1703,I1703,1200,1000,975,183.84,45,1,n,100
2362,I2362,1600,1200,975,1471.6,45,4,n,100
5541,I5541,1600,1200,1350,205.16,45,4,n,100
824,I0824,1400,1200,1450,179.4,45,3,n,100
7462,I7462,1400,1225,1160,278.5,0,2,n,100
965,I0965,1200,1000,750,351.944,45,1,n,100
107,I0107,1400,1200,1450,179.4,45,3,n,100
7652,I7652,1600,1200,975,180.2,45,4,n,100
7527,I7527,1600,1200,1350,303.92,45,4,n,100
2719,I2719,1400,1225,1160,317.0,0,2,n,100
6683,I6683,1400,1200,1450,179.4,45,3,n,100
2594,I2594,1600,1200,1350,207.72,45,4,n,100
7150,I7150,1400,1225,1160,317.0,0,2,n,100
5531,I5531,1600,1200,1350,205.16,45,4,n,100
2287,I2287,1600,1200,1350,207.72,45,4,n,100
3908,I3908,1400,1225,1160,317.0,0,2,n,100
1826,I1826,1600,1200,1350,303.92,45,4,n,100
339,I0339,1600,1200,1350,207.72,45,4,n,100
3968,I3968,1400,1200,1450,179.4,45,3,n,100
3268,I3268,1600,1200,930,438.4,45,4,n,100
4068,I4068,1200,1000,975,169.0,45,1,n,100
2226,I2226,1200,1000,1155,373.25,0,6,n,100
1591,I1591,1600,1200,1350,303.92,45,4,n,100
5301,I5301,1600,1200,975,180.2,45,4,n,100
237,I0237,1400,1200,1450,179.4,45,3,n,100
4844,I4844,1600,1200,975,611.224,45,4,n,100
2445,I2445,1400,1200,1450,179.4,45,3,n,100
4796,I4796,1600,1200,1350,207.72,45,4,n,100
2831,I2831,780,570,478,81.72,47,0,w,4
6491,I6491,1600,1200,930,438.4,45,4,n,100
6461,I6461,1200,1000,750,267.8,45,1,n,100
7746,I7746,1200,1000,750,227.528,45,1,n,100
1300,I1300,1400,1200,1450,179.4,45,3,n,100
5545,I5545,780,570,478,81.72,47,0,w,4
815,I0815,1400,1200,1450,179.4,45,3,n,100
3447,I3447,1200,1000,975,293.32,45,1,n,100
5130,I5130,1400,1200,1450,179.4,45,3,n,100
7855,I7855,1400,1225,1160,278.5,0,2,n,100
3904,I3904,1400,1225,1160,317.0,0,2,n,100
3256,I3256,1400,1200,1450,179.4,45,3,n,100
7715,I7715,1600,1200,1350,205.16,45,4,n,100
3196,I3196,1200,1000,750,405.72,45,1,n,100
582,I0582,1200,1000,975,336.7,45,1,n,100
1256,I1256,1200,1000,975,169.0,45,1,n,100
5461,I5461,1400,1225,1160,317.0,0,2,n,100
3289,I3289,1200,1000,975,293.32,45,1,n,100
4925,I4925,1400,1200,1450,179.4,45,3,n,100
2300,I2300,1600,1200,1350,303.92,45,4,n,100
8036,I8036,1200,1000,975,156.15,45,1,n,100
6959,I6959,780,570,478,160.56,47,0,w,4
2650,I2650,1200,1000,545,690.5,45,1,n,100
1179,I1179,1600,1200,975,180.2,45,4,n,100
3928,I3928,1200,1000,545,729.5,45,1,n,100
2053,I2053,1400,1200,1450,179.4,45,3,n,100
2473,I2473,1600,1200,1350,207.72,45,4,n,100
113,I0113,1400,1200,1450,179.4,45,3,n,100
2104,I2104,1400,1225,1160,278.5,0,2,n,100
1435,I1435,1600,1200,1350,303.92,45,4,n,100
2443,I2443,1400,1200,1450,179.4,45,3,n,100
1700,I1700,1200,1000,750,227.528,45,1,n,100
5267,I5267,1400,1225,1160,278.5,0,2,n,100
3643,I3643,1400,1225,1160,317.0,0,2,n,100
2253,I2253,1400,1200,1450,179.4,45,3,n,100
21,I0021,1400,1225,1160,278.5,0,2,n,100
36,I0036,1400,1200,1450,179.4,45,3,n,100
1568,I1568,1600,1200,975,180.2,45,4,n,100
8268,I8268,1200,1000,975,156.15,45,1,n,100
1590,I1590,1600,1200,1350,303.92,45,4,n,100
1740,I1740,1400,1225,1160,317.0,0,2,n,100
6455,I6455,1600,1200,1350,207.72,45,4,n,100
1680,I1680,1400,1200,1450,179.4,45,3,n,100
226,I0226,1400,1200,1450,179.4,45,3,n,100
1184,I1184,1600,1200,975,180.2,45,4,n,100
2702,I2702,1200,1000,750,351.944,45,1,n,100
5182,I5182,1200,1000,975,225.6,45,1,n,100
5923,I5923,1400,1200,1450,179.4,45,3,n,100
4449,I4449,1200,1000,750,227.528,45,1,n,100
3796,I3796,1600,1200,930,547.3,45,4,n,100
4155,I4155,1600,1200,930,277.828,45,4,n,100
2693,I2693,1400,1200,1450,179.4,45,3,n,100
3377,I3377,1400,1200,1450,179.4,45,3,n,100
2082,I2082,780,570,478,81.72,47,0,w,4
2589,I2589,1600,1200,1350,207.72,45,4,n,100
4385,I4385,1200,1000,975,169.0,45,1,n,100
2873,I2873,1400,1200,1450,179.4,45,3,n,100
8141,I8141,1200,1000,975,527.4,45,1,n,100
7549,I7549,1600,1200,930,310.76,45,4,n,100
1464,I1464,1200,1000,975,293.32,45,1,n,100
915,I0915,1200,1000,975,527.4,45,1,n,100
1484,I1484,1200,1000,975,293.32,45,1,n,100
5129,I5129,1400,1200,1450,179.4,45,3,n,100
2333,I2333,1600,1200,1350,303.92,45,4,n,100
5346,I5346,1600,1200,1350,207.72,45,4,n,100
6702,I6702,1400,1200,1450,179.4,45,3,n,100
6879,I6879,1200,1000,975,527.4,45,1,n,100
6125,I6125,1400,1200,1450,179.4,45,3,n,100
6557,I6557,1200,1000,750,229.88,45,1,n,100
3212,I3212,1400,1200,1450,179.4,45,3,n,100
2986,I2986,1600,1200,975,1471.6,45,4,n,100
3457,I3457,1200,1000,975,293.32,45,1,n,100
1486,I1486,1200,1000,750,405.72,45,1,n,100
6941,I6941,1400,1225,1160,278.5,0,2,n,100
8050,I8050,780,570,478,170.28,47,0,w,4
5044,I5044,1200,1000,975,165.375,45,1,n,100
7146,I7146,1400,1225,1160,317.0,0,2,n,100
4869,I4869,1400,1200,1450,179.4,45,3,n,100
5425,I5425,780,570,478,269.32,47,0,w,4
5429,I5429,1200,1000,975,246.0,45,1,n,100
3822,I3822,780,570,478,82.32,47,0,w,4
8066,I8066,1600,1200,1350,303.92,45,4,n,100
459,I0459,1200,1000,975,577.8,45,1,n,100
569,I0569,1600,1200,1350,303.92,45,4,n,100
6522,I6522,1400,1200,1450,179.4,45,3,n,100
7161,I7161,1200,1000,1155,375.0,0,6,n,100
5633,I5633,1600,1200,1350,207.72,45,4,n,100
5291,I5291,1600,1200,975,180.2,45,4,n,100
3761,I3761,780,570,478,81.72,47,0,w,4
8328,I8328,1200,1000,975,293.32,45,1,n,100
6444,I6444,1600,1200,1350,207.72,45,4,n,100
905,I0905,1400,1200,1450,179.4,45,3,n,100
7115,I7115,1400,1200,1450,179.4,45,3,n,100
4838,I4838,1600,1200,1350,303.92,45,4,n,100
6993,I6993,1200,1000,545,690.5,45,1,n,100
143,I0143,1400,1200,1450,179.4,45,3,n,100
6737,I6737,1200,1000,975,527.4,45,1,n,100
1682,I1682,1400,1200,1450,179.4,45,3,n,100
6679,I6679,1400,1200,1450,179.4,45,3,n,100
2321,I2321,1400,1200,1450,179.4,45,3,n,100
671,I0671,1400,1200,1450,179.4,45,3,n,100
4945,I4945,1600,1200,1350,207.72,45,4,n,100
6474,I6474,1200,1000,975,336.7,45,1,n,100
6994,I6994,1400,1200,1450,179.4,45,3,n,100
4539,I4539,1200,1000,1155,373.25,0,6,n,100
311,I0311,1400,1200,1450,179.4,45,3,n,100
7647,I7647,1600,1200,975,180.2,45,4,n,100
5673,I5673,1600,1200,1350,205.16,45,4,n,100
8239,I8239,1600,1200,1350,303.92,45,4,n,100
2974,I2974,1600,1200,1350,207.72,45,4,n,100
2874,I2874,1400,1200,1450,179.4,45,3,n,100
2959,I2959,1600,1200,1350,303.92,45,4,n,100
1198,I1198,1600,1200,975,180.2,45,4,n,100
5134,I5134,1400,1200,1450,179.4,45,3,n,100
2023,I2023,1600,1200,1350,207.72,45,4,n,100
3860,I3860,1200,1000,975,293.32,45,1,n,100
3069,I3069,1200,1000,975,293.32,45,1,n,100
6796,I6796,1600,1200,930,438.4,45,4,n,100
5475,I5475,1600,1200,1350,303.92,45,4,n,100
4025,I4025,780,570,478,100.96,47,0,w,4
2556,I2556,1400,1200,1450,179.4,45,3,n,100
7608,I7608,1200,1000,359,77.352,0,6,n,100
1773,I1773,1200,1000,750,229.88,45,1,n,100
4919,I4919,1200,1000,750,351.944,45,1,n,100
4069,I4069,1200,1000,975,169.0,45,1,n,100
635,I0635,1400,1200,1450,179.4,45,3,n,100
5783,I5783,1200,1000,545,729.5,45,1,n,100
4615,I4615,1400,1200,1450,179.4,45,3,n,100
1042,I1042,1200,1000,975,336.7,45,1,n,100
1870,I1870,1600,1200,1350,207.72,45,4,n,100
4377,I4377,1600,1200,1350,207.72,45,4,n,100
5013,I5013,1400,1225,1160,278.5,0,2,n,100
7554,I7554,1600,1200,930,438.4,45,4,n,100
6113,I6113,780,570,478,160.56,47,0,w,4
6506,I6506,1200,1000,975,165.375,45,1,n,100
3427,I3427,780,570,478,269.32,47,0,w,4
4673,I4673,1600,1200,1350,207.72,45,4,n,100
1571,I1571,1600,1200,975,180.2,45,4,n,100
6549,I6549,780,570,478,100.96,47,0,w,4
1287,I1287,1200,1000,975,577.8,45,1,n,100
8003,I8003,1600,1200,1350,205.16,45,4,n,100
3363,I3363,1400,1200,1450,179.4,45,3,n,100
1538,I1538,1600,1200,1350,303.92,45,4,n,100
5683,I5683,1400,1200,1450,179.4,45,3,n,100
8270,I8270,1400,1200,1450,179.4,45,3,n,100
4970,I4970,780,570,478,160.56,47,0,w,4
7787,I7787,1400,1200,1450,179.4,45,3,n,100
409,I0409,1200,1000,1155,366.75,0,6,n,100
3476,I3476,1200,1000,975,293.32,45,1,n,100
2664,I2664,1600,1200,1350,303.92,45,4,n,100
1061,I1061,1200,1000,975,259.6,45,1,n,100
6713,I6713,1400,1200,1450,179.4,45,3,n,100
1470,I1470,1200,1000,975,293.32,45,1,n,100
4131,I4131,1200,1000,750,229.88,45,1,n,100
6313,I6313,1600,1200,930,514.24,45,4,n,100
5361,I5361,1400,1200,1450,179.4,45,3,n,100
1893,I1893,1600,1200,1350,303.92,45,4,n,100
6376,I6376,1600,1200,1350,205.16,45,4,n,100
412,I0412,1600,1200,930,454.873,45,4,n,100
5359,I5359,1400,1200,1450,179.4,45,3,n,100
6592,I6592,1600,1200,1350,205.16,45,4,n,100
211,I0211,1600,1200,930,438.4,45,4,n,100
956,I0956,1600,1200,1350,207.72,45,4,n,100
101,I0101,1200,1000,750,229.88,45,1,n,100
1752,I1752,1600,1200,1350,303.92,45,4,n,100
4894,I4894,1200,1000,975,246.0,45,1,n,100
4277,I4277,1600,1200,1350,303.92,45,4,n,100
6745,I6745,1600,1200,930,547.3,45,4,n,100
2502,I2502,1600,1200,1350,303.92,45,4,n,100
2786,I2786,1600,1200,1350,207.72,45,4,n,100
4091,I4091,1400,1200,1450,179.4,45,3,n,100
1832,I1832,1200,1000,545,729.5,45,1,n,100
204,I0204,1400,1200,1450,179.4,45,3,n,100
1236,I1236,1400,1200,1450,179.4,45,3,n,100
7499,I7499,1600,1200,975,611.224,45,4,n,100
2862,I2862,1400,1200,1450,179.4,45,3,n,100
2684,I2684,1400,1200,1450,179.4,45,3,n,100
807,I0807,1200,1000,975,165.375,45,1,n,100
3459,I3459,1200,1000,975,293.32,45,1,n,100
7347,I7347,1400,1200,1450,179.4,45,3,n,100
6121,I6121,1400,1200,1450,179.4,45,3,n,100
2006,I2006,1600,1200,1350,207.72,45,4,n,100
2609,I2609,1400,1225,1160,317.0,0,2,n,100
4999,I4999,1400,1200,1450,179.4,45,3,n,100
5579,I5579,780,570,478,82.32,47,0,w,4
6985,I6985,1600,1200,1350,207.72,45,4,n,100
1677,I1677,1400,1200,1450,179.4,45,3,n,100
6074,I6074,780,570,478,82.32,47,0,w,4
6732,I6732,1200,1000,975,527.4,45,1,n,100
4719,I4719,1400,1200,1450,179.4,45,3,n,100
4655,I4655,1200,1000,645,330.5,0,6,n,100
7030,I7030,1600,1200,1350,207.72,45,4,n,100
2413,I2413,1400,1200,1450,179.4,45,3,n,100
7779,I7779,1400,1200,1450,179.4,45,3,n,100
7581,I7581,1200,1000,975,248.88,45,1,n,100
7491,I7491,1400,1200,1450,179.4,45,3,n,100
619,I0619,1400,1200,1450,179.4,45,3,n,100
1982,I1982,1600,1200,1350,303.92,45,4,n,100
2419,I2419,1400,1200,1450,179.4,45,3,n,100
186,I0186,1400,1200,1450,179.4,45,3,n,100
2424,I2424,1400,1200,1450,179.4,45,3,n,100
994,I0994,1600,1200,930,438.4,45,4,n,100
772,I0772,1200,1000,975,293.32,45,1,n,100
4882,I4882,1200,1000,545,729.5,45,1,n,100
5795,I5795,1600,1200,930,277.828,45,4,n,100
2131,I2131,780,570,478,82.32,47,0,w,4
5323,I5323,1600,1200,1350,207.72,45,4,n,100
6489,I6489,1600,1200,930,438.4,45,4,n,100
519,I0519,1400,1200,1450,179.4,45,3,n,100
1471,I1471,1200,1000,975,293.32,45,1,n,100
8314,I8314,1200,1000,975,293.32,45,1,n,100
7682,I7682,1600,1200,1350,207.72,45,4,n,100
3765,I3765,1200,1000,359,29.38,0,6,n,100
2133,I2133,780,570,478,82.32,47,0,w,4
3977,I3977,1400,1200,1450,179.4,45,3,n,100
3085,I3085,1200,1000,750,500.86,45,1,n,100
3799,I3799,1400,1200,1450,179.4,45,3,n,100
5966,I5966,1600,1200,930,438.4,45,4,n,100
411,I0411,1200,1000,750,227.528,45,1,n,100
6858,I6858,1400,1200,1450,179.4,45,3,n,100
6623,I6623,1200,1000,975,336.7,45,1,n,100
6153,I6153,1200,1000,750,351.756,45,1,n,100
1769,I1769,1200,1000,750,229.88,45,1,n,100
14,I0014,1400,1225,1160,278.5,0,2,n,100
8321,I8321,1200,1000,975,293.32,45,1,n,100
8365,I8365,1200,1000,975,337.9,45,1,n,100
1075,I1075,1600,1200,1350,207.72,45,4,n,100
4287,I4287,1400,1225,1160,317.0,0,2,n,100
6436,I6436,1400,1225,1160,278.5,0,2,n,100
6072,I6072,780,570,478,82.32,47,0,w,4
7534,I7534,1600,1200,1350,205.16,45,4,n,100
4369,I4369,1600,1200,975,611.224,45,4,n,100
4044,I4044,1200,1000,975,169.0,45,1,n,100
4384,I4384,1200,1000,975,169.0,45,1,n,100
1334,I1334,1400,1225,1160,278.5,0,2,n,100
7485,I7485,1400,1200,1450,179.4,45,3,n,100
819,I0819,1400,1200,1450,179.4,45,3,n,100
2850,I2850,1400,1200,1450,179.4,45,3,n,100
3508,I3508,1400,1225,1160,317.0,0,2,n,100
7778,I7778,1400,1200,1450,179.4,45,3,n,100
7556,I7556,1600,1200,930,438.4,45,4,n,100
5522,I5522,1600,1200,930,547.3,45,4,n,100
4241,I4241,1600,1200,1350,207.72,45,4,n,100
4279,I4279,1200,1000,545,729.5,45,1,n,100
7237,I7237,1400,1200,1450,179.4,45,3,n,100
7238,I7238,1400,1200,1450,179.4,45,3,n,100
4901,I4901,1400,1200,1450,179.4,45,3,n,100
1159,I1159,1200,1000,750,351.944,45,1,n,100
4450,I4450,1200,1000,750,229.88,45,1,n,100
3857,I3857,1200,1000,975,293.32,45,1,n,100
2267,I2267,1400,1200,1450,179.4,45,3,n,100
3452,I3452,1200,1000,975,293.32,45,1,n,100
2938,I2938,1400,1225,1160,317.0,0,2,n,100
3055,I3055,1200,1000,975,293.32,45,1,n,100
7836,I7836,780,570,478,160.56,47,0,w,4
2401,I2401,1400,1225,1160,278.5,0,2,n,100
2349,I2349,1600,1200,1350,303.92,45,4,n,100
5398,I5398,1600,1200,1350,303.92,45,4,n,100
7239,I7239,1400,1200,1450,179.4,45,3,n,100
1888,I1888,1600,1200,1350,303.92,45,4,n,100
4506,I4506,1600,1200,930,438.4,45,4,n,100
1035,I1035,780,570,478,104.768,47,0,w,4
2088,I2088,1600,1200,930,438.4,45,4,n,100
2241,I2241,1400,1200,1450,179.4,45,3,n,100
271,I0271,780,570,478,96.256,47,0,w,4
6718,I6718,1400,1200,1450,179.4,45,3,n,100
5215,I5215,1600,1200,1350,207.72,45,4,n,100
1878,I1878,1600,1200,1350,207.72,45,4,n,100
5572,I5572,1600,1200,1350,207.72,45,4,n,100
8023,I8023,1200,1000,750,229.88,45,1,n,100
756,I0756,1400,1200,1450,179.4,45,3,n,100
6934,I6934,1400,1225,1160,278.5,0,2,n,100
205,I0205,1400,1200,1450,179.4,45,3,n,100
6664,I6664,1200,1000,1057,164.04,0,6,n,100
6932,I6932,1400,1225,1160,278.5,0,2,n,100
5852,I5852,1400,1200,1450,179.4,45,3,n,100
7132,I7132,1400,1200,1450,179.4,45,3,n,100
4504,I4504,1600,1200,930,438.4,45,4,n,100
7679,I7679,1600,1200,1350,207.72,45,4,n,100
1244,I1244,1400,1200,1450,179.4,45,3,n,100
3942,I3942,1400,1200,1450,179.4,45,3,n,100
3650,I3650,1400,1225,1160,317.0,0,2,n,100
1504,I1504,1600,1200,930,438.4,45,4,n,100
1309,I1309,1900,1200,750,713.62,45,5,n,100
960,I0960,1900,1200,750,845.38,45,5,n,100
3431,I3431,1600,1200,930,547.3,45,4,n,100
3290,I3290,1200,1000,975,293.32,45,1,n,100
5058,I5058,1200,1000,975,337.45,45,1,n,100
7596,I7596,1400,1225,1160,317.0,0,2,n,100
4195,I4195,1200,1000,975,165.375,45,1,n,100
1303,I1303,1200,1000,750,405.72,45,1,n,100
1420,I1420,1600,1200,1350,205.16,45,4,n,100
5748,I5748,1400,1200,1450,179.4,45,3,n,100
451,I0451,1200,1000,975,384.74,45,1,n,100
3144,I3144,1600,1200,930,454.873,45,4,n,100
3731,I3731,1400,1200,1450,179.4,45,3,n,100
2365,I2365,1200,1000,750,351.944,45,1,n,100
2610,I2610,1400,1225,1160,317.0,0,2,n,100
5781,I5781,1600,1200,1350,303.92,45,4,n,100
3655,I3655,780,570,478,270.08,47,0,w,4
5707,I5707,1400,1225,1160,317.0,0,2,n,100
3429,I3429,1600,1200,930,547.3,45,4,n,100
7457,I7457,1400,1225,1160,278.5,0,2,n,100
2808,I2808,1200,1000,975,527.4,45,1,n,100
1702,I1702,1200,1000,975,183.84,45,1,n,100
3374,I3374,1400,1200,1450,179.4,45,3,n,100
6684,I6684,1400,1200,1450,179.4,45,3,n,100
2663,I2663,1600,1200,1350,303.92,45,4,n,100
3351,I3351,1600,1200,930,438.4,45,4,n,100
4390,I4390,1200,1000,975,169.0,45,1,n,100
5076,I5076,1600,1200,930,438.4,45,4,n,100
1749,I1749,1400,1225,1160,317.0,0,2,n,100
7424,I7424,1900,1200,750,713.62,45,5,n,100
606,I0606,1400,1225,1160,278.5,0,2,n,100
3381,I3381,1400,1200,1450,179.4,45,3,n,100
2137,I2137,780,570,478,82.32,47,0,w,4
7548,I7548,1200,1000,1057,164.04,0,6,n,100
1637,I1637,1400,1200,1450,179.4,45,3,n,100
882,I0882,1400,1200,1450,179.4,45,3,n,100
4389,I4389,1200,1000,975,169.0,45,1,n,100
5930,I5930,1400,1200,1450,179.4,45,3,n,100
8040,I8040,1200,1000,750,305.32,45,1,n,100
4026,I4026,780,570,478,100.96,47,0,w,4
6498,I6498,1200,1000,975,577.8,45,1,n,100
8029,I8029,1200,1000,975,337.45,45,1,n,100
8217,I8217,1200,1000,750,227.528,45,1,n,100
7837,I7837,780,570,478,160.56,47,0,w,4
7684,I7684,1200,1000,750,305.32,45,1,n,100
8075,I8075,1600,1200,1350,207.72,45,4,n,100
5778,I5778,1600,1200,1350,207.72,45,4,n,100
6031,I6031,1600,1200,1350,303.92,45,4,n,100
950,I0950,1400,1200,1450,179.4,45,3,n,100
5217,I5217,1600,1200,1350,207.72,45,4,n,100
2440,I2440,1400,1200,1450,179.4,45,3,n,100
6565,I6565,1600,1200,1350,303.92,45,4,n,100
1382,I1382,1400,1200,1450,179.4,45,3,n,100
1467,I1467,1200,1000,975,293.32,45,1,n,100
7178,I7178,1400,1225,1160,278.5,0,2,n,100
3172,I3172,1200,1000,975,165.375,45,1,n,100
3245,I3245,1400,1200,1450,179.4,45,3,n,100
6918,I6918,1900,1200,750,845.38,45,5,n,100
4260,I4260,1400,1225,1160,278.5,0,2,n,100
1208,I1208,1600,1200,975,180.2,45,4,n,100
6305,I6305,1200,1000,645,330.5,0,6,n,100
6744,I6744,1600,1200,930,547.3,45,4,n,100
922,I0922,1400,1200,1450,179.4,45,3,n,100
7125,I7125,1400,1200,1450,179.4,45,3,n,100
223,I0223,1400,1200,1450,179.4,45,3,n,100
4118,I4118,1400,1225,1160,317.0,0,2,n,100
6227,I6227,1600,1200,1350,207.72,45,4,n,100
46,I0046,1400,1200,1450,179.4,45,3,n,100
678,I0678,1400,1200,1450,179.4,45,3,n,100
3080,I3080,1200,1000,750,267.8,45,1,n,100
3021,I3021,1200,1000,975,183.84,45,1,n,100
4493,I4493,1400,1225,1160,317.0,0,2,n,100
7545,I7545,1600,1200,1350,205.16,45,4,n,100
4034,I4034,1600,1200,1350,207.72,45,4,n,100
5661,I5661,1600,1200,930,454.873,45,4,n,100
3370,I3370,1400,1200,1450,179.4,45,3,n,100
3973,I3973,1400,1200,1450,179.4,45,3,n,100
5220,I5220,1600,1200,1350,303.92,45,4,n,100
3669,I3669,1600,1200,1350,207.72,45,4,n,100
6824,I6824,1400,1200,1450,179.4,45,3,n,100
5327,I5327,1200,1000,545,729.5,45,1,n,100
7997,I7997,1600,1200,1350,303.92,45,4,n,100
3236,I3236,1400,1200,1450,179.4,45,3,n,100
306,I0306,1400,1200,1450,179.4,45,3,n,100
6552,I6552,780,570,478,100.96,47,0,w,4
2123,I2123,1600,1200,930,547.3,45,4,n,100
7308,I7308,780,570,478,170.28,47,0,w,4
1283,I1283,1200,1000,975,577.8,45,1,n,100
5720,I5720,1600,1200,1350,303.92,45,4,n,100
1272,I1272,1200,1000,975,169.0,45,1,n,100
822,I0822,1400,1200,1450,179.4,45,3,n,100
4851,I4851,1400,1200,1450,179.4,45,3,n,100
5645,I5645,1600,1200,930,547.3,45,4,n,100
2395,I2395,1400,1225,1160,278.5,0,2,n,100
416,I0416,1600,1200,930,454.873,45,4,n,100
4456,I4456,1200,1000,975,336.7,45,1,n,100
7276,I7276,1600,1200,930,547.3,45,4,n,100
4913,I4913,1400,1200,1450,179.4,45,3,n,100
7630,I7630,1400,1200,1450,179.4,45,3,n,100
7720,I7720,1200,1000,975,577.8,45,1,n,100
7943,I7943,1200,1000,975,293.32,45,1,n,100
3689,I3689,1600,1200,975,180.2,45,4,n,100
1355,I1355,1600,1200,930,438.4,45,4,n,100
6222,I6222,1600,1200,1350,207.72,45,4,n,100
7738,I7738,1600,1200,930,277.828,45,4,n,100
3005,I3005,1600,1200,1350,207.72,45,4,n,100
5380,I5380,1200,1000,750,229.88,45,1,n,100
5370,I5370,780,570,478,82.32,47,0,w,4
5688,I5688,1400,1200,1450,179.4,45,3,n,100
4122,I4122,1400,1225,1160,317.0,0,2,n,100
7842,I7842,1600,1200,1350,303.92,45,4,n,100
4169,I4169,1400,1225,1160,278.5,0,2,n,100
86,I0086,1600,1200,1350,303.92,45,4,n,100
427,I0427,1400,1200,1450,179.4,45,3,n,100
5647,I5647,1600,1200,930,547.3,45,4,n,100
6299,I6299,1400,1200,1450,179.4,45,3,n,100
328,I0328,1200,1000,1155,366.75,0,6,n,100
2195,I2195,1600,1200,1350,207.72,45,4,n,100
1374,I1374,1400,1200,1450,179.4,45,3,n,100
3598,I3598,1200,1000,975,577.8,45,1,n,100
1523,I1523,1600,1200,1350,303.92,45,4,n,100
7822,I7822,1200,1000,975,577.8,45,1,n,100
5722,I5722,1200,1000,750,351.944,45,1,n,100
3866,I3866,1200,1000,975,293.32,45,1,n,100
5785,I5785,1200,1000,558,122.032,0,6,n,100
4978,I4978,1400,1225,1160,278.5,0,2,n,100
6168,I6168,1400,1225,1160,317.0,0,2,n,100
3565,I3565,1600,1200,930,454.873,45,4,n,100
6283,I6283,1400,1225,1160,278.5,0,2,n,100
6295,I6295,1400,1200,1450,179.4,45,3,n,100
7181,I7181,1400,1225,1160,278.5,0,2,n,100
1603,I1603,1200,1000,975,225.6,45,1,n,100
2672,I2672,1400,1200,1450,179.4,45,3,n,100
621,I0621,1400,1200,1450,179.4,45,3,n,100
5565,I5565,1600,1200,1350,207.72,45,4,n,100
2031,I2031,1600,1200,1350,207.72,45,4,n,100
6383,I6383,1200,1000,975,652.0,45,1,n,100
5070,I5070,1200,1000,975,527.4,45,1,n,100
811,I0811,1200,1000,975,384.74,45,1,n,100
420,I0420,780,570,478,269.32,47,0,w,4
3691,I3691,1600,1200,975,180.2,45,4,n,100
7541,I7541,1600,1200,1350,205.16,45,4,n,100
660,I0660,1400,1200,1450,179.4,45,3,n,100
1126,I1126,1200,1000,359,77.352,0,6,n,100
4830,I4830,1200,1000,975,336.7,45,1,n,100
7975,I7975,1200,1000,545,690.5,45,1,n,100
469,I0469,1200,1000,750,229.88,45,1,n,100
4765,I4765,1200,1000,1057,179.85,0,6,n,100
4030,I4030,780,570,478,100.96,47,0,w,4
1569,I1569,1600,1200,975,180.2,45,4,n,100
5473,I5473,1400,1225,1160,317.0,0,2,n,100
158,I0158,1600,1200,1350,207.72,45,4,n,100
2008,I2008,1600,1200,1350,207.72,45,4,n,100
8062,I8062,1600,1200,1350,303.92,45,4,n,100
84,I0084,1600,1200,930,547.3,45,4,n,100
7875,I7875,1200,1000,975,527.4,45,1,n,100
1787,I1787,1400,1200,1450,179.4,45,3,n,100
1728,I1728,1400,1225,1160,317.0,0,2,n,100
2639,I2639,1200,1000,359,72.704,0,6,n,100
1927,I1927,1600,1200,1350,303.92,45,4,n,100
5213,I5213,1600,1200,1350,207.72,45,4,n,100
7986,I7986,1200,1000,975,183.84,45,1,n,100
2285,I2285,1600,1200,1350,207.72,45,4,n,100
1899,I1899,1200,1000,975,156.15,45,1,n,100
3596,I3596,1400,1225,1160,278.5,0,2,n,100
7592,I7592,1400,1225,1160,278.5,0,2,n,100
2856,I2856,1400,1200,1450,179.4,45,3,n,100
5861,I5861,780,570,478,100.96,47,0,w,4
2895,I2895,1600,1200,930,438.4,45,4,n,100
6550,I6550,780,570,478,100.96,47,0,w,4
2228,I2228,1400,1200,1450,179.4,45,3,n,100
2958,I2958,1600,1200,1350,303.92,45,4,n,100
8309,I8309,1200,1000,975,293.32,45,1,n,100
6097,I6097,1400,1200,1450,179.4,45,3,n,100
7118,I7118,1400,1200,1450,179.4,45,3,n,100
4969,I4969,1200,1000,975,577.8,45,1,n,100
1254,I1254,1200,1000,975,169.0,45,1,n,100
6748,I6748,1600,1200,930,547.3,45,4,n,100
7788,I7788,1400,1200,1450,179.4,45,3,n,100
1377,I1377,1400,1200,1450,179.4,45,3,n,100
5466,I5466,1400,1225,1160,317.0,0,2,n,100
1947,I1947,1200,1000,750,229.88,45,1,n,100
6075,I6075,1600,1200,1350,303.92,45,4,n,100
710,I0710,1600,1200,1350,303.92,45,4,n,100
1086,I1086,1600,1200,1350,207.72,45,4,n,100
2567,I2567,1400,1200,1450,179.4,45,3,n,100
1621,I1621,1600,1200,930,438.4,45,4,n,100
7209,I7209,780,570,478,81.72,47,0,w,4
5057,I5057,780,570,478,100.96,47,0,w,4
8367,I8367,1900,1200,750,845.38,45,5,n,100
2529,I2529,1400,1200,1450,179.4,45,3,n,100
8067,I8067,1600,1200,1350,303.92,45,4,n,100
4991,I4991,1400,1200,1450,179.4,45,3,n,100
1694,I1694,1600,1200,1350,207.72,45,4,n,100
3059,I3059,1200,1000,975,293.32,45,1,n,100
2013,I2013,1900,1200,750,845.38,45,5,n,100
6464,I6464,1600,1200,930,547.3,45,4,n,100
3301,I3301,1200,1000,975,293.32,45,1,n,100
6071,I6071,780,570,478,82.32,47,0,w,4
3722,I3722,1400,1200,1450,179.4,45,3,n,100
7334,I7334,1400,1200,1450,179.4,45,3,n,100
2135,I2135,780,570,478,82.32,47,0,w,4
2067,I2067,1600,1200,975,1471.6,45,4,n,100
5532,I5532,1600,1200,1350,205.16,45,4,n,100
5761,I5761,1400,1200,1450,179.4,45,3,n,100
6734,I6734,1200,1000,975,527.4,45,1,n,100
3962,I3962,1400,1200,1450,179.4,45,3,n,100
8196,I8196,780,570,478,100.96,47,0,w,4
5826,I5826,1200,1000,750,229.88,45,1,n,100
2780,I2780,1600,1200,1350,207.72,45,4,n,100
5464,I5464,1400,1225,1160,317.0,0,2,n,100
4187,I4187,1200,1000,750,229.88,45,1,n,100
1925,I1925,1600,1200,1350,303.92,45,4,n,100
8347,I8347,1400,1225,1160,317.0,0,2,n,100
3136,I3136,1200,1000,750,229.88,45,1,n,100
5348,I5348,1200,1000,975,225.6,45,1,n,100
7628,I7628,1400,1200,1450,179.4,45,3,n,100
7663,I7663,1600,1200,975,180.2,45,4,n,100
4428,I4428,1600,1200,1350,207.72,45,4,n,100
3573,I3573,1600,1200,1350,303.92,45,4,n,100
1664,I1664,1600,1200,1350,207.72,45,4,n,100
7064,I7064,1600,1200,1350,207.72,45,4,n,100
1576,I1576,1600,1200,975,180.2,45,4,n,100
7494,I7494,1400,1200,1450,179.4,45,3,n,100
8,I0008,1200,1000,975,577.8,45,1,n,100
8227,I8227,1600,1200,1350,205.16,45,4,n,100
2196,I2196,1600,1200,1350,207.72,45,4,n,100
5569,I5569,1600,1200,1350,207.72,45,4,n,100
7096,I7096,780,570,478,96.256,47,0,w,4
7354,I7354,1400,1200,1450,179.4,45,3,n,100
1253,I1253,1200,1000,975,169.0,45,1,n,100
4827,I4827,1900,1200,750,713.62,45,5,n,100
4164,I4164,1200,1000,975,336.7,45,1,n,100
6820,I6820,1400,1200,1450,179.4,45,3,n,100
249,I0249,1400,1200,1450,179.4,45,3,n,100
7761,I7761,1400,1225,1160,278.5,0,2,n,100
3332,I3332,1400,1225,1160,317.0,0,2,n,100
5022,I5022,1400,1225,1160,317.0,0,2,n,100
1909,I1909,1200,1000,975,169.0,45,1,n,100
5400,I5400,1600,1200,1350,303.92,45,4,n,100
3715,I3715,1400,1200,1450,179.4,45,3,n,100
405,I0405,1200,1000,1057,179.85,0,6,n,100
4689,I4689,780,570,478,96.256,47,0,w,4
7535,I7535,1600,1200,1350,205.16,45,4,n,100
8245,I8245,1600,1200,1350,303.92,45,4,n,100
4674,I4674,1600,1200,1350,207.72,45,4,n,100
4871,I4871,1400,1200,1450,179.4,45,3,n,100
6892,I6892,780,570,478,269.32,47,0,w,4
2977,I2977,1600,1200,1350,207.72,45,4,n,100
7998,I7998,1600,1200,1350,303.92,45,4,n,100
4772,I4772,1200,1000,975,527.4,45,1,n,100
5372,I5372,780,570,478,82.32,47,0,w,4
5544,I5544,1200,1000,750,227.528,45,1,n,100
7379,I7379,1600,1200,1350,207.72,45,4,n,100
1897,I1897,1200,1000,975,156.15,45,1,n,100
8255,I8255,780,570,478,100.96,47,0,w,4
7740,I7740,1600,1200,930,454.873,45,4,n,100
4992,I4992,1400,1200,1450,179.4,45,3,n,100
5310,I5310,1600,1200,975,180.2,45,4,n,100
2799,I2799,1200,1000,975,169.0,45,1,n,100
765,I0765,1200,1000,975,293.32,45,1,n,100
1554,I1554,1600,1200,930,514.24,45,4,n,100
3727,I3727,1400,1200,1450,179.4,45,3,n,100
3599,I3599,1200,1000,975,577.8,45,1,n,100
7383,I7383,1600,1200,1350,207.72,45,4,n,100
288,I0288,1600,1200,1350,303.92,45,4,n,100
6223,I6223,1600,1200,1350,207.72,45,4,n,100
4470,I4470,1200,1000,975,577.8,45,1,n,100
7455,I7455,1400,1225,1160,278.5,0,2,n,100
3872,I3872,1200,1000,975,293.32,45,1,n,100
6077,I6077,1600,1200,1350,303.92,45,4,n,100
520,I0520,1400,1200,1450,179.4,45,3,n,100
801,I0801,1900,1200,750,713.62,45,5,n,100
1930,I1930,780,570,478,96.256,47,0,w,4
207,I0207,1600,1200,930,438.4,45,4,n,100
4810,I4810,1600,1200,1350,303.92,45,4,n,100
3124,I3124,1900,1200,750,845.38,45,5,n,100
8303,I8303,1200,1000,975,293.32,45,1,n,100
5234,I5234,1600,1200,930,454.873,45,4,n,100
2457,I2457,1600,1200,930,438.4,45,4,n,100
530,I0530,1400,1200,1450,179.4,45,3,n,100
3720,I3720,1400,1200,1450,179.4,45,3,n,100
7469,I7469,1400,1225,1160,317.0,0,2,n,100
5219,I5219,1600,1200,1350,303.92,45,4,n,100
8322,I8322,1200,1000,975,293.32,45,1,n,100
1004,I1004,1200,1000,750,229.88,45,1,n,100
1333,I1333,1400,1225,1160,278.5,0,2,n,100
7400,I7400,1600,1200,930,547.3,45,4,n,100
1209,I1209,1600,1200,975,180.2,45,4,n,100
8388,I8388,1600,1200,930,454.873,45,4,n,100
424,I0424,1600,1200,1350,207.72,45,4,n,100
1301,I1301,1400,1200,1450,179.4,45,3,n,100
2622,I2622,1600,1200,1350,303.92,45,4,n,100
4729,I4729,1400,1200,1450,179.4,45,3,n,100
1911,I1911,1200,1000,975,169.0,45,1,n,100
779,I0779,1200,1000,975,293.32,45,1,n,100
3686,I3686,1600,1200,975,180.2,45,4,n,100
5508,I5508,1200,1000,975,225.6,45,1,n,100
7112,I7112,1400,1200,1450,179.4,45,3,n,100
4912,I4912,1400,1200,1450,179.4,45,3,n,100
256,I0256,1600,1200,1350,303.92,45,4,n,100
8308,I8308,1200,1000,975,293.32,45,1,n,100
7911,I7911,1400,1200,1450,179.4,45,3,n,100
5869,I5869,1600,1200,1350,303.92,45,4,n,100
4323,I4323,780,570,478,82.32,47,0,w,4
1766,I1766,780,570,478,100.96,47,0,w,4
2522,I2522,1400,1200,1450,179.4,45,3,n,100
936,I0936,1400,1200,1450,179.4,45,3,n,100
2542,I2542,1400,1200,1450,179.4,45,3,n,100
408,I0408,780,570,478,82.32,47,0,w,4
1306,I1306,1600,1200,1350,207.72,45,4,n,100
5896,I5896,1400,1225,1160,317.0,0,2,n,100
5799,I5799,1600,1200,1350,303.92,45,4,n,100
100,I0100,1600,1200,1350,303.92,45,4,n,100
810,I0810,1200,1000,545,729.5,45,1,n,100
1595,I1595,780,570,478,160.56,47,0,w,4
7518,I7518,1200,1000,975,183.84,45,1,n,100
221,I0221,1400,1200,1450,179.4,45,3,n,100
1596,I1596,780,570,478,160.56,47,0,w,4
4256,I4256,1400,1225,1160,278.5,0,2,n,100
2714,I2714,1400,1225,1160,317.0,0,2,n,100
1452,I1452,1200,1000,975,293.32,45,1,n,100
2074,I2074,1400,1200,1450,179.4,45,3,n,100
5766,I5766,1400,1200,1450,179.4,45,3,n,100
6593,I6593,1600,1200,1350,205.16,45,4,n,100
2760,I2760,780,570,478,160.56,47,0,w,4
1312,I1312,1600,1200,1350,303.92,45,4,n,100
80,I0080,1600,1200,930,454.873,45,4,n,100
2996,I2996,1600,1200,1350,207.72,45,4,n,100
4508,I4508,1600,1200,930,438.4,45,4,n,100
5563,I5563,1600,1200,1350,207.72,45,4,n,100
7168,I7168,1900,1200,750,845.38,45,5,n,100
2863,I2863,1400,1200,1450,179.4,45,3,n,100
5248,I5248,1400,1200,1450,179.4,45,3,n,100
6919,I6919,1900,1200,750,845.38,45,5,n,100
4239,I4239,1600,1200,1350,207.72,45,4,n,100
1959,I1959,1200,1000,975,183.84,45,1,n,100
7627,I7627,1400,1200,1450,179.4,45,3,n,100
2688,I2688,1400,1200,1450,179.4,45,3,n,100
6821,I6821,1400,1200,1450,179.4,45,3,n,100
2761,I2761,780,570,478,81.72,47,0,w,4
7338,I7338,1400,1200,1450,179.4,45,3,n,100
7734,I7734,1900,1200,750,845.38,45,5,n,100
6672,I6672,1400,1200,1450,179.4,45,3,n,100
7100,I7100,1600,1200,1350,303.92,45,4,n,100
4226,I4226,1400,1200,1450,179.4,45,3,n,100
4870,I4870,1400,1200,1450,179.4,45,3,n,100
1563,I1563,1600,1200,975,180.2,45,4,n,100
3637,I3637,1200,1000,975,308.76,45,1,n,100
4964,I4964,1200,1000,975,577.8,45,1,n,100
7283,I7283,1400,1225,1160,278.5,0,2,n,100
7828,I7828,1200,1000,975,577.8,45,1,n,100
5757,I5757,1400,1200,1450,179.4,45,3,n,100
8225,I8225,1600,1200,1350,205.16,45,4,n,100
4896,I4896,780,570,478,96.256,47,0,w,4
5658,I5658,780,570,478,170.28,47,0,w,4
7414,I7414,780,570,478,160.56,47,0,w,4
7411,I7411,1200,1000,750,176.5,45,1,n,100
911,I0911,1200,1000,975,527.4,45,1,n,100
6757,I6757,1200,1000,750,229.88,45,1,n,100
5585,I5585,1600,1200,1350,303.92,45,4,n,100
5847,I5847,1400,1200,1450,179.4,45,3,n,100
6047,I6047,1600,1200,975,180.2,45,4,n,100
276,I0276,1200,1000,975,577.8,45,1,n,100
3178,I3178,1900,1200,750,713.62,45,5,n,100
873,I0873,1200,1000,975,527.4,45,1,n,100
3539,I3539,1200,1000,545,729.5,45,1,n,100
7005,I7005,1400,1200,1450,179.4,45,3,n,100
4367,I4367,1200,1000,975,165.375,45,1,n,100
8094,I8094,1400,1200,1450,179.4,45,3,n,100
4228,I4228,1600,1200,1350,207.72,45,4,n,100
7217,I7217,780,570,478,104.768,47,0,w,4
4745,I4745,780,570,478,170.28,47,0,w,4
4607,I4607,1600,1200,930,547.3,45,4,n,100
7922,I7922,1200,1000,975,293.32,45,1,n,100
382,I0382,1200,1000,750,405.72,45,1,n,100
7275,I7275,1600,1200,930,547.3,45,4,n,100
5787,I5787,1600,1200,1350,303.92,45,4,n,100
4481,I4481,780,570,478,81.72,47,0,w,4
6384,I6384,1400,1225,1160,278.5,0,2,n,100
7500,I7500,1200,1000,750,227.528,45,1,n,100
5143,I5143,1200,1000,750,351.756,45,1,n,100
6255,I6255,1400,1200,1450,179.4,45,3,n,100
7501,I7501,1200,1000,750,227.528,45,1,n,100
1002,I1002,1200,1000,975,156.15,45,1,n,100
7105,I7105,1600,1200,930,547.3,45,4,n,100
6929,I6929,1400,1225,1160,278.5,0,2,n,100
3759,I3759,780,570,478,81.72,47,0,w,4
3688,I3688,1600,1200,975,180.2,45,4,n,100
829,I0829,1400,1200,1450,179.4,45,3,n,100
4931,I4931,1200,1000,750,351.756,45,1,n,100
901,I0901,1400,1200,1450,179.4,45,3,n,100
3337,I3337,1600,1200,1350,303.92,45,4,n,100
8250,I8250,1600,1200,1350,207.72,45,4,n,100
7841,I7841,1600,1200,1350,303.92,45,4,n,100
2047,I2047,1200,1000,975,527.4,45,1,n,100
6114,I6114,1400,1200,1450,179.4,45,3,n,100
3180,I3180,1600,1200,1350,303.92,45,4,n,100
1381,I1381,1400,1200,1450,179.4,45,3,n,100
2098,I2098,780,570,478,104.768,47,0,w,4
4605,I4605,1600,1200,930,547.3,45,4,n,100
5949,I5949,1400,1225,1160,317.0,0,2,n,100
1633,I1633,1400,1200,1450,179.4,45,3,n,100
6264,I6264,1400,1200,1450,179.4,45,3,n,100
3160,I3160,1400,1225,1160,278.5,0,2,n,100
5914,I5914,1400,1200,1450,179.4,45,3,n,100
2122,I2122,1600,1200,930,547.3,45,4,n,100
3063,I3063,1200,1000,975,293.32,45,1,n,100
6570,I6570,1200,1000,975,246.0,45,1,n,100
111,I0111,1400,1200,1450,179.4,45,3,n,100
1494,I1494,1200,1000,975,225.6,45,1,n,100
4663,I4663,1600,1200,1350,303.92,45,4,n,100
1402,I1402,1400,1200,1450,179.4,45,3,n,100
2904,I2904,780,570,478,170.28,47,0,w,4
348,I0348,1600,1200,930,547.3,45,4,n,100
1338,I1338,1400,1225,1160,278.5,0,2,n,100
6228,I6228,1600,1200,1350,207.72,45,4,n,100
7941,I7941,1200,1000,975,293.32,45,1,n,100
273,I0273,780,570,478,96.256,47,0,w,4
5784,I5784,1200,1000,545,729.5,45,1,n,100
7098,I7098,1600,1200,1350,303.92,45,4,n,100
7523,I7523,1600,1200,1350,303.92,45,4,n,100
6606,I6606,1600,1200,1350,205.16,45,4,n,100
5553,I5553,1600,1200,1350,207.72,45,4,n,100
8078,I8078,1600,1200,1350,207.72,45,4,n,100
336,I0336,1600,1200,1350,207.72,45,4,n,100
5854,I5854,1400,1200,1450,179.4,45,3,n,100
4276,I4276,1600,1200,1350,303.92,45,4,n,100
4238,I4238,1600,1200,1350,207.72,45,4,n,100
3030,I3030,1200,1000,750,227.528,45,1,n,100
1498,I1498,1600,1200,930,438.4,45,4,n,100
6554,I6554,1200,1000,750,229.88,45,1,n,100
5865,I5865,780,570,478,100.96,47,0,w,4
7685,I7685,1200,1000,750,305.32,45,1,n,100
564,I0564,1200,1000,750,351.756,45,1,n,100
3997,I3997,1400,1200,1450,179.4,45,3,n,100
583,I0583,1200,1000,975,336.7,45,1,n,100
4941,I4941,1600,1200,1350,207.72,45,4,n,100
652,I0652,1400,1225,1160,278.5,0,2,n,100
620,I0620,1400,1200,1450,179.4,45,3,n,100
7165,I7165,1200,1000,975,527.4,45,1,n,100
5756,I5756,1400,1200,1450,179.4,45,3,n,100
5765,I5765,1400,1200,1450,179.4,45,3,n,100
3248,I3248,1400,1200,1450,179.4,45,3,n,100
3945,I3945,1400,1200,1450,179.4,45,3,n,100
3028,I3028,1200,1000,975,248.88,45,1,n,100
429,I0429,1400,1200,1450,179.4,45,3,n,100
766,I0766,1200,1000,975,293.32,45,1,n,100
3192,I3192,1200,1000,975,577.8,45,1,n,100
7749,I7749,1200,1000,545,729.5,45,1,n,100
6062,I6062,780,570,478,170.28,47,0,w,4
42,I0042,1400,1200,1450,179.4,45,3,n,100
7700,I7700,1400,1225,1160,317.0,0,2,n,100
4548,I4548,1400,1200,1450,179.4,45,3,n,100
354,I0354,1200,1000,975,156.15,45,1,n,100
5471,I5471,1400,1225,1160,317.0,0,2,n,100
5124,I5124,1200,1000,1057,164.04,0,6,n,100
5666,I5666,1600,1200,1350,205.16,45,4,n,100
468,I0468,1200,1000,750,229.88,45,1,n,100
1453,I1453,1200,1000,975,293.32,45,1,n,100
7072,I7072,1200,1000,975,577.8,45,1,n,100
1900,I1900,1200,1000,975,156.15,45,1,n,100
2834,I2834,780,570,478,96.256,47,0,w,4
8071,I8071,1600,1200,1350,207.72,45,4,n,100
4466,I4466,1200,1000,975,577.8,45,1,n,100
4552,I4552,1400,1200,1450,179.4,45,3,n,100
3231,I3231,1400,1200,1450,179.4,45,3,n,100
8282,I8282,780,570,478,100.96,47,0,w,4
3814,I3814,1600,1200,1350,207.72,45,4,n,100
2148,I2148,1200,1000,975,156.15,45,1,n,100
2163,I2163,1600,1200,1350,207.72,45,4,n,100
6378,I6378,1600,1200,1350,205.16,45,4,n,100
53,I0053,1400,1200,1450,179.4,45,3,n,100
7861,I7861,1600,1200,930,277.828,45,4,n,100
7068,I7068,780,570,478,104.768,47,0,w,4
4152,I4152,780,570,478,170.28,47,0,w,4
3676,I3676,1600,1200,975,180.2,45,4,n,100
6368,I6368,1400,1225,1160,278.5,0,2,n,100
2323,I2323,1200,1000,975,246.0,45,1,n,100
2086,I2086,1600,1200,930,438.4,45,4,n,100
7174,I7174,1600,1200,930,454.873,45,4,n,100
8055,I8055,780,570,478,100.96,47,0,w,4
8375,I8375,1400,1225,1160,278.5,0,2,n,100
7988,I7988,780,570,478,170.28,47,0,w,4
3365,I3365,1400,1200,1450,179.4,45,3,n,100
790,I0790,1200,1000,975,293.32,45,1,n,100
6703,I6703,1400,1200,1450,179.4,45,3,n,100
4759,I4759,780,570,478,104.768,47,0,w,4
6930,I6930,1400,1225,1160,278.5,0,2,n,100
7390,I7390,1600,1200,1350,207.72,45,4,n,100
5077,I5077,1600,1200,930,438.4,45,4,n,100
7432,I7432,780,570,478,96.256,47,0,w,4
2671,I2671,1400,1200,1450,179.4,45,3,n,100
1383,I1383,1400,1200,1450,179.4,45,3,n,100
952,I0952,1400,1200,1450,179.4,45,3,n,100
2306,I2306,1600,1200,1350,303.92,45,4,n,100
1135,I1135,1200,1000,975,652.0,45,1,n,100
2845,I2845,1400,1200,1450,179.4,45,3,n,100
6026,I6026,1200,1000,558,136.704,0,6,n,100
7375,I7375,1600,1200,1350,303.92,45,4,n,100
3741,I3741,1200,1000,975,337.9,45,1,n,100
8111,I8111,1400,1200,1450,179.4,45,3,n,100
3169,I3169,1400,1225,1160,278.5,0,2,n,100
3344,I3344,1200,1000,975,225.6,45,1,n,100
6187,I6187,780,570,478,82.32,47,0,w,4
2464,I2464,1600,1200,1350,207.72,45,4,n,100
6177,I6177,1600,1200,1350,303.92,45,4,n,100
1521,I1521,1200,1000,975,156.15,45,1,n,100
2400,I2400,1400,1225,1160,278.5,0,2,n,100
3181,I3181,1600,1200,1350,303.92,45,4,n,100
7544,I7544,1600,1200,1350,205.16,45,4,n,100
6753,I6753,1200,1000,1057,179.85,0,6,n,100
3999,I3999,1400,1200,1450,179.4,45,3,n,100
5556,I5556,1600,1200,1350,207.72,45,4,n,100
4188,I4188,1200,1000,750,229.88,45,1,n,100
6849,I6849,1400,1200,1450,179.4,45,3,n,100
3211,I3211,1400,1200,1450,179.4,45,3,n,100
2704,I2704,1600,1200,1350,207.72,45,4,n,100
2646,I2646,1200,1000,750,229.88,45,1,n,100
8028,I8028,1600,1200,1350,207.72,45,4,n,100
1063,I1063,1200,1000,975,259.6,45,1,n,100
2119,I2119,780,570,478,269.32,47,0,w,4
5667,I5667,1600,1200,1350,205.16,45,4,n,100
6658,I6658,1200,1000,750,229.88,45,1,n,100
8080,I8080,1600,1200,1350,207.72,45,4,n,100
1044,I1044,1200,1000,975,336.7,45,1,n,100
163,I0163,1600,1200,1350,207.72,45,4,n,100
8192,I8192,1600,1200,1350,207.72,45,4,n,100
1578,I1578,1600,1200,975,180.2,45,4,n,100
1417,I1417,1600,1200,1350,205.16,45,4,n,100
6758,I6758,1200,1000,750,229.88,45,1,n,100
5024,I5024,1400,1225,1160,317.0,0,2,n,100
5800,I5800,1600,1200,1350,303.92,45,4,n,100
1242,I1242,1400,1200,1450,179.4,45,3,n,100
4174,I4174,1400,1225,1160,278.5,0,2,n,100
6318,I6318,1600,1200,1350,303.92,45,4,n,100
7961,I7961,1600,1200,1350,205.16,45,4,n,100
7763,I7763,1400,1225,1160,317.0,0,2,n,100
250,I0250,1400,1200,1450,179.4,45,3,n,100
6064,I6064,780,570,478,170.28,47,0,w,4
4749,I4749,1200,1000,975,304.12,45,1,n,100
7057,I7057,1600,1200,1350,207.72,45,4,n,100
6025,I6025,1600,1200,975,611.224,45,4,n,100
4863,I4863,1400,1200,1450,179.4,45,3,n,100
3117,I3117,1600,1200,975,180.2,45,4,n,100
2050,I2050,1400,1200,1450,179.4,45,3,n,100
3052,I3052,1200,1000,975,293.32,45,1,n,100
681,I0681,1400,1200,1450,179.4,45,3,n,100
7038,I7038,1600,1200,1350,303.92,45,4,n,100
6770,I6770,1600,1200,1350,205.16,45,4,n,100
6809,I6809,1400,1225,1160,317.0,0,2,n,100
8158,I8158,1400,1200,1450,179.4,45,3,n,100
4550,I4550,1400,1200,1450,179.4,45,3,n,100
1767,I1767,780,570,478,100.96,47,0,w,4
2985,I2985,1200,1000,359,70.016,0,6,n,100
6363,I6363,1400,1225,1160,278.5,0,2,n,100
2144,I2144,1200,1000,750,235.4,45,1,n,100
4547,I4547,1400,1200,1450,179.4,45,3,n,100
5900,I5900,1400,1225,1160,317.0,0,2,n,100
1634,I1634,1400,1200,1450,179.4,45,3,n,100
803,I0803,1200,1000,975,337.45,45,1,n,100
980,I0980,780,570,478,170.28,47,0,w,4
4799,I4799,780,570,478,81.72,47,0,w,4
580,I0580,780,570,478,100.96,47,0,w,4
4057,I4057,1200,1000,975,169.0,45,1,n,100
3413,I3413,1400,1225,1160,278.5,0,2,n,100
7416,I7416,780,570,478,82.32,47,0,w,4
5663,I5663,1600,1200,930,454.873,45,4,n,100
3840,I3840,1200,1000,975,652.0,45,1,n,100
6512,I6512,1400,1200,1450,179.4,45,3,n,100
6940,I6940,1400,1225,1160,278.5,0,2,n,100
3827,I3827,1600,1200,1350,303.92,45,4,n,100
5137,I5137,1400,1200,1450,179.4,45,3,n,100
7505,I7505,780,570,478,82.32,47,0,w,4
2583,I2583,780,570,478,170.28,47,0,w,4
2519,I2519,1400,1200,1450,179.4,45,3,n,100
3307,I3307,1200,1000,975,293.32,45,1,n,100
6404,I6404,1200,1000,545,690.5,45,1,n,100
749,I0749,1400,1200,1450,179.4,45,3,n,100
6199,I6199,1400,1225,1160,317.0,0,2,n,100
6293,I6293,1600,1200,1350,207.72,45,4,n,100
4036,I4036,1600,1200,1350,207.72,45,4,n,100
4182,I4182,1600,1200,1350,303.92,45,4,n,100
335,I0335,1600,1200,1350,207.72,45,4,n,100
6319,I6319,1600,1200,975,180.2,45,4,n,100
30,I0030,1400,1200,1450,179.4,45,3,n,100
7430,I7430,1600,1200,1350,207.72,45,4,n,100
5198,I5198,1600,1200,1350,303.92,45,4,n,100
924,I0924,1400,1200,1450,179.4,45,3,n,100
1939,I1939,780,570,478,100.96,47,0,w,4
2787,I2787,1600,1200,1350,207.72,45,4,n,100
2307,I2307,1600,1200,1350,207.72,45,4,n,100
7665,I7665,1600,1200,1350,207.72,45,4,n,100
7007,I7007,1400,1200,1450,179.4,45,3,n,100
6711,I6711,1400,1200,1450,179.4,45,3,n,100
2415,I2415,1400,1200,1450,179.4,45,3,n,100
1896,I1896,1200,1000,975,156.15,45,1,n,100
415,I0415,1600,1200,930,454.873,45,4,n,100
2209,I2209,1600,1200,1350,303.92,45,4,n,100
1041,I1041,1200,1000,975,336.7,45,1,n,100
1185,I1185,1600,1200,975,180.2,45,4,n,100
4148,I4148,780,570,478,170.28,47,0,w,4
7042,I7042,1600,1200,1350,303.92,45,4,n,100
3718,I3718,1400,1200,1450,179.4,45,3,n,100
3640,I3640,780,570,478,96.256,47,0,w,4
2830,I2830,780,570,478,81.72,47,0,w,4
6022,I6022,1400,1225,1160,317.0,0,2,n,100
2824,I2824,780,570,478,81.72,47,0,w,4
2112,I2112,1400,1225,1160,278.5,0,2,n,100
3998,I3998,1400,1200,1450,179.4,45,3,n,100
3145,I3145,780,570,478,260.25,47,0,w,4
3864,I3864,1200,1000,975,293.32,45,1,n,100
1147,I1147,1200,1000,975,183.84,45,1,n,100
1802,I1802,1200,1000,750,176.5,45,1,n,100
2143,I2143,1200,1000,750,229.88,45,1,n,100
3421,I3421,1400,1225,1160,278.5,0,2,n,100
494,I0494,1200,1000,975,165.375,45,1,n,100
3542,I3542,1200,1000,975,206.6,45,1,n,100
5113,I5113,780,570,478,160.56,47,0,w,4
3620,I3620,780,570,478,260.25,47,0,w,4
2534,I2534,1400,1200,1450,179.4,45,3,n,100
534,I0534,1400,1200,1450,179.4,45,3,n,100
2630,I2630,1200,1000,975,527.4,45,1,n,100
7542,I7542,1600,1200,1350,205.16,45,4,n,100
1817,I1817,1600,1200,930,514.24,45,4,n,100
7571,I7571,1200,1000,975,156.15,45,1,n,100
6632,I6632,1400,1200,1450,179.4,45,3,n,100
5562,I5562,1600,1200,1350,207.72,45,4,n,100
5729,I5729,1200,1000,1155,375.0,0,6,n,100
7154,I7154,780,570,478,160.56,47,0,w,4
4349,I4349,1600,1200,1350,207.72,45,4,n,100
1806,I1806,1200,1000,975,652.0,45,1,n,100
6179,I6179,1600,1200,1350,303.92,45,4,n,100
4488,I4488,1200,1000,975,165.375,45,1,n,100
5239,I5239,1400,1200,1450,179.4,45,3,n,100
307,I0307,1400,1200,1450,179.4,45,3,n,100
774,I0774,1200,1000,975,293.32,45,1,n,100
1938,I1938,780,570,478,100.96,47,0,w,4
315,I0315,1400,1200,1450,179.4,45,3,n,100
5352,I5352,1200,1000,975,225.6,45,1,n,100
2572,I2572,1400,1200,1450,179.4,45,3,n,100
7475,I7475,1400,1225,1160,317.0,0,2,n,100
2216,I2216,1600,1200,1350,207.72,45,4,n,100
5214,I5214,1600,1200,1350,207.72,45,4,n,100
7992,I7992,1600,1200,1350,207.72,45,4,n,100
2991,I2991,1600,1200,1350,207.72,45,4,n,100
6256,I6256,1400,1200,1450,179.4,45,3,n,100
6033,I6033,1600,1200,1350,303.92,45,4,n,100
2159,I2159,1600,1200,1350,207.72,45,4,n,100
8130,I8130,780,570,478,82.32,47,0,w,4
4049,I4049,1200,1000,975,169.0,45,1,n,100
2897,I2897,1600,1200,930,438.4,45,4,n,100
2687,I2687,1400,1200,1450,179.4,45,3,n,100
1293,I1293,1400,1200,1450,179.4,45,3,n,100
4255,I4255,1400,1225,1160,278.5,0,2,n,100
2918,I2918,1200,1000,645,330.5,0,6,n,100
345,I0345,1200,1000,750,351.756,45,1,n,100
277,I0277,1200,1000,975,577.8,45,1,n,100
7378,I7378,1600,1200,1350,207.72,45,4,n,100
8102,I8102,1400,1200,1450,179.4,45,3,n,100
6876,I6876,1200,1000,975,527.4,45,1,n,100
6414,I6414,1900,1200,750,845.38,45,5,n,100
6678,I6678,1400,1200,1450,179.4,45,3,n,100
3195,I3195,1200,1000,975,577.8,45,1,n,100
5109,I5109,1200,1000,1057,164.04,0,6,n,100
4726,I4726,1400,1200,1450,179.4,45,3,n,100
2097,I2097,780,570,478,104.768,47,0,w,4
6904,I6904,1400,1225,1160,317.0,0,2,n,100
1346,I1346,1400,1225,1160,278.5,0,2,n,100
165,I0165,1600,1200,1350,207.72,45,4,n,100
261,I0261,1600,1200,1350,207.72,45,4,n,100
3299,I3299,1200,1000,975,293.32,45,1,n,100
4753,I4753,780,570,478,81.72,47,0,w,4
3701,I3701,1600,1200,975,180.2,45,4,n,100
3683,I3683,1600,1200,975,180.2,45,4,n,100
4850,I4850,1400,1200,1450,179.4,45,3,n,100
2516,I2516,1400,1200,1450,179.4,45,3,n,100
5472,I5472,1400,1225,1160,317.0,0,2,n,100
8300,I8300,780,570,478,269.32,47,0,w,4
171,I0171,1600,1200,1350,207.72,45,4,n,100
1914,I1914,1400,1225,1160,278.5,0,2,n,100
1368,I1368,1400,1200,1450,179.4,45,3,n,100
77,I0077,780,570,478,101.52,47,0,w,4
8133,I8133,1200,1000,975,308.76,45,1,n,100
5315,I5315,1600,1200,1350,207.72,45,4,n,100
430,I0430,1400,1200,1450,179.4,45,3,n,100
804,I0804,1200,1000,975,337.45,45,1,n,100
5726,I5726,1200,1000,975,259.6,45,1,n,100
68,I0068,1400,1225,1160,317.0,0,2,n,100
7059,I7059,1600,1200,1350,207.72,45,4,n,100
7573,I7573,1600,1200,1350,303.92,45,4,n,100
3520,I3520,1200,1000,975,577.8,45,1,n,100
7372,I7372,1200,1000,750,229.88,45,1,n,100
6311,I6311,780,570,478,82.32,47,0,w,4
5994,I5994,1600,1200,1350,207.72,45,4,n,100
3127,I3127,780,570,478,170.28,47,0,w,4
1311,I1311,1600,1200,1350,303.92,45,4,n,100
4399,I4399,1200,1000,975,169.0,45,1,n,100
2645,I2645,1200,1000,750,229.88,45,1,n,100
291,I0291,1600,1200,1350,303.92,45,4,n,100
3264,I3264,1600,1200,930,438.4,45,4,n,100
3247,I3247,1400,1200,1450,179.4,45,3,n,100
7578,I7578,1200,1000,750,500.86,45,1,n,100
1174,I1174,1600,1200,975,180.2,45,4,n,100
4516,I4516,1600,1200,1350,303.92,45,4,n,100
7301,I7301,780,570,478,100.96,47,0,w,4
71,I0071,1400,1225,1160,317.0,0,2,n,100
4813,I4813,780,570,478,170.28,47,0,w,4
3996,I3996,1400,1200,1450,179.4,45,3,n,100
3471,I3471,1200,1000,975,293.32,45,1,n,100
4701,I4701,1200,1000,750,229.88,45,1,n,100
6240,I6240,1200,1000,750,176.5,45,1,n,100
2312,I2312,1200,1000,750,227.528,45,1,n,100
7766,I7766,1400,1225,1160,317.0,0,2,n,100
8262,I8262,1200,1000,975,156.15,45,1,n,100
1863,I1863,1600,1200,1350,207.72,45,4,n,100
1081,I1081,1600,1200,1350,207.72,45,4,n,100
5745,I5745,1400,1200,1450,179.4,45,3,n,100
1811,I1811,1200,1000,975,527.4,45,1,n,100
4065,I4065,1200,1000,975,169.0,45,1,n,100
7395,I7395,1600,1200,1350,207.72,45,4,n,100
8218,I8218,1600,1200,1350,205.16,45,4,n,100
5959,I5959,1400,1225,1160,317.0,0,2,n,100
3295,I3295,1200,1000,975,293.32,45,1,n,100
7291,I7291,1400,1225,1160,278.5,0,2,n,100
361,I0361,1400,1225,1160,317.0,0,2,n,100
1785,I1785,1400,1200,1450,179.4,45,3,n,100
7799,I7799,1600,1200,930,438.4,45,4,n,100
8316,I8316,1200,1000,975,293.32,45,1,n,100
6159,I6159,1400,1225,1160,317.0,0,2,n,100
2211,I2211,1600,1200,1350,207.72,45,4,n,100
5032,I5032,1600,1200,930,277.828,45,4,n,100
3354,I3354,1600,1200,930,438.4,45,4,n,100
830,I0830,1400,1200,1450,179.4,45,3,n,100
1112,I1112,1200,1000,975,293.32,45,1,n,100
7175,I7175,1600,1200,930,514.24,45,4,n,100
2686,I2686,1400,1200,1450,179.4,45,3,n,100
6854,I6854,1400,1200,1450,179.4,45,3,n,100
6924,I6924,1400,1225,1160,278.5,0,2,n,100
201,I0201,1400,1200,1450,179.4,45,3,n,100
8173,I8173,1400,1200,1450,179.4,45,3,n,100
6494,I6494,1200,1000,750,500.86,45,1,n,100
4477,I4477,1400,1225,1160,317.0,0,2,n,100
8148,I8148,1400,1200,1450,179.4,45,3,n,100
2820,I2820,1200,1000,975,527.4,45,1,n,100
6546,I6546,780,570,478,100.96,47,0,w,4
2796,I2796,1600,1200,1350,207.72,45,4,n,100
4817,I4817,1200,1000,975,165.375,45,1,n,100
2858,I2858,1400,1200,1450,179.4,45,3,n,100
2153,I2153,1600,1200,930,547.3,45,4,n,100
2245,I2245,1400,1200,1450,179.4,45,3,n,100
979,I0979,780,570,478,170.28,47,0,w,4
5782,I5782,1600,1200,1350,303.92,45,4,n,100
4654,I4654,1200,1000,750,305.32,45,1,n,100
2908,I2908,780,570,478,170.28,47,0,w,4
1583,I1583,1200,1000,750,176.5,45,1,n,100
6677,I6677,1400,1200,1450,179.4,45,3,n,100
1462,I1462,1200,1000,975,293.32,45,1,n,100
5096,I5096,1600,1200,1350,207.72,45,4,n,100
890,I0890,1400,1200,1450,179.4,45,3,n,100
5978,I5978,1400,1200,1450,179.4,45,3,n,100
1423,I1423,1200,1000,750,229.88,45,1,n,100
5501,I5501,1200,1000,975,225.6,45,1,n,100
3584,I3584,1600,1200,930,547.3,45,4,n,100
5875,I5875,1600,1200,1350,303.92,45,4,n,100
5098,I5098,1600,1200,1350,207.72,45,4,n,100
6669,I6669,780,570,478,260.25,47,0,w,4
6028,I6028,1600,1200,930,277.828,45,4,n,100
3265,I3265,1600,1200,930,438.4,45,4,n,100
7396,I7396,1600,1200,1350,207.72,45,4,n,100
7201,I7201,780,570,478,104.768,47,0,w,4
6843,I6843,1400,1200,1450,179.4,45,3,n,100
3092,I3092,1400,1225,1160,317.0,0,2,n,100
2164,I2164,1600,1200,1350,207.72,45,4,n,100
753,I0753,1400,1200,1450,179.4,45,3,n,100
6254,I6254,1400,1200,1450,179.4,45,3,n,100
5000,I5000,1400,1200,1450,179.4,45,3,n,100
1026,I1026,1200,1000,750,267.8,45,1,n,100
4787,I4787,1200,1000,975,156.15,45,1,n,100
7341,I7341,1400,1200,1450,179.4,45,3,n,100
8057,I8057,780,570,478,100.96,47,0,w,4
4202,I4202,1200,1000,750,229.88,45,1,n,100
3454,I3454,1200,1000,975,293.32,45,1,n,100
6139,I6139,1400,1200,1450,179.4,45,3,n,100
3523,I3523,1200,1000,975,577.8,45,1,n,100
178,I0178,1400,1200,1450,179.4,45,3,n,100
6221,I6221,1600,1200,930,454.873,45,4,n,100
2601,I2601,1600,1200,1350,303.92,45,4,n,100
8339,I8339,1400,1225,1160,317.0,0,2,n,100
941,I0941,1400,1200,1450,179.4,45,3,n,100
189,I0189,1400,1200,1450,179.4,45,3,n,100
7570,I7570,1200,1000,975,156.15,45,1,n,100
7384,I7384,1600,1200,1350,207.72,45,4,n,100
4692,I4692,1400,1200,1450,179.4,45,3,n,100
166,I0166,1600,1200,1350,207.72,45,4,n,100
1666,I1666,1200,1000,1057,179.85,0,6,n,100
6092,I6092,1400,1200,1450,179.4,45,3,n,100
7559,I7559,1200,1000,750,229.88,45,1,n,100
4581,I4581,1400,1225,1160,278.5,0,2,n,100
7422,I7422,1600,1200,930,277.828,45,4,n,100
3792,I3792,1600,1200,930,547.3,45,4,n,100
1344,I1344,1400,1225,1160,278.5,0,2,n,100
7920,I7920,1200,1000,975,293.32,45,1,n,100
3140,I3140,1600,1200,930,277.828,45,4,n,100
8022,I8022,1200,1000,750,229.88,45,1,n,100
4628,I4628,1400,1200,1450,179.4,45,3,n,100
8209,I8209,1600,1200,1350,303.92,45,4,n,100
6530,I6530,1400,1200,1450,179.4,45,3,n,100
2696,I2696,1400,1200,1450,179.4,45,3,n,100
3964,I3964,1400,1200,1450,179.4,45,3,n,100
7820,I7820,1600,1200,930,438.4,45,4,n,100
127,I0127,1400,1200,1450,179.4,45,3,n,100
5561,I5561,1600,1200,1350,207.72,45,4,n,100
175,I0175,1400,1200,1450,179.4,45,3,n,100
701,I0701,1600,1200,1350,207.72,45,4,n,100
1956,I1956,1200,1000,975,183.84,45,1,n,100
4593,I4593,1200,1000,975,527.4,45,1,n,100
1262,I1262,1200,1000,975,169.0,45,1,n,100
7739,I7739,1600,1200,930,454.873,45,4,n,100
2022,I2022,1600,1200,1350,207.72,45,4,n,100
3752,I3752,1200,1000,975,183.84,45,1,n,100
3821,I3821,1600,1200,1350,207.72,45,4,n,100
317,I0317,1400,1200,1450,179.4,45,3,n,100
1559,I1559,1600,1200,975,180.2,45,4,n,100
6586,I6586,1200,1000,975,246.0,45,1,n,100
4639,I4639,1400,1200,1450,179.4,45,3,n,100
5448,I5448,1200,1000,750,405.72,45,1,n,100
4115,I4115,1400,1225,1160,317.0,0,2,n,100
2993,I2993,1600,1200,1350,207.72,45,4,n,100
3844,I3844,1200,1000,975,248.88,45,1,n,100
5623,I5623,1200,1000,750,405.72,45,1,n,100
6409,I6409,1200,1000,359,70.016,0,6,n,100
119,I0119,1600,1200,1350,303.92,45,4,n,100
2764,I2764,780,570,478,81.72,47,0,w,4
4520,I4520,1400,1200,1450,179.4,45,3,n,100
5170,I5170,1200,1000,750,229.88,45,1,n,100
7343,I7343,1400,1200,1450,179.4,45,3,n,100
7914,I7914,1400,1200,1450,179.4,45,3,n,100
4928,I4928,1400,1200,1450,179.4,45,3,n,100
8306,I8306,1200,1000,975,293.32,45,1,n,100
7419,I7419,780,570,478,82.32,47,0,w,4
5771,I5771,1400,1200,1450,179.4,45,3,n,100
1395,I1395,1400,1200,1450,179.4,45,3,n,100
6149,I6149,1400,1200,1450,179.4,45,3,n,100
2582,I2582,780,570,478,170.28,47,0,w,4
6613,I6613,1400,1200,1450,179.4,45,3,n,100
7013,I7013,1600,1200,1350,207.72,45,4,n,100
6905,I6905,1400,1225,1160,317.0,0,2,n,100
5879,I5879,780,570,478,104.768,47,0,w,4
6983,I6983,1600,1200,1350,207.72,45,4,n,100
3549,I3549,1600,1200,1350,207.72,45,4,n,100
3001,I3001,1600,1200,1350,207.72,45,4,n,100
514,I0514,1200,1000,750,351.756,45,1,n,100
6289,I6289,1400,1225,1160,278.5,0,2,n,100
2078,I2078,780,570,478,81.72,47,0,w,4
693,I0693,1600,1200,1350,303.92,45,4,n,100
5509,I5509,1200,1000,975,225.6,45,1,n,100
2405,I2405,1400,1225,1160,278.5,0,2,n,100
3532,I3532,1600,1200,930,547.3,45,4,n,100
3797,I3797,1600,1200,930,547.3,45,4,n,100
1186,I1186,1600,1200,975,180.2,45,4,n,100
2676,I2676,1400,1200,1450,179.4,45,3,n,100
7813,I7813,1600,1200,1350,207.72,45,4,n,100
3149,I3149,780,570,478,96.256,47,0,w,4
3115,I3115,1600,1200,975,180.2,45,4,n,100
3462,I3462,1200,1000,975,293.32,45,1,n,100
1407,I1407,1200,1000,750,229.88,45,1,n,100
616,I0616,1200,1000,1057,164.04,0,6,n,100
5830,I5830,1200,1000,750,229.88,45,1,n,100
4783,I4783,1200,1000,975,156.15,45,1,n,100
4080,I4080,1400,1200,1450,179.4,45,3,n,100
5920,I5920,1400,1200,1450,179.4,45,3,n,100
5336,I5336,1600,1200,1350,207.72,45,4,n,100
2084,I2084,1600,1200,930,438.4,45,4,n,100
5689,I5689,1400,1200,1450,179.4,45,3,n,100
6600,I6600,1600,1200,1350,205.16,45,4,n,100
7978,I7978,1200,1000,975,156.15,45,1,n,100
6315,I6315,1600,1200,1350,303.92,45,4,n,100
5505,I5505,1200,1000,975,225.6,45,1,n,100
4697,I4697,1400,1200,1450,179.4,45,3,n,100
2758,I2758,1600,1200,1350,303.92,45,4,n,100
7095,I7095,780,570,478,96.256,47,0,w,4
4707,I4707,1400,1200,1450,179.4,45,3,n,100
5548,I5548,780,570,478,81.72,47,0,w,4
3310,I3310,1200,1000,975,293.32,45,1,n,100
344,I0344,1200,1000,750,229.88,45,1,n,100
2436,I2436,1400,1200,1450,179.4,45,3,n,100
835,I0835,1400,1200,1450,179.4,45,3,n,100
836,I0836,1400,1200,1450,179.4,45,3,n,100
7946,I7946,1200,1000,975,293.32,45,1,n,100
7451,I7451,1400,1225,1160,278.5,0,2,n,100
1589,I1589,1600,1200,1350,303.92,45,4,n,100
4885,I4885,1200,1000,975,336.7,45,1,n,100
6655,I6655,1200,1000,750,229.88,45,1,n,100
8020,I8020,1200,1000,750,229.88,45,1,n,100
2252,I2252,1400,1200,1450,179.4,45,3,n,100
3707,I3707,1400,1200,1450,179.4,45,3,n,100
4281,I4281,1200,1000,750,176.5,45,1,n,100
1413,I1413,1200,1000,558,122.032,0,6,n,100
2789,I2789,1600,1200,1350,207.72,45,4,n,100
2725,I2725,1400,1225,1160,317.0,0,2,n,100
7296,I7296,780,570,478,100.96,47,0,w,4
4453,I4453,1200,1000,750,229.88,45,1,n,100
5493,I5493,1200,1000,975,183.84,45,1,n,100
593,I0593,1200,1000,750,351.944,45,1,n,100
2110,I2110,1400,1225,1160,278.5,0,2,n,100
190,I0190,1400,1200,1450,179.4,45,3,n,100
2149,I2149,1200,1000,975,156.15,45,1,n,100
1810,I1810,1200,1000,975,527.4,45,1,n,100
5294,I5294,1600,1200,975,180.2,45,4,n,100
7497,I7497,1400,1200,1450,179.4,45,3,n,100
5636,I5636,1600,1200,1350,207.72,45,4,n,100
1495,I1495,780,570,478,81.72,47,0,w,4
1481,I1481,1200,1000,975,293.32,45,1,n,100
1688,I1688,1400,1200,1450,179.4,45,3,n,100
2800,I2800,1200,1000,975,169.0,45,1,n,100
6424,I6424,1400,1225,1160,317.0,0,2,n,100
4117,I4117,1400,1225,1160,317.0,0,2,n,100
6631,I6631,1400,1200,1450,179.4,45,3,n,100
549,I0549,780,570,478,100.96,47,0,w,4
1705,I1705,1200,1000,975,183.84,45,1,n,100
1953,I1953,1200,1000,750,227.528,45,1,n,100
1286,I1286,1200,1000,975,577.8,45,1,n,100
2064,I2064,1400,1200,1450,179.4,45,3,n,100
2458,I2458,1600,1200,1350,207.72,45,4,n,100
4299,I4299,1200,1000,750,305.32,45,1,n,100
7762,I7762,1400,1225,1160,278.5,0,2,n,100
4293,I4293,1400,1225,1160,317.0,0,2,n,100
7981,I7981,1200,1000,975,156.15,45,1,n,100
509,I0509,780,570,478,100.96,47,0,w,4
5176,I5176,1200,1000,975,225.6,45,1,n,100
4866,I4866,1400,1200,1450,179.4,45,3,n,100
745,I0745,1600,1200,1350,303.92,45,4,n,100
5612,I5612,1200,1000,750,305.32,45,1,n,100
2077,I2077,1200,1000,975,708.0,45,1,n,100
7640,I7640,1600,1200,975,180.2,45,4,n,100
3940,I3940,1400,1200,1450,179.4,45,3,n,100
8113,I8113,1400,1200,1450,179.4,45,3,n,100
7708,I7708,1400,1225,1160,317.0,0,2,n,100
3318,I3318,1200,1000,975,293.32,45,1,n,100
5918,I5918,1400,1200,1450,179.4,45,3,n,100
3888,I3888,1400,1225,1160,278.5,0,2,n,100
2354,I2354,1200,1000,545,690.5,45,1,n,100
67,I0067,1400,1225,1160,317.0,0,2,n,100
7794,I7794,1400,1200,1450,179.4,45,3,n,100
4711,I4711,1400,1200,1450,179.4,45,3,n,100
7850,I7850,1200,1000,750,229.88,45,1,n,100
478,I0478,1200,1000,975,183.84,45,1,n,100
1670,I1670,1200,1000,750,229.88,45,1,n,100
4592,I4592,1200,1000,975,527.4,45,1,n,100
1137,I1137,1600,1200,1350,207.72,45,4,n,100
856,I0856,1400,1225,1160,278.5,0,2,n,100
5674,I5674,1600,1200,1350,205.16,45,4,n,100
6248,I6248,1400,1200,1450,179.4,45,3,n,100
5306,I5306,1600,1200,975,180.2,45,4,n,100
6132,I6132,1400,1200,1450,179.4,45,3,n,100
4370,I4370,1200,1000,930,324.1,45,1,n,100
0,I0000,780,570,478,81.72,47,0,w,4
387,I0387,1400,1225,1160,317.0,0,2,n,100
5937,I5937,1400,1200,1450,179.4,45,3,n,100
2325,I2325,780,570,478,96.256,47,0,w,4
5015,I5015,1200,1000,545,690.5,45,1,n,100
7792,I7792,1400,1200,1450,179.4,45,3,n,100
3780,I3780,780,570,478,170.28,47,0,w,4
1387,I1387,1400,1200,1450,179.4,45,3,n,100
2674,I2674,1400,1200,1450,179.4,45,3,n,100
4529,I4529,1400,1200,1450,179.4,45,3,n,100
7230,I7230,1400,1200,1450,179.4,45,3,n,100
8256,I8256,780,570,478,100.96,47,0,w,4
3121,I3121,1600,1200,975,180.2,45,4,n,100
3815,I3815,1600,1200,1350,207.72,45,4,n,100
7551,I7551,1200,1000,750,227.528,45,1,n,100
2990,I2990,1600,1200,1350,207.72,45,4,n,100
4316,I4316,1600,1200,1350,207.72,45,4,n,100
7620,I7620,1400,1200,1450,179.4,45,3,n,100
5543,I5543,1200,1000,750,227.528,45,1,n,100
6316,I6316,1600,1200,1350,303.92,45,4,n,100
2495,I2495,1400,1200,1450,179.4,45,3,n,100
6093,I6093,1400,1200,1450,179.4,45,3,n,100
4916,I4916,1400,1200,1450,179.4,45,3,n,100
4526,I4526,1400,1200,1450,179.4,45,3,n,100
5962,I5962,1600,1200,1350,207.72,45,4,n,100
7940,I7940,1200,1000,975,293.32,45,1,n,100
227,I0227,1400,1200,1450,179.4,45,3,n,100
3356,I3356,1600,1200,930,438.4,45,4,n,100
1280,I1280,1200,1000,975,169.0,45,1,n,100
2220,I2220,1200,1000,975,259.6,45,1,n,100
2921,I2921,1400,1225,1160,278.5,0,2,n,100
4498,I4498,1400,1225,1160,317.0,0,2,n,100
4546,I4546,1400,1200,1450,179.4,45,3,n,100
3071,I3071,1200,1000,975,293.32,45,1,n,100
8010,I8010,780,570,478,160.56,47,0,w,4
938,I0938,1400,1200,1450,179.4,45,3,n,100
3553,I3553,1600,1200,930,438.4,45,4,n,100
2314,I2314,1400,1200,1450,179.4,45,3,n,100
3342,I3342,1200,1000,975,225.6,45,1,n,100
6981,I6981,780,570,478,96.256,47,0,w,4
1087,I1087,1600,1200,1350,207.72,45,4,n,100
8235,I8235,1200,1000,975,248.88,45,1,n,100
7789,I7789,1400,1200,1450,179.4,45,3,n,100
2096,I2096,780,570,478,104.768,47,0,w,4
1792,I1792,1200,1000,975,248.88,45,1,n,100
2208,I2208,1600,1200,1350,303.92,45,4,n,100
6105,I6105,1400,1200,1450,179.4,45,3,n,100
3009,I3009,1600,1200,1350,207.72,45,4,n,100
759,I0759,1200,1000,359,70.016,0,6,n,100
7493,I7493,1400,1200,1450,179.4,45,3,n,100
6957,I6957,780,570,478,270.08,47,0,w,4
6161,I6161,1400,1225,1160,317.0,0,2,n,100
5386,I5386,780,570,478,100.96,47,0,w,4
286,I0286,1600,1200,1350,303.92,45,4,n,100
579,I0579,780,570,478,100.96,47,0,w,4
2876,I2876,1400,1200,1450,179.4,45,3,n,100
2675,I2675,1400,1200,1450,179.4,45,3,n,100
6476,I6476,1200,1000,975,336.7,45,1,n,100
2889,I2889,1600,1200,1350,303.92,45,4,n,100
3728,I3728,1400,1200,1450,179.4,45,3,n,100
1529,I1529,1600,1200,1350,303.92,45,4,n,100
7916,I7916,1200,1000,975,293.32,45,1,n,100
2882,I2882,1600,1200,1350,303.92,45,4,n,100
3915,I3915,1400,1225,1160,278.5,0,2,n,100
7498,I7498,1600,1200,975,611.224,45,4,n,100
7200,I7200,780,570,478,104.768,47,0,w,4
1206,I1206,1600,1200,975,180.2,45,4,n,100
6604,I6604,1600,1200,1350,205.16,45,4,n,100
1628,I1628,1600,1200,1350,303.92,45,4,n,100
2484,I2484,1200,1000,750,351.756,45,1,n,100
444,I0444,1400,1200,1450,179.4,45,3,n,100
2085,I2085,1600,1200,930,438.4,45,4,n,100
1067,I1067,1200,1000,975,337.9,45,1,n,100
8249,I8249,1600,1200,1350,207.72,45,4,n,100
2857,I2857,1400,1200,1450,179.4,45,3,n,100
1233,I1233,1400,1200,1450,179.4,45,3,n,100
8098,I8098,1400,1200,1450,179.4,45,3,n,100
1297,I1297,1400,1200,1450,179.4,45,3,n,100
2769,I2769,1200,1000,1155,375.0,0,6,n,100
8186,I8186,780,570,478,104.768,47,0,w,4
5868,I5868,1600,1200,1350,303.92,45,4,n,100
3664,I3664,1200,1000,750,405.72,45,1,n,100
7292,I7292,1900,1200,750,845.38,45,5,n,100
6090,I6090,1400,1200,1450,179.4,45,3,n,100
282,I0282,1200,1000,975,577.8,45,1,n,100
2482,I2482,1400,1225,1160,278.5,0,2,n,100
4235,I4235,1600,1200,1350,303.92,45,4,n,100
2192,I2192,1600,1200,1350,207.72,45,4,n,100
7765,I7765,1400,1225,1160,317.0,0,2,n,100
2553,I2553,1600,1200,930,277.828,45,4,n,100
1754,I1754,1600,1200,1350,303.92,45,4,n,100
3693,I3693,1600,1200,975,180.2,45,4,n,100
1214,I1214,1600,1200,975,180.2,45,4,n,100
2851,I2851,1400,1200,1450,179.4,45,3,n,100
5786,I5786,1600,1200,1350,303.92,45,4,n,100
521,I0521,1400,1200,1450,179.4,45,3,n,100
8090,I8090,1200,1000,750,176.5,45,1,n,100
362,I0362,1400,1225,1160,317.0,0,2,n,100
5587,I5587,1200,1000,750,227.528,45,1,n,100
3737,I3737,1600,1200,1350,303.92,45,4,n,100
6104,I6104,1400,1200,1450,179.4,45,3,n,100
7725,I7725,1200,1000,975,577.8,45,1,n,100
6811,I6811,1400,1225,1160,317.0,0,2,n,100
1656,I1656,1200,1000,750,229.88,45,1,n,100
7786,I7786,1400,1200,1450,179.4,45,3,n,100
3922,I3922,1400,1225,1160,278.5,0,2,n,100
2998,I2998,1600,1200,1350,207.72,45,4,n,100
2019,I2019,1600,1200,1350,207.72,45,4,n,100
1675,I1675,1400,1200,1450,179.4,45,3,n,100
7710,I7710,1400,1225,1160,317.0,0,2,n,100
4705,I4705,1400,1200,1450,179.4,45,3,n,100
8264,I8264,1200,1000,975,156.15,45,1,n,100
7563,I7563,1200,1000,750,229.88,45,1,n,100
6544,I6544,780,570,478,100.96,47,0,w,4
4855,I4855,1400,1200,1450,179.4,45,3,n,100
7970,I7970,1600,1200,1350,205.16,45,4,n,100
700,I0700,1600,1200,1350,207.72,45,4,n,100
7320,I7320,1400,1225,1160,278.5,0,2,n,100
7148,I7148,1400,1225,1160,317.0,0,2,n,100
673,I0673,1400,1200,1450,179.4,45,3,n,100
6037,I6037,1600,1200,975,180.2,45,4,n,100
6236,I6236,1600,1200,930,438.4,45,4,n,100
4841,I4841,1600,1200,1350,303.92,45,4,n,100
6541,I6541,1600,1200,1350,207.72,45,4,n,100
4710,I4710,1400,1200,1450,179.4,45,3,n,100
5972,I5972,1400,1225,1160,278.5,0,2,n,100
6989,I6989,780,570,478,104.768,47,0,w,4
3967,I3967,1400,1200,1450,179.4,45,3,n,100
257,I0257,1600,1200,1350,303.92,45,4,n,100
2782,I2782,1600,1200,1350,207.72,45,4,n,100
736,I0736,1200,1000,750,229.88,45,1,n,100
3626,I3626,1600,1200,1350,205.16,45,4,n,100
2978,I2978,1600,1200,1350,207.72,45,4,n,100
1648,I1648,1400,1200,1450,179.4,45,3,n,100
6964,I6964,1600,1200,1350,303.92,45,4,n,100
3409,I3409,1600,1200,930,438.4,45,4,n,100
6798,I6798,1200,1000,359,29.38,0,6,n,100
1116,I1116,1200,1000,975,293.32,45,1,n,100
443,I0443,1400,1200,1450,179.4,45,3,n,100
3335,I3335,1600,1200,1350,303.92,45,4,n,100
5231,I5231,1600,1200,930,454.873,45,4,n,100
5529,I5529,1200,1000,750,305.32,45,1,n,100
4940,I4940,1600,1200,1350,207.72,45,4,n,100
2976,I2976,1600,1200,1350,207.72,45,4,n,100
5441,I5441,1400,1200,1450,179.4,45,3,n,100
6794,I6794,1600,1200,930,438.4,45,4,n,100
990,I0990,1600,1200,1350,312.72,45,4,n,100
4372,I4372,1600,1200,930,277.828,45,4,n,100
1575,I1575,1600,1200,975,180.2,45,4,n,100
198,I0198,1400,1200,1450,179.4,45,3,n,100
1798,I1798,780,570,478,82.32,47,0,w,4
7693,I7693,1200,1000,975,577.8,45,1,n,100
5292,I5292,1600,1200,975,180.2,45,4,n,100
551,I0551,780,570,478,100.96,47,0,w,4
5131,I5131,1400,1200,1450,179.4,45,3,n,100
2060,I2060,1400,1200,1450,179.4,45,3,n,100
4657,I4657,1200,1000,750,305.32,45,1,n,100
5395,I5395,780,570,478,100.96,47,0,w,4
5738,I5738,780,570,478,170.28,47,0,w,4
5840,I5840,1400,1200,1450,179.4,45,3,n,100
2212,I2212,1600,1200,1350,207.72,45,4,n,100
462,I0462,1200,1000,975,577.8,45,1,n,100
3975,I3975,1400,1200,1450,179.4,45,3,n,100
3937,I3937,1400,1200,1450,179.4,45,3,n,100
7853,I7853,1400,1225,1160,278.5,0,2,n,100
5749,I5749,1400,1200,1450,179.4,45,3,n,100
3521,I3521,1200,1000,975,577.8,45,1,n,100
5540,I5540,1600,1200,1350,205.16,45,4,n,100
785,I0785,1200,1000,975,293.32,45,1,n,100
8380,I8380,1600,1200,930,547.3,45,4,n,100
3648,I3648,1400,1225,1160,317.0,0,2,n,100
8360,I8360,1200,1000,975,225.6,45,1,n,100
3991,I3991,1400,1200,1450,179.4,45,3,n,100
5249,I5249,1400,1200,1450,179.4,45,3,n,100
841,I0841,1600,1200,1350,303.92,45,4,n,100
185,I0185,1400,1200,1450,179.4,45,3,n,100
6939,I6939,1400,1225,1160,278.5,0,2,n,100
4175,I4175,1400,1225,1160,278.5,0,2,n,100
2485,I2485,1200,1000,750,351.756,45,1,n,100
3535,I3535,1600,1200,930,547.3,45,4,n,100
4262,I4262,1400,1225,1160,278.5,0,2,n,100
1000,I1000,1200,1000,975,156.15,45,1,n,100
6911,I6911,1400,1225,1160,317.0,0,2,n,100
6803,I6803,1200,1000,975,165.375,45,1,n,100
3671,I3671,1600,1200,1350,207.72,45,4,n,100
5614,I5614,1600,1200,1350,205.16,45,4,n,100
4128,I4128,1600,1200,1350,205.16,45,4,n,100
5991,I5991,1600,1200,1350,207.72,45,4,n,100
1657,I1657,1200,1000,750,229.88,45,1,n,100
4686,I4686,1600,1200,930,438.4,45,4,n,100
6018,I6018,1400,1225,1160,317.0,0,2,n,100
3679,I3679,1600,1200,975,180.2,45,4,n,100
4645,I4645,1400,1200,1450,179.4,45,3,n,100
1343,I1343,1400,1225,1160,278.5,0,2,n,100
7254,I7254,1400,1200,1450,179.4,45,3,n,100
2680,I2680,1400,1200,1450,179.4,45,3,n,100
1437,I1437,780,570,478,170.28,47,0,w,4
3362,I3362,1400,1200,1450,179.4,45,3,n,100
6674,I6674,1400,1200,1450,179.4,45,3,n,100
3219,I3219,1400,1200,1450,179.4,45,3,n,100
8063,I8063,1600,1200,1350,303.92,45,4,n,100
3159,I3159,1400,1225,1160,278.5,0,2,n,100
6777,I6777,780,570,478,81.72,47,0,w,4
6719,I6719,1400,1200,1450,179.4,45,3,n,100
1008,I1008,1200,1000,750,229.88,45,1,n,100
7179,I7179,1400,1225,1160,278.5,0,2,n,100
5420,I5420,1200,1000,750,227.528,45,1,n,100
2624,I2624,1600,1200,1350,303.92,45,4,n,100
3829,I3829,1600,1200,1350,303.92,45,4,n,100
8007,I8007,780,570,478,170.28,47,0,w,4
4974,I4974,1400,1225,1160,278.5,0,2,n,100
7751,I7751,1400,1225,1160,278.5,0,2,n,100
4775,I4775,1200,1000,750,229.88,45,1,n,100
2421,I2421,1400,1200,1450,179.4,45,3,n,100
7540,I7540,1600,1200,1350,205.16,45,4,n,100
5363,I5363,1400,1200,1450,179.4,45,3,n,100
5846,I5846,1400,1200,1450,179.4,45,3,n,100
7423,I7423,1600,1200,930,277.828,45,4,n,100
2239,I2239,1400,1200,1450,179.4,45,3,n,100
2296,I2296,1200,1000,750,227.528,45,1,n,100
3548,I3548,1600,1200,1350,207.72,45,4,n,100
2783,I2783,1600,1200,1350,207.72,45,4,n,100
7937,I7937,1200,1000,975,293.32,45,1,n,100
3697,I3697,1600,1200,975,180.2,45,4,n,100
4271,I4271,1600,1200,1350,303.92,45,4,n,100
4599,I4599,1600,1200,930,547.3,45,4,n,100
1125,I1125,1200,1000,750,500.86,45,1,n,100
6953,I6953,780,570,478,104.768,47,0,w,4
3838,I3838,1200,1000,750,305.32,45,1,n,100
3673,I3673,1600,1200,975,180.2,45,4,n,100
4141,I4141,1200,1000,975,156.15,45,1,n,100
6226,I6226,1600,1200,1350,207.72,45,4,n,100
1428,I1428,780,570,478,96.256,47,0,w,4
2932,I2932,1400,1225,1160,317.0,0,2,n,100
6308,I6308,1200,1000,545,729.5,45,1,n,100
7611,I7611,1200,1000,750,351.756,45,1,n,100
195,I0195,1400,1200,1450,179.4,45,3,n,100
2936,I2936,1400,1225,1160,317.0,0,2,n,100
6984,I6984,1600,1200,1350,207.72,45,4,n,100
4878,I4878,1600,1200,1350,207.72,45,4,n,100
4409,I4409,1200,1000,975,169.0,45,1,n,100
793,I0793,1200,1000,975,293.32,45,1,n,100
6348,I6348,1200,1000,975,169.0,45,1,n,100
369,I0369,1400,1225,1160,317.0,0,2,n,100
3423,I3423,1600,1200,1350,303.92,45,4,n,100
2043,I2043,1200,1000,975,527.4,45,1,n,100
5829,I5829,1200,1000,750,229.88,45,1,n,100
7094,I7094,780,570,478,96.256,47,0,w,4
3503,I3503,1400,1225,1160,317.0,0,2,n,100
3536,I3536,1600,1200,930,547.3,45,4,n,100
7769,I7769,1400,1225,1160,317.0,0,2,n,100
2384,I2384,1400,1225,1160,278.5,0,2,n,100
4418,I4418,1200,1000,975,169.0,45,1,n,100
4748,I4748,1200,1000,975,304.12,45,1,n,100
6438,I6438,1400,1225,1160,278.5,0,2,n,100
452,I0452,1600,1200,975,611.224,45,4,n,100
2569,I2569,1400,1200,1450,179.4,45,3,n,100
4794,I4794,1600,1200,1350,207.72,45,4,n,100
3751,I3751,1600,1200,1350,303.92,45,4,n,100
4532,I4532,1400,1200,1450,179.4,45,3,n,100
6066,I6066,780,570,478,170.28,47,0,w,4
874,I0874,1400,1200,1450,179.4,45,3,n,100
1461,I1461,1200,1000,975,293.32,45,1,n,100
1964,I1964,780,570,478,100.96,47,0,w,4
6560,I6560,1600,1200,1350,310.16,45,4,n,100
2890,I2890,1200,1000,750,176.5,45,1,n,100
6387,I6387,1400,1225,1160,278.5,0,2,n,100
5409,I5409,1200,1000,1155,366.75,0,6,n,100
2785,I2785,1600,1200,1350,207.72,45,4,n,100
566,I0566,1200,1000,359,77.352,0,6,n,100
3824,I3824,780,570,478,82.32,47,0,w,4
5526,I5526,1200,1000,975,248.88,45,1,n,100
7984,I7984,1200,1000,975,183.84,45,1,n,100
3811,I3811,1400,1200,1450,179.4,45,3,n,100
2339,I2339,1200,1000,545,729.5,45,1,n,100
4005,I4005,1400,1225,1160,317.0,0,2,n,100
1988,I1988,1200,1000,975,336.7,45,1,n,100
4893,I4893,1200,1000,975,246.0,45,1,n,100
5396,I5396,1600,1200,1350,303.92,45,4,n,100
2319,I2319,1400,1200,1450,179.4,45,3,n,100
885,I0885,1400,1200,1450,179.4,45,3,n,100
2732,I2732,780,570,478,81.72,47,0,w,4
547,I0547,1600,1200,930,277.828,45,4,n,100
542,I0542,1400,1200,1450,179.4,45,3,n,100
5187,I5187,1400,1225,1160,278.5,0,2,n,100
4304,I4304,1600,1200,1350,207.72,45,4,n,100
6998,I6998,1400,1200,1450,179.4,45,3,n,100
5922,I5922,1400,1200,1450,179.4,45,3,n,100
7656,I7656,1600,1200,975,180.2,45,4,n,100
5604,I5604,1900,1200,750,845.38,45,5,n,100
3654,I3654,1600,1200,1350,303.92,45,4,n,100
1528,I1528,780,570,478,82.32,47,0,w,4
4947,I4947,1600,1200,1350,207.72,45,4,n,100
1122,I1122,1200,1000,975,293.32,45,1,n,100
7963,I7963,1600,1200,1350,205.16,45,4,n,100
1469,I1469,1200,1000,975,293.32,45,1,n,100
704,I0704,1600,1200,1350,303.92,45,4,n,100
5489,I5489,1200,1000,975,248.88,45,1,n,100
2816,I2816,1200,1000,975,527.4,45,1,n,100
7668,I7668,1600,1200,1350,207.72,45,4,n,100
2218,I2218,1200,1000,975,259.6,45,1,n,100
6412,I6412,1900,1200,750,845.38,45,5,n,100
6454,I6454,1600,1200,1350,207.72,45,4,n,100
3233,I3233,1400,1200,1450,179.4,45,3,n,100
8004,I8004,1600,1200,1350,205.16,45,4,n,100
1534,I1534,1600,1200,1350,303.92,45,4,n,100
7812,I7812,780,570,478,104.768,47,0,w,4
1496,I1496,780,570,478,81.72,47,0,w,4
2898,I2898,1600,1200,930,438.4,45,4,n,100
7899,I7899,1400,1200,1450,179.4,45,3,n,100
5710,I5710,1400,1225,1160,317.0,0,2,n,100
124,I0124,1600,1200,1350,303.92,45,4,n,100
1278,I1278,1200,1000,975,169.0,45,1,n,100
121,I0121,1600,1200,1350,303.92,45,4,n,100
629,I0629,1400,1200,1450,179.4,45,3,n,100
5010,I5010,1200,1000,750,227.528,45,1,n,100
7129,I7129,1400,1200,1450,179.4,45,3,n,100
2963,I2963,1600,1200,1350,207.72,45,4,n,100
6885,I6885,1600,1200,1350,205.16,45,4,n,100
6180,I6180,1600,1200,1350,303.92,45,4,n,100
4251,I4251,1400,1225,1160,278.5,0,2,n,100
1479,I1479,1200,1000,975,293.32,45,1,n,100
8248,I8248,1200,1000,975,246.0,45,1,n,100
1165,I1165,1600,1200,975,180.2,45,4,n,100
6458,I6458,1600,1200,1350,207.72,45,4,n,100
3414,I3414,1400,1225,1160,278.5,0,2,n,100
5404,I5404,1600,1200,1350,303.92,45,4,n,100
5754,I5754,1400,1200,1450,179.4,45,3,n,100
4932,I4932,1600,1200,975,611.224,45,4,n,100
6073,I6073,780,570,478,82.32,47,0,w,4
5739,I5739,780,570,478,170.28,47,0,w,4
5377,I5377,1200,1000,750,229.88,45,1,n,100
3098,I3098,1600,1200,975,180.2,45,4,n,100
7471,I7471,1400,1225,1160,317.0,0,2,n,100
3985,I3985,1400,1200,1450,179.4,45,3,n,100
1762,I1762,780,570,478,100.96,47,0,w,4
1622,I1622,1600,1200,930,438.4,45,4,n,100
425,I0425,1400,1200,1450,179.4,45,3,n,100
7136,I7136,1400,1200,1450,179.4,45,3,n,100
8180,I8180,780,570,478,81.72,47,0,w,4
2533,I2533,1400,1200,1450,179.4,45,3,n,100
5583,I5583,1600,1200,1350,303.92,45,4,n,100
1557,I1557,1600,1200,975,180.2,45,4,n,100
145,I0145,1400,1200,1450,179.4,45,3,n,100
1098,I1098,1200,1000,975,293.32,45,1,n,100
5075,I5075,1200,1000,975,527.4,45,1,n,100
2377,I2377,1400,1225,1160,317.0,0,2,n,100
1492,I1492,1200,1000,975,225.6,45,1,n,100
6188,I6188,780,570,478,82.32,47,0,w,4
6555,I6555,1200,1000,750,229.88,45,1,n,100
1487,I1487,1200,1000,975,225.6,45,1,n,100
4994,I4994,1400,1200,1450,179.4,45,3,n,100
2995,I2995,1600,1200,1350,207.72,45,4,n,100
5060,I5060,1200,1000,359,77.352,0,6,n,100
4763,I4763,1200,1000,750,176.5,45,1,n,100
1864,I1864,1600,1200,1350,207.72,45,4,n,100
2933,I2933,1400,1225,1160,317.0,0,2,n,100
2021,I2021,1600,1200,1350,207.72,45,4,n,100
1096,I1096,1200,1000,975,293.32,45,1,n,100
442,I0442,1400,1200,1450,179.4,45,3,n,100
7137,I7137,1400,1200,1450,179.4,45,3,n,100
5331,I5331,1600,1200,930,438.4,45,4,n,100
5416,I5416,1600,1200,1350,205.16,45,4,n,100
5515,I5515,1600,1200,1350,303.92,45,4,n,100
5459,I5459,1400,1225,1160,317.0,0,2,n,100
266,I0266,1200,1000,975,165.375,45,1,n,100
6229,I6229,1600,1200,1350,207.72,45,4,n,100
72,I0072,1400,1225,1160,317.0,0,2,n,100
1038,I1038,1200,1000,975,336.7,45,1,n,100
6402,I6402,1600,1200,930,454.873,45,4,n,100
5258,I5258,1600,1200,1350,310.16,45,4,n,100
295,I0295,1200,1000,930,324.1,45,1,n,100
1291,I1291,1400,1200,1450,179.4,45,3,n,100
4264,I4264,1400,1225,1160,278.5,0,2,n,100
1405,I1405,1200,1000,750,229.88,45,1,n,100
1846,I1846,1600,1200,1350,303.92,45,4,n,100
4803,I4803,780,570,478,81.72,47,0,w,4
4321,I4321,780,570,478,82.32,47,0,w,4
8384,I8384,1600,1200,930,547.3,45,4,n,100
95,I0095,1600,1200,1350,303.92,45,4,n,100
3408,I3408,1600,1200,930,438.4,45,4,n,100
3529,I3529,1600,1200,930,438.4,45,4,n,100
6733,I6733,1200,1000,975,527.4,45,1,n,100
4098,I4098,1400,1200,1450,179.4,45,3,n,100
4137,I4137,1200,1000,975,156.15,45,1,n,100
7921,I7921,1200,1000,975,293.32,45,1,n,100
304,I0304,1400,1200,1450,179.4,45,3,n,100
6442,I6442,1400,1225,1160,278.5,0,2,n,100
1691,I1691,1400,1200,1450,179.4,45,3,n,100
1771,I1771,1200,1000,750,229.88,45,1,n,100
3913,I3913,1400,1225,1160,278.5,0,2,n,100
2001,I2001,1600,1200,930,547.3,45,4,n,100
7598,I7598,1400,1225,1160,317.0,0,2,n,100
2505,I2505,1400,1200,1450,179.4,45,3,n,100
5936,I5936,1400,1200,1450,179.4,45,3,n,100
5939,I5939,1400,1200,1450,179.4,45,3,n,100
7513,I7513,1200,1000,975,183.84,45,1,n,100
7917,I7917,1200,1000,975,293.32,45,1,n,100
3119,I3119,1600,1200,975,180.2,45,4,n,100
3779,I3779,780,570,478,100.96,47,0,w,4
6447,I6447,1600,1200,1350,207.72,45,4,n,100
2923,I2923,1400,1225,1160,278.5,0,2,n,100
8044,I8044,780,570,478,170.28,47,0,w,4
1080,I1080,1600,1200,1350,207.72,45,4,n,100
5463,I5463,1400,1225,1160,317.0,0,2,n,100
187,I0187,1400,1200,1450,179.4,45,3,n,100
5440,I5440,1400,1200,1450,179.4,45,3,n,100
4296,I4296,1400,1225,1160,317.0,0,2,n,100
4451,I4451,1200,1000,750,229.88,45,1,n,100
7273,I7273,780,570,478,100.96,47,0,w,4
5567,I5567,1600,1200,1350,207.72,45,4,n,100
4702,I4702,1200,1000,750,229.88,45,1,n,100
6000,I6000,1200,1000,975,337.9,45,1,n,100
733,I0733,1600,1200,1350,205.16,45,4,n,100
224,I0224,1400,1200,1450,179.4,45,3,n,100
4501,I4501,1400,1225,1160,317.0,0,2,n,100
3960,I3960,1400,1200,1450,179.4,45,3,n,100
4326,I4326,1600,1200,930,438.4,45,4,n,100
6194,I6194,1400,1225,1160,317.0,0,2,n,100
6537,I6537,1600,1200,1350,207.72,45,4,n,100
3193,I3193,1200,1000,975,577.8,45,1,n,100
2706,I2706,1600,1200,1350,207.72,45,4,n,100
7580,I7580,780,570,478,260.25,47,0,w,4
2708,I2708,1600,1200,1350,207.72,45,4,n,100
1607,I1607,1200,1000,975,225.6,45,1,n,100
2896,I2896,1600,1200,930,438.4,45,4,n,100
1903,I1903,1200,1000,1057,179.85,0,6,n,100
5468,I5468,1400,1225,1160,317.0,0,2,n,100
5053,I5053,780,570,478,100.96,47,0,w,4
3952,I3952,1200,1000,750,227.528,45,1,n,100
4114,I4114,1400,1225,1160,317.0,0,2,n,100
6917,I6917,1200,1000,975,337.9,45,1,n,100
1083,I1083,1600,1200,1350,207.72,45,4,n,100
2283,I2283,1600,1200,1350,207.72,45,4,n,100
3518,I3518,1200,1000,975,577.8,45,1,n,100
919,I0919,1400,1200,1450,179.4,45,3,n,100
849,I0849,1400,1225,1160,278.5,0,2,n,100
886,I0886,1400,1200,1450,179.4,45,3,n,100
7000,I7000,1400,1200,1450,179.4,45,3,n,100
1841,I1841,1600,1200,1350,303.92,45,4,n,100
6708,I6708,1400,1200,1450,179.4,45,3,n,100
1106,I1106,1200,1000,975,293.32,45,1,n,100
3543,I3543,780,570,478,269.32,47,0,w,4
1003,I1003,1200,1000,750,229.88,45,1,n,100
1829,I1829,1600,1200,1350,303.92,45,4,n,100
1329,I1329,1400,1225,1160,278.5,0,2,n,100
5844,I5844,1400,1200,1450,179.4,45,3,n,100
4201,I4201,1200,1000,750,229.88,45,1,n,100
7904,I7904,1400,1200,1450,179.4,45,3,n,100
3559,I3559,1400,1225,1160,278.5,0,2,n,100
4703,I4703,1400,1200,1450,179.4,45,3,n,100
1477,I1477,1200,1000,975,293.32,45,1,n,100
2066,I2066,1400,1200,1450,179.4,45,3,n,100
1299,I1299,1400,1200,1450,179.4,45,3,n,100
3491,I3491,1400,1225,1160,317.0,0,2,n,100
6112,I6112,1400,1200,1450,179.4,45,3,n,100
8089,I8089,1600,1200,1350,207.72,45,4,n,100
3411,I3411,1400,1225,1160,278.5,0,2,n,100
3988,I3988,1400,1200,1450,179.4,45,3,n,100
4398,I4398,1200,1000,975,169.0,45,1,n,100
394,I0394,1400,1225,1160,317.0,0,2,n,100
284,I0284,1600,1200,1350,303.92,45,4,n,100
5598,I5598,1200,1000,975,248.88,45,1,n,100
6087,I6087,1600,1200,1350,205.16,45,4,n,100
4149,I4149,780,570,478,170.28,47,0,w,4
3668,I3668,1600,1200,1350,207.72,45,4,n,100
2678,I2678,1400,1200,1450,179.4,45,3,n,100
2523,I2523,1400,1200,1450,179.4,45,3,n,100
3638,I3638,780,570,478,96.256,47,0,w,4
2247,I2247,1400,1200,1450,179.4,45,3,n,100
6154,I6154,1200,1000,750,351.756,45,1,n,100
2243,I2243,1400,1200,1450,179.4,45,3,n,100
4806,I4806,780,570,478,81.72,47,0,w,4
3812,I3812,1400,1200,1450,179.4,45,3,n,100
1187,I1187,1600,1200,975,180.2,45,4,n,100
1060,I1060,1200,1000,750,229.88,45,1,n,100
6921,I6921,1600,1200,1350,207.72,45,4,n,100
1973,I1973,1200,1000,750,227.528,45,1,n,100
6605,I6605,1600,1200,1350,205.16,45,4,n,100
4774,I4774,1200,1000,750,229.88,45,1,n,100
1193,I1193,1600,1200,975,180.2,45,4,n,100
1758,I1758,780,570,478,100.96,47,0,w,4
4816,I4816,1200,1000,975,165.375,45,1,n,100
3203,I3203,1600,1200,930,277.828,45,4,n,100
6526,I6526,1400,1200,1450,179.4,45,3,n,100
1459,I1459,1200,1000,975,293.32,45,1,n,100
4829,I4829,1200,1000,975,336.7,45,1,n,100
3113,I3113,1600,1200,975,180.2,45,4,n,100
1944,I1944,780,570,478,100.96,47,0,w,4
644,I0644,1400,1225,1160,278.5,0,2,n,100
329,I0329,1200,1000,558,122.032,0,6,n,100
3957,I3957,1400,1200,1450,179.4,45,3,n,100
1340,I1340,1400,1225,1160,278.5,0,2,n,100
56,I0056,1400,1200,1450,179.4,45,3,n,100
7298,I7298,780,570,478,100.96,47,0,w,4
7737,I7737,780,570,478,81.72,47,0,w,4
5458,I5458,1400,1225,1160,317.0,0,2,n,100
2703,I2703,1600,1200,1350,207.72,45,4,n,100
6155,I6155,1200,1000,975,652.0,45,1,n,100
3241,I3241,1400,1200,1450,179.4,45,3,n,100
6895,I6895,1200,1000,975,577.8,45,1,n,100
7958,I7958,1600,1200,1350,205.16,45,4,n,100
6578,I6578,780,570,478,82.32,47,0,w,4
4219,I4219,1200,1000,975,156.15,45,1,n,100
863,I0863,1200,1000,750,227.528,45,1,n,100
1833,I1833,1200,1000,545,729.5,45,1,n,100
4839,I4839,1600,1200,1350,303.92,45,4,n,100
8348,I8348,1400,1225,1160,317.0,0,2,n,100
2588,I2588,1600,1200,1350,207.72,45,4,n,100
2864,I2864,1400,1200,1450,179.4,45,3,n,100
13,I0013,1400,1225,1160,278.5,0,2,n,100
7667,I7667,1600,1200,1350,207.72,45,4,n,100
5644,I5644,1600,1200,930,547.3,45,4,n,100
2387,I2387,1400,1225,1160,278.5,0,2,n,100
5491,I5491,1200,1000,975,183.84,45,1,n,100
1539,I1539,1900,1200,750,713.62,45,5,n,100
7601,I7601,1400,1225,1160,317.0,0,2,n,100
5692,I5692,1400,1225,1160,317.0,0,2,n,100
6328,I6328,1600,1200,975,180.2,45,4,n,100
6848,I6848,1400,1200,1450,179.4,45,3,n,100
8042,I8042,1200,1000,558,122.032,0,6,n,100
1332,I1332,1400,1225,1160,278.5,0,2,n,100
7572,I7572,1200,1000,975,337.45,45,1,n,100
6833,I6833,1400,1200,1450,179.4,45,3,n,100
5794,I5794,1600,1200,930,277.828,45,4,n,100
4642,I4642,1400,1200,1450,179.4,45,3,n,100
7863,I7863,780,570,478,82.32,47,0,w,4
4821,I4821,1200,1000,975,527.4,45,1,n,100
6828,I6828,1400,1200,1450,179.4,45,3,n,100
1073,I1073,1600,1200,1350,207.72,45,4,n,100
1371,I1371,1400,1200,1450,179.4,45,3,n,100
5240,I5240,1400,1200,1450,179.4,45,3,n,100
3900,I3900,1400,1225,1160,317.0,0,2,n,100
8372,I8372,1400,1225,1160,278.5,0,2,n,100
2372,I2372,1400,1225,1160,317.0,0,2,n,100
3965,I3965,1400,1200,1450,179.4,45,3,n,100
870,I0870,1200,1000,975,527.4,45,1,n,100
134,I0134,1400,1200,1450,179.4,45,3,n,100
1652,I1652,1200,1000,750,229.88,45,1,n,100
4721,I4721,1400,1200,1450,179.4,45,3,n,100
3155,I3155,1400,1225,1160,278.5,0,2,n,100
7515,I7515,1200,1000,975,183.84,45,1,n,100
998,I0998,1200,1000,975,156.15,45,1,n,100
2186,I2186,1600,1200,1350,207.72,45,4,n,100
4601,I4601,1600,1200,930,547.3,45,4,n,100
2344,I2344,1200,1000,750,267.8,45,1,n,100
723,I0723,1600,1200,1350,205.16,45,4,n,100
2359,I2359,1200,1000,750,229.88,45,1,n,100
5177,I5177,1200,1000,975,225.6,45,1,n,100
1731,I1731,1400,1225,1160,317.0,0,2,n,100
4329,I4329,1200,1000,750,229.88,45,1,n,100
4929,I4929,1400,1200,1450,179.4,45,3,n,100
1613,I1613,1200,1000,975,165.375,45,1,n,100
3795,I3795,1600,1200,930,547.3,45,4,n,100
684,I0684,780,570,478,270.08,47,0,w,4
7490,I7490,1400,1200,1450,179.4,45,3,n,100
4426,I4426,1900,1200,750,845.38,45,5,n,100
3803,I3803,1400,1200,1450,179.4,45,3,n,100
2180,I2180,1600,1200,1350,207.72,45,4,n,100
2909,I2909,1200,1000,975,577.8,45,1,n,100
2809,I2809,1200,1000,975,527.4,45,1,n,100
5637,I5637,1600,1200,1350,207.72,45,4,n,100
2168,I2168,1600,1200,1350,207.72,45,4,n,100
2910,I2910,1200,1000,975,577.8,45,1,n,100
7852,I7852,1400,1225,1160,278.5,0,2,n,100
5157,I5157,1400,1225,1160,317.0,0,2,n,100
6023,I6023,1400,1225,1160,317.0,0,2,n,100
8238,I8238,1600,1200,1350,303.92,45,4,n,100
4109,I4109,1400,1225,1160,317.0,0,2,n,100
5872,I5872,1600,1200,1350,303.92,45,4,n,100
3319,I3319,1200,1000,1057,164.04,0,6,n,100
364,I0364,1400,1225,1160,317.0,0,2,n,100
4510,I4510,1600,1200,930,438.4,45,4,n,100
8128,I8128,780,570,478,82.32,47,0,w,4
5855,I5855,1400,1200,1450,179.4,45,3,n,100
2310,I2310,1600,1200,975,611.224,45,4,n,100
5735,I5735,1200,1000,975,527.4,45,1,n,100
6731,I6731,1200,1000,975,527.4,45,1,n,100
5145,I5145,780,570,478,100.96,47,0,w,4
6366,I6366,1400,1225,1160,278.5,0,2,n,100
5693,I5693,1400,1225,1160,317.0,0,2,n,100
6014,I6014,1400,1225,1160,317.0,0,2,n,100
6344,I6344,1600,1200,975,180.2,45,4,n,100
4990,I4990,1400,1200,1450,179.4,45,3,n,100
1483,I1483,1200,1000,975,293.32,45,1,n,100
5316,I5316,1600,1200,1350,207.72,45,4,n,100
6374,I6374,1600,1200,1350,205.16,45,4,n,100
3444,I3444,1200,1000,1155,366.75,0,6,n,100
560,I0560,780,570,478,100.96,47,0,w,4
5960,I5960,1400,1225,1160,317.0,0,2,n,100
7119,I7119,1400,1200,1450,179.4,45,3,n,100
6505,I6505,1200,1000,975,165.375,45,1,n,100
8095,I8095,1400,1200,1450,179.4,45,3,n,100
907,I0907,1400,1200,1450,179.4,45,3,n,100
8077,I8077,1600,1200,1350,207.72,45,4,n,100
611,I0611,1400,1225,1160,278.5,0,2,n,100
1681,I1681,1400,1200,1450,179.4,45,3,n,100
543,I0543,1400,1200,1450,179.4,45,3,n,100
5480,I5480,1200,1000,1155,366.75,0,6,n,100
6698,I6698,1400,1200,1450,179.4,45,3,n,100
5059,I5059,780,570,478,160.56,47,0,w,4
4464,I4464,1200,1000,975,336.7,45,1,n,100
5780,I5780,1600,1200,1350,303.92,45,4,n,100
6564,I6564,1600,1200,1350,303.92,45,4,n,100
3951,I3951,1200,1000,750,227.528,45,1,n,100
4381,I4381,1200,1000,975,183.84,45,1,n,100
5802,I5802,1600,1200,1350,303.92,45,4,n,100
3956,I3956,1400,1200,1450,179.4,45,3,n,100
7456,I7456,1400,1225,1160,278.5,0,2,n,100
3153,I3153,1400,1225,1160,278.5,0,2,n,100
3711,I3711,1400,1200,1450,179.4,45,3,n,100
7587,I7587,1400,1225,1160,278.5,0,2,n,100
4954,I4954,1600,1200,1350,207.72,45,4,n,100
6995,I6995,1400,1200,1450,179.4,45,3,n,100
7262,I7262,1400,1200,1450,179.4,45,3,n,100
4834,I4834,1200,1000,975,336.7,45,1,n,100
5893,I5893,780,570,478,104.768,47,0,w,4
2037,I2037,1600,1200,1350,207.72,45,4,n,100
