,id_item,length,width,height,weight,nesting_height,stackability_code,forced_orientation,max_stackability
1626,I1626,1200,1000,615,0.0,100,6,w,4
2841,I2841,1200,1000,615,160.0,100,6,n,4
3655,I3655,1500,1000,615,258.0,100,7,n,4
1867,I1867,800,600,615,299.0,100,2,n,3
4751,I4751,800,600,615,353.0,100,2,w,3
4776,I4776,1000,800,615,125.0,100,3,n,4
5043,I5043,800,460,615,262.0,100,0,n,3
6050,I6050,1500,800,615,356.0,100,5,n,4
3239,I3239,1200,800,615,323.0,100,4,l,4
6221,I6221,1000,800,615,373.0,100,3,w,4
2399,I2399,1000,800,615,0.0,100,3,n,4
2309,I2309,1000,800,615,352.0,100,3,n,4
6240,I6240,800,460,615,297.0,100,0,n,3
483,I0483,1200,800,615,321.0,100,4,n,4
6412,I6412,1200,1000,615,105.0,100,6,n,4
3328,I3328,1500,800,615,437.0,100,5,n,4
4032,I4032,1200,1000,615,230.0,100,6,n,4
376,I0376,1200,800,615,160.0,100,4,n,4
4901,I4901,1200,1000,615,226.0,100,6,n,4
4026,I4026,1500,1000,615,0.0,100,7,n,4
3970,I3970,1500,800,615,0.0,100,5,n,4
1043,I1043,800,460,615,375.0,100,0,n,3
3405,I3405,1200,800,615,347.0,100,4,n,4
6048,I6048,1200,1000,615,333.0,100,6,n,4
3814,I3814,1200,800,615,273.0,100,4,n,4
6276,I6276,1000,800,615,214.0,100,3,n,4
4168,I4168,1200,1000,615,303.0,100,6,n,4
2079,I2079,1200,1000,615,438.0,100,6,n,4
2695,I2695,800,500,615,284.0,100,1,l,3
922,I0922,800,500,615,146.0,100,1,n,3
3274,I3274,800,460,615,337.0,100,0,n,3
6264,I6264,1200,1000,615,190.0,100,6,n,4
4276,I4276,800,600,615,448.0,100,2,n,3
1210,I1210,1200,1000,615,300.0,100,6,n,4
2775,I2775,1500,1000,615,120.0,100,7,n,4
2702,I2702,800,500,615,252.0,100,1,n,3
3354,I3354,800,460,615,316.0,100,0,n,3
3462,I3462,1200,800,615,0.0,100,4,n,4
5651,I5651,1200,800,615,253.0,100,4,w,4
4486,I4486,1200,800,615,263.0,100,4,n,4
4200,I4200,1500,800,615,406.0,100,5,n,4
3520,I3520,800,600,615,313.0,100,2,l,3
4174,I4174,1200,1000,615,147.0,100,6,n,4
1274,I1274,800,460,615,186.0,100,0,n,3
2581,I2581,1200,1000,615,0.0,100,6,n,4
2898,I2898,1200,800,615,279.0,100,4,n,4
1411,I1411,1200,800,615,158.0,100,4,n,4
2589,I2589,1000,800,615,336.0,100,3,n,4
3201,I3201,800,500,615,298.0,100,1,n,3
3236,I3236,800,460,615,353.0,100,0,n,3
5850,I5850,1500,1000,615,288.0,100,7,n,4
2535,I2535,800,600,615,369.0,100,2,n,3
5431,I5431,800,500,615,297.0,100,1,n,3
3455,I3455,1500,800,615,413.0,100,5,n,4
571,I0571,800,460,615,390.0,100,0,n,3
201,I0201,1200,800,615,250.0,100,4,n,4
782,I0782,800,460,615,136.0,100,0,w,3
819,I0819,1000,800,615,273.0,100,3,n,4
6090,I6090,800,600,615,391.0,100,2,n,3
2746,I2746,1500,800,615,0.0,100,5,n,4
559,I0559,1200,1000,615,307.0,100,6,n,4
3173,I3173,1200,800,615,0.0,100,4,n,4
5226,I5226,1500,800,615,276.0,100,5,n,4
4704,I4704,1200,1000,615,389.0,100,6,n,4
2940,I2940,1500,800,615,153.0,100,5,n,4
4161,I4161,1500,1000,615,373.0,100,7,n,4
4426,I4426,800,600,615,0.0,100,2,n,3
5453,I5453,1500,1000,615,399.0,100,7,n,4
6104,I6104,800,500,615,392.0,100,1,l,3
3217,I3217,1200,1000,615,386.0,100,6,n,4
5259,I5259,1200,1000,615,250.0,100,6,n,4
1078,I1078,1200,800,615,145.0,100,4,n,4
2822,I2822,1200,800,615,276.0,100,4,n,4
1328,I1328,800,460,615,166.0,100,0,n,3
91,I0091,1200,1000,615,438.0,100,6,n,4
1482,I1482,1200,800,615,208.0,100,4,n,4
4687,I4687,800,500,615,175.0,100,1,n,3
1778,I1778,1500,1000,615,0.0,100,7,n,4
1459,I1459,1200,800,615,342.0,100,4,n,4
2433,I2433,800,500,615,287.0,100,1,n,3
6178,I6178,1200,1000,615,0.0,100,6,n,4
2584,I2584,1500,800,615,150.0,100,5,n,4
3686,I3686,1200,1000,615,285.0,100,6,w,4
4595,I4595,1200,1000,615,203.0,100,6,n,4
2633,I2633,1200,1000,615,164.0,100,6,n,4
5285,I5285,800,600,615,227.0,100,2,n,3
1866,I1866,800,600,615,330.0,100,2,n,3
953,I0953,800,500,615,252.0,100,1,n,3
589,I0589,1200,800,615,274.0,100,4,n,4
1824,I1824,800,460,615,96.0,100,0,n,3
1116,I1116,1500,800,615,274.0,100,5,n,4
5287,I5287,800,500,615,362.0,100,1,l,3
5140,I5140,1000,800,615,424.0,100,3,n,4
5430,I5430,1500,800,615,269.0,100,5,n,4
4272,I4272,1500,1000,615,0.0,100,7,n,4
1340,I1340,1200,1000,615,355.0,100,6,n,4
86,I0086,800,600,615,112.0,100,2,n,3
6119,I6119,800,460,615,199.0,100,0,n,3
371,I0371,800,600,615,210.0,100,2,w,3
5087,I5087,1000,800,615,212.0,100,3,n,4
1705,I1705,800,600,615,194.0,100,2,n,3
4765,I4765,1200,800,615,391.0,100,4,n,4
3397,I3397,1000,800,615,299.0,100,3,n,4
2994,I2994,1500,800,615,140.0,100,5,n,4
4303,I4303,800,600,615,344.0,100,2,n,3
249,I0249,1500,1000,615,330.0,100,7,n,4
5181,I5181,800,600,615,271.0,100,2,n,3
4612,I4612,800,600,615,289.0,100,2,n,3
276,I0276,1000,800,615,136.0,100,3,n,4
494,I0494,1500,1000,615,194.0,100,7,n,4
2491,I2491,800,460,615,100.0,100,0,w,3
4873,I4873,1500,1000,615,0.0,100,7,n,4
702,I0702,800,600,615,419.0,100,2,n,3
6234,I6234,800,460,615,224.0,100,0,n,3
1491,I1491,1200,800,615,239.0,100,4,w,4
3844,I3844,1000,800,615,0.0,100,3,n,4
1741,I1741,1500,1000,615,255.0,100,7,n,4
2344,I2344,1000,800,615,172.0,100,3,l,4
5463,I5463,1500,800,615,201.0,100,5,n,4
988,I0988,1500,800,615,246.0,100,5,n,4
4634,I4634,1500,800,615,383.0,100,5,n,4
5236,I5236,1200,800,615,381.0,100,4,n,4
4646,I4646,1500,800,615,229.0,100,5,n,4
3429,I3429,1200,1000,615,359.0,100,6,n,4
5554,I5554,800,500,615,261.0,100,1,l,3
3081,I3081,1200,800,615,334.0,100,4,n,4
6028,I6028,800,600,615,287.0,100,2,n,3
3700,I3700,800,600,615,463.0,100,2,n,3
4533,I4533,1000,800,615,430.0,100,3,l,4
251,I0251,800,460,615,0.0,100,0,n,3
1967,I1967,1500,1000,615,234.0,100,7,n,4
3977,I3977,1200,1000,615,119.0,100,6,n,4
3472,I3472,1200,800,615,172.0,100,4,n,4
4637,I4637,1000,800,615,360.0,100,3,n,4
1447,I1447,800,460,615,0.0,100,0,n,3
3694,I3694,800,460,615,0.0,100,0,n,3
1013,I1013,800,600,615,116.0,100,2,n,3
3746,I3746,1000,800,615,280.0,100,3,w,4
5160,I5160,1000,800,615,0.0,100,3,w,4
2356,I2356,1200,800,615,172.0,100,4,n,4
2528,I2528,1500,1000,615,266.0,100,7,n,4
3580,I3580,800,600,615,442.0,100,2,n,3
1420,I1420,1500,1000,615,224.0,100,7,w,4
730,I0730,1500,800,615,326.0,100,5,n,4
3422,I3422,1200,1000,615,365.0,100,6,w,4
83,I0083,1000,800,615,418.0,100,3,n,4
5845,I5845,800,600,615,176.0,100,2,n,3
5792,I5792,800,500,615,333.0,100,1,n,3
5159,I5159,1000,800,615,419.0,100,3,n,4
205,I0205,1000,800,615,318.0,100,3,n,4
354,I0354,1200,1000,615,167.0,100,6,n,4
3506,I3506,1500,1000,615,185.0,100,7,n,4
2396,I2396,800,460,615,191.0,100,0,n,3
2885,I2885,800,500,615,326.0,100,1,n,3
794,I0794,800,600,615,390.0,100,2,l,3
4326,I4326,1500,800,615,299.0,100,5,l,4
4102,I4102,800,600,615,334.0,100,2,n,3
3892,I3892,1200,1000,615,455.0,100,6,l,4
5961,I5961,1200,800,615,406.0,100,4,n,4
1776,I1776,1000,800,615,430.0,100,3,w,4
1630,I1630,1000,800,615,256.0,100,3,n,4
4266,I4266,1500,800,615,213.0,100,5,n,4
3227,I3227,1500,1000,615,307.0,100,7,n,4
5091,I5091,1500,800,615,333.0,100,5,n,4
3482,I3482,1500,800,615,297.0,100,5,n,4
2810,I2810,800,600,615,445.0,100,2,n,3
1422,I1422,800,500,615,442.0,100,1,n,3
2383,I2383,1000,800,615,0.0,100,3,n,4
2520,I2520,800,500,615,152.0,100,1,w,3
5329,I5329,800,500,615,440.0,100,1,n,3
2361,I2361,1500,1000,615,0.0,100,7,n,4
4179,I4179,800,460,615,316.0,100,0,n,3
3767,I3767,800,460,615,282.0,100,0,n,3
2635,I2635,1500,1000,615,0.0,100,7,n,4
5563,I5563,1200,1000,615,189.0,100,6,n,4
4700,I4700,1500,1000,615,348.0,100,7,n,4
5703,I5703,800,460,615,239.0,100,0,l,3
1056,I1056,800,500,615,366.0,100,1,n,3
5729,I5729,1500,1000,615,220.0,100,7,n,4
1403,I1403,800,600,615,413.0,100,2,w,3
3182,I3182,1500,800,615,125.0,100,5,n,4
1120,I1120,800,600,615,216.0,100,2,n,3
4808,I4808,800,600,615,366.0,100,2,n,3
4027,I4027,1500,1000,615,258.0,100,7,n,4
1348,I1348,1500,800,615,337.0,100,5,n,4
4108,I4108,800,600,615,358.0,100,2,w,3
6426,I6426,1500,800,615,232.0,100,5,n,4
3469,I3469,800,500,615,234.0,100,1,n,3
807,I0807,800,500,615,394.0,100,1,n,3
3499,I3499,1500,800,615,0.0,100,5,n,4
4064,I4064,800,460,615,195.0,100,0,n,3
5501,I5501,1500,800,615,199.0,100,5,n,4
4408,I4408,1200,1000,615,235.0,100,6,n,4
925,I0925,1500,1000,615,394.0,100,7,n,4
6237,I6237,800,500,615,254.0,100,1,n,3
2020,I2020,800,500,615,396.0,100,1,l,3
4328,I4328,1500,800,615,183.0,100,5,n,4
1779,I1779,1500,1000,615,316.0,100,7,n,4
3865,I3865,1500,800,615,227.0,100,5,n,4
2337,I2337,800,600,615,250.0,100,2,n,3
5758,I5758,800,500,615,357.0,100,1,n,3
6095,I6095,1200,800,615,326.0,100,4,n,4
5505,I5505,800,500,615,371.0,100,1,n,3
3627,I3627,1500,1000,615,363.0,100,7,n,4
701,I0701,1200,800,615,276.0,100,4,n,4
2575,I2575,1000,800,615,167.0,100,3,n,4
4081,I4081,800,600,615,360.0,100,2,l,3
4157,I4157,1000,800,615,275.0,100,3,n,4
4913,I4913,1200,1000,615,215.0,100,6,n,4
2283,I2283,1200,800,615,289.0,100,4,n,4
1600,I1600,1000,800,615,144.0,100,3,n,4
4738,I4738,1000,800,615,427.0,100,3,n,4
3875,I3875,1500,800,615,300.0,100,5,n,4
2820,I2820,1200,1000,615,429.0,100,6,n,4
3727,I3727,1200,800,615,280.0,100,4,n,4
1138,I1138,800,460,615,393.0,100,0,n,3
2692,I2692,1200,1000,615,364.0,100,6,l,4
1723,I1723,800,500,615,271.0,100,1,l,3
928,I0928,1200,800,615,205.0,100,4,n,4
766,I0766,1000,800,615,0.0,100,3,n,4
3725,I3725,1500,800,615,415.0,100,5,n,4
6307,I6307,1200,1000,615,402.0,100,6,w,4
3017,I3017,800,500,615,252.0,100,1,n,3
3629,I3629,800,500,615,184.0,100,1,n,3
4060,I4060,1200,800,615,216.0,100,4,l,4
4112,I4112,1000,800,615,306.0,100,3,l,4
5476,I5476,1500,800,615,253.0,100,5,n,4
1648,I1648,800,500,615,177.0,100,1,n,3
4357,I4357,800,460,615,380.0,100,0,n,3
1878,I1878,800,460,615,218.0,100,0,n,3
5404,I5404,1200,1000,615,353.0,100,6,n,4
5702,I5702,1000,800,615,217.0,100,3,l,4
4779,I4779,1200,1000,615,159.0,100,6,n,4
6282,I6282,1500,1000,615,0.0,100,7,w,4
3277,I3277,1500,1000,615,192.0,100,7,n,4
2504,I2504,1200,1000,615,396.0,100,6,n,4
746,I0746,1200,800,615,295.0,100,4,w,4
788,I0788,1200,1000,615,418.0,100,6,n,4
3639,I3639,1500,1000,615,393.0,100,7,n,4
5165,I5165,1500,800,615,371.0,100,5,n,4
3526,I3526,1200,1000,615,254.0,100,6,n,4
3396,I3396,1200,1000,615,186.0,100,6,n,4
29,I0029,1500,800,615,441.0,100,5,n,4
2387,I2387,1500,800,615,364.0,100,5,n,4
5605,I5605,800,600,615,428.0,100,2,n,3
884,I0884,800,500,615,276.0,100,1,n,3
4199,I4199,1500,1000,615,341.0,100,7,n,4
1050,I1050,1200,800,615,140.0,100,4,n,4
5867,I5867,1000,800,615,292.0,100,3,n,4
588,I0588,1200,800,615,380.0,100,4,n,4
4834,I4834,1000,800,615,231.0,100,3,l,4
2733,I2733,800,500,615,371.0,100,1,n,3
5515,I5515,1200,1000,615,440.0,100,6,n,4
4435,I4435,800,500,615,380.0,100,1,n,3
4006,I4006,1200,1000,615,204.0,100,6,l,4
3781,I3781,1000,800,615,307.0,100,3,n,4
5304,I5304,800,500,615,302.0,100,1,n,3
4409,I4409,1500,1000,615,386.0,100,7,n,4
979,I0979,1500,1000,615,405.0,100,7,n,4
150,I0150,1200,800,615,180.0,100,4,l,4
1597,I1597,800,500,615,272.0,100,1,n,3
5433,I5433,800,460,615,315.0,100,0,n,3
4757,I4757,1500,1000,615,0.0,100,7,n,4
4573,I4573,1500,1000,615,0.0,100,7,w,4
3189,I3189,1500,800,615,290.0,100,5,n,4
5174,I5174,1500,800,615,457.0,100,5,n,4
936,I0936,800,600,615,317.0,100,2,n,3
1702,I1702,1000,800,615,286.0,100,3,n,4
5624,I5624,1500,1000,615,132.0,100,7,n,4
5387,I5387,800,600,615,313.0,100,2,l,3
6233,I6233,1200,1000,615,375.0,100,6,n,4
1455,I1455,800,600,615,254.0,100,2,w,3
663,I0663,800,460,615,249.0,100,0,n,3
2035,I2035,1000,800,615,283.0,100,3,n,4
1592,I1592,1000,800,615,153.0,100,3,n,4
830,I0830,1000,800,615,285.0,100,3,n,4
3699,I3699,1500,1000,615,195.0,100,7,n,4
4788,I4788,1500,800,615,387.0,100,5,n,4
958,I0958,1200,1000,615,319.0,100,6,n,4
4602,I4602,800,600,615,348.0,100,2,n,3
5256,I5256,1200,1000,615,374.0,100,6,n,4
3164,I3164,1200,800,615,200.0,100,4,n,4
6293,I6293,1200,800,615,257.0,100,4,n,4
1355,I1355,800,600,615,0.0,100,2,n,3
1053,I1053,800,600,615,99.0,100,2,n,3
2664,I2664,800,460,615,216.0,100,0,n,3
4707,I4707,800,460,615,353.0,100,0,n,3
2711,I2711,800,600,615,353.0,100,2,n,3
2153,I2153,800,500,615,149.0,100,1,l,3
3774,I3774,1500,1000,615,409.0,100,7,n,4
4610,I4610,800,500,615,266.0,100,1,n,3
3049,I3049,1000,800,615,149.0,100,3,n,4
1226,I1226,1200,1000,615,125.0,100,6,n,4
5793,I5793,1200,1000,615,112.0,100,6,n,4
484,I0484,800,460,615,344.0,100,0,n,3
411,I0411,1500,1000,615,237.0,100,7,n,4
4288,I4288,1000,800,615,340.0,100,3,n,4
1282,I1282,800,460,615,339.0,100,0,n,3
5337,I5337,1500,800,615,418.0,100,5,n,4
4311,I4311,1500,1000,615,418.0,100,7,l,4
2420,I2420,800,500,615,286.0,100,1,l,3
2403,I2403,1200,800,615,0.0,100,4,n,4
4785,I4785,800,500,615,276.0,100,1,n,3
2184,I2184,800,500,615,0.0,100,1,n,3
2924,I2924,800,500,615,254.0,100,1,n,3
2937,I2937,1500,1000,615,381.0,100,7,n,4
4561,I4561,1500,800,615,346.0,100,5,w,4
6446,I6446,1200,1000,615,270.0,100,6,n,4
107,I0107,800,600,615,0.0,100,2,l,3
4949,I4949,1500,800,615,0.0,100,5,n,4
4810,I4810,1200,800,615,0.0,100,4,n,4
3380,I3380,800,460,615,235.0,100,0,n,3
5810,I5810,800,500,615,178.0,100,1,n,3
3701,I3701,800,460,615,388.0,100,0,n,3
4867,I4867,1000,800,615,200.0,100,3,n,4
166,I0166,1200,1000,615,151.0,100,6,n,4
3858,I3858,1500,800,615,225.0,100,5,n,4
3932,I3932,1000,800,615,191.0,100,3,n,4
553,I0553,1200,800,615,147.0,100,4,n,4
1278,I1278,1000,800,615,376.0,100,3,w,4
1149,I1149,1000,800,615,329.0,100,3,n,4
2716,I2716,1000,800,615,258.0,100,3,n,4
3476,I3476,1200,1000,615,156.0,100,6,n,4
4923,I4923,1500,1000,615,418.0,100,7,n,4
156,I0156,800,600,615,285.0,100,2,n,3
4596,I4596,800,460,615,289.0,100,0,n,3
1653,I1653,800,500,615,338.0,100,1,n,3
1651,I1651,800,500,615,302.0,100,1,n,3
5519,I5519,800,500,615,206.0,100,1,n,3
1533,I1533,800,600,615,365.0,100,2,w,3
4312,I4312,1200,800,615,283.0,100,4,n,4
1933,I1933,1500,1000,615,431.0,100,7,n,4
5879,I5879,1500,800,615,378.0,100,5,n,4
1249,I1249,800,600,615,169.0,100,2,n,3
1354,I1354,800,460,615,0.0,100,0,n,3
2546,I2546,800,500,615,0.0,100,1,n,3
3810,I3810,800,500,615,399.0,100,1,n,3
2422,I2422,800,500,615,236.0,100,1,n,3
4514,I4514,1000,800,615,345.0,100,3,n,4
76,I0076,1200,800,615,335.0,100,4,n,4
3683,I3683,1200,1000,615,172.0,100,6,n,4
3314,I3314,1200,800,615,96.0,100,4,l,4
758,I0758,800,500,615,332.0,100,1,w,3
2421,I2421,800,460,615,246.0,100,0,n,3
3688,I3688,800,600,615,164.0,100,2,w,3
298,I0298,1000,800,615,279.0,100,3,n,4
6241,I6241,800,500,615,0.0,100,1,l,3
6138,I6138,1200,1000,615,302.0,100,6,l,4
454,I0454,800,600,615,312.0,100,2,n,3
1700,I1700,800,460,615,0.0,100,0,n,3
599,I0599,1200,800,615,197.0,100,4,n,4
1612,I1612,1200,1000,615,193.0,100,6,l,4
2265,I2265,1500,1000,615,447.0,100,7,w,4
738,I0738,1200,800,615,419.0,100,4,w,4
6361,I6361,1200,1000,615,232.0,100,6,n,4
3215,I3215,1500,1000,615,192.0,100,7,n,4
5399,I5399,1500,800,615,225.0,100,5,n,4
5766,I5766,1000,800,615,278.0,100,3,n,4
1740,I1740,1500,1000,615,271.0,100,7,n,4
2005,I2005,800,460,615,163.0,100,0,n,3
728,I0728,800,600,615,145.0,100,2,n,3
4744,I4744,1500,800,615,411.0,100,5,n,4
2763,I2763,1200,1000,615,405.0,100,6,n,4
3036,I3036,800,460,615,0.0,100,0,n,3
3870,I3870,1500,1000,615,356.0,100,7,n,4
5246,I5246,800,500,615,0.0,100,1,w,3
3475,I3475,1500,800,615,435.0,100,5,n,4
6165,I6165,1200,800,615,274.0,100,4,n,4
916,I0916,1500,1000,615,322.0,100,7,n,4
5672,I5672,1000,800,615,429.0,100,3,w,4
3383,I3383,1500,800,615,421.0,100,5,n,4
1853,I1853,1200,800,615,144.0,100,4,n,4
6382,I6382,1000,800,615,178.0,100,3,l,4
2088,I2088,1500,800,615,0.0,100,5,n,4
5767,I5767,1000,800,615,326.0,100,3,n,4
5312,I5312,1200,1000,615,265.0,100,6,n,4
808,I0808,1500,800,615,234.0,100,5,n,4
2934,I2934,800,500,615,282.0,100,1,w,3
5133,I5133,1000,800,615,0.0,100,3,n,4
4048,I4048,800,500,615,220.0,100,1,n,3
5662,I5662,1500,800,615,311.0,100,5,n,4
326,I0326,1500,800,615,243.0,100,5,n,4
5543,I5543,1500,800,615,258.0,100,5,n,4
725,I0725,800,500,615,171.0,100,1,n,3
1449,I1449,1200,800,615,0.0,100,4,l,4
1602,I1602,1200,800,615,184.0,100,4,l,4
4323,I4323,800,500,615,418.0,100,1,n,3
1832,I1832,1500,1000,615,351.0,100,7,n,4
5835,I5835,800,500,615,0.0,100,1,n,3
475,I0475,1000,800,615,181.0,100,3,n,4
1442,I1442,1200,800,615,280.0,100,4,n,4
532,I0532,1500,1000,615,293.0,100,7,l,4
2070,I2070,1000,800,615,191.0,100,3,n,4
81,I0081,800,500,615,212.0,100,1,l,3
3118,I3118,1200,800,615,273.0,100,4,n,4
5880,I5880,1200,800,615,0.0,100,4,n,4
6344,I6344,800,500,615,0.0,100,1,n,3
1232,I1232,800,500,615,388.0,100,1,n,3
5127,I5127,1200,800,615,341.0,100,4,n,4
436,I0436,1200,800,615,396.0,100,4,n,4
3055,I3055,1200,1000,615,157.0,100,6,n,4
1921,I1921,1500,800,615,342.0,100,5,n,4
338,I0338,1500,1000,615,185.0,100,7,n,4
5857,I5857,800,500,615,231.0,100,1,n,3
3120,I3120,800,600,615,270.0,100,2,n,3
1418,I1418,800,460,615,0.0,100,0,n,3
1880,I1880,1500,800,615,253.0,100,5,n,4
2450,I2450,800,500,615,0.0,100,1,n,3
3600,I3600,800,500,615,466.0,100,1,n,3
883,I0883,800,500,615,136.0,100,1,n,3
5199,I5199,1500,1000,615,348.0,100,7,n,4
5614,I5614,800,600,615,259.0,100,2,l,3
48,I0048,1500,1000,615,249.0,100,7,n,4
2341,I2341,1500,1000,615,279.0,100,7,n,4
3962,I3962,800,600,615,333.0,100,2,l,3
3245,I3245,800,500,615,313.0,100,1,n,3
1975,I1975,1200,800,615,0.0,100,4,n,4
5346,I5346,1000,800,615,0.0,100,3,n,4
266,I0266,800,500,615,209.0,100,1,n,3
4675,I4675,800,600,615,288.0,100,2,n,3
3169,I3169,1200,800,615,274.0,100,4,n,4
4187,I4187,1500,800,615,273.0,100,5,n,4
572,I0572,1500,800,615,275.0,100,5,n,4
410,I0410,1200,1000,615,238.0,100,6,l,4
3500,I3500,1500,1000,615,260.0,100,7,n,4
5450,I5450,1500,1000,615,232.0,100,7,n,4
3662,I3662,800,500,615,194.0,100,1,w,3
5659,I5659,800,460,615,231.0,100,0,n,3
3446,I3446,1500,1000,615,387.0,100,7,n,4
4888,I4888,1000,800,615,220.0,100,3,w,4
1323,I1323,1200,800,615,211.0,100,4,n,4
768,I0768,800,500,615,0.0,100,1,n,3
4146,I4146,800,600,615,180.0,100,2,n,3
3914,I3914,800,500,615,265.0,100,1,n,3
1118,I1118,800,500,615,212.0,100,1,n,3
1478,I1478,1200,1000,615,259.0,100,6,n,4
5118,I5118,800,600,615,357.0,100,2,n,3
607,I0607,1500,800,615,0.0,100,5,n,4
921,I0921,1500,1000,615,241.0,100,7,l,4
6120,I6120,1200,1000,615,118.0,100,6,n,4
495,I0495,1200,800,615,0.0,100,4,n,4
5417,I5417,800,600,615,243.0,100,2,n,3
491,I0491,800,600,615,248.0,100,2,n,3
3178,I3178,800,600,615,219.0,100,2,n,3
1257,I1257,1500,1000,615,270.0,100,7,n,4
2476,I2476,1500,1000,615,443.0,100,7,n,4
5700,I5700,800,460,615,293.0,100,0,n,3
3657,I3657,1000,800,615,315.0,100,3,w,4
254,I0254,800,500,615,316.0,100,1,n,3
292,I0292,1000,800,615,141.0,100,3,w,4
6214,I6214,1500,1000,615,469.0,100,7,l,4
5652,I5652,1500,800,615,406.0,100,5,n,4
1896,I1896,1500,800,615,404.0,100,5,n,4
2980,I2980,1200,800,615,186.0,100,4,n,4
3137,I3137,1000,800,615,427.0,100,3,n,4
3966,I3966,1200,1000,615,420.0,100,6,n,4
4760,I4760,1200,1000,615,0.0,100,6,n,4
1244,I1244,800,460,615,297.0,100,0,n,3
3689,I3689,800,460,615,398.0,100,0,n,3
2612,I2612,1200,1000,615,333.0,100,6,w,4
3903,I3903,1000,800,615,417.0,100,3,n,4
5470,I5470,800,460,615,344.0,100,0,n,3
5313,I5313,800,600,615,0.0,100,2,n,3
2225,I2225,1200,800,615,447.0,100,4,n,4
1000,I1000,1500,1000,615,301.0,100,7,n,4
5143,I5143,1200,800,615,143.0,100,4,n,4
473,I0473,1200,1000,615,230.0,100,6,l,4
6450,I6450,1000,800,615,162.0,100,3,n,4
5441,I5441,1500,800,615,266.0,100,5,n,4
69,I0069,1200,800,615,186.0,100,4,n,4
2656,I2656,1200,1000,615,173.0,100,6,l,4
2534,I2534,800,600,615,133.0,100,2,n,3
2322,I2322,1500,800,615,231.0,100,5,n,4
575,I0575,1200,1000,615,393.0,100,6,n,4
3784,I3784,1200,1000,615,157.0,100,6,n,4
3987,I3987,800,460,615,0.0,100,0,n,3
4654,I4654,1000,800,615,189.0,100,3,n,4
610,I0610,1500,800,615,219.0,100,5,n,4
5036,I5036,800,600,615,238.0,100,2,n,3
3155,I3155,1000,800,615,363.0,100,3,w,4
2485,I2485,1000,800,615,441.0,100,3,w,4
1882,I1882,1200,1000,615,348.0,100,6,n,4
6406,I6406,800,600,615,231.0,100,2,n,3
3724,I3724,1500,1000,615,332.0,100,7,n,4
1590,I1590,800,500,615,182.0,100,1,n,3
3467,I3467,800,600,615,206.0,100,2,l,3
4534,I4534,1000,800,615,322.0,100,3,n,4
1496,I1496,1500,800,615,320.0,100,5,n,4
4042,I4042,800,600,615,270.0,100,2,n,3
187,I0187,1000,800,615,313.0,100,3,n,4
5481,I5481,800,600,615,234.0,100,2,n,3
476,I0476,800,600,615,384.0,100,2,n,3
5708,I5708,1200,800,615,0.0,100,4,n,4
3301,I3301,800,500,615,227.0,100,1,n,3
5446,I5446,1200,800,615,0.0,100,4,n,4
608,I0608,1500,1000,615,0.0,100,7,n,4
1385,I1385,800,500,615,322.0,100,1,n,3
2376,I2376,1500,800,615,358.0,100,5,n,4
2407,I2407,800,600,615,158.0,100,2,n,3
492,I0492,1500,1000,615,273.0,100,7,l,4
4202,I4202,800,500,615,261.0,100,1,w,3
5957,I5957,800,600,615,280.0,100,2,n,3
227,I0227,1500,800,615,377.0,100,5,n,4
5139,I5139,1200,1000,615,295.0,100,6,n,4
5808,I5808,800,460,615,439.0,100,0,n,3
4983,I4983,1200,1000,615,311.0,100,6,n,4
5974,I5974,1000,800,615,280.0,100,3,n,4
1518,I1518,1000,800,615,182.0,100,3,n,4
1117,I1117,1200,800,615,220.0,100,4,n,4
2846,I2846,1500,1000,615,276.0,100,7,n,4
5385,I5385,1200,1000,615,0.0,100,6,n,4
5891,I5891,800,600,615,111.0,100,2,n,3
3658,I3658,800,460,615,164.0,100,0,l,3
2429,I2429,800,600,615,229.0,100,2,l,3
6348,I6348,1200,800,615,201.0,100,4,n,4
2139,I2139,1000,800,615,292.0,100,3,n,4
1480,I1480,1500,800,615,230.0,100,5,n,4
1175,I1175,1200,1000,615,199.0,100,6,w,4
4336,I4336,1500,1000,615,174.0,100,7,n,4
3040,I3040,1500,1000,615,91.0,100,7,w,4
1072,I1072,1000,800,615,247.0,100,3,n,4
4113,I4113,800,600,615,361.0,100,2,n,3
5612,I5612,1200,800,615,95.0,100,4,n,4
4472,I4472,800,600,615,333.0,100,2,n,3
2204,I2204,1500,1000,615,86.0,100,7,l,4
4508,I4508,800,600,615,130.0,100,2,n,3
1929,I1929,1000,800,615,198.0,100,3,n,4
5121,I5121,800,460,615,317.0,100,0,n,3
3101,I3101,800,460,615,292.0,100,0,n,3
3007,I3007,800,460,615,396.0,100,0,n,3
5923,I5923,1200,800,615,445.0,100,4,w,4
5152,I5152,800,500,615,237.0,100,1,n,3
4801,I4801,1200,1000,615,394.0,100,6,w,4
1952,I1952,1000,800,615,0.0,100,3,n,4
1688,I1688,1500,800,615,98.0,100,5,l,4
1997,I1997,1200,1000,615,165.0,100,6,n,4
3948,I3948,800,500,615,213.0,100,1,n,3
2125,I2125,1200,1000,615,0.0,100,6,n,4
1132,I1132,1200,800,615,210.0,100,4,n,4
3514,I3514,1500,800,615,309.0,100,5,n,4
2626,I2626,1500,800,615,412.0,100,5,n,4
3230,I3230,1500,800,615,184.0,100,5,n,4
2075,I2075,800,460,615,274.0,100,0,l,3
5031,I5031,1500,800,615,290.0,100,5,n,4
1818,I1818,800,500,615,177.0,100,1,n,3
959,I0959,1200,1000,615,348.0,100,6,n,4
3605,I3605,1200,1000,615,360.0,100,6,w,4
1141,I1141,1200,800,615,229.0,100,4,n,4
4143,I4143,1200,800,615,248.0,100,4,w,4
4617,I4617,800,600,615,375.0,100,2,l,3
1539,I1539,800,600,615,209.0,100,2,n,3
5027,I5027,1200,800,615,110.0,100,4,w,4
5414,I5414,800,460,615,235.0,100,0,w,3
2481,I2481,1500,800,615,288.0,100,5,n,4
4124,I4124,800,460,615,0.0,100,0,n,3
2406,I2406,1500,1000,615,298.0,100,7,n,4
1486,I1486,800,460,615,358.0,100,0,n,3
3929,I3929,1500,800,615,222.0,100,5,n,4
5919,I5919,1000,800,615,229.0,100,3,n,4
1541,I1541,1500,800,615,328.0,100,5,l,4
1047,I1047,1200,800,615,301.0,100,4,n,4
378,I0378,800,600,615,259.0,100,2,n,3
934,I0934,1200,1000,615,262.0,100,6,n,4
2381,I2381,800,460,615,286.0,100,0,n,3
2913,I2913,1200,1000,615,0.0,100,6,n,4
1649,I1649,800,600,615,405.0,100,2,n,3
6177,I6177,1200,1000,615,0.0,100,6,n,4
3608,I3608,1200,1000,615,330.0,100,6,w,4
5587,I5587,1500,800,615,107.0,100,5,n,4
4976,I4976,1200,800,615,389.0,100,4,n,4
2860,I2860,800,460,615,0.0,100,0,l,3
4245,I4245,1500,1000,615,211.0,100,7,n,4
5134,I5134,1200,800,615,264.0,100,4,n,4
1168,I1168,1200,800,615,0.0,100,4,n,4
5272,I5272,1500,1000,615,373.0,100,7,w,4
4094,I4094,800,500,615,284.0,100,1,n,3
694,I0694,1000,800,615,0.0,100,3,n,4
5484,I5484,1200,800,615,357.0,100,4,n,4
6057,I6057,1500,1000,615,173.0,100,7,n,4
4857,I4857,1500,800,615,123.0,100,5,n,4
3630,I3630,800,460,615,277.0,100,0,n,3
4123,I4123,800,460,615,161.0,100,0,n,3
4762,I4762,1500,1000,615,227.0,100,7,n,4
6326,I6326,1500,800,615,188.0,100,5,n,4
1465,I1465,1200,800,615,189.0,100,4,n,4
1007,I1007,800,500,615,182.0,100,1,w,3
4817,I4817,800,460,615,0.0,100,0,l,3
5653,I5653,800,500,615,105.0,100,1,n,3
5871,I5871,1200,1000,615,201.0,100,6,n,4
5201,I5201,800,500,615,320.0,100,1,n,3
390,I0390,1500,800,615,366.0,100,5,n,4
1658,I1658,1000,800,615,450.0,100,3,n,4
832,I0832,1500,1000,615,450.0,100,7,l,4
4294,I4294,1200,1000,615,196.0,100,6,n,4
472,I0472,1500,800,615,383.0,100,5,l,4
2368,I2368,800,500,615,373.0,100,1,w,3
1578,I1578,800,460,615,431.0,100,0,n,3
1492,I1492,1000,800,615,328.0,100,3,n,4
3852,I3852,1000,800,615,346.0,100,3,w,4
5393,I5393,1500,1000,615,310.0,100,7,n,4
4631,I4631,800,600,615,129.0,100,2,n,3
1584,I1584,1500,800,615,220.0,100,5,n,4
999,I0999,1200,1000,615,187.0,100,6,n,4
3979,I3979,800,460,615,393.0,100,0,w,3
6288,I6288,1200,800,615,176.0,100,4,n,4
2802,I2802,1200,800,615,304.0,100,4,n,4
5348,I5348,1500,800,615,177.0,100,5,n,4
2731,I2731,1500,1000,615,0.0,100,7,n,4
5183,I5183,1200,800,615,215.0,100,4,n,4
257,I0257,1200,1000,615,444.0,100,6,n,4
1299,I1299,1200,800,615,412.0,100,4,l,4
961,I0961,800,460,615,223.0,100,0,n,3
2182,I2182,800,600,615,253.0,100,2,n,3
1115,I1115,800,500,615,348.0,100,1,n,3
4626,I4626,1000,800,615,0.0,100,3,w,4
2632,I2632,800,460,615,185.0,100,0,n,3
4964,I4964,1200,1000,615,185.0,100,6,w,4
353,I0353,800,460,615,341.0,100,0,n,3
2046,I2046,1500,800,615,153.0,100,5,n,4
3783,I3783,800,600,615,327.0,100,2,n,3
4829,I4829,800,600,615,416.0,100,2,n,3
5896,I5896,800,600,615,224.0,100,2,n,3
1338,I1338,1200,800,615,166.0,100,4,n,4
6183,I6183,1500,800,615,394.0,100,5,w,4
675,I0675,1200,800,615,400.0,100,4,n,4
4825,I4825,800,500,615,241.0,100,1,w,3
420,I0420,1500,1000,615,145.0,100,7,n,4
4239,I4239,1500,1000,615,161.0,100,7,n,4
4273,I4273,1200,1000,615,330.0,100,6,n,4
4574,I4574,800,600,615,0.0,100,2,n,3
5657,I5657,1500,1000,615,185.0,100,7,n,4
5100,I5100,1500,800,615,343.0,100,5,n,4
3176,I3176,1200,1000,615,444.0,100,6,n,4
3913,I3913,1200,1000,615,286.0,100,6,n,4
58,I0058,1200,800,615,414.0,100,4,n,4
573,I0573,800,600,615,177.0,100,2,n,3
1454,I1454,1000,800,615,367.0,100,3,n,4
2959,I2959,800,460,615,114.0,100,0,n,3
1850,I1850,1000,800,615,255.0,100,3,n,4
5694,I5694,1200,800,615,145.0,100,4,n,4
1504,I1504,1000,800,615,176.0,100,3,l,4
4643,I4643,1200,1000,615,231.0,100,6,l,4
3025,I3025,800,600,615,279.0,100,2,n,3
4020,I4020,1200,800,615,0.0,100,4,n,4
1426,I1426,1200,1000,615,177.0,100,6,n,4
1221,I1221,1200,800,615,156.0,100,4,n,4
1213,I1213,1200,800,615,312.0,100,4,n,4
1532,I1532,1200,1000,615,255.0,100,6,n,4
4271,I4271,1500,800,615,180.0,100,5,l,4
451,I0451,1200,1000,615,290.0,100,6,n,4
3003,I3003,800,460,615,232.0,100,0,l,3
35,I0035,1500,1000,615,358.0,100,7,n,4
2552,I2552,800,460,615,417.0,100,0,n,3
1231,I1231,800,460,615,324.0,100,0,n,3
4869,I4869,1500,1000,615,309.0,100,7,n,4
2254,I2254,1200,800,615,312.0,100,4,n,4
3478,I3478,1500,800,615,309.0,100,5,n,4
4721,I4721,1500,1000,615,334.0,100,7,n,4
6347,I6347,1200,1000,615,157.0,100,6,n,4
5839,I5839,800,600,615,0.0,100,2,n,3
3890,I3890,1000,800,615,292.0,100,3,n,4
6088,I6088,800,600,615,237.0,100,2,n,3
1607,I1607,800,460,615,461.0,100,0,n,3
885,I0885,1200,1000,615,294.0,100,6,n,4
957,I0957,800,460,615,420.0,100,0,n,3
4348,I4348,1200,800,615,163.0,100,4,n,4
2024,I2024,1500,1000,615,185.0,100,7,l,4
1972,I1972,1200,1000,615,261.0,100,6,n,4
3358,I3358,1000,800,615,264.0,100,3,n,4
1124,I1124,800,500,615,406.0,100,1,n,3
3129,I3129,800,460,615,335.0,100,0,n,3
440,I0440,1200,800,615,383.0,100,4,n,4
3367,I3367,1500,1000,615,248.0,100,7,n,4
1288,I1288,800,500,615,356.0,100,1,n,3
5553,I5553,800,460,615,411.0,100,0,n,3
1583,I1583,1200,800,615,337.0,100,4,n,4
6084,I6084,1500,800,615,260.0,100,5,n,4
3648,I3648,1000,800,615,192.0,100,3,n,4
4001,I4001,1200,1000,615,0.0,100,6,n,4
3035,I3035,800,460,615,152.0,100,0,n,3
4502,I4502,800,600,615,221.0,100,2,n,3
596,I0596,800,600,615,0.0,100,2,n,3
3387,I3387,1200,800,615,0.0,100,4,n,4
1898,I1898,1500,800,615,344.0,100,5,n,4
2400,I2400,800,500,615,406.0,100,1,n,3
4464,I4464,1200,800,615,138.0,100,4,n,4
5562,I5562,1500,1000,615,0.0,100,7,n,4
37,I0037,800,500,615,0.0,100,1,n,3
3521,I3521,800,600,615,322.0,100,2,n,3
5870,I5870,800,500,615,227.0,100,1,n,3
4165,I4165,800,600,615,295.0,100,2,w,3
1581,I1581,1200,800,615,127.0,100,4,l,4
4091,I4091,800,600,615,306.0,100,2,n,3
4937,I4937,800,500,615,228.0,100,1,n,3
1901,I1901,1200,800,615,149.0,100,4,l,4
1536,I1536,800,600,615,285.0,100,2,n,3
1920,I1920,800,600,615,241.0,100,2,n,3
5473,I5473,1500,800,615,140.0,100,5,n,4
2180,I2180,1200,800,615,0.0,100,4,n,4
5983,I5983,800,600,615,239.0,100,2,n,3
2855,I2855,1200,800,615,0.0,100,4,n,4
2967,I2967,1500,800,615,406.0,100,5,n,4
357,I0357,1200,800,615,0.0,100,4,n,4
5448,I5448,800,460,615,306.0,100,0,n,3
501,I0501,800,500,615,283.0,100,1,n,3
6123,I6123,800,460,615,354.0,100,0,n,3
670,I0670,1200,1000,615,178.0,100,6,n,4
1555,I1555,1000,800,615,199.0,100,3,n,4
3828,I3828,1500,800,615,276.0,100,5,n,4
4513,I4513,1000,800,615,284.0,100,3,w,4
84,I0084,1000,800,615,269.0,100,3,w,4
5277,I5277,1200,800,615,383.0,100,4,n,4
6343,I6343,800,500,615,189.0,100,1,n,3
2221,I2221,800,500,615,396.0,100,1,n,3
5611,I5611,1200,800,615,311.0,100,4,n,4
93,I0093,1500,800,615,465.0,100,5,n,4
6105,I6105,1500,1000,615,243.0,100,7,l,4
792,I0792,1000,800,615,403.0,100,3,n,4
88,I0088,1500,1000,615,152.0,100,7,n,4
4648,I4648,1200,1000,615,272.0,100,6,n,4
5736,I5736,800,500,615,259.0,100,1,n,3
131,I0131,1500,1000,615,213.0,100,7,n,4
5466,I5466,1500,1000,615,351.0,100,7,n,4
6396,I6396,800,500,615,0.0,100,1,n,3
493,I0493,1200,1000,615,286.0,100,6,n,4
3518,I3518,800,600,615,206.0,100,2,l,3
3575,I3575,1000,800,615,230.0,100,3,n,4
2473,I2473,800,600,615,377.0,100,2,n,3
4848,I4848,1500,800,615,286.0,100,5,n,4
658,I0658,800,500,615,0.0,100,1,n,3
4681,I4681,1500,800,615,420.0,100,5,n,4
5778,I5778,1200,1000,615,213.0,100,6,n,4
1460,I1460,800,500,615,265.0,100,1,n,3
3706,I3706,1500,800,615,393.0,100,5,n,4
1166,I1166,1000,800,615,267.0,100,3,n,4
3114,I3114,1200,800,615,207.0,100,4,n,4
5452,I5452,800,600,615,349.0,100,2,n,3
4237,I4237,800,600,615,329.0,100,2,n,3
3022,I3022,800,500,615,94.0,100,1,n,3
3609,I3609,1000,800,615,370.0,100,3,l,4
5900,I5900,1200,800,615,299.0,100,4,n,4
2432,I2432,1200,800,615,363.0,100,4,n,4
2140,I2140,1200,1000,615,214.0,100,6,n,4
140,I0140,1000,800,615,326.0,100,3,n,4
3149,I3149,800,600,615,284.0,100,2,n,3
2595,I2595,1200,800,615,318.0,100,4,n,4
3967,I3967,1500,1000,615,354.0,100,7,n,4
2351,I2351,1200,1000,615,0.0,100,6,n,4
153,I0153,1200,800,615,285.0,100,4,n,4
5292,I5292,800,500,615,288.0,100,1,n,3
3090,I3090,800,500,615,146.0,100,1,n,3
5400,I5400,800,500,615,261.0,100,1,n,3
1023,I1023,800,500,615,406.0,100,1,n,3
5078,I5078,800,460,615,0.0,100,0,n,3
5747,I5747,800,500,615,415.0,100,1,n,3
1663,I1663,1200,800,615,356.0,100,4,n,4
1657,I1657,1200,1000,615,425.0,100,6,w,4
2287,I2287,800,500,615,461.0,100,1,n,3
453,I0453,1200,800,615,273.0,100,4,n,4
1807,I1807,800,460,615,336.0,100,0,n,3
626,I0626,800,600,615,370.0,100,2,l,3
5979,I5979,1500,800,615,361.0,100,5,n,4
5042,I5042,1500,1000,615,332.0,100,7,n,4
2116,I2116,1500,1000,615,225.0,100,7,n,4
5068,I5068,1500,800,615,258.0,100,5,n,4
3731,I3731,1500,1000,615,382.0,100,7,n,4
3536,I3536,1500,1000,615,174.0,100,7,n,4
458,I0458,800,500,615,351.0,100,1,n,3
5468,I5468,1200,800,615,328.0,100,4,l,4
4717,I4717,1000,800,615,122.0,100,3,n,4
6086,I6086,800,460,615,0.0,100,0,n,3
380,I0380,1200,800,615,321.0,100,4,n,4
5730,I5730,800,460,615,210.0,100,0,n,3
1691,I1691,1200,800,615,248.0,100,4,n,4
2220,I2220,1500,1000,615,247.0,100,7,l,4
2318,I2318,1200,800,615,260.0,100,4,n,4
1200,I1200,800,600,615,332.0,100,2,n,3
5156,I5156,1000,800,615,180.0,100,3,n,4
2625,I2625,1200,800,615,218.0,100,4,n,4
465,I0465,1500,800,615,194.0,100,5,n,4
4682,I4682,1500,800,615,422.0,100,5,n,4
5998,I5998,1500,1000,615,300.0,100,7,n,4
6312,I6312,1500,800,615,198.0,100,5,l,4
3719,I3719,1200,800,615,424.0,100,4,n,4
2501,I2501,800,500,615,294.0,100,1,n,3
739,I0739,1000,800,615,334.0,100,3,n,4
2342,I2342,1200,1000,615,216.0,100,6,w,4
6324,I6324,1200,800,615,179.0,100,4,n,4
5060,I5060,800,600,615,391.0,100,2,n,3
932,I0932,1500,800,615,349.0,100,5,n,4
6260,I6260,800,600,615,163.0,100,2,n,3
1189,I1189,800,500,615,0.0,100,1,n,3
3050,I3050,1500,1000,615,321.0,100,7,n,4
5853,I5853,800,500,615,0.0,100,1,w,3
4309,I4309,800,500,615,222.0,100,1,w,3
4614,I4614,800,460,615,135.0,100,0,n,3
5141,I5141,800,460,615,250.0,100,0,n,3
3359,I3359,800,500,615,0.0,100,1,n,3
4961,I4961,1500,1000,615,180.0,100,7,w,4
6188,I6188,1000,800,615,152.0,100,3,n,4
1827,I1827,800,500,615,118.0,100,1,w,3
1273,I1273,800,460,615,305.0,100,0,n,3
3792,I3792,800,460,615,387.0,100,0,n,3
2083,I2083,800,500,615,367.0,100,1,l,3
2917,I2917,1500,800,615,0.0,100,5,n,4
5494,I5494,800,500,615,413.0,100,1,n,3
6020,I6020,1200,800,615,110.0,100,4,n,4
1022,I1022,800,500,615,199.0,100,1,n,3
5119,I5119,1500,800,615,173.0,100,5,n,4
3290,I3290,800,600,615,202.0,100,2,n,3
4424,I4424,1000,800,615,305.0,100,3,n,4
5058,I5058,800,500,615,235.0,100,1,n,3
2591,I2591,1500,1000,615,172.0,100,7,n,4
5906,I5906,1500,1000,615,0.0,100,7,l,4
3488,I3488,800,460,615,282.0,100,0,n,3
5406,I5406,800,600,615,189.0,100,2,n,3
3529,I3529,1200,800,615,420.0,100,4,n,4
2532,I2532,1000,800,615,433.0,100,3,n,4
4778,I4778,800,500,615,199.0,100,1,n,3
6089,I6089,800,600,615,267.0,100,2,n,3
4423,I4423,800,600,615,369.0,100,2,n,3
2310,I2310,1200,800,615,230.0,100,4,n,4
3087,I3087,1200,1000,615,307.0,100,6,n,4
2419,I2419,1200,1000,615,186.0,100,6,n,4
2194,I2194,800,500,615,185.0,100,1,n,3
2796,I2796,800,600,615,328.0,100,2,n,3
6421,I6421,800,500,615,420.0,100,1,n,3
3370,I3370,800,600,615,363.0,100,2,n,3
5170,I5170,800,500,615,240.0,100,1,n,3
10,I0010,1500,1000,615,336.0,100,7,n,4
5440,I5440,1500,800,615,337.0,100,5,n,4
845,I0845,800,600,615,189.0,100,2,n,3
2862,I2862,1200,1000,615,316.0,100,6,n,4
1093,I1093,1500,800,615,350.0,100,5,n,4
1684,I1684,1500,800,615,156.0,100,5,n,4
3847,I3847,1500,1000,615,309.0,100,7,n,4
14,I0014,1500,1000,615,136.0,100,7,w,4
4587,I4587,1200,1000,615,431.0,100,6,n,4
5671,I5671,800,460,615,412.0,100,0,w,3
3720,I3720,800,460,615,260.0,100,0,n,3
4063,I4063,800,460,615,311.0,100,0,n,3
6303,I6303,1200,800,615,334.0,100,4,n,4
4098,I4098,800,460,615,367.0,100,0,n,3
1792,I1792,800,460,615,367.0,100,0,l,3
5219,I5219,1500,800,615,452.0,100,5,n,4
4188,I4188,800,460,615,252.0,100,0,w,3
2952,I2952,1000,800,615,334.0,100,3,n,4
5151,I5151,1500,1000,615,0.0,100,7,n,4
3736,I3736,1200,1000,615,184.0,100,6,n,4
2987,I2987,1500,1000,615,238.0,100,7,n,4
1606,I1606,1000,800,615,299.0,100,3,n,4
4062,I4062,1200,800,615,337.0,100,4,n,4
5643,I5643,1500,800,615,196.0,100,5,n,4
126,I0126,800,460,615,371.0,100,0,n,3
2765,I2765,1500,800,615,277.0,100,5,n,4
8,I0008,800,460,615,279.0,100,0,n,3
2587,I2587,1200,1000,615,162.0,100,6,n,4
5079,I5079,800,600,615,297.0,100,2,n,3
1027,I1027,1200,800,615,344.0,100,4,n,4
4598,I4598,800,460,615,0.0,100,0,l,3
4368,I4368,1500,1000,615,0.0,100,7,n,4
2499,I2499,1500,1000,615,0.0,100,7,n,4
6430,I6430,1200,800,615,196.0,100,4,n,4
237,I0237,1500,800,615,366.0,100,5,n,4
3327,I3327,1000,800,615,0.0,100,3,n,4
5579,I5579,800,500,615,294.0,100,1,n,3
3879,I3879,1200,1000,615,294.0,100,6,w,4
5338,I5338,800,460,615,202.0,100,0,n,3
60,I0060,1500,800,615,212.0,100,5,n,4
488,I0488,800,500,615,213.0,100,1,n,3
4844,I4844,1500,800,615,245.0,100,5,l,4
3064,I3064,1000,800,615,192.0,100,3,n,4
5369,I5369,800,460,615,385.0,100,0,n,3
5480,I5480,1500,1000,615,231.0,100,7,l,4
1156,I1156,1200,800,615,218.0,100,4,n,4
4570,I4570,800,460,615,459.0,100,0,n,3
2277,I2277,1000,800,615,378.0,100,3,n,4
1556,I1556,1000,800,615,408.0,100,3,n,4
2397,I2397,1000,800,615,430.0,100,3,n,4
5371,I5371,1000,800,615,355.0,100,3,n,4
225,I0225,800,600,615,456.0,100,2,n,3
1413,I1413,1500,800,615,265.0,100,5,n,4
3877,I3877,1000,800,615,103.0,100,3,l,4
664,I0664,800,500,615,0.0,100,1,n,3
3710,I3710,800,460,615,146.0,100,0,n,3
6380,I6380,800,600,615,292.0,100,2,n,3
6393,I6393,800,600,615,173.0,100,2,n,3
6318,I6318,1200,800,615,0.0,100,4,n,4
5182,I5182,1500,800,615,368.0,100,5,n,4
1950,I1950,1200,800,615,404.0,100,4,w,4
226,I0226,1200,1000,615,345.0,100,6,n,4
1835,I1835,1200,1000,615,373.0,100,6,n,4
1083,I1083,800,460,615,411.0,100,0,n,3
5669,I5669,1500,800,615,263.0,100,5,l,4
3649,I3649,1000,800,615,237.0,100,3,n,4
67,I0067,1500,1000,615,408.0,100,7,n,4
3549,I3549,1000,800,615,380.0,100,3,n,4
2304,I2304,800,500,615,0.0,100,1,n,3
3901,I3901,800,460,615,279.0,100,0,l,3
4489,I4489,1200,800,615,331.0,100,4,n,4
1715,I1715,1500,800,615,0.0,100,5,w,4
3085,I3085,1500,1000,615,455.0,100,7,n,4
5962,I5962,800,460,615,0.0,100,0,n,3
5089,I5089,1500,1000,615,240.0,100,7,l,4
5420,I5420,1500,800,615,264.0,100,5,n,4
2831,I2831,800,600,615,309.0,100,2,n,3
6391,I6391,1500,1000,615,97.0,100,7,w,4
3222,I3222,1200,800,615,447.0,100,4,n,4
3399,I3399,1500,800,615,220.0,100,5,n,4
224,I0224,1200,1000,615,0.0,100,6,w,4
684,I0684,1200,1000,615,154.0,100,6,n,4
3192,I3192,1500,1000,615,270.0,100,7,n,4
1104,I1104,1000,800,615,171.0,100,3,n,4
3306,I3306,1200,800,615,322.0,100,4,n,4
4450,I4450,800,460,615,169.0,100,0,n,3
3678,I3678,1000,800,615,375.0,100,3,n,4
2833,I2833,1500,800,615,264.0,100,5,n,4
6397,I6397,1200,1000,615,165.0,100,6,n,4
6096,I6096,1200,1000,615,397.0,100,6,n,4
5798,I5798,800,460,615,428.0,100,0,n,3
1070,I1070,800,460,615,152.0,100,0,w,3
2819,I2819,1500,800,615,0.0,100,5,n,4
2568,I2568,800,460,615,247.0,100,0,n,3
886,I0886,1200,1000,615,391.0,100,6,n,4
1520,I1520,800,600,615,240.0,100,2,n,3
6071,I6071,800,600,615,310.0,100,2,l,3
3318,I3318,1200,1000,615,254.0,100,6,n,4
912,I0912,800,500,615,0.0,100,1,n,3
4752,I4752,1200,800,615,187.0,100,4,w,4
2135,I2135,1200,1000,615,189.0,100,6,n,4
3228,I3228,1000,800,615,137.0,100,3,n,4
637,I0637,1200,800,615,294.0,100,4,l,4
5330,I5330,1200,1000,615,0.0,100,6,n,4
5511,I5511,1000,800,615,319.0,100,3,w,4
2042,I2042,1500,800,615,379.0,100,5,n,4
2986,I2986,800,600,615,351.0,100,2,n,3
101,I0101,800,460,615,0.0,100,0,l,3
2008,I2008,1500,800,615,263.0,100,5,l,4
1974,I1974,1500,800,615,404.0,100,5,n,4
3760,I3760,800,500,615,0.0,100,1,n,3
5893,I5893,1000,800,615,103.0,100,3,n,4
4623,I4623,1200,1000,615,194.0,100,6,n,4
609,I0609,1500,1000,615,0.0,100,7,n,4
1925,I1925,1500,1000,615,311.0,100,7,w,4
5776,I5776,800,500,615,430.0,100,1,n,3
2242,I2242,1200,800,615,355.0,100,4,n,4
4455,I4455,800,600,615,309.0,100,2,n,3
801,I0801,1500,1000,615,117.0,100,7,n,4
5273,I5273,800,600,615,333.0,100,2,n,3
5257,I5257,1500,800,615,326.0,100,5,n,4
1948,I1948,800,600,615,347.0,100,2,w,3
6424,I6424,1000,800,615,258.0,100,3,w,4
5380,I5380,800,500,615,361.0,100,1,n,3
3460,I3460,800,460,615,0.0,100,0,n,3
3130,I3130,800,500,615,421.0,100,1,n,3
2616,I2616,800,460,615,364.0,100,0,n,3
4254,I4254,1500,1000,615,348.0,100,7,n,4
4289,I4289,1000,800,615,204.0,100,3,w,4
2423,I2423,1500,1000,615,0.0,100,7,n,4
3448,I3448,1500,800,615,305.0,100,5,l,4
806,I0806,1000,800,615,191.0,100,3,n,4
115,I0115,800,600,615,174.0,100,2,n,3
4315,I4315,1200,1000,615,237.0,100,6,n,4
2978,I2978,800,500,615,222.0,100,1,w,3
5552,I5552,1500,800,615,348.0,100,5,n,4
3578,I3578,1500,1000,615,273.0,100,7,n,4
4816,I4816,1500,1000,615,226.0,100,7,n,4
469,I0469,800,460,615,329.0,100,0,n,3
1984,I1984,1500,1000,615,245.0,100,7,n,4
3871,I3871,1000,800,615,92.0,100,3,n,4
5768,I5768,800,600,615,0.0,100,2,n,3
2238,I2238,800,600,615,304.0,100,2,n,3
878,I0878,800,600,615,350.0,100,2,n,3
5007,I5007,800,500,615,278.0,100,1,n,3
3108,I3108,800,500,615,0.0,100,1,n,3
6047,I6047,1500,800,615,182.0,100,5,n,4
4819,I4819,800,500,615,358.0,100,1,n,3
587,I0587,1200,1000,615,0.0,100,6,n,4
3167,I3167,1200,800,615,374.0,100,4,w,4
3194,I3194,1500,800,615,406.0,100,5,n,4
2743,I2743,1000,800,615,187.0,100,3,n,4
1040,I1040,1500,800,615,352.0,100,5,n,4
5138,I5138,800,500,615,354.0,100,1,n,3
2487,I2487,800,460,615,265.0,100,0,w,3
3647,I3647,800,460,615,382.0,100,0,n,3
1295,I1295,800,600,615,334.0,100,2,n,3
960,I0960,1500,1000,615,130.0,100,7,n,4
2573,I2573,800,460,615,337.0,100,0,l,3
1106,I1106,1000,800,615,300.0,100,3,n,4
2186,I2186,800,500,615,231.0,100,1,w,3
926,I0926,1000,800,615,408.0,100,3,w,4
2360,I2360,1200,1000,615,263.0,100,6,n,4
5836,I5836,1200,1000,615,0.0,100,6,n,4
1453,I1453,1200,1000,615,170.0,100,6,n,4
4588,I4588,1200,800,615,191.0,100,4,w,4
442,I0442,800,460,615,83.0,100,0,l,3
3100,I3100,800,460,615,284.0,100,0,n,3
6208,I6208,1200,800,615,396.0,100,4,w,4
4071,I4071,1200,1000,615,290.0,100,6,n,4
6332,I6332,1200,800,615,253.0,100,4,n,4
769,I0769,800,500,615,0.0,100,1,n,3
3623,I3623,800,500,615,448.0,100,1,n,3
653,I0653,800,500,615,99.0,100,1,n,3
4183,I4183,1500,1000,615,0.0,100,7,n,4
1762,I1762,800,460,615,245.0,100,0,n,3
2302,I2302,1500,800,615,234.0,100,5,n,4
4641,I4641,1000,800,615,182.0,100,3,n,4
816,I0816,800,460,615,0.0,100,0,n,3
5375,I5375,1000,800,615,268.0,100,3,n,4
418,I0418,800,500,615,137.0,100,1,n,3
163,I0163,1500,1000,615,247.0,100,7,n,4
1290,I1290,800,600,615,282.0,100,2,n,3
1258,I1258,800,460,615,402.0,100,0,n,3
4973,I4973,1200,800,615,174.0,100,4,n,4
6371,I6371,1000,800,615,364.0,100,3,n,4
3803,I3803,1500,800,615,408.0,100,5,n,4
6161,I6161,1000,800,615,276.0,100,3,n,4
6273,I6273,800,500,615,229.0,100,1,n,3
4608,I4608,1500,1000,615,284.0,100,7,n,4
3487,I3487,1200,1000,615,201.0,100,6,n,4
2235,I2235,1200,1000,615,137.0,100,6,n,4
6219,I6219,1200,800,615,0.0,100,4,n,4
3078,I3078,800,460,615,204.0,100,0,n,3
4685,I4685,800,460,615,0.0,100,0,n,3
1204,I1204,1200,1000,615,346.0,100,6,n,4
5124,I5124,1500,1000,615,217.0,100,7,n,4
5765,I5765,1500,1000,615,300.0,100,7,n,4
3919,I3919,1500,1000,615,132.0,100,7,n,4
2621,I2621,1500,1000,615,309.0,100,7,n,4
2237,I2237,1500,1000,615,149.0,100,7,n,4
3862,I3862,800,460,615,178.0,100,0,n,3
3092,I3092,800,600,615,182.0,100,2,w,3
5681,I5681,1200,800,615,321.0,100,4,n,4
1498,I1498,1200,1000,615,229.0,100,6,n,4
1332,I1332,1200,800,615,395.0,100,4,w,4
1889,I1889,1500,800,615,401.0,100,5,n,4
6340,I6340,1000,800,615,381.0,100,3,n,4
593,I0593,1000,800,615,404.0,100,3,n,4
3146,I3146,1200,800,615,221.0,100,4,w,4
2271,I2271,1500,800,615,383.0,100,5,n,4
5483,I5483,800,460,615,346.0,100,0,n,3
1633,I1633,800,500,615,221.0,100,1,n,3
5081,I5081,1000,800,615,216.0,100,3,n,4
3368,I3368,800,460,615,267.0,100,0,n,3
903,I0903,1200,800,615,282.0,100,4,n,4
4549,I4549,1500,800,615,409.0,100,5,w,4
4586,I4586,800,460,615,306.0,100,0,n,3
207,I0207,800,600,615,247.0,100,2,w,3
6415,I6415,1000,800,615,380.0,100,3,n,4
5128,I5128,1500,1000,615,376.0,100,7,n,4
2918,I2918,800,500,615,162.0,100,1,n,3
876,I0876,1000,800,615,207.0,100,3,n,4
2710,I2710,1500,1000,615,293.0,100,7,n,4
5013,I5013,800,500,615,290.0,100,1,n,3
3210,I3210,800,600,615,282.0,100,2,n,3
1730,I1730,1200,1000,615,271.0,100,6,n,4
4268,I4268,1200,800,615,346.0,100,4,n,4
4851,I4851,800,600,615,289.0,100,2,n,3
3840,I3840,800,500,615,278.0,100,1,n,3
3791,I3791,800,600,615,346.0,100,2,n,3
1990,I1990,1200,1000,615,184.0,100,6,n,4
2366,I2366,1200,1000,615,253.0,100,6,w,4
5982,I5982,1500,800,615,205.0,100,5,n,4
2274,I2274,1500,800,615,314.0,100,5,n,4
809,I0809,1200,1000,615,263.0,100,6,n,4
1039,I1039,1500,800,615,442.0,100,5,n,4
462,I0462,1500,800,615,274.0,100,5,n,4
6044,I6044,1500,800,615,334.0,100,5,n,4
2759,I2759,800,460,615,205.0,100,0,n,3
554,I0554,1200,800,615,0.0,100,4,n,4
3015,I3015,1000,800,615,231.0,100,3,n,4
5718,I5718,1500,1000,615,351.0,100,7,n,4
1697,I1697,1200,800,615,357.0,100,4,n,4
6083,I6083,800,460,615,393.0,100,0,n,3
1545,I1545,800,600,615,226.0,100,2,n,3
5572,I5572,800,500,615,0.0,100,1,n,3
4308,I4308,800,500,615,251.0,100,1,l,3
6222,I6222,1200,1000,615,188.0,100,6,l,4
5131,I5131,1500,1000,615,358.0,100,7,n,4
4492,I4492,1500,800,615,392.0,100,5,n,4
714,I0714,1500,1000,615,302.0,100,7,n,4
2480,I2480,1500,800,615,159.0,100,5,l,4
872,I0872,800,600,615,185.0,100,2,n,3
3964,I3964,1000,800,615,372.0,100,3,n,4
2659,I2659,800,500,615,271.0,100,1,w,3
5026,I5026,1500,1000,615,360.0,100,7,n,4
3287,I3287,800,600,615,144.0,100,2,n,3
2732,I2732,1500,1000,615,129.0,100,7,n,4
602,I0602,800,500,615,0.0,100,1,n,3
5920,I5920,1500,800,615,405.0,100,5,n,4
6043,I6043,800,600,615,333.0,100,2,n,3
1861,I1861,800,600,615,413.0,100,2,n,3
1446,I1446,800,460,615,422.0,100,0,n,3
4485,I4485,800,500,615,283.0,100,1,n,3
3661,I3661,1500,1000,615,345.0,100,7,w,4
5458,I5458,1200,800,615,243.0,100,4,n,4
3909,I3909,1000,800,615,190.0,100,3,l,4
2251,I2251,800,460,615,366.0,100,0,n,3
3103,I3103,800,500,615,214.0,100,1,n,3
3912,I3912,1500,800,615,340.0,100,5,n,4
1285,I1285,1200,800,615,454.0,100,4,n,4
3257,I3257,1200,1000,615,385.0,100,6,n,4
6197,I6197,1200,1000,615,293.0,100,6,n,4
3693,I3693,1200,800,615,342.0,100,4,n,4
5720,I5720,1000,800,615,387.0,100,3,w,4
4478,I4478,1500,1000,615,314.0,100,7,n,4
4114,I4114,1500,1000,615,286.0,100,7,n,4
2832,I2832,800,500,615,235.0,100,1,n,3
5705,I5705,800,500,615,239.0,100,1,n,3
4431,I4431,1500,1000,615,285.0,100,7,n,4
3388,I3388,800,500,615,389.0,100,1,n,3
996,I0996,1500,800,615,0.0,100,5,n,4
1763,I1763,800,500,615,291.0,100,1,n,3
272,I0272,800,600,615,282.0,100,2,n,3
5533,I5533,800,500,615,192.0,100,1,l,3
5804,I5804,1200,800,615,166.0,100,4,n,4
4689,I4689,800,600,615,0.0,100,2,n,3
4036,I4036,1500,1000,615,361.0,100,7,n,4
4277,I4277,800,600,615,100.0,100,2,n,3
4236,I4236,1500,800,615,230.0,100,5,n,4
5668,I5668,1200,800,615,208.0,100,4,l,4
2597,I2597,800,500,615,400.0,100,1,n,3
5706,I5706,800,500,615,352.0,100,1,l,3
3302,I3302,1500,800,615,192.0,100,5,l,4
1089,I1089,1500,1000,615,184.0,100,7,n,4
1954,I1954,800,600,615,0.0,100,2,n,3
5933,I5933,1200,800,615,428.0,100,4,n,4
3927,I3927,800,460,615,319.0,100,0,n,3
176,I0176,800,600,615,202.0,100,2,n,3
4044,I4044,800,460,615,191.0,100,0,n,3
3258,I3258,1200,1000,615,369.0,100,6,n,4
96,I0096,800,460,615,453.0,100,0,l,3
5498,I5498,1500,1000,615,334.0,100,7,n,4
1427,I1427,800,460,615,250.0,100,0,l,3
1547,I1547,800,600,615,118.0,100,2,n,3
2345,I2345,1200,800,615,402.0,100,4,w,4
2033,I2033,1200,800,615,0.0,100,4,w,4
5986,I5986,1000,800,615,173.0,100,3,n,4
997,I0997,800,600,615,0.0,100,2,n,3
5527,I5527,800,600,615,293.0,100,2,w,3
2740,I2740,800,460,615,102.0,100,0,n,3
5075,I5075,1500,800,615,256.0,100,5,n,4
3316,I3316,1200,800,615,127.0,100,4,n,4
2358,I2358,1500,1000,615,366.0,100,7,n,4
4359,I4359,800,500,615,138.0,100,1,n,3
2811,I2811,800,460,615,259.0,100,0,n,3
1771,I1771,800,500,615,141.0,100,1,n,3
6069,I6069,1500,800,615,354.0,100,5,l,4
3644,I3644,1500,800,615,434.0,100,5,n,4
4713,I4713,800,460,615,336.0,100,0,n,3
3770,I3770,800,460,615,214.0,100,0,n,3
5251,I5251,1000,800,615,194.0,100,3,n,4
5258,I5258,1500,1000,615,195.0,100,7,w,4
5227,I5227,1000,800,615,134.0,100,3,n,4
5061,I5061,800,500,615,254.0,100,1,n,3
5878,I5878,800,500,615,288.0,100,1,w,3
1758,I1758,1200,800,615,0.0,100,4,w,4
1726,I1726,800,460,615,299.0,100,0,n,3
2586,I2586,1500,1000,615,350.0,100,7,n,4
2707,I2707,800,600,615,229.0,100,2,l,3
2976,I2976,1500,1000,615,327.0,100,7,w,4
3584,I3584,800,600,615,103.0,100,2,n,3
1514,I1514,1200,1000,615,348.0,100,6,n,4
853,I0853,800,600,615,274.0,100,2,n,3
1360,I1360,800,500,615,339.0,100,1,n,3
4584,I4584,1200,1000,615,243.0,100,6,n,4
5649,I5649,1500,1000,615,285.0,100,7,w,4
1357,I1357,1200,1000,615,439.0,100,6,n,4
4729,I4729,1200,800,615,362.0,100,4,n,4
1424,I1424,800,500,615,263.0,100,1,n,3
1472,I1472,800,600,615,265.0,100,2,n,3
1379,I1379,800,500,615,339.0,100,1,n,3
4769,I4769,1200,800,615,289.0,100,4,n,4
5743,I5743,800,600,615,106.0,100,2,n,3
993,I0993,1200,1000,615,134.0,100,6,n,4
1187,I1187,1200,800,615,148.0,100,4,n,4
2121,I2121,800,600,615,318.0,100,2,n,3
531,I0531,800,600,615,199.0,100,2,n,3
2350,I2350,1500,1000,615,323.0,100,7,n,4
1823,I1823,1500,1000,615,142.0,100,7,n,4
1302,I1302,800,460,615,413.0,100,0,n,3
3431,I3431,800,500,615,366.0,100,1,w,3
3453,I3453,800,600,615,127.0,100,2,n,3
639,I0639,1200,800,615,203.0,100,4,n,4
419,I0419,1200,800,615,278.0,100,4,n,4
1674,I1674,1200,1000,615,338.0,100,6,n,4
2966,I2966,1200,1000,615,191.0,100,6,n,4
1319,I1319,800,460,615,306.0,100,0,l,3
6156,I6156,1500,1000,615,226.0,100,7,l,4
2694,I2694,1200,1000,615,174.0,100,6,n,4
1634,I1634,1000,800,615,0.0,100,3,n,4
4473,I4473,1200,1000,615,0.0,100,6,w,4
2004,I2004,800,460,615,202.0,100,0,n,3
2908,I2908,1500,800,615,95.0,100,5,w,4
1058,I1058,1200,1000,615,280.0,100,6,n,4
3393,I3393,1200,800,615,0.0,100,4,n,4
3687,I3687,1500,800,615,232.0,100,5,n,4
3670,I3670,1000,800,615,388.0,100,3,n,4
1993,I1993,1200,1000,615,148.0,100,6,n,4
1195,I1195,800,500,615,390.0,100,1,n,3
3212,I3212,1500,800,615,423.0,100,5,l,4
546,I0546,1500,1000,615,210.0,100,7,n,4
5130,I5130,800,500,615,356.0,100,1,n,3
4387,I4387,800,600,615,308.0,100,2,n,3
5989,I5989,1000,800,615,324.0,100,3,n,4
2030,I2030,1200,800,615,223.0,100,4,n,4
6434,I6434,1200,1000,615,307.0,100,6,n,4
30,I0030,1500,1000,615,101.0,100,7,n,4
6168,I6168,800,600,615,365.0,100,2,l,3
1816,I1816,1000,800,615,181.0,100,3,n,4
751,I0751,800,460,615,156.0,100,0,n,3
5200,I5200,1500,800,615,246.0,100,5,n,4
6184,I6184,1500,1000,615,0.0,100,7,n,4
5542,I5542,1500,800,615,242.0,100,5,n,4
564,I0564,1000,800,615,377.0,100,3,n,4
6092,I6092,1200,800,615,130.0,100,4,n,4
4536,I4536,1500,800,615,320.0,100,5,n,4
5073,I5073,1200,1000,615,314.0,100,6,n,4
1160,I1160,1500,800,615,189.0,100,5,n,4
1062,I1062,1200,800,615,350.0,100,4,n,4
1718,I1718,800,460,615,326.0,100,0,w,3
1791,I1791,800,500,615,212.0,100,1,w,3
3474,I3474,800,600,615,227.0,100,2,n,3
4590,I4590,1200,1000,615,406.0,100,6,n,4
5066,I5066,800,500,615,419.0,100,1,n,3
6146,I6146,1200,1000,615,213.0,100,6,w,4
1128,I1128,800,600,615,363.0,100,2,n,3
5635,I5635,1000,800,615,179.0,100,3,n,4
2286,I2286,800,460,615,183.0,100,0,n,3
1133,I1133,1500,800,615,442.0,100,5,n,4
2214,I2214,800,500,615,288.0,100,1,n,3
2582,I2582,800,600,615,242.0,100,2,n,3
1682,I1682,1500,1000,615,391.0,100,7,n,4
2216,I2216,800,500,615,421.0,100,1,n,3
18,I0018,1200,800,615,135.0,100,4,n,4
277,I0277,1200,800,615,0.0,100,4,w,4
621,I0621,800,500,615,358.0,100,1,n,3
4383,I4383,1500,1000,615,412.0,100,7,n,4
3621,I3621,800,460,615,212.0,100,0,n,3
5737,I5737,1200,1000,615,283.0,100,6,n,4
6258,I6258,1000,800,615,103.0,100,3,n,4
5951,I5951,1200,1000,615,212.0,100,6,n,4
4149,I4149,1500,800,615,202.0,100,5,n,4
3034,I3034,800,500,615,355.0,100,1,l,3
200,I0200,1500,1000,615,144.0,100,7,n,4
6223,I6223,800,500,615,437.0,100,1,n,3
5244,I5244,1200,1000,615,137.0,100,6,n,4
6328,I6328,800,460,615,367.0,100,0,n,3
4959,I4959,1200,1000,615,304.0,100,6,n,4
1271,I1271,1500,800,615,336.0,100,5,w,4
5814,I5814,1000,800,615,291.0,100,3,n,4
2618,I2618,800,500,615,434.0,100,1,n,3
3457,I3457,800,600,615,194.0,100,2,n,3
2755,I2755,800,500,615,377.0,100,1,n,3
4058,I4058,1000,800,615,356.0,100,3,n,4
560,I0560,1200,800,615,283.0,100,4,n,4
529,I0529,1000,800,615,108.0,100,3,n,4
154,I0154,1500,800,615,410.0,100,5,n,4
5011,I5011,1000,800,615,411.0,100,3,n,4
4917,I4917,1200,800,615,283.0,100,4,n,4
4176,I4176,800,600,615,371.0,100,2,n,3
5862,I5862,800,600,615,263.0,100,2,n,3
4471,I4471,1200,800,615,352.0,100,4,n,4
5029,I5029,1200,800,615,414.0,100,4,n,4
1214,I1214,1500,1000,615,325.0,100,7,n,4
4770,I4770,1200,1000,615,332.0,100,6,l,4
5276,I5276,1500,1000,615,328.0,100,7,n,4
6154,I6154,800,500,615,288.0,100,1,n,3
3572,I3572,800,500,615,331.0,100,1,n,3
5988,I5988,800,600,615,165.0,100,2,n,3
5360,I5360,1500,800,615,90.0,100,5,n,4
4797,I4797,1500,1000,615,348.0,100,7,n,4
2211,I2211,800,600,615,383.0,100,2,n,3
1240,I1240,1200,1000,615,165.0,100,6,n,4
481,I0481,1000,800,615,176.0,100,3,n,4
1638,I1638,800,460,615,174.0,100,0,n,3
3259,I3259,1500,1000,615,202.0,100,7,w,4
4678,I4678,1500,800,615,326.0,100,5,n,4
6127,I6127,800,500,615,228.0,100,1,n,3
6159,I6159,800,500,615,239.0,100,1,n,3
4891,I4891,1200,800,615,378.0,100,4,n,4
2052,I2052,1500,1000,615,167.0,100,7,n,4
4495,I4495,800,600,615,0.0,100,2,n,3
3076,I3076,1000,800,615,332.0,100,3,n,4
1322,I1322,1200,1000,615,340.0,100,6,n,4
5457,I5457,800,600,615,399.0,100,2,w,3
2776,I2776,1200,1000,615,303.0,100,6,n,4
3181,I3181,1500,800,615,430.0,100,5,n,4
5901,I5901,1000,800,615,191.0,100,3,n,4
941,I0941,800,500,615,301.0,100,1,n,3
3256,I3256,800,460,615,311.0,100,0,n,3
5838,I5838,800,500,615,397.0,100,1,n,3
5907,I5907,1200,800,615,101.0,100,4,n,4
6216,I6216,1200,800,615,198.0,100,4,n,4
2113,I2113,800,460,615,387.0,100,0,n,3
1798,I1798,800,500,615,170.0,100,1,n,3
2984,I2984,1500,800,615,228.0,100,5,n,4
5525,I5525,800,600,615,232.0,100,2,n,3
5353,I5353,1500,800,615,233.0,100,5,n,4
2946,I2946,800,600,615,286.0,100,2,n,3
1876,I1876,1000,800,615,363.0,100,3,l,4
2631,I2631,800,500,615,315.0,100,1,n,3
137,I0137,1200,1000,615,358.0,100,6,n,4
682,I0682,1500,1000,615,213.0,100,7,n,4
2768,I2768,1000,800,615,0.0,100,3,n,4
3882,I3882,1000,800,615,337.0,100,3,n,4
5177,I5177,800,600,615,285.0,100,2,n,3
5802,I5802,1500,1000,615,163.0,100,7,w,4
1689,I1689,800,500,615,138.0,100,1,w,3
2598,I2598,800,500,615,144.0,100,1,n,3
5754,I5754,1500,1000,615,362.0,100,7,n,4
6144,I6144,1000,800,615,200.0,100,3,n,4
1717,I1717,800,460,615,179.0,100,0,n,3
1625,I1625,800,460,615,120.0,100,0,n,3
1566,I1566,1500,1000,615,248.0,100,7,n,4
3382,I3382,1000,800,615,153.0,100,3,n,4
4459,I4459,800,500,615,141.0,100,1,n,3
2693,I2693,1500,1000,615,356.0,100,7,n,4
3366,I3366,1500,800,615,251.0,100,5,n,4
5948,I5948,800,460,615,161.0,100,0,n,3
2478,I2478,1500,1000,615,258.0,100,7,n,4
6330,I6330,800,460,615,161.0,100,0,n,3
686,I0686,1200,800,615,175.0,100,4,n,4
2081,I2081,800,460,615,233.0,100,0,n,3
6425,I6425,800,600,615,337.0,100,2,n,3
450,I0450,1000,800,615,342.0,100,3,n,4
3668,I3668,800,460,615,251.0,100,0,n,3
4344,I4344,1200,800,615,250.0,100,4,n,4
6209,I6209,1000,800,615,410.0,100,3,w,4
3451,I3451,1000,800,615,271.0,100,3,n,4
3603,I3603,1500,800,615,190.0,100,5,n,4
4806,I4806,1000,800,615,252.0,100,3,n,4
4735,I4735,800,600,615,0.0,100,2,n,3
5852,I5852,800,600,615,297.0,100,2,l,3
6151,I6151,800,500,615,274.0,100,1,n,3
5990,I5990,800,500,615,319.0,100,1,n,3
2340,I2340,800,460,615,0.0,100,0,n,3
5526,I5526,800,500,615,331.0,100,1,n,3
2147,I2147,800,500,615,404.0,100,1,w,3
2790,I2790,1200,1000,615,229.0,100,6,n,4
1582,I1582,800,460,615,122.0,100,0,n,3
3461,I3461,1200,1000,615,402.0,100,6,l,4
6448,I6448,1000,800,615,442.0,100,3,w,4
4517,I4517,800,460,615,324.0,100,0,n,3
543,I0543,800,500,615,230.0,100,1,w,3
833,I0833,800,500,615,218.0,100,1,n,3
2866,I2866,1500,1000,615,112.0,100,7,w,4
969,I0969,1500,800,615,410.0,100,5,n,4
1103,I1103,1500,800,615,265.0,100,5,w,4
5578,I5578,800,460,615,210.0,100,0,n,3
5475,I5475,1200,800,615,333.0,100,4,n,4
1153,I1153,1000,800,615,122.0,100,3,w,4
4284,I4284,1200,1000,615,252.0,100,6,n,4
2735,I2735,800,600,615,179.0,100,2,n,3
4845,I4845,1200,800,615,210.0,100,4,n,4
3925,I3925,800,500,615,346.0,100,1,n,3
5308,I5308,800,460,615,193.0,100,0,n,3
301,I0301,800,500,615,284.0,100,1,n,3
2486,I2486,1500,1000,615,308.0,100,7,w,4
581,I0581,1500,1000,615,462.0,100,7,n,4
448,I0448,1200,800,615,158.0,100,4,n,4
5101,I5101,1500,800,615,406.0,100,5,n,4
2253,I2253,800,500,615,431.0,100,1,l,3
2989,I2989,800,460,615,244.0,100,0,n,3
3582,I3582,800,500,615,201.0,100,1,l,3
4763,I4763,1000,800,615,322.0,100,3,n,4
1598,I1598,1500,800,615,0.0,100,5,l,4
5898,I5898,1200,1000,615,318.0,100,6,n,4
4656,I4656,1500,1000,615,330.0,100,7,n,4
5207,I5207,800,600,615,0.0,100,2,n,3
3402,I3402,1500,1000,615,240.0,100,7,n,4
5541,I5541,1500,800,615,226.0,100,5,n,4
64,I0064,800,500,615,404.0,100,1,n,3
4792,I4792,800,500,615,354.0,100,1,w,3
2773,I2773,800,500,615,315.0,100,1,n,3
6106,I6106,800,460,615,190.0,100,0,l,3
1344,I1344,1000,800,615,316.0,100,3,l,4
5944,I5944,800,600,615,311.0,100,2,n,3
2127,I2127,800,460,615,335.0,100,0,n,3
5697,I5697,1000,800,615,283.0,100,3,w,4
576,I0576,1200,1000,615,372.0,100,6,n,4
1840,I1840,1000,800,615,394.0,100,3,n,4
356,I0356,1500,1000,615,424.0,100,7,n,4
6157,I6157,1200,1000,615,395.0,100,6,w,4
2425,I2425,1500,800,615,245.0,100,5,n,4
5725,I5725,800,600,615,440.0,100,2,l,3
162,I0162,800,460,615,225.0,100,0,n,3
3758,I3758,1200,1000,615,297.0,100,6,n,4
3740,I3740,800,500,615,264.0,100,1,n,3
5112,I5112,800,460,615,179.0,100,0,n,3
2199,I2199,1500,1000,615,0.0,100,7,n,4
2428,I2428,1200,800,615,302.0,100,4,w,4
3153,I3153,1500,800,615,0.0,100,5,n,4
5861,I5861,1200,1000,615,241.0,100,6,n,4
2434,I2434,1200,800,615,0.0,100,4,w,4
6246,I6246,1000,800,615,240.0,100,3,n,4
1893,I1893,1500,1000,615,0.0,100,7,n,4
2063,I2063,1500,1000,615,288.0,100,7,n,4
5163,I5163,800,500,615,243.0,100,1,n,3
4004,I4004,1000,800,615,380.0,100,3,w,4
3051,I3051,800,600,615,364.0,100,2,n,3
74,I0074,1200,1000,615,286.0,100,6,n,4
6194,I6194,1000,800,615,406.0,100,3,n,4
3992,I3992,1200,1000,615,0.0,100,6,n,4
856,I0856,800,500,615,179.0,100,1,n,3
3597,I3597,800,500,615,283.0,100,1,n,3
5566,I5566,1000,800,615,434.0,100,3,n,4
4378,I4378,800,460,615,146.0,100,0,n,3
2208,I2208,1000,800,615,227.0,100,3,n,4
5166,I5166,1200,1000,615,230.0,100,6,n,4
630,I0630,800,500,615,327.0,100,1,l,3
379,I0379,1000,800,615,322.0,100,3,n,4
3109,I3109,800,500,615,155.0,100,1,w,3
5585,I5585,1200,1000,615,191.0,100,6,n,4
5099,I5099,800,460,615,332.0,100,0,n,3
2492,I2492,1500,1000,615,185.0,100,7,w,4
5168,I5168,800,460,615,329.0,100,0,n,3
2662,I2662,1500,800,615,339.0,100,5,n,4
3154,I3154,1000,800,615,414.0,100,3,n,4
6111,I6111,800,600,615,159.0,100,2,n,3
4069,I4069,1200,1000,615,330.0,100,6,n,4
2556,I2556,1500,1000,615,221.0,100,7,n,4
3631,I3631,1200,1000,615,358.0,100,6,n,4
3171,I3171,800,600,615,424.0,100,2,n,3
4568,I4568,1000,800,615,0.0,100,3,l,4
5443,I5443,800,460,615,202.0,100,0,n,3
3626,I3626,800,600,615,335.0,100,2,n,3
3782,I3782,800,600,615,247.0,100,2,n,3
4782,I4782,800,600,615,416.0,100,2,w,3
6242,I6242,800,500,615,329.0,100,1,l,3
577,I0577,1200,800,615,152.0,100,4,n,4
2053,I2053,800,600,615,396.0,100,2,n,3
6025,I6025,1500,1000,615,151.0,100,7,n,4
1942,I1942,1500,800,615,224.0,100,5,l,4
455,I0455,1500,800,615,401.0,100,5,n,4
5518,I5518,800,460,615,0.0,100,0,n,3
5971,I5971,800,500,615,297.0,100,1,n,3
4371,I4371,1000,800,615,201.0,100,3,n,4
5691,I5691,1500,800,615,208.0,100,5,n,4
700,I0700,800,500,615,366.0,100,1,n,3
4265,I4265,800,600,615,377.0,100,2,l,3
3920,I3920,1200,800,615,0.0,100,4,n,4
6369,I6369,1200,1000,615,213.0,100,6,n,4
1471,I1471,1000,800,615,355.0,100,3,l,4
2801,I2801,1500,1000,615,249.0,100,7,n,4
4824,I4824,800,500,615,116.0,100,1,n,3
5230,I5230,800,460,615,163.0,100,0,n,3
5425,I5425,1500,800,615,152.0,100,5,w,4
1959,I1959,1200,1000,615,413.0,100,6,n,4
2544,I2544,1000,800,615,305.0,100,3,n,4
2241,I2241,1200,800,615,413.0,100,4,n,4
4589,I4589,800,460,615,262.0,100,0,n,3
345,I0345,1200,1000,615,298.0,100,6,n,4
2891,I2891,1200,800,615,260.0,100,4,w,4
3350,I3350,1200,1000,615,212.0,100,6,n,4
1647,I1647,800,460,615,341.0,100,0,n,3
3823,I3823,800,460,615,133.0,100,0,n,3
196,I0196,1200,800,615,138.0,100,4,w,4
2458,I2458,1000,800,615,429.0,100,3,n,4
4386,I4386,800,500,615,428.0,100,1,n,3
3312,I3312,800,460,615,387.0,100,0,n,3
4209,I4209,1200,1000,615,211.0,100,6,n,4
977,I0977,1000,800,615,161.0,100,3,n,4
398,I0398,1500,800,615,158.0,100,5,n,4
2279,I2279,800,460,615,0.0,100,0,n,3
4181,I4181,800,600,615,401.0,100,2,n,3
1654,I1654,1200,800,615,135.0,100,4,n,4
3876,I3876,1500,800,615,338.0,100,5,n,4
5796,I5796,800,600,615,0.0,100,2,n,3
4399,I4399,1200,800,615,0.0,100,4,n,4
4295,I4295,1200,1000,615,458.0,100,6,n,4
4104,I4104,800,460,615,0.0,100,0,l,3
1704,I1704,1200,1000,615,373.0,100,6,n,4
1611,I1611,1500,1000,615,205.0,100,7,l,4
3539,I3539,800,500,615,391.0,100,1,n,3
4613,I4613,1000,800,615,0.0,100,3,n,4
6193,I6193,1500,1000,615,329.0,100,7,n,4
3190,I3190,800,460,615,208.0,100,0,n,3
1402,I1402,1200,1000,615,367.0,100,6,n,4
4287,I4287,800,500,615,251.0,100,1,n,3
5569,I5569,1000,800,615,234.0,100,3,n,4
2409,I2409,1500,1000,615,305.0,100,7,n,4
3984,I3984,800,600,615,404.0,100,2,n,3
5673,I5673,800,500,615,358.0,100,1,n,3
4033,I4033,1000,800,615,415.0,100,3,n,4
3715,I3715,1000,800,615,226.0,100,3,n,4
231,I0231,1200,1000,615,356.0,100,6,n,4
1735,I1735,1200,1000,615,198.0,100,6,l,4
5748,I5748,800,600,615,195.0,100,2,n,3
942,I0942,1200,800,615,233.0,100,4,l,4
5709,I5709,800,600,615,379.0,100,2,n,3
2930,I2930,1200,1000,615,175.0,100,6,n,4
5052,I5052,800,600,615,286.0,100,2,n,3
408,I0408,1200,800,615,208.0,100,4,n,4
331,I0331,800,600,615,199.0,100,2,n,3
3352,I3352,800,500,615,188.0,100,1,n,3
6402,I6402,1000,800,615,351.0,100,3,n,4
5929,I5929,1500,1000,615,0.0,100,7,n,4
4175,I4175,800,600,615,359.0,100,2,n,3
5206,I5206,1200,1000,615,315.0,100,6,l,4
2670,I2670,1000,800,615,408.0,100,3,n,4
4341,I4341,800,460,615,338.0,100,0,w,3
119,I0119,1500,800,615,186.0,100,5,n,4
1051,I1051,800,460,615,409.0,100,0,l,3
592,I0592,800,500,615,108.0,100,1,l,3
1652,I1652,800,600,615,0.0,100,2,n,3
3778,I3778,1000,800,615,222.0,100,3,n,4
5248,I5248,800,460,615,0.0,100,0,w,3
4366,I4366,1500,800,615,271.0,100,5,n,4
4952,I4952,1000,800,615,347.0,100,3,n,4
586,I0586,1500,1000,615,261.0,100,7,l,4
2072,I2072,1000,800,615,150.0,100,3,n,4
1398,I1398,1200,1000,615,151.0,100,6,n,4
4220,I4220,1200,1000,615,279.0,100,6,n,4
4285,I4285,800,460,615,206.0,100,0,l,3
5242,I5242,1200,800,615,338.0,100,4,n,4
688,I0688,800,600,615,246.0,100,2,n,3
2784,I2784,1500,800,615,0.0,100,5,n,4
555,I0555,800,600,615,234.0,100,2,l,3
4316,I4316,800,500,615,191.0,100,1,l,3
2101,I2101,800,500,615,338.0,100,1,n,3
1134,I1134,1200,800,615,184.0,100,4,n,4
4243,I4243,800,460,615,219.0,100,0,n,3
5155,I5155,1200,1000,615,313.0,100,6,n,4
2430,I2430,1500,1000,615,324.0,100,7,n,4
5625,I5625,1500,1000,615,217.0,100,7,n,4
5049,I5049,1200,800,615,284.0,100,4,w,4
4263,I4263,1500,800,615,312.0,100,5,n,4
4547,I4547,1200,1000,615,292.0,100,6,n,4
1159,I1159,1200,800,615,153.0,100,4,n,4
3867,I3867,1200,800,615,307.0,100,4,n,4
2879,I2879,800,500,615,305.0,100,1,n,3
1193,I1193,1500,1000,615,200.0,100,7,n,4
5419,I5419,1200,1000,615,418.0,100,6,n,4
6098,I6098,1500,1000,615,240.0,100,7,n,4
423,I0423,1200,1000,615,384.0,100,6,w,4
935,I0935,800,500,615,0.0,100,1,w,3
980,I0980,1200,800,615,427.0,100,4,n,4
861,I0861,1500,1000,615,142.0,100,7,n,4
2150,I2150,800,460,615,0.0,100,0,n,3
2557,I2557,800,600,615,257.0,100,2,n,3
3053,I3053,800,500,615,275.0,100,1,n,3
1445,I1445,800,600,615,192.0,100,2,w,3
3587,I3587,800,500,615,178.0,100,1,w,3
1230,I1230,1000,800,615,360.0,100,3,n,4
2212,I2212,800,600,615,196.0,100,2,n,3
5594,I5594,1200,1000,615,127.0,100,6,n,4
4461,I4461,1000,800,615,172.0,100,3,n,4
6439,I6439,1500,1000,615,286.0,100,7,w,4
3504,I3504,800,500,615,368.0,100,1,n,3
50,I0050,800,500,615,241.0,100,1,w,3
2249,I2249,1500,800,615,309.0,100,5,n,4
4852,I4852,800,600,615,268.0,100,2,n,3
5366,I5366,1000,800,615,306.0,100,3,n,4
333,I0333,1500,1000,615,314.0,100,7,n,4
1719,I1719,800,600,615,334.0,100,2,n,3
4674,I4674,1500,800,615,123.0,100,5,l,4
3168,I3168,1200,1000,615,297.0,100,6,n,4
466,I0466,1500,800,615,0.0,100,5,n,4
2232,I2232,800,500,615,91.0,100,1,n,3
4871,I4871,1500,800,615,275.0,100,5,n,4
1508,I1508,1000,800,615,396.0,100,3,n,4
1846,I1846,1200,800,615,121.0,100,4,n,4
2704,I2704,800,500,615,228.0,100,1,n,3
3415,I3415,1500,800,615,0.0,100,5,n,4
2914,I2914,1000,800,615,376.0,100,3,n,4
5964,I5964,800,600,615,326.0,100,2,n,3
2424,I2424,1500,800,615,301.0,100,5,n,4
5097,I5097,800,500,615,249.0,100,1,n,3
2639,I2639,800,600,615,191.0,100,2,n,3
303,I0303,1500,800,615,368.0,100,5,n,4
3421,I3421,800,500,615,149.0,100,1,n,3
3833,I3833,800,500,615,176.0,100,1,n,3
4394,I4394,1200,800,615,165.0,100,4,n,4
2151,I2151,1000,800,615,443.0,100,3,l,4
5044,I5044,1200,800,615,175.0,100,4,n,4
490,I0490,1500,800,615,292.0,100,5,n,4
2529,I2529,1500,800,615,216.0,100,5,n,4
4929,I4929,800,500,615,296.0,100,1,w,3
3556,I3556,1500,1000,615,389.0,100,7,n,4
805,I0805,800,600,615,437.0,100,2,n,3
894,I0894,1500,1000,615,385.0,100,7,n,4
1064,I1064,1500,800,615,141.0,100,5,n,4
3726,I3726,800,600,615,275.0,100,2,n,3
4604,I4604,1200,1000,615,238.0,100,6,n,4
4902,I4902,1000,800,615,203.0,100,3,n,4
2997,I2997,1200,800,615,370.0,100,4,n,4
2805,I2805,1000,800,615,135.0,100,3,n,4
2404,I2404,1500,1000,615,318.0,100,7,n,4
1110,I1110,1000,800,615,0.0,100,3,n,4
5137,I5137,800,500,615,365.0,100,1,l,3
5187,I5187,1000,800,615,248.0,100,3,n,4
4428,I4428,1200,1000,615,259.0,100,6,w,4
3254,I3254,800,500,615,367.0,100,1,n,3
1825,I1825,1200,800,615,248.0,100,4,n,4
114,I0114,1200,1000,615,274.0,100,6,n,4
818,I0818,800,600,615,293.0,100,2,n,3
4653,I4653,1500,1000,615,307.0,100,7,l,4
1055,I1055,1200,1000,615,0.0,100,6,n,4
4890,I4890,800,500,615,275.0,100,1,n,3
5427,I5427,1500,800,615,231.0,100,5,w,4
5423,I5423,1000,800,615,332.0,100,3,l,4
563,I0563,800,460,615,402.0,100,0,n,3
5477,I5477,1200,800,615,404.0,100,4,n,4
5189,I5189,1200,800,615,276.0,100,4,n,4
5531,I5531,1200,1000,615,261.0,100,6,l,4
2441,I2441,1200,800,615,158.0,100,4,n,4
4560,I4560,800,600,615,393.0,100,2,n,3
5229,I5229,800,600,615,0.0,100,2,l,3
2671,I2671,800,460,615,154.0,100,0,n,3
5597,I5597,1000,800,615,231.0,100,3,n,4
468,I0468,800,460,615,227.0,100,0,n,3
2932,I2932,1500,1000,615,403.0,100,7,n,4
3836,I3836,1200,800,615,346.0,100,4,n,4
1430,I1430,800,600,615,294.0,100,2,n,3
1983,I1983,800,460,615,351.0,100,0,n,3
2821,I2821,1500,1000,615,385.0,100,7,n,4
1646,I1646,1200,800,615,389.0,100,4,n,4
2636,I2636,800,460,615,220.0,100,0,n,3
1342,I1342,800,600,615,185.0,100,2,n,3
51,I0051,1500,800,615,172.0,100,5,n,4
4722,I4722,800,600,615,382.0,100,2,n,3
5503,I5503,1500,800,615,0.0,100,5,n,4
1099,I1099,1500,1000,615,356.0,100,7,n,4
5827,I5827,1000,800,615,163.0,100,3,n,4
1096,I1096,1200,1000,615,248.0,100,6,n,4
78,I0078,1500,1000,615,161.0,100,7,n,4
4225,I4225,1500,1000,615,212.0,100,7,n,4
513,I0513,800,500,615,225.0,100,1,n,3
929,I0929,800,600,615,293.0,100,2,n,3
3334,I3334,1200,1000,615,414.0,100,6,n,4
1641,I1641,1500,800,615,275.0,100,5,n,4
1450,I1450,1200,1000,615,143.0,100,6,w,4
3739,I3739,1200,800,615,410.0,100,4,w,4
2611,I2611,800,600,615,383.0,100,2,n,3
3825,I3825,800,460,615,274.0,100,0,n,3
1670,I1670,800,500,615,247.0,100,1,n,3
1833,I1833,1200,800,615,418.0,100,4,n,4
2943,I2943,1200,1000,615,432.0,100,6,n,4
734,I0734,1200,800,615,166.0,100,4,l,4
4640,I4640,1200,800,615,182.0,100,4,n,4
5599,I5599,1500,800,615,318.0,100,5,n,4
4916,I4916,800,500,615,265.0,100,1,n,3
5033,I5033,1500,800,615,194.0,100,5,w,4
2567,I2567,1000,800,615,123.0,100,3,n,4
3272,I3272,1000,800,615,121.0,100,3,l,4
3755,I3755,800,600,615,121.0,100,2,l,3
3112,I3112,1200,800,615,222.0,100,4,n,4
4938,I4938,800,460,615,208.0,100,0,n,3
1903,I1903,1500,800,615,302.0,100,5,l,4
4633,I4633,1500,1000,615,289.0,100,7,n,4
1826,I1826,800,500,615,231.0,100,1,w,3
3371,I3371,1500,800,615,211.0,100,5,n,4
3845,I3845,800,600,615,0.0,100,2,n,3
6311,I6311,1200,1000,615,339.0,100,6,n,4
1930,I1930,800,500,615,298.0,100,1,n,3
3659,I3659,1200,800,615,426.0,100,4,w,4
869,I0869,1200,800,615,367.0,100,4,n,4
1306,I1306,1500,800,615,188.0,100,5,w,4
5193,I5193,1500,1000,615,103.0,100,7,n,4
5596,I5596,800,600,615,340.0,100,2,n,3
243,I0243,800,500,615,208.0,100,1,n,3
4401,I4401,800,600,615,364.0,100,2,l,3
5373,I5373,1200,1000,615,317.0,100,6,n,4
4818,I4818,800,500,615,153.0,100,1,n,3
3594,I3594,1000,800,615,256.0,100,3,n,4
4022,I4022,1500,800,615,137.0,100,5,n,4
6179,I6179,1500,800,615,271.0,100,5,n,4
4571,I4571,800,460,615,195.0,100,0,n,3
3510,I3510,1000,800,615,407.0,100,3,n,4
4592,I4592,1200,800,615,237.0,100,4,n,4
974,I0974,1500,1000,615,387.0,100,7,n,4
2084,I2084,800,600,615,399.0,100,2,n,3
1906,I1906,800,600,615,403.0,100,2,n,3
1869,I1869,1500,1000,615,397.0,100,7,n,4
1140,I1140,1500,1000,615,478.0,100,7,l,4
487,I0487,800,600,615,376.0,100,2,l,3
4639,I4639,1200,800,615,379.0,100,4,l,4
213,I0213,800,600,615,0.0,100,2,n,3
4415,I4415,1500,1000,615,315.0,100,7,n,4
5002,I5002,800,500,615,375.0,100,1,w,3
4662,I4662,1000,800,615,215.0,100,3,n,4
3091,I3091,800,500,615,0.0,100,1,n,3
2206,I2206,1500,1000,615,201.0,100,7,l,4
2506,I2506,800,500,615,406.0,100,1,n,3
5707,I5707,1500,800,615,250.0,100,5,n,4
6268,I6268,1000,800,615,258.0,100,3,n,4
3195,I3195,1000,800,615,126.0,100,3,n,4
3231,I3231,1500,1000,615,380.0,100,7,n,4
2175,I2175,1200,1000,615,232.0,100,6,n,4
4854,I4854,800,500,615,392.0,100,1,n,3
5202,I5202,800,460,615,0.0,100,0,w,3
1531,I1531,1200,800,615,284.0,100,4,n,4
3622,I3622,1200,1000,615,260.0,100,6,n,4
33,I0033,800,460,615,196.0,100,0,n,3
900,I0900,1500,1000,615,285.0,100,7,n,4
1065,I1065,1000,800,615,347.0,100,3,l,4
5107,I5107,1200,800,615,402.0,100,4,n,4
385,I0385,1000,800,615,293.0,100,3,n,4
3226,I3226,1200,800,615,234.0,100,4,n,4
4119,I4119,800,500,615,198.0,100,1,n,3
890,I0890,1000,800,615,246.0,100,3,n,4
3849,I3849,1000,800,615,365.0,100,3,l,4
3681,I3681,1000,800,615,254.0,100,3,n,4
3606,I3606,1200,800,615,122.0,100,4,n,4
6000,I6000,1200,1000,615,202.0,100,6,n,4
3220,I3220,1000,800,615,340.0,100,3,n,4
5927,I5927,800,600,615,221.0,100,2,l,3
4601,I4601,800,460,615,329.0,100,0,n,3
1524,I1524,800,460,615,304.0,100,0,n,3
5602,I5602,1000,800,615,195.0,100,3,n,4
860,I0860,1500,800,615,401.0,100,5,n,4
4304,I4304,800,460,615,175.0,100,0,n,3
4897,I4897,1000,800,615,369.0,100,3,n,4
5280,I5280,800,600,615,350.0,100,2,n,3
5799,I5799,1500,800,615,229.0,100,5,n,4
2826,I2826,800,460,615,427.0,100,0,n,3
1443,I1443,1500,1000,615,0.0,100,7,n,4
3374,I3374,800,600,615,412.0,100,2,n,3
4148,I4148,1200,1000,615,230.0,100,6,n,4
3183,I3183,800,500,615,250.0,100,1,n,3
4936,I4936,1000,800,615,276.0,100,3,n,4
5318,I5318,1500,1000,615,224.0,100,7,n,4
4684,I4684,1000,800,615,282.0,100,3,w,4
666,I0666,1000,800,615,342.0,100,3,w,4
867,I0867,1500,1000,615,206.0,100,7,n,4
3680,I3680,1500,1000,615,190.0,100,7,n,4
6355,I6355,800,460,615,384.0,100,0,n,3
1506,I1506,800,500,615,318.0,100,1,l,3
144,I0144,1500,1000,615,237.0,100,7,n,4
2200,I2200,800,460,615,201.0,100,0,n,3
124,I0124,1200,1000,615,458.0,100,6,n,4
5263,I5263,800,600,615,0.0,100,2,n,3
1440,I1440,800,460,615,215.0,100,0,n,3
5722,I5722,800,500,615,142.0,100,1,w,3
1748,I1748,1500,1000,615,407.0,100,7,n,4
2369,I2369,1500,800,615,404.0,100,5,n,4
433,I0433,800,460,615,142.0,100,0,n,3
5604,I5604,800,600,615,327.0,100,2,n,3
4122,I4122,1200,1000,615,246.0,100,6,n,4
2579,I2579,1200,800,615,336.0,100,4,n,4
2470,I2470,1200,800,615,360.0,100,4,l,4
4526,I4526,1500,800,615,206.0,100,5,n,4
5286,I5286,1000,800,615,0.0,100,3,n,4
4809,I4809,1200,1000,615,120.0,100,6,l,4
836,I0836,1500,800,615,189.0,100,5,n,4
2548,I2548,1500,800,615,376.0,100,5,n,4
541,I0541,1200,800,615,366.0,100,4,n,4
1892,I1892,800,460,615,179.0,100,0,w,3
3829,I3829,1200,800,615,341.0,100,4,n,4
21,I0021,800,500,615,274.0,100,1,n,3
1751,I1751,1000,800,615,135.0,100,3,n,4
5379,I5379,1200,1000,615,239.0,100,6,n,4
5626,I5626,1000,800,615,289.0,100,3,n,4
1883,I1883,800,460,615,307.0,100,0,w,3
456,I0456,1000,800,615,0.0,100,3,n,4
5356,I5356,1500,800,615,358.0,100,5,n,4
307,I0307,1000,800,615,0.0,100,3,n,4
148,I0148,1000,800,615,217.0,100,3,n,4
4084,I4084,1200,800,615,214.0,100,4,n,4
3545,I3545,1000,800,615,181.0,100,3,l,4
1017,I1017,1200,800,615,308.0,100,4,n,4
6449,I6449,1500,1000,615,234.0,100,7,n,4
785,I0785,1500,1000,615,415.0,100,7,n,4
5271,I5271,800,460,615,199.0,100,0,n,3
1655,I1655,800,600,615,207.0,100,2,n,3
3779,I3779,1500,800,615,258.0,100,5,n,4
3115,I3115,1500,800,615,361.0,100,5,n,4
3082,I3082,800,600,615,282.0,100,2,n,3
2312,I2312,1200,800,615,184.0,100,4,w,4
2382,I2382,800,500,615,235.0,100,1,n,3
2588,I2588,800,500,615,222.0,100,1,n,3
5103,I5103,1500,800,615,353.0,100,5,l,4
655,I0655,800,600,615,172.0,100,2,n,3
36,I0036,1200,800,615,195.0,100,4,n,4
2929,I2929,1200,1000,615,145.0,100,6,n,4
1263,I1263,1000,800,615,217.0,100,3,l,4
776,I0776,1500,800,615,224.0,100,5,n,4
1603,I1603,1000,800,615,171.0,100,3,n,4
3002,I3002,1500,1000,615,445.0,100,7,n,4
2727,I2727,1200,1000,615,260.0,100,6,n,4
2958,I2958,1500,1000,615,322.0,100,7,n,4
4956,I4956,1500,1000,615,367.0,100,7,n,4
2758,I2758,1000,800,615,251.0,100,3,n,4
1267,I1267,800,460,615,159.0,100,0,n,3
5713,I5713,1200,800,615,198.0,100,4,n,4
5358,I5358,1500,1000,615,233.0,100,7,l,4
556,I0556,1200,800,615,155.0,100,4,n,4
5868,I5868,1500,1000,615,326.0,100,7,w,4
5894,I5894,1500,1000,615,0.0,100,7,n,4
3234,I3234,1000,800,615,220.0,100,3,n,4
6174,I6174,800,460,615,164.0,100,0,n,3
6356,I6356,1500,1000,615,358.0,100,7,n,4
1605,I1605,800,600,615,206.0,100,2,n,3
4413,I4413,800,460,615,184.0,100,0,l,3
4889,I4889,1500,1000,615,0.0,100,7,w,4
2594,I2594,800,500,615,390.0,100,1,l,3
831,I0831,800,600,615,119.0,100,2,n,3
5223,I5223,1000,800,615,247.0,100,3,n,4
6422,I6422,1200,1000,615,106.0,100,6,n,4
6313,I6313,1500,1000,615,0.0,100,7,n,4
1881,I1881,800,600,615,346.0,100,2,n,3
424,I0424,800,600,615,285.0,100,2,n,3
3924,I3924,1500,1000,615,292.0,100,7,n,4
5268,I5268,1500,800,615,403.0,100,5,w,4
2894,I2894,1500,800,615,276.0,100,5,l,4
2825,I2825,1500,1000,615,348.0,100,7,n,4
1146,I1146,1200,1000,615,368.0,100,6,n,4
1452,I1452,1200,1000,615,237.0,100,6,n,4
4531,I4531,800,500,615,318.0,100,1,n,3
5496,I5496,1000,800,615,0.0,100,3,n,4
2549,I2549,800,460,615,250.0,100,0,n,3
2899,I2899,1500,800,615,183.0,100,5,n,4
3843,I3843,1500,1000,615,0.0,100,7,n,4
743,I0743,1200,800,615,226.0,100,4,n,4
3697,I3697,1500,1000,615,448.0,100,7,w,4
2469,I2469,1200,1000,615,382.0,100,6,n,4
3762,I3762,1500,800,615,175.0,100,5,n,4
4364,I4364,1200,1000,615,368.0,100,6,n,4
2778,I2778,800,500,615,0.0,100,1,n,3
6433,I6433,1200,1000,615,276.0,100,6,n,4
6351,I6351,1500,800,615,371.0,100,5,n,4
5844,I5844,1500,800,615,277.0,100,5,n,4
6087,I6087,800,500,615,288.0,100,1,w,3
2895,I2895,800,600,615,0.0,100,2,n,3
3145,I3145,800,460,615,290.0,100,0,l,3
704,I0704,1500,800,615,343.0,100,5,n,4
3355,I3355,1200,800,615,376.0,100,4,n,4
1365,I1365,800,460,615,425.0,100,0,n,3
2800,I2800,1500,1000,615,244.0,100,7,n,4
5204,I5204,1200,1000,615,266.0,100,6,n,4
359,I0359,1200,800,615,0.0,100,4,n,4
2996,I2996,800,500,615,156.0,100,1,l,3
4989,I4989,1200,1000,615,437.0,100,6,n,4
3669,I3669,800,500,615,251.0,100,1,n,3
6065,I6065,800,460,615,0.0,100,0,n,3
5884,I5884,1500,800,615,405.0,100,5,n,4
1019,I1019,1000,800,615,277.0,100,3,n,4
305,I0305,1200,800,615,217.0,100,4,n,4
435,I0435,800,500,615,331.0,100,1,n,3
2572,I2572,1500,1000,615,336.0,100,7,n,4
3775,I3775,1200,1000,615,454.0,100,6,n,4
2968,I2968,1500,1000,615,357.0,100,7,n,4
1308,I1308,1500,1000,615,273.0,100,7,w,4
1575,I1575,1500,800,615,346.0,100,5,n,4
5401,I5401,1200,800,615,204.0,100,4,n,4
906,I0906,1500,800,615,396.0,100,5,n,4
1084,I1084,1200,800,615,111.0,100,4,n,4
6108,I6108,1000,800,615,250.0,100,3,n,4
2909,I2909,800,500,615,405.0,100,1,l,3
595,I0595,1200,1000,615,399.0,100,6,n,4
1372,I1372,1200,1000,615,247.0,100,6,n,4
4926,I4926,800,460,615,287.0,100,0,n,3
5266,I5266,800,460,615,270.0,100,0,n,3
4658,I4658,1200,1000,615,346.0,100,6,n,4
3859,I3859,1200,1000,615,313.0,100,6,n,4
230,I0230,1000,800,615,432.0,100,3,n,4
242,I0242,1000,800,615,139.0,100,3,n,4
5032,I5032,800,460,615,352.0,100,0,n,3
3414,I3414,1200,800,615,189.0,100,4,n,4
3337,I3337,1200,1000,615,327.0,100,6,n,4
4523,I4523,1200,800,615,177.0,100,4,n,4
6163,I6163,1500,1000,615,0.0,100,7,n,4
5190,I5190,800,500,615,268.0,100,1,n,3
2240,I2240,1000,800,615,0.0,100,3,n,4
2273,I2273,800,500,615,0.0,100,1,n,3
2215,I2215,1200,1000,615,191.0,100,6,w,4
1589,I1589,1500,800,615,359.0,100,5,n,4
1347,I1347,1200,800,615,331.0,100,4,n,4
1277,I1277,1000,800,615,376.0,100,3,n,4
3134,I3134,1200,1000,615,216.0,100,6,n,4
1564,I1564,1500,1000,615,180.0,100,7,n,4
3534,I3534,800,460,615,0.0,100,0,n,3
116,I0116,1200,1000,615,241.0,100,6,n,4
2272,I2272,800,600,615,0.0,100,2,n,3
4737,I4737,1200,1000,615,323.0,100,6,n,4
4367,I4367,1500,1000,615,238.0,100,7,n,4
315,I0315,1500,1000,615,258.0,100,7,n,4
6297,I6297,1200,800,615,304.0,100,4,w,4
4189,I4189,800,500,615,251.0,100,1,n,3
5665,I5665,1500,800,615,338.0,100,5,l,4
3831,I3831,1000,800,615,237.0,100,3,n,4
2300,I2300,1000,800,615,366.0,100,3,n,4
3737,I3737,800,600,615,228.0,100,2,n,3
2696,I2696,1200,800,615,286.0,100,4,w,4
5774,I5774,800,500,615,268.0,100,1,n,3
223,I0223,1200,800,615,150.0,100,4,n,4
2202,I2202,1200,1000,615,335.0,100,6,w,4
5234,I5234,800,600,615,403.0,100,2,n,3
1082,I1082,1200,1000,615,414.0,100,6,n,4
16,I0016,1200,800,615,391.0,100,4,l,4
3202,I3202,800,500,615,273.0,100,1,n,3
1733,I1733,1500,1000,615,345.0,100,7,n,4
1844,I1844,800,600,615,191.0,100,2,n,3
4172,I4172,800,500,615,293.0,100,1,n,3
525,I0525,800,600,615,289.0,100,2,n,3
1782,I1782,800,600,615,159.0,100,2,n,3
1144,I1144,1200,1000,615,368.0,100,6,l,4
668,I0668,800,460,615,330.0,100,0,w,3
1931,I1931,1200,1000,615,372.0,100,6,n,4
5576,I5576,800,460,615,342.0,100,0,n,3
1475,I1475,1500,800,615,333.0,100,5,n,4
1680,I1680,1200,1000,615,174.0,100,6,n,4
3941,I3941,1200,1000,615,272.0,100,6,n,4
120,I0120,800,600,615,222.0,100,2,n,3
5745,I5745,800,460,615,316.0,100,0,w,3
4025,I4025,1500,1000,615,372.0,100,7,n,4
467,I0467,1200,800,615,228.0,100,4,n,4
2578,I2578,1200,800,615,371.0,100,4,n,4
3162,I3162,1500,1000,615,318.0,100,7,n,4
4154,I4154,1500,1000,615,343.0,100,7,n,4
2074,I2074,800,460,615,0.0,100,0,n,3
5739,I5739,800,500,615,251.0,100,1,n,3
2144,I2144,800,500,615,425.0,100,1,n,3
5650,I5650,1200,800,615,416.0,100,4,n,4
2935,I2935,1200,1000,615,294.0,100,6,n,4
4528,I4528,1500,800,615,286.0,100,5,w,4
3809,I3809,1200,1000,615,167.0,100,6,w,4
2164,I2164,1200,1000,615,280.0,100,6,n,4
2750,I2750,1000,800,615,239.0,100,3,n,4
515,I0515,1000,800,615,428.0,100,3,n,4
5194,I5194,800,460,615,258.0,100,0,n,3
6385,I6385,1500,1000,615,278.0,100,7,n,4
4002,I4002,800,460,615,156.0,100,0,n,3
506,I0506,800,600,615,241.0,100,2,n,3
5499,I5499,800,500,615,366.0,100,1,n,3
1904,I1904,800,500,615,345.0,100,1,n,3
5167,I5167,1500,1000,615,0.0,100,7,n,4
5782,I5782,800,600,615,296.0,100,2,n,3
3376,I3376,800,500,615,367.0,100,1,n,3
2427,I2427,1000,800,615,207.0,100,3,n,4
281,I0281,1200,800,615,270.0,100,4,n,4
717,I0717,1000,800,615,0.0,100,3,n,4
1015,I1015,1500,800,615,247.0,100,5,n,4
4397,I4397,1200,800,615,317.0,100,4,n,4
3140,I3140,1200,800,615,324.0,100,4,n,4
2900,I2900,1200,1000,615,171.0,100,6,n,4
2655,I2655,800,460,615,0.0,100,0,n,3
3743,I3743,1000,800,615,422.0,100,3,n,4
1158,I1158,800,500,615,309.0,100,1,n,3
1550,I1550,1200,800,615,308.0,100,4,n,4
5637,I5637,1200,1000,615,266.0,100,6,n,4
328,I0328,1500,800,615,410.0,100,5,n,4
660,I0660,800,600,615,185.0,100,2,n,3
1326,I1326,1500,800,615,362.0,100,5,n,4
5883,I5883,1200,1000,615,278.0,100,6,l,4
813,I0813,800,500,615,249.0,100,1,n,3
938,I0938,800,500,615,143.0,100,1,w,3
2792,I2792,1500,800,615,341.0,100,5,l,4
234,I0234,1000,800,615,332.0,100,3,n,4
5688,I5688,1500,1000,615,311.0,100,7,n,4
4652,I4652,1500,800,615,144.0,100,5,n,4
2018,I2018,1500,1000,615,136.0,100,7,n,4
2657,I2657,800,600,615,0.0,100,2,l,3
1587,I1587,1000,800,615,260.0,100,3,n,4
2497,I2497,1500,1000,615,240.0,100,7,w,4
6004,I6004,1500,800,615,461.0,100,5,n,4
3822,I3822,800,500,615,138.0,100,1,l,3
5976,I5976,1200,800,615,0.0,100,4,w,4
6074,I6074,1500,1000,615,421.0,100,7,n,4
5188,I5188,1500,1000,615,191.0,100,7,n,4
3188,I3188,1200,1000,615,199.0,100,6,n,4
5987,I5987,1200,1000,615,429.0,100,6,n,4
2078,I2078,800,600,615,137.0,100,2,n,3
2766,I2766,800,600,615,314.0,100,2,n,3
5588,I5588,800,460,615,110.0,100,0,n,3
1137,I1137,1500,800,615,338.0,100,5,n,4
3651,I3651,800,460,615,144.0,100,0,n,3
2577,I2577,1500,1000,615,0.0,100,7,n,4
967,I0967,1500,1000,615,246.0,100,7,n,4
5386,I5386,1200,1000,615,251.0,100,6,l,4
814,I0814,1500,800,615,337.0,100,5,n,4
3117,I3117,1500,1000,615,283.0,100,7,w,4
1321,I1321,800,600,615,128.0,100,2,l,3
4880,I4880,1200,800,615,0.0,100,4,n,4
6334,I6334,800,500,615,288.0,100,1,n,3
615,I0615,800,460,615,279.0,100,0,n,3
4337,I4337,1500,1000,615,213.0,100,7,w,4
2087,I2087,1000,800,615,143.0,100,3,n,4
416,I0416,1500,800,615,182.0,100,5,n,4
4068,I4068,1500,1000,615,268.0,100,7,n,4
3895,I3895,1500,800,615,399.0,100,5,n,4
3452,I3452,1200,1000,615,216.0,100,6,n,4
3267,I3267,1200,800,615,217.0,100,4,n,4
3887,I3887,800,460,615,292.0,100,0,n,3
2061,I2061,1000,800,615,152.0,100,3,n,4
1272,I1272,1000,800,615,0.0,100,3,n,4
742,I0742,1200,1000,615,212.0,100,6,n,4
5132,I5132,1500,1000,615,359.0,100,7,n,4
19,I0019,1000,800,615,361.0,100,3,n,4
4390,I4390,1500,800,615,441.0,100,5,n,4
2482,I2482,800,500,615,414.0,100,1,n,3
2949,I2949,800,460,615,294.0,100,0,n,3
3615,I3615,1500,800,615,290.0,100,5,l,4
5376,I5376,1500,1000,615,248.0,100,7,n,4
1209,I1209,800,600,615,243.0,100,2,n,3
2990,I2990,800,460,615,297.0,100,0,n,3
4465,I4465,1000,800,615,263.0,100,3,n,4
5958,I5958,1200,800,615,340.0,100,4,n,4
1841,I1841,800,600,615,0.0,100,2,n,3
2834,I2834,1200,800,615,336.0,100,4,n,4
2627,I2627,800,460,615,170.0,100,0,n,3
3795,I3795,800,600,615,301.0,100,2,n,3
4892,I4892,1200,800,615,315.0,100,4,n,4
780,I0780,1200,1000,615,327.0,100,6,n,4
2663,I2663,1200,1000,615,255.0,100,6,n,4
3377,I3377,1200,800,615,294.0,100,4,n,4
3442,I3442,1500,1000,615,145.0,100,7,n,4
6060,I6060,800,500,615,263.0,100,1,l,3
1855,I1855,1500,1000,615,352.0,100,7,n,4
535,I0535,1000,800,615,293.0,100,3,n,4
1858,I1858,800,600,615,0.0,100,2,n,3
2676,I2676,1500,800,615,413.0,100,5,n,4
103,I0103,1000,800,615,400.0,100,3,l,4
1392,I1392,800,500,615,146.0,100,1,n,3
3433,I3433,1000,800,615,448.0,100,3,n,4
3294,I3294,1500,1000,615,263.0,100,7,n,4
1714,I1714,800,600,615,347.0,100,2,n,3
837,I0837,1200,1000,615,434.0,100,6,n,4
804,I0804,1500,1000,615,257.0,100,7,l,4
628,I0628,800,460,615,355.0,100,0,n,3
5548,I5548,1500,1000,615,0.0,100,7,l,4
4403,I4403,800,460,615,190.0,100,0,n,3
3674,I3674,800,500,615,348.0,100,1,n,3
2236,I2236,1500,800,615,185.0,100,5,n,4
2734,I2734,1500,1000,615,291.0,100,7,n,4
1766,I1766,800,500,615,152.0,100,1,n,3
4460,I4460,1200,1000,615,253.0,100,6,n,4
5606,I5606,1500,800,615,174.0,100,5,w,4
661,I0661,1500,800,615,293.0,100,5,n,4
4883,I4883,1200,1000,615,343.0,100,6,n,4
697,I0697,1500,1000,615,0.0,100,7,n,4
590,I0590,800,600,615,0.0,100,2,n,3
5319,I5319,1200,800,615,449.0,100,4,n,4
4238,I4238,800,600,615,360.0,100,2,n,3
4444,I4444,1500,800,615,296.0,100,5,l,4
195,I0195,800,500,615,213.0,100,1,n,3
4446,I4446,1500,1000,615,284.0,100,7,l,4
5416,I5416,1200,1000,615,390.0,100,6,n,4
5627,I5627,1200,1000,615,0.0,100,6,n,4
2192,I2192,1000,800,615,345.0,100,3,n,4
211,I0211,1500,1000,615,233.0,100,7,n,4
3558,I3558,1000,800,615,410.0,100,3,n,4
4307,I4307,800,600,615,388.0,100,2,n,3
527,I0527,800,600,615,0.0,100,2,n,3
5843,I5843,1500,1000,615,326.0,100,7,n,4
2449,I2449,1500,1000,615,298.0,100,7,n,4
4297,I4297,1000,800,615,370.0,100,3,n,4
3869,I3869,800,460,615,424.0,100,0,n,3
6428,I6428,800,460,615,260.0,100,0,n,3
2438,I2438,800,600,615,304.0,100,2,l,3
215,I0215,800,460,615,176.0,100,0,l,3
4476,I4476,800,500,615,0.0,100,1,l,3
4351,I4351,800,460,615,370.0,100,0,n,3
2798,I2798,800,500,615,288.0,100,1,n,3
1863,I1863,1500,1000,615,249.0,100,7,n,4
1872,I1872,800,460,615,325.0,100,0,n,3
2512,I2512,800,600,615,0.0,100,2,n,3
296,I0296,1500,1000,615,0.0,100,7,n,4
2787,I2787,1500,1000,615,245.0,100,7,n,4
1296,I1296,1500,800,615,270.0,100,5,l,4
5024,I5024,1500,1000,615,193.0,100,7,n,4
2091,I2091,800,460,615,240.0,100,0,n,3
389,I0389,1200,800,615,0.0,100,4,w,4
2170,I2170,1200,800,615,348.0,100,4,n,4
4101,I4101,1500,800,615,354.0,100,5,n,4
431,I0431,1200,1000,615,421.0,100,6,w,4
5169,I5169,800,460,615,468.0,100,0,n,3
4358,I4358,800,460,615,305.0,100,0,w,3
6038,I6038,1500,1000,615,197.0,100,7,n,4
802,I0802,800,460,615,329.0,100,0,n,3
6367,I6367,1200,1000,615,0.0,100,6,l,4
5888,I5888,1000,800,615,0.0,100,3,w,4
6377,I6377,800,500,615,279.0,100,1,n,3
2124,I2124,1000,800,615,0.0,100,3,n,4
471,I0471,800,460,615,248.0,100,0,l,3
98,I0098,1200,1000,615,347.0,100,6,n,4
127,I0127,1500,1000,615,162.0,100,7,n,4
3253,I3253,800,460,615,226.0,100,0,n,3
1376,I1376,1000,800,615,186.0,100,3,n,4
1905,I1905,800,460,615,390.0,100,0,n,3
6167,I6167,800,460,615,423.0,100,0,n,3
43,I0043,800,600,615,315.0,100,2,n,3
2098,I2098,1200,1000,615,156.0,100,6,n,4
4197,I4197,1000,800,615,175.0,100,3,n,4
170,I0170,800,460,615,151.0,100,0,n,3
2533,I2533,800,500,615,215.0,100,1,w,3
6055,I6055,1200,1000,615,391.0,100,6,n,4
2779,I2779,1200,1000,615,177.0,100,6,n,4
4192,I4192,1500,1000,615,428.0,100,7,w,4
1341,I1341,800,460,615,240.0,100,0,n,3
503,I0503,800,460,615,394.0,100,0,n,3
4986,I4986,1200,1000,615,229.0,100,6,w,4
5559,I5559,1500,1000,615,359.0,100,7,n,4
1041,I1041,800,460,615,313.0,100,0,n,3
2112,I2112,1200,1000,615,231.0,100,6,n,4
2887,I2887,1500,1000,615,197.0,100,7,n,4
4349,I4349,1000,800,615,437.0,100,3,n,4
5918,I5918,1200,800,615,308.0,100,4,n,4
3251,I3251,1000,800,615,279.0,100,3,w,4
3175,I3175,800,460,615,0.0,100,0,l,3
6255,I6255,1500,1000,615,0.0,100,7,n,4
133,I0133,1500,1000,615,0.0,100,7,n,4
1805,I1805,1200,1000,615,327.0,100,6,w,4
2128,I2128,800,500,615,292.0,100,1,n,3
2772,I2772,1500,1000,615,391.0,100,7,n,4
539,I0539,1200,800,615,425.0,100,4,n,4
0,I0000,1200,800,615,361.0,100,4,n,4
3620,I3620,1000,800,615,260.0,100,3,n,4
5556,I5556,1500,1000,615,283.0,100,7,n,4
5955,I5955,800,600,615,440.0,100,2,l,3
1289,I1289,1000,800,615,311.0,100,3,n,4
3618,I3618,1000,800,615,404.0,100,3,n,4
812,I0812,800,600,615,118.0,100,2,n,3
6231,I6231,800,600,615,0.0,100,2,n,3
636,I0636,800,600,615,173.0,100,2,l,3
1129,I1129,1500,1000,615,125.0,100,7,n,4
5620,I5620,1500,1000,615,328.0,100,7,n,4
6202,I6202,1200,1000,615,315.0,100,6,n,4
3734,I3734,1500,1000,615,361.0,100,7,n,4
756,I0756,1500,800,615,413.0,100,5,n,4
1410,I1410,800,600,615,0.0,100,2,w,3
4766,I4766,1500,800,615,207.0,100,5,n,4
4552,I4552,1200,1000,615,303.0,100,6,n,4
4861,I4861,1500,1000,615,299.0,100,7,n,4
27,I0027,1500,800,615,231.0,100,5,n,4
3273,I3273,1500,800,615,228.0,100,5,n,4
5093,I5093,1500,800,615,387.0,100,5,w,4
327,I0327,1200,800,615,349.0,100,4,n,4
5084,I5084,800,460,615,368.0,100,0,n,3
125,I0125,1200,800,615,317.0,100,4,n,4
5436,I5436,800,460,615,378.0,100,0,n,3
5284,I5284,1000,800,615,222.0,100,3,n,4
17,I0017,800,600,615,362.0,100,2,n,3
3480,I3480,1200,800,615,168.0,100,4,n,4
3300,I3300,800,460,615,299.0,100,0,n,3
3177,I3177,1000,800,615,412.0,100,3,n,4
5191,I5191,800,500,615,344.0,100,1,n,3
3531,I3531,1500,1000,615,173.0,100,7,l,4
384,I0384,1500,800,615,0.0,100,5,w,4
4920,I4920,1000,800,615,0.0,100,3,n,4
5307,I5307,1500,800,615,138.0,100,5,l,4
5942,I5942,800,600,615,285.0,100,2,n,3
415,I0415,800,500,615,397.0,100,1,n,3
4028,I4028,1200,800,615,191.0,100,4,w,4
6442,I6442,800,460,615,245.0,100,0,w,3
754,I0754,1200,1000,615,431.0,100,6,l,4
193,I0193,1000,800,615,355.0,100,3,w,4
857,I0857,1500,800,615,92.0,100,5,n,4
5106,I5106,800,460,615,375.0,100,0,n,3
5885,I5885,1500,800,615,184.0,100,5,n,4
6085,I6085,1500,1000,615,371.0,100,7,n,4
1873,I1873,800,500,615,301.0,100,1,n,3
1280,I1280,1000,800,615,241.0,100,3,l,4
5367,I5367,1200,800,615,300.0,100,4,w,4
2827,I2827,800,500,615,224.0,100,1,n,3
4136,I4136,1200,800,615,233.0,100,4,n,4
2011,I2011,800,460,615,193.0,100,0,n,3
89,I0089,1500,1000,615,221.0,100,7,n,4
5630,I5630,1000,800,615,386.0,100,3,w,4
4458,I4458,800,600,615,213.0,100,2,n,3
3509,I3509,800,500,615,222.0,100,1,n,3
1775,I1775,1200,800,615,364.0,100,4,n,4
4361,I4361,1200,800,615,231.0,100,4,l,4
4400,I4400,1200,1000,615,133.0,100,6,l,4
1223,I1223,1500,1000,615,255.0,100,7,n,4
2320,I2320,1000,800,615,336.0,100,3,l,4
508,I0508,1200,1000,615,275.0,100,6,n,4
1614,I1614,1000,800,615,229.0,100,3,n,4
2718,I2718,800,460,615,224.0,100,0,n,3
4217,I4217,800,460,615,225.0,100,0,n,3
1777,I1777,1000,800,615,151.0,100,3,n,4
71,I0071,1000,800,615,201.0,100,3,l,4
4667,I4667,1000,800,615,133.0,100,3,l,4
2444,I2444,1200,800,615,357.0,100,4,n,4
5742,I5742,1500,1000,615,180.0,100,7,n,4
5600,I5600,800,600,615,196.0,100,2,w,3
6215,I6215,1200,800,615,218.0,100,4,n,4
4166,I4166,1000,800,615,340.0,100,3,n,4
3552,I3552,1200,1000,615,374.0,100,6,n,4
3566,I3566,1200,1000,615,193.0,100,6,n,4
5746,I5746,800,500,615,133.0,100,1,l,3
4080,I4080,800,600,615,314.0,100,2,n,3
2853,I2853,800,460,615,150.0,100,0,n,3
6133,I6133,1200,1000,615,335.0,100,6,w,4
1785,I1785,1000,800,615,329.0,100,3,w,4
3940,I3940,1500,800,615,447.0,100,5,w,4
4140,I4140,800,600,615,252.0,100,2,n,3
6342,I6342,1200,800,615,356.0,100,4,n,4
3238,I3238,800,460,615,199.0,100,0,n,3
5392,I5392,1500,800,615,215.0,100,5,w,4
3712,I3712,800,500,615,358.0,100,1,w,3
1947,I1947,1200,800,615,402.0,100,4,w,4
3532,I3532,1500,800,615,338.0,100,5,l,4
1,I0001,1500,800,615,183.0,100,5,n,4
5429,I5429,1500,800,615,299.0,100,5,n,4
2289,I2289,800,500,615,0.0,100,1,n,3
1161,I1161,1200,1000,615,242.0,100,6,n,4
1461,I1461,1200,800,615,410.0,100,4,n,4
5828,I5828,1500,1000,615,386.0,100,7,n,4
1588,I1588,1500,1000,615,211.0,100,7,n,4
5231,I5231,1500,800,615,228.0,100,5,n,4
5005,I5005,1200,800,615,371.0,100,4,n,4
3104,I3104,1500,800,615,264.0,100,5,n,4
400,I0400,800,460,615,154.0,100,0,w,3
5267,I5267,1500,1000,615,374.0,100,7,n,4
6136,I6136,800,460,615,230.0,100,0,n,3
1208,I1208,1500,800,615,351.0,100,5,l,4
6003,I6003,1200,1000,615,286.0,100,6,n,4
4530,I4530,1200,1000,615,399.0,100,6,l,4
3764,I3764,800,500,615,364.0,100,1,n,3
3198,I3198,1500,1000,615,200.0,100,7,n,4
3095,I3095,1500,1000,615,331.0,100,7,n,4
3211,I3211,1000,800,615,417.0,100,3,n,4
1739,I1739,1200,1000,615,178.0,100,6,n,4
3732,I3732,1200,1000,615,0.0,100,6,n,4
3292,I3292,800,460,615,0.0,100,0,n,3
4730,I4730,800,460,615,251.0,100,0,w,3
5656,I5656,1200,1000,615,0.0,100,6,n,4
2672,I2672,1200,1000,615,313.0,100,6,n,4
5148,I5148,1000,800,615,237.0,100,3,n,4
1749,I1749,1500,800,615,165.0,100,5,l,4
2911,I2911,800,500,615,292.0,100,1,n,3
1940,I1940,1500,800,615,188.0,100,5,n,4
2752,I2752,800,500,615,362.0,100,1,n,3
1167,I1167,1200,1000,615,193.0,100,6,n,4
956,I0956,1500,1000,615,187.0,100,7,n,4
2813,I2813,800,600,615,320.0,100,2,n,3
5603,I5603,1500,1000,615,406.0,100,7,n,4
2218,I2218,800,500,615,0.0,100,1,n,3
6302,I6302,800,600,615,0.0,100,2,n,3
3073,I3073,800,460,615,301.0,100,0,n,3
6153,I6153,1500,1000,615,0.0,100,7,n,4
2264,I2264,1200,1000,615,102.0,100,6,n,4
6054,I6054,800,600,615,193.0,100,2,n,3
2043,I2043,1200,1000,615,258.0,100,6,w,4
4981,I4981,1200,800,615,434.0,100,4,n,4
1419,I1419,1000,800,615,249.0,100,3,n,4
25,I0025,800,600,615,338.0,100,2,n,3
2062,I2062,1000,800,615,271.0,100,3,n,4
4999,I4999,1500,800,615,202.0,100,5,n,4
5180,I5180,1000,800,615,178.0,100,3,n,4
3012,I3012,1200,1000,615,302.0,100,6,n,4
5954,I5954,1500,1000,615,169.0,100,7,n,4
764,I0764,800,500,615,260.0,100,1,w,3
3965,I3965,1500,1000,615,395.0,100,7,l,4
5677,I5677,800,460,615,380.0,100,0,n,3
652,I0652,1200,800,615,0.0,100,4,n,4
3604,I3604,800,460,615,441.0,100,0,n,3
1643,I1643,1200,1000,615,214.0,100,6,n,4
889,I0889,1200,1000,615,109.0,100,6,l,4
2233,I2233,800,500,615,323.0,100,1,w,3
5534,I5534,1200,1000,615,134.0,100,6,n,4
5621,I5621,800,600,615,359.0,100,2,l,3
1406,I1406,1500,1000,615,331.0,100,7,l,4
3653,I3653,800,600,615,162.0,100,2,n,3
691,I0691,800,600,615,299.0,100,2,n,3
1314,I1314,1000,800,615,252.0,100,3,n,4
5172,I5172,1200,1000,615,258.0,100,6,n,4
5351,I5351,800,460,615,120.0,100,0,n,3
767,I0767,1500,800,615,330.0,100,5,l,4
2077,I2077,800,600,615,244.0,100,2,n,3
2725,I2725,1000,800,615,223.0,100,3,w,4
545,I0545,1200,800,615,324.0,100,4,n,4
4701,I4701,800,600,615,311.0,100,2,n,3
4679,I4679,800,600,615,229.0,100,2,l,3
3568,I3568,1500,800,615,317.0,100,5,n,4
2129,I2129,1200,1000,615,363.0,100,6,n,4
4669,I4669,1000,800,615,289.0,100,3,n,4
2110,I2110,800,460,615,292.0,100,0,l,3
3014,I3014,1200,800,615,366.0,100,4,w,4
6298,I6298,800,460,615,299.0,100,0,n,3
5179,I5179,800,500,615,153.0,100,1,n,3
3054,I3054,1000,800,615,370.0,100,3,n,4
5824,I5824,1200,1000,615,199.0,100,6,n,4
918,I0918,1000,800,615,0.0,100,3,n,4
6384,I6384,800,500,615,118.0,100,1,w,3
1529,I1529,1200,1000,615,112.0,100,6,n,4
5928,I5928,1500,1000,615,0.0,100,7,n,4
4898,I4898,800,500,615,290.0,100,1,n,3
5683,I5683,800,600,615,186.0,100,2,n,3
3011,I3011,1200,1000,615,351.0,100,6,l,4
2268,I2268,800,600,615,142.0,100,2,n,3
3930,I3930,1200,1000,615,0.0,100,6,n,4
4616,I4616,1200,1000,615,366.0,100,6,w,4
5321,I5321,1200,1000,615,290.0,100,6,w,4
1234,I1234,1000,800,615,356.0,100,3,n,4
2189,I2189,1500,1000,615,367.0,100,7,n,4
5733,I5733,1200,1000,615,0.0,100,6,w,4
6016,I6016,800,460,615,311.0,100,0,n,3
1105,I1105,1500,800,615,432.0,100,5,w,4
6022,I6022,800,600,615,158.0,100,2,n,3
157,I0157,800,500,615,339.0,100,1,l,3
1481,I1481,1200,1000,615,225.0,100,6,n,4
2871,I2871,1500,1000,615,219.0,100,7,w,4
2179,I2179,800,460,615,230.0,100,0,w,3
3878,I3878,1200,1000,615,256.0,100,6,n,4
2278,I2278,800,600,615,126.0,100,2,n,3
2166,I2166,1000,800,615,307.0,100,3,l,4
899,I0899,1500,1000,615,199.0,100,7,n,4
1437,I1437,1000,800,615,459.0,100,3,n,4
5145,I5145,1500,1000,615,243.0,100,7,n,4
1687,I1687,1500,1000,615,284.0,100,7,n,4
3289,I3289,1200,1000,615,250.0,100,6,n,4
2585,I2585,1500,800,615,378.0,100,5,n,4
1353,I1353,1200,1000,615,270.0,100,6,n,4
6171,I6171,1200,1000,615,450.0,100,6,w,4
4379,I4379,1200,800,615,0.0,100,4,n,4
2514,I2514,1500,800,615,0.0,100,5,n,4
5198,I5198,1000,800,615,293.0,100,3,n,4
4177,I4177,1000,800,615,390.0,100,3,n,4
1275,I1275,800,600,615,308.0,100,2,l,3
5491,I5491,1000,800,615,223.0,100,3,n,4
2367,I2367,800,460,615,382.0,100,0,n,3
6407,I6407,1500,800,615,390.0,100,5,n,4
4882,I4882,800,460,615,0.0,100,0,l,3
1681,I1681,1500,1000,615,168.0,100,7,n,4
3936,I3936,1500,800,615,309.0,100,5,n,4
2583,I2583,1500,800,615,341.0,100,5,n,4
5897,I5897,1000,800,615,309.0,100,3,n,4
1567,I1567,800,460,615,236.0,100,0,n,3
3873,I3873,800,500,615,202.0,100,1,n,3
761,I0761,1000,800,615,419.0,100,3,n,4
1621,I1621,800,460,615,134.0,100,0,n,3
2888,I2888,800,500,615,0.0,100,1,n,3
5362,I5362,1500,800,615,153.0,100,5,n,4
1707,I1707,1200,800,615,387.0,100,4,n,4
5812,I5812,1000,800,615,322.0,100,3,n,4
3793,I3793,800,500,615,327.0,100,1,w,3
5442,I5442,1200,1000,615,169.0,100,6,n,4
4927,I4927,1200,800,615,166.0,100,4,n,4
4204,I4204,1500,800,615,196.0,100,5,n,4
1431,I1431,1200,800,615,155.0,100,4,n,4
4434,I4434,1200,800,615,270.0,100,4,n,4
22,I0022,1500,1000,615,337.0,100,7,n,4
2256,I2256,1500,1000,615,283.0,100,7,n,4
2576,I2576,1200,1000,615,340.0,100,6,n,4
5245,I5245,800,600,615,342.0,100,2,n,3
6063,I6063,1500,1000,615,0.0,100,7,n,4
2500,I2500,1500,800,615,358.0,100,5,n,4
6410,I6410,800,460,615,171.0,100,0,n,3
3592,I3592,1000,800,615,288.0,100,3,n,4
2073,I2073,800,460,615,457.0,100,0,l,3
365,I0365,800,460,615,119.0,100,0,n,3
2412,I2412,1500,1000,615,337.0,100,7,n,4
3428,I3428,800,500,615,287.0,100,1,n,3
3309,I3309,1200,1000,615,282.0,100,6,n,4
1788,I1788,800,460,615,459.0,100,0,n,3
3752,I3752,800,600,615,0.0,100,2,n,3
5030,I5030,800,460,615,246.0,100,0,n,3
5164,I5164,800,460,615,0.0,100,0,n,3
6364,I6364,800,460,615,179.0,100,0,n,3
5595,I5595,800,600,615,187.0,100,2,l,3
4180,I4180,1500,800,615,378.0,100,5,w,4
6082,I6082,1500,800,615,285.0,100,5,w,4
5095,I5095,1500,1000,615,290.0,100,7,w,4
654,I0654,800,600,615,0.0,100,2,n,3
4786,I4786,1500,800,615,121.0,100,5,n,4
75,I0075,1500,800,615,300.0,100,5,n,4
5674,I5674,1500,1000,615,289.0,100,7,n,4
2156,I2156,800,600,615,277.0,100,2,n,3
2168,I2168,1200,1000,615,254.0,100,6,w,4
1054,I1054,800,600,615,292.0,100,2,n,3
4077,I4077,800,500,615,142.0,100,1,n,3
1225,I1225,800,500,615,0.0,100,1,n,3
2315,I2315,1000,800,615,133.0,100,3,l,4
1174,I1174,1500,800,615,360.0,100,5,n,4
5968,I5968,800,600,615,355.0,100,2,n,3
5009,I5009,800,460,615,278.0,100,0,n,3
5841,I5841,1500,1000,615,198.0,100,7,w,4
5687,I5687,1500,800,615,249.0,100,5,n,4
2964,I2964,800,500,615,234.0,100,1,n,3
4693,I4693,800,500,615,312.0,100,1,l,3
5840,I5840,1000,800,615,0.0,100,3,n,4
347,I0347,1200,1000,615,124.0,100,6,n,4
703,I0703,800,600,615,285.0,100,2,n,3
152,I0152,1000,800,615,407.0,100,3,n,4
3293,I3293,1200,800,615,391.0,100,4,n,4
4649,I4649,1000,800,615,179.0,100,3,n,4
5740,I5740,800,460,615,150.0,100,0,n,3
9,I0009,1200,800,615,170.0,100,4,n,4
2983,I2983,1500,1000,615,161.0,100,7,n,4
6196,I6196,800,600,615,335.0,100,2,n,3
634,I0634,1000,800,615,147.0,100,3,n,4
4835,I4835,1500,800,615,404.0,100,5,w,4
4638,I4638,800,600,615,226.0,100,2,n,3
1396,I1396,800,460,615,276.0,100,0,n,3
3624,I3624,1500,800,615,145.0,100,5,n,4
3151,I3151,1200,800,615,210.0,100,4,l,4
1005,I1005,800,500,615,396.0,100,1,n,3
2698,I2698,1500,1000,615,330.0,100,7,n,4
3186,I3186,1200,1000,615,314.0,100,6,n,4
1591,I1591,1200,1000,615,202.0,100,6,n,4
2808,I2808,1200,800,615,0.0,100,4,n,4
1757,I1757,1200,1000,615,420.0,100,6,n,4
5455,I5455,1000,800,615,403.0,100,3,n,4
381,I0381,1500,1000,615,281.0,100,7,n,4
2824,I2824,800,600,615,350.0,100,2,n,3
2756,I2756,1200,1000,615,0.0,100,6,n,4
3384,I3384,800,600,615,167.0,100,2,n,3
4504,I4504,800,460,615,0.0,100,0,n,3
3471,I3471,800,600,615,191.0,100,2,n,3
4606,I4606,1500,1000,615,208.0,100,7,w,4
2348,I2348,800,600,615,146.0,100,2,n,3
5296,I5296,1000,800,615,365.0,100,3,n,4
3963,I3963,1500,1000,615,312.0,100,7,w,4
2193,I2193,1000,800,615,253.0,100,3,n,4
3640,I3640,1200,1000,615,163.0,100,6,n,4
5046,I5046,1000,800,615,140.0,100,3,n,4
3863,I3863,1200,1000,615,126.0,100,6,n,4
2007,I2007,1000,800,615,241.0,100,3,l,4
5821,I5821,1500,1000,615,255.0,100,7,n,4
5331,I5331,1000,800,615,309.0,100,3,n,4
4919,I4919,1500,1000,615,111.0,100,7,n,4
5623,I5623,800,500,615,380.0,100,1,n,3
3019,I3019,1000,800,615,350.0,100,3,n,4
2613,I2613,800,460,615,378.0,100,0,n,3
336,I0336,800,600,615,308.0,100,2,n,3
4233,I4233,1200,1000,615,186.0,100,6,w,4
5474,I5474,1200,1000,615,418.0,100,6,n,4
5408,I5408,1500,800,615,269.0,100,5,w,4
4655,I4655,1500,800,615,310.0,100,5,n,4
641,I0641,1200,1000,615,85.0,100,6,n,4
4009,I4009,1500,1000,615,417.0,100,7,n,4
789,I0789,1200,1000,615,278.0,100,6,n,4
518,I0518,1000,800,615,199.0,100,3,n,4
438,I0438,1500,800,615,395.0,100,5,n,4
5924,I5924,800,460,615,136.0,100,0,w,3
4155,I4155,800,500,615,90.0,100,1,w,3
1474,I1474,1500,1000,615,169.0,100,7,n,4
5784,I5784,800,500,615,306.0,100,1,n,3
1676,I1676,1200,800,615,193.0,100,4,l,4
1857,I1857,800,500,615,366.0,100,1,n,3
6018,I6018,1200,1000,615,285.0,100,6,n,4
5860,I5860,800,500,615,262.0,100,1,n,3
3450,I3450,800,500,615,399.0,100,1,n,3
3135,I3135,1200,1000,615,251.0,100,6,n,4
4832,I4832,800,460,615,314.0,100,0,n,3
2380,I2380,800,500,615,0.0,100,1,n,3
2922,I2922,1200,1000,615,227.0,100,6,n,4
5438,I5438,1500,800,615,276.0,100,5,n,4
5056,I5056,1000,800,615,282.0,100,3,n,4
721,I0721,1500,800,615,380.0,100,5,n,4
2308,I2308,1500,800,615,358.0,100,5,n,4
4970,I4970,800,600,615,159.0,100,2,n,3
4129,I4129,1200,1000,615,218.0,100,6,l,4
4457,I4457,1500,1000,615,345.0,100,7,n,4
2415,I2415,1500,800,615,267.0,100,5,n,4
901,I0901,1500,1000,615,309.0,100,7,n,4
2658,I2658,1500,1000,615,402.0,100,7,n,4
931,I0931,800,600,615,443.0,100,2,n,3
4299,I4299,800,600,615,448.0,100,2,n,3
3125,I3125,800,600,615,317.0,100,2,n,3
5727,I5727,1500,1000,615,244.0,100,7,n,4
2455,I2455,800,460,615,316.0,100,0,w,3
5122,I5122,800,600,615,241.0,100,2,n,3
5738,I5738,800,460,615,0.0,100,0,n,3
6323,I6323,1000,800,615,312.0,100,3,l,4
3816,I3816,1500,800,615,0.0,100,5,n,4
5524,I5524,1200,1000,615,180.0,100,6,n,4
4529,I4529,1500,1000,615,112.0,100,7,n,4
5695,I5695,800,600,615,327.0,100,2,w,3
1066,I1066,1000,800,615,229.0,100,3,n,4
1899,I1899,1500,1000,615,312.0,100,7,l,4
1339,I1339,800,460,615,382.0,100,0,n,3
4777,I4777,1000,800,615,208.0,100,3,n,4
733,I0733,800,600,615,153.0,100,2,n,3
842,I0842,800,500,615,177.0,100,1,n,3
1063,I1063,1200,800,615,381.0,100,4,n,4
5981,I5981,1500,1000,615,160.0,100,7,n,4
1939,I1939,800,460,615,0.0,100,0,n,3
3583,I3583,1200,1000,615,286.0,100,6,n,4
1537,I1537,1200,800,615,214.0,100,4,n,4
1557,I1557,1200,800,615,218.0,100,4,n,4
3938,I3938,1500,1000,615,321.0,100,7,n,4
399,I0399,1200,1000,615,302.0,100,6,n,4
6295,I6295,1200,1000,615,0.0,100,6,n,4
1865,I1865,800,460,615,222.0,100,0,n,3
3542,I3542,800,460,615,0.0,100,0,l,3
2032,I2032,800,600,615,397.0,100,2,n,3
544,I0544,800,460,615,159.0,100,0,n,3
4075,I4075,1000,800,615,233.0,100,3,n,4
1793,I1793,1500,800,615,190.0,100,5,n,4
6267,I6267,1200,1000,615,177.0,100,6,n,4
1074,I1074,800,500,615,356.0,100,1,n,3
4338,I4338,1200,1000,615,157.0,100,6,n,4
4953,I4953,1500,800,615,334.0,100,5,n,4
5570,I5570,800,500,615,417.0,100,1,n,3
3364,I3364,1500,800,615,416.0,100,5,n,4
130,I0130,1500,800,615,417.0,100,5,n,4
5383,I5383,800,500,615,270.0,100,1,n,3
3438,I3438,800,500,615,430.0,100,1,n,3
1318,I1318,800,460,615,442.0,100,0,n,3
5580,I5580,800,460,615,391.0,100,0,n,3
4828,I4828,1200,800,615,146.0,100,4,n,4
1001,I1001,800,460,615,180.0,100,0,n,3
4800,I4800,1000,800,615,233.0,100,3,n,4
1501,I1501,1200,1000,615,316.0,100,6,n,4
2760,I2760,800,500,615,0.0,100,1,l,3
3193,I3193,1200,800,615,0.0,100,4,n,4
6440,I6440,1500,800,615,310.0,100,5,n,4
4313,I4313,800,460,615,110.0,100,0,n,3
800,I0800,800,600,615,433.0,100,2,n,3
1988,I1988,1500,1000,615,271.0,100,7,n,4
4992,I4992,800,460,615,458.0,100,0,w,3
2816,I2816,1500,800,615,0.0,100,5,n,4
321,I0321,800,500,615,256.0,100,1,n,3
1736,I1736,800,460,615,270.0,100,0,n,3
2675,I2675,1000,800,615,380.0,100,3,n,4
1636,I1636,1500,1000,615,270.0,100,7,n,4
4628,I4628,1000,800,615,108.0,100,3,n,4
5407,I5407,800,600,615,237.0,100,2,n,3
5631,I5631,1500,800,615,260.0,100,5,n,4
1960,I1960,1500,1000,615,255.0,100,7,n,4
1087,I1087,800,460,615,264.0,100,0,n,3
584,I0584,1200,1000,615,242.0,100,6,n,4
3395,I3395,800,500,615,371.0,100,1,l,3
1731,I1731,1500,1000,615,323.0,100,7,l,4
5684,I5684,1500,800,615,373.0,100,5,n,4
5686,I5686,800,460,615,193.0,100,0,n,3
2031,I2031,800,600,615,193.0,100,2,n,3
5210,I5210,1500,800,615,229.0,100,5,n,4
1076,I1076,1500,800,615,357.0,100,5,n,4
1698,I1698,1200,1000,615,266.0,100,6,n,4
1261,I1261,800,500,615,233.0,100,1,n,3
5370,I5370,1000,800,615,106.0,100,3,n,4
4142,I4142,800,500,615,311.0,100,1,n,3
834,I0834,1500,800,615,296.0,100,5,n,4
4774,I4774,1200,1000,615,247.0,100,6,n,4
5,I0005,800,600,615,416.0,100,2,n,3
1287,I1287,1500,800,615,242.0,100,5,n,4
5281,I5281,1500,800,615,197.0,100,5,n,4
253,I0253,1200,1000,615,198.0,100,6,n,4
1683,I1683,1200,800,615,278.0,100,4,n,4
1772,I1772,1000,800,615,442.0,100,3,l,4
4909,I4909,1200,1000,615,187.0,100,6,n,4
4945,I4945,1000,800,615,303.0,100,3,n,4
54,I0054,1000,800,615,247.0,100,3,n,4
1125,I1125,1500,800,615,404.0,100,5,n,4
2502,I2502,1500,1000,615,181.0,100,7,n,4
6239,I6239,1200,1000,615,216.0,100,6,n,4
2334,I2334,800,500,615,279.0,100,1,n,3
3083,I3083,1500,1000,615,161.0,100,7,l,4
4642,I4642,1200,800,615,342.0,100,4,n,4
2620,I2620,1200,800,615,377.0,100,4,n,4
4703,I4703,800,600,615,330.0,100,2,n,3
1982,I1982,1500,1000,615,212.0,100,7,w,4
1229,I1229,1000,800,615,346.0,100,3,n,4
6291,I6291,1000,800,615,288.0,100,3,n,4
507,I0507,800,500,615,409.0,100,1,n,3
447,I0447,800,500,615,440.0,100,1,n,3
2981,I2981,800,600,615,234.0,100,2,n,3
1909,I1909,1200,800,615,305.0,100,4,n,4
3047,I3047,800,460,615,333.0,100,0,n,3
1769,I1769,1200,800,615,403.0,100,4,n,4
3329,I3329,1000,800,615,399.0,100,3,l,4
1534,I1534,1500,800,615,275.0,100,5,l,4
427,I0427,1500,1000,615,125.0,100,7,n,4
669,I0669,800,500,615,348.0,100,1,n,3
5619,I5619,1500,1000,615,268.0,100,7,n,4
4376,I4376,1500,800,615,0.0,100,5,n,4
2600,I2600,800,460,615,264.0,100,0,l,3
3944,I3944,800,500,615,218.0,100,1,l,3
5934,I5934,800,500,615,270.0,100,1,n,3
6278,I6278,800,600,615,0.0,100,2,n,3
2542,I2542,1500,1000,615,311.0,100,7,n,4
6290,I6290,800,600,615,375.0,100,2,l,3
4698,I4698,1000,800,615,387.0,100,3,n,4
3502,I3502,800,460,615,173.0,100,0,n,3
386,I0386,800,500,615,299.0,100,1,n,3
5751,I5751,800,500,615,161.0,100,1,n,3
3978,I3978,1000,800,615,194.0,100,3,n,4
2109,I2109,1500,1000,615,0.0,100,7,n,4
3528,I3528,1500,1000,615,232.0,100,7,n,4
1490,I1490,1200,800,615,437.0,100,4,n,4
1136,I1136,1500,1000,615,267.0,100,7,n,4
866,I0866,1200,1000,615,204.0,100,6,n,4
3296,I3296,1000,800,615,0.0,100,3,n,4
4093,I4093,1200,1000,615,109.0,100,6,n,4
216,I0216,1200,1000,615,261.0,100,6,n,4
2736,I2736,1500,800,615,109.0,100,5,n,4
1981,I1981,800,500,615,373.0,100,1,n,3
1822,I1822,800,460,615,327.0,100,0,n,3
1928,I1928,800,460,615,183.0,100,0,l,3
5185,I5185,1000,800,615,286.0,100,3,n,4
3860,I3860,1200,800,615,145.0,100,4,n,4
1507,I1507,800,500,615,0.0,100,1,n,3
5761,I5761,1000,800,615,199.0,100,3,n,4
2953,I2953,1200,1000,615,198.0,100,6,n,4
4256,I4256,1200,1000,615,114.0,100,6,n,4
3548,I3548,800,600,615,250.0,100,2,n,3
4407,I4407,1200,800,615,454.0,100,4,n,4
4904,I4904,1500,1000,615,394.0,100,7,n,4
6013,I6013,800,600,615,351.0,100,2,n,3
676,I0676,800,500,615,382.0,100,1,l,3
875,I0875,800,600,615,276.0,100,2,n,3
6024,I6024,1200,800,615,306.0,100,4,n,4
502,I0502,1200,800,615,450.0,100,4,l,4
2207,I2207,800,460,615,362.0,100,0,n,3
4106,I4106,1000,800,615,304.0,100,3,n,4
1294,I1294,800,500,615,190.0,100,1,n,3
143,I0143,1200,800,615,161.0,100,4,l,4
2146,I2146,1200,1000,615,440.0,100,6,w,4
3684,I3684,1500,800,615,254.0,100,5,n,4
2944,I2944,800,500,615,302.0,100,1,n,3
13,I0013,800,460,615,0.0,100,0,n,3
4130,I4130,1200,800,615,276.0,100,4,w,4
3636,I3636,800,600,615,349.0,100,2,n,3
3270,I3270,800,600,615,285.0,100,2,n,3
3935,I3935,1500,800,615,180.0,100,5,n,4
1897,I1897,800,460,615,239.0,100,0,l,3
2818,I2818,800,600,615,377.0,100,2,n,3
6230,I6230,800,500,615,146.0,100,1,n,3
4138,I4138,1200,1000,615,174.0,100,6,n,4
6329,I6329,1200,800,615,216.0,100,4,w,4
4822,I4822,800,460,615,367.0,100,0,n,3
5641,I5641,1500,800,615,341.0,100,5,n,4
6299,I6299,1200,1000,615,0.0,100,6,n,4
1650,I1650,800,500,615,398.0,100,1,n,3
3276,I3276,800,460,615,322.0,100,0,n,3
1042,I1042,1000,800,615,404.0,100,3,n,4
740,I0740,1200,1000,615,222.0,100,6,n,4
3742,I3742,1000,800,615,363.0,100,3,n,4
4067,I4067,800,600,615,117.0,100,2,n,3
4826,I4826,800,500,615,413.0,100,1,n,3
4484,I4484,1500,800,615,0.0,100,5,n,4
3916,I3916,1000,800,615,143.0,100,3,n,4
6417,I6417,1500,1000,615,114.0,100,7,n,4
5830,I5830,1000,800,615,381.0,100,3,n,4
4767,I4767,1500,800,615,380.0,100,5,n,4
1594,I1594,1500,1000,615,237.0,100,7,n,4
3279,I3279,1000,800,615,343.0,100,3,n,4
4045,I4045,1200,1000,615,401.0,100,6,n,4
1059,I1059,1200,800,615,179.0,100,4,w,4
567,I0567,800,500,615,341.0,100,1,w,3
6007,I6007,1200,1000,615,205.0,100,6,n,4
7,I0007,800,500,615,249.0,100,1,n,3
2654,I2654,1500,1000,615,334.0,100,7,n,4
262,I0262,1500,1000,615,243.0,100,7,n,4
617,I0617,1000,800,615,180.0,100,3,n,4
5176,I5176,800,500,615,233.0,100,1,n,3
4144,I4144,800,460,615,86.0,100,0,n,3
2596,I2596,800,500,615,244.0,100,1,n,3
1631,I1631,800,460,615,292.0,100,0,n,3
2224,I2224,800,500,615,175.0,100,1,n,3
2883,I2883,1200,800,615,358.0,100,4,l,4
3031,I3031,800,600,615,313.0,100,2,n,3
4474,I4474,800,600,615,0.0,100,2,l,3
2006,I2006,1500,1000,615,266.0,100,7,n,4
2120,I2120,1500,1000,615,167.0,100,7,n,4
4820,I4820,800,460,615,427.0,100,0,l,3
6131,I6131,800,500,615,227.0,100,1,n,3
3968,I3968,800,600,615,418.0,100,2,n,3
4793,I4793,1200,800,615,316.0,100,4,l,4
4318,I4318,800,460,615,0.0,100,0,l,3
4895,I4895,1500,1000,615,363.0,100,7,n,4
5070,I5070,1500,800,615,225.0,100,5,n,4
3931,I3931,800,500,615,231.0,100,1,w,3
6270,I6270,800,500,615,310.0,100,1,n,3
2915,I2915,800,600,615,412.0,100,2,n,3
1031,I1031,1500,1000,615,375.0,100,7,n,4
1180,I1180,1500,800,615,0.0,100,5,n,4
4054,I4054,800,600,615,238.0,100,2,n,3
499,I0499,1500,1000,615,119.0,100,7,n,4
3741,I3741,1200,800,615,441.0,100,4,w,4
948,I0948,1200,800,615,353.0,100,4,n,4
2354,I2354,1000,800,615,339.0,100,3,n,4
5403,I5403,1000,800,615,189.0,100,3,l,4
2440,I2440,800,460,615,304.0,100,0,l,3
3557,I3557,800,460,615,325.0,100,0,n,3
4170,I4170,1500,800,615,375.0,100,5,n,4
188,I0188,1200,800,615,349.0,100,4,n,4
638,I0638,1500,800,615,286.0,100,5,w,4
4056,I4056,800,460,615,126.0,100,0,l,3
457,I0457,1000,800,615,390.0,100,3,n,4
4582,I4582,1200,800,615,443.0,100,4,n,4
1884,I1884,1200,800,615,195.0,100,4,n,4
446,I0446,1200,800,615,240.0,100,4,n,4
6232,I6232,1500,800,615,202.0,100,5,n,4
4214,I4214,1200,1000,615,147.0,100,6,n,4
4491,I4491,1200,800,615,210.0,100,4,n,4
4041,I4041,1000,800,615,241.0,100,3,n,4
342,I0342,1500,800,615,0.0,100,5,n,4
3297,I3297,800,500,615,463.0,100,1,n,3
6026,I6026,1500,800,615,127.0,100,5,n,4
6357,I6357,800,460,615,408.0,100,0,n,3
4996,I4996,1500,1000,615,260.0,100,7,n,4
3237,I3237,1500,1000,615,281.0,100,7,w,4
5023,I5023,800,600,615,300.0,100,2,n,3
4105,I4105,1500,800,615,338.0,100,5,w,4
2854,I2854,1000,800,615,223.0,100,3,n,4
5418,I5418,1200,1000,615,286.0,100,6,w,4
2624,I2624,1200,800,615,374.0,100,4,n,4
3998,I3998,1200,800,615,289.0,100,4,n,4
2353,I2353,1000,800,615,352.0,100,3,w,4
2661,I2661,1200,1000,615,386.0,100,6,n,4
646,I0646,1200,800,615,354.0,100,4,n,4
2133,I2133,800,600,615,196.0,100,2,n,3
657,I0657,800,500,615,366.0,100,1,n,3
5482,I5482,1200,800,615,221.0,100,4,n,4
1352,I1352,1500,1000,615,197.0,100,7,n,4
2905,I2905,1000,800,615,354.0,100,3,w,4
4117,I4117,1500,1000,615,303.0,100,7,n,4
6229,I6229,1500,800,615,282.0,100,5,w,4
6109,I6109,1000,800,615,325.0,100,3,n,4
913,I0913,800,600,615,358.0,100,2,n,3
2363,I2363,1200,800,615,286.0,100,4,n,4
1756,I1756,800,600,615,329.0,100,2,l,3
2526,I2526,1200,800,615,164.0,100,4,n,4
1958,I1958,1500,1000,615,245.0,100,7,w,4
4298,I4298,800,500,615,233.0,100,1,n,3
324,I0324,1200,1000,615,210.0,100,6,n,4
5523,I5523,1000,800,615,0.0,100,3,n,4
2969,I2969,1200,1000,615,268.0,100,6,n,4
1877,I1877,1200,1000,615,0.0,100,6,n,4
5196,I5196,1200,1000,615,330.0,100,6,n,4
6383,I6383,1000,800,615,0.0,100,3,n,4
2001,I2001,1200,1000,615,226.0,100,6,n,4
5560,I5560,800,500,615,221.0,100,1,n,3
2092,I2092,1200,1000,615,306.0,100,6,n,4
3830,I3830,800,460,615,318.0,100,0,n,3
1408,I1408,1500,1000,615,454.0,100,7,n,4
6129,I6129,800,500,615,0.0,100,1,n,3
6319,I6319,1000,800,615,248.0,100,3,w,4
3157,I3157,800,600,615,114.0,100,2,n,3
5589,I5589,800,500,615,0.0,100,1,w,3
6386,I6386,1500,800,615,340.0,100,5,n,4
5225,I5225,800,460,615,325.0,100,0,n,3
580,I0580,1200,1000,615,225.0,100,6,n,4
2177,I2177,800,460,615,180.0,100,0,n,3
279,I0279,1000,800,615,305.0,100,3,l,4
2299,I2299,1500,800,615,157.0,100,5,n,4
3262,I3262,1500,1000,615,347.0,100,7,l,4
4802,I4802,800,460,615,193.0,100,0,n,3
1891,I1891,800,460,615,254.0,100,0,n,3
4059,I4059,800,500,615,111.0,100,1,n,3
4990,I4990,1200,1000,615,274.0,100,6,n,4
2260,I2260,1200,1000,615,184.0,100,6,n,4
919,I0919,1500,1000,615,129.0,100,7,n,4
5939,I5939,800,460,615,192.0,100,0,n,3
2628,I2628,1000,800,615,290.0,100,3,l,4
5664,I5664,1500,1000,615,114.0,100,7,n,4
1052,I1052,800,600,615,233.0,100,2,n,3
1750,I1750,1000,800,615,119.0,100,3,n,4
136,I0136,1500,800,615,201.0,100,5,l,4
3883,I3883,1000,800,615,176.0,100,3,n,4
5253,I5253,1500,800,615,291.0,100,5,n,4
4732,I4732,1500,800,615,362.0,100,5,n,4
274,I0274,1200,800,615,0.0,100,4,n,4
3486,I3486,1200,1000,615,248.0,100,6,n,4
2456,I2456,1500,800,615,164.0,100,5,n,4
5581,I5581,1500,800,615,317.0,100,5,n,4
1315,I1315,800,500,615,157.0,100,1,n,3
4095,I4095,800,500,615,266.0,100,1,n,3
2844,I2844,800,600,615,400.0,100,2,w,3
1188,I1188,1500,1000,615,380.0,100,7,n,4
1012,I1012,1500,800,615,207.0,100,5,w,4
5047,I5047,1000,800,615,393.0,100,3,n,4
1914,I1914,800,600,615,376.0,100,2,n,3
3340,I3340,800,500,615,167.0,100,1,n,3
2651,I2651,800,600,615,315.0,100,2,n,3
1071,I1071,1000,800,615,272.0,100,3,n,4
6141,I6141,1000,800,615,248.0,100,3,n,4
151,I0151,800,600,615,262.0,100,2,n,3
4522,I4522,1200,1000,615,352.0,100,6,n,4
6053,I6053,800,500,615,0.0,100,1,n,3
5157,I5157,1500,1000,615,203.0,100,7,n,4
2928,I2928,800,500,615,182.0,100,1,w,3
310,I0310,800,500,615,175.0,100,1,n,3
570,I0570,1200,800,615,219.0,100,4,n,4
1992,I1992,1200,1000,615,241.0,100,6,n,4
4282,I4282,1500,800,615,202.0,100,5,n,4
461,I0461,800,460,615,179.0,100,0,n,3
689,I0689,1500,800,615,367.0,100,5,n,4
2753,I2753,1500,1000,615,0.0,100,7,w,4
2933,I2933,800,500,615,209.0,100,1,n,3
2877,I2877,800,500,615,0.0,100,1,n,3
4252,I4252,1500,800,615,340.0,100,5,n,4
1233,I1233,1200,1000,615,431.0,100,6,l,4
873,I0873,800,500,615,253.0,100,1,n,3
2897,I2897,800,500,615,378.0,100,1,n,3
5111,I5111,1500,1000,615,375.0,100,7,n,4
4724,I4724,800,460,615,189.0,100,0,w,3
4207,I4207,800,600,615,247.0,100,2,n,3
1212,I1212,800,460,615,203.0,100,0,n,3
2531,I2531,1200,1000,615,0.0,100,6,l,4
5714,I5714,800,460,615,0.0,100,0,n,3
3026,I3026,1200,800,615,379.0,100,4,n,4
5372,I5372,1500,800,615,150.0,100,5,n,4
4798,I4798,800,600,615,211.0,100,2,n,3
6378,I6378,1000,800,615,0.0,100,3,l,4
5302,I5302,1500,1000,615,0.0,100,7,n,4
5583,I5583,800,460,615,140.0,100,0,n,3
1046,I1046,1000,800,615,165.0,100,3,n,4
2993,I2993,800,500,615,0.0,100,1,n,3
3407,I3407,1500,800,615,201.0,100,5,n,4
2550,I2550,1500,800,615,193.0,100,5,n,4
1350,I1350,1500,1000,615,278.0,100,7,n,4
1169,I1169,1500,800,615,307.0,100,5,n,4
3645,I3645,1200,800,615,338.0,100,4,n,4
5512,I5512,800,600,615,424.0,100,2,n,3
5435,I5435,1500,1000,615,116.0,100,7,n,4
4038,I4038,800,600,615,280.0,100,2,n,3
5795,I5795,800,500,615,233.0,100,1,n,3
5698,I5698,1500,1000,615,315.0,100,7,n,4
4395,I4395,1200,1000,615,0.0,100,6,n,4
1727,I1727,800,600,615,372.0,100,2,n,3
4053,I4053,800,500,615,348.0,100,1,l,3
5690,I5690,1500,800,615,139.0,100,5,w,4
1297,I1297,1000,800,615,174.0,100,3,n,4
3493,I3493,1200,800,615,344.0,100,4,n,4
5125,I5125,800,500,615,274.0,100,1,n,3
6012,I6012,1200,1000,615,187.0,100,6,l,4
4411,I4411,1200,1000,615,410.0,100,6,n,4
4503,I4503,1500,800,615,284.0,100,5,n,4
1979,I1979,1500,1000,615,130.0,100,7,w,4
6200,I6200,800,600,615,398.0,100,2,n,3
5232,I5232,1200,800,615,444.0,100,4,n,4
6292,I6292,800,460,615,238.0,100,0,l,3
1307,I1307,1200,800,615,338.0,100,4,n,4
3252,I3252,1500,1000,615,340.0,100,7,n,4
644,I0644,1000,800,615,289.0,100,3,w,4
4350,I4350,1000,800,615,382.0,100,3,n,4
1964,I1964,1000,800,615,294.0,100,3,n,4
4611,I4611,800,600,615,219.0,100,2,n,3
4416,I4416,1000,800,615,313.0,100,3,n,4
2270,I2270,1200,1000,615,401.0,100,6,n,4
6254,I6254,1500,1000,615,292.0,100,7,n,4
2541,I2541,1200,1000,615,413.0,100,6,n,4
5558,I5558,1500,1000,615,206.0,100,7,n,4
4430,I4430,1500,1000,615,264.0,100,7,l,4
5038,I5038,1000,800,615,233.0,100,3,n,4
2555,I2555,1000,800,615,205.0,100,3,l,4
5842,I5842,1500,800,615,346.0,100,5,n,4
5299,I5299,1200,1000,615,315.0,100,6,n,4
1673,I1673,1500,800,615,222.0,100,5,n,4
164,I0164,800,460,615,216.0,100,0,l,3
4739,I4739,800,460,615,334.0,100,0,w,3
4419,I4419,800,600,615,166.0,100,2,n,3
778,I0778,800,600,615,251.0,100,2,n,3
283,I0283,1500,800,615,338.0,100,5,n,4
1971,I1971,1200,1000,615,150.0,100,6,n,4
6280,I6280,1500,1000,615,282.0,100,7,l,4
4967,I4967,800,500,615,120.0,100,1,w,3
2554,I2554,800,500,615,220.0,100,1,n,3
3465,I3465,800,500,615,215.0,100,1,n,3
5615,I5615,800,600,615,137.0,100,2,n,3
364,I0364,1200,1000,615,354.0,100,6,n,4
2724,I2724,1500,800,615,350.0,100,5,n,4
4796,I4796,1000,800,615,0.0,100,3,n,4
678,I0678,800,460,615,302.0,100,0,n,3
4741,I4741,1200,800,615,293.0,100,4,n,4
5186,I5186,1200,800,615,321.0,100,4,n,4
3079,I3079,1000,800,615,194.0,100,3,n,4
3923,I3923,800,600,615,106.0,100,2,n,3
4226,I4226,1500,800,615,463.0,100,5,n,4
2227,I2227,800,500,615,367.0,100,1,n,3
4609,I4609,800,500,615,184.0,100,1,n,3
1615,I1615,800,600,615,249.0,100,2,l,3
4599,I4599,800,600,615,136.0,100,2,l,3
3067,I3067,800,500,615,379.0,100,1,w,3
3749,I3749,1500,800,615,0.0,100,5,w,4
4055,I4055,1200,1000,615,256.0,100,6,n,4
3185,I3185,1500,1000,615,251.0,100,7,n,4
748,I0748,800,460,615,165.0,100,0,n,3
4518,I4518,800,460,615,217.0,100,0,n,3
6126,I6126,1500,1000,615,407.0,100,7,w,4
2054,I2054,800,500,615,144.0,100,1,n,3
3160,I3160,800,460,615,274.0,100,0,l,3
5756,I5756,1500,800,615,0.0,100,5,n,4
4391,I4391,800,600,615,252.0,100,2,w,3
6285,I6285,800,460,615,0.0,100,0,n,3
4978,I4978,800,460,615,430.0,100,0,n,3
5504,I5504,800,460,615,382.0,100,0,n,3
4715,I4715,800,600,615,204.0,100,2,n,3
3745,I3745,800,460,615,167.0,100,0,n,3
2979,I2979,800,600,615,311.0,100,2,w,3
1510,I1510,1500,1000,615,270.0,100,7,n,4
898,I0898,800,600,615,279.0,100,2,n,3
2709,I2709,800,500,615,108.0,100,1,n,3
1185,I1185,1500,1000,615,0.0,100,7,n,4
3560,I3560,1200,800,615,136.0,100,4,n,4
5462,I5462,1200,1000,615,85.0,100,6,n,4
3942,I3942,800,600,615,299.0,100,2,n,3
1770,I1770,800,600,615,297.0,100,2,n,3
5283,I5283,1000,800,615,436.0,100,3,n,4
3310,I3310,1200,800,615,336.0,100,4,n,4
5658,I5658,800,600,615,293.0,100,2,n,3
4500,I4500,1500,800,615,227.0,100,5,n,4
3850,I3850,800,600,615,427.0,100,2,n,3
5085,I5085,1500,1000,615,343.0,100,7,n,4
6374,I6374,800,500,615,288.0,100,1,n,3
6031,I6031,1500,1000,615,416.0,100,7,l,4
3119,I3119,1500,800,615,235.0,100,5,n,4
2509,I2509,800,500,615,387.0,100,1,l,3
388,I0388,1500,1000,615,413.0,100,7,w,4
3511,I3511,800,460,615,319.0,100,0,n,3
4925,I4925,800,460,615,452.0,100,0,l,3
5567,I5567,800,460,615,443.0,100,0,n,3
2464,I2464,1200,1000,615,0.0,100,6,n,4
2687,I2687,1500,800,615,372.0,100,5,n,4
5402,I5402,1200,1000,615,171.0,100,6,n,4
1463,I1463,1200,800,615,92.0,100,4,n,4
1147,I1147,800,600,615,150.0,100,2,n,3
5704,I5704,800,600,615,403.0,100,2,n,3
482,I0482,800,500,615,216.0,100,1,n,3
574,I0574,800,600,615,386.0,100,2,l,3
286,I0286,800,500,615,294.0,100,1,n,3
5970,I5970,1000,800,615,164.0,100,3,n,4
2525,I2525,800,600,615,0.0,100,2,n,3
4132,I4132,800,600,615,443.0,100,2,l,3
1114,I1114,1500,1000,615,300.0,100,7,n,4
1934,I1934,800,460,615,323.0,100,0,w,3
1254,I1254,1500,1000,615,0.0,100,7,n,4
849,I0849,1500,800,615,174.0,100,5,n,4
1484,I1484,800,500,615,328.0,100,1,n,3
2036,I2036,800,600,615,446.0,100,2,n,3
4557,I4557,1000,800,615,188.0,100,3,n,4
4636,I4636,1500,800,615,247.0,100,5,l,4
1048,I1048,800,600,615,159.0,100,2,n,3
5004,I5004,1200,800,615,355.0,100,4,n,4
3043,I3043,800,600,615,350.0,100,2,n,3
868,I0868,1000,800,615,302.0,100,3,n,4
1980,I1980,1200,1000,615,299.0,100,6,n,4
2064,I2064,1200,1000,615,260.0,100,6,l,4
4709,I4709,1500,800,615,236.0,100,5,n,4
4576,I4576,800,460,615,263.0,100,0,n,3
990,I0990,1200,1000,615,173.0,100,6,l,4
2521,I2521,800,600,615,0.0,100,2,n,3
3917,I3917,1500,800,615,434.0,100,5,n,4
4899,I4899,800,460,615,134.0,100,0,n,3
3233,I3233,800,500,615,102.0,100,1,n,3
5654,I5654,1500,1000,615,312.0,100,7,n,4
1797,I1797,800,460,615,154.0,100,0,n,3
5555,I5555,1500,800,615,376.0,100,5,n,4
642,I0642,1500,800,615,263.0,100,5,n,4
2861,I2861,800,460,615,362.0,100,0,l,3
2571,I2571,1200,800,615,299.0,100,4,n,4
2374,I2374,1200,1000,615,166.0,100,6,n,4
5208,I5208,800,600,615,389.0,100,2,n,3
2498,I2498,1200,800,615,406.0,100,4,n,4
4479,I4479,1000,800,615,0.0,100,3,n,4
711,I0711,1500,1000,615,316.0,100,7,n,4
4540,I4540,1000,800,615,257.0,100,3,n,4
3817,I3817,1200,800,615,152.0,100,4,w,4
1262,I1262,1000,800,615,220.0,100,3,n,4
645,I0645,1200,1000,615,297.0,100,6,n,4
1192,I1192,1000,800,615,274.0,100,3,n,4
6445,I6445,1500,1000,615,166.0,100,7,n,4
2305,I2305,800,500,615,0.0,100,1,l,3
5586,I5586,1200,800,615,161.0,100,4,n,4
1384,I1384,800,600,615,299.0,100,2,n,3
5719,I5719,1200,1000,615,0.0,100,6,n,4
4393,I4393,1200,800,615,179.0,100,4,n,4
1397,I1397,1000,800,615,371.0,100,3,n,4
2648,I2648,1200,1000,615,211.0,100,6,n,4
2191,I2191,1200,1000,615,308.0,100,6,n,4
6360,I6360,1200,1000,615,161.0,100,6,n,4
2545,I2545,1200,1000,615,185.0,100,6,n,4
3937,I3937,1200,1000,615,420.0,100,6,n,4
4661,I4661,1500,800,615,263.0,100,5,n,4
6337,I6337,1500,800,615,198.0,100,5,n,4
3498,I3498,1200,1000,615,98.0,100,6,n,4
2945,I2945,1500,1000,615,194.0,100,7,n,4
2386,I2386,1200,800,615,327.0,100,4,n,4
3353,I3353,1000,800,615,289.0,100,3,n,4
665,I0665,1500,800,615,170.0,100,5,n,4
4555,I4555,1200,1000,615,0.0,100,6,n,4
250,I0250,1200,1000,615,257.0,100,6,l,4
582,I0582,800,500,615,202.0,100,1,n,3
5228,I5228,1000,800,615,339.0,100,3,n,4
4211,I4211,1200,800,615,387.0,100,4,n,4
3918,I3918,1200,800,615,106.0,100,4,n,4
233,I0233,1200,800,615,362.0,100,4,n,4
61,I0061,1200,800,615,216.0,100,4,n,4
5059,I5059,1200,1000,615,341.0,100,6,w,4
4947,I4947,800,460,615,403.0,100,0,w,3
171,I0171,1200,800,615,322.0,100,4,n,4
732,I0732,800,600,615,390.0,100,2,n,3
514,I0514,1000,800,615,152.0,100,3,n,4
3599,I3599,1500,800,615,415.0,100,5,n,4
2130,I2130,1500,1000,615,0.0,100,7,n,4
240,I0240,800,500,615,286.0,100,1,n,3
247,I0247,1000,800,615,115.0,100,3,n,4
5239,I5239,1000,800,615,358.0,100,3,n,4
2665,I2665,1500,1000,615,336.0,100,7,n,4
1542,I1542,800,500,615,0.0,100,1,n,3
3673,I3673,800,600,615,166.0,100,2,n,3
214,I0214,800,600,615,0.0,100,2,n,3
6265,I6265,1200,1000,615,125.0,100,6,n,4
585,I0585,1200,800,615,180.0,100,4,n,4
206,I0206,1500,800,615,367.0,100,5,n,4
5959,I5959,800,460,615,301.0,100,0,w,3
4182,I4182,800,500,615,282.0,100,1,n,3
5701,I5701,1200,1000,615,271.0,100,6,n,4
3957,I3957,800,460,615,154.0,100,0,n,3
5866,I5866,1000,800,615,117.0,100,3,n,4
6206,I6206,1200,800,615,256.0,100,4,w,4
1860,I1860,1200,800,615,317.0,100,4,l,4
406,I0406,1500,800,615,298.0,100,5,w,4
