,id_item,length,width,height,weight,nesting_height,stackability_code,forced_orientation,max_stackability
969,I0969,1500,800,615,410.0,100,5,n,4
1575,I1575,1500,800,615,346.0,100,5,n,4
1154,I1154,1200,800,615,261.0,100,4,n,4
5292,I5292,800,500,615,288.0,100,1,n,3
5423,I5423,1000,800,615,332.0,100,3,l,4
2832,I2832,800,500,615,235.0,100,1,n,3
6080,I6080,1200,800,615,377.0,100,4,n,4
554,I0554,1200,800,615,0.0,100,4,n,4
4776,I4776,1000,800,615,125.0,100,3,n,4
3500,I3500,1500,1000,615,260.0,100,7,n,4
1954,I1954,800,600,615,0.0,100,2,n,3
5067,I5067,800,600,615,323.0,100,2,w,3
3432,I3432,1200,1000,615,404.0,100,6,l,4
4917,I4917,1200,800,615,283.0,100,4,n,4
4125,I4125,800,600,615,284.0,100,2,w,3
2251,I2251,800,460,615,366.0,100,0,n,3
4694,I4694,1500,800,615,254.0,100,5,n,4
6290,I6290,800,600,615,375.0,100,2,l,3
530,I0530,800,600,615,364.0,100,2,n,3
6085,I6085,1500,1000,615,371.0,100,7,n,4
1148,I1148,1500,800,615,240.0,100,5,n,4
728,I0728,800,600,615,145.0,100,2,n,3
5166,I5166,1200,1000,615,230.0,100,6,n,4
4767,I4767,1500,800,615,380.0,100,5,n,4
6317,I6317,1200,1000,615,0.0,100,6,n,4
2642,I2642,800,500,615,237.0,100,1,n,3
5057,I5057,1500,1000,615,266.0,100,7,w,4
145,I0145,800,500,615,0.0,100,1,n,3
3234,I3234,1000,800,615,220.0,100,3,n,4
1185,I1185,1500,1000,615,0.0,100,7,n,4
1922,I1922,800,460,615,226.0,100,0,n,3
1910,I1910,800,500,615,356.0,100,1,n,3
6394,I6394,800,500,615,380.0,100,1,n,3
774,I0774,800,500,615,278.0,100,1,n,3
5912,I5912,800,500,615,269.0,100,1,w,3
4960,I4960,1500,800,615,0.0,100,5,n,4
5243,I5243,800,460,615,312.0,100,0,n,3
5774,I5774,800,500,615,268.0,100,1,n,3
420,I0420,1500,1000,615,145.0,100,7,n,4
2997,I2997,1200,800,615,370.0,100,4,n,4
4533,I4533,1000,800,615,430.0,100,3,l,4
1512,I1512,1200,1000,615,332.0,100,6,l,4
2016,I2016,1200,1000,615,326.0,100,6,n,4
4142,I4142,800,500,615,311.0,100,1,n,3
2024,I2024,1500,1000,615,185.0,100,7,l,4
1136,I1136,1500,1000,615,267.0,100,7,n,4
5195,I5195,800,600,615,148.0,100,2,n,3
6382,I6382,1000,800,615,178.0,100,3,l,4
2606,I2606,1200,800,615,391.0,100,4,n,4
3502,I3502,800,460,615,173.0,100,0,n,3
4340,I4340,800,460,615,147.0,100,0,n,3
2040,I2040,800,500,615,320.0,100,1,w,3
5882,I5882,800,500,615,271.0,100,1,n,3
6163,I6163,1500,1000,615,0.0,100,7,n,4
921,I0921,1500,1000,615,241.0,100,7,l,4
5053,I5053,1500,1000,615,0.0,100,7,n,4
5361,I5361,800,460,615,268.0,100,0,n,3
3352,I3352,800,500,615,188.0,100,1,n,3
1038,I1038,1200,1000,615,381.0,100,6,l,4
984,I0984,800,460,615,117.0,100,0,w,3
5430,I5430,1500,800,615,269.0,100,5,n,4
5982,I5982,1500,800,615,205.0,100,5,n,4
4236,I4236,1500,800,615,230.0,100,5,n,4
2270,I2270,1200,1000,615,401.0,100,6,n,4
609,I0609,1500,1000,615,0.0,100,7,n,4
3595,I3595,800,600,615,328.0,100,2,n,3
2863,I2863,800,500,615,0.0,100,1,n,3
1017,I1017,1200,800,615,308.0,100,4,n,4
1934,I1934,800,460,615,323.0,100,0,w,3
5534,I5534,1200,1000,615,134.0,100,6,n,4
3815,I3815,1200,1000,615,320.0,100,6,n,4
2715,I2715,800,460,615,92.0,100,0,n,3
4379,I4379,1200,800,615,0.0,100,4,n,4
1347,I1347,1200,800,615,331.0,100,4,n,4
97,I0097,1000,800,615,0.0,100,3,n,4
4413,I4413,800,460,615,184.0,100,0,l,3
4596,I4596,800,460,615,289.0,100,0,n,3
4393,I4393,1200,800,615,179.0,100,4,n,4
2132,I2132,1500,800,615,0.0,100,5,n,4
3073,I3073,800,460,615,301.0,100,0,n,3
2343,I2343,800,600,615,320.0,100,2,n,3
3718,I3718,1000,800,615,0.0,100,3,w,4
5880,I5880,1200,800,615,0.0,100,4,n,4
5175,I5175,1200,800,615,0.0,100,4,n,4
6225,I6225,1000,800,615,471.0,100,3,n,4
100,I0100,1200,800,615,312.0,100,4,l,4
4824,I4824,800,500,615,116.0,100,1,n,3
3810,I3810,800,500,615,399.0,100,1,n,3
5233,I5233,800,460,615,0.0,100,0,n,3
6222,I6222,1200,1000,615,188.0,100,6,l,4
4609,I4609,800,500,615,184.0,100,1,n,3
6126,I6126,1500,1000,615,407.0,100,7,w,4
249,I0249,1500,1000,615,330.0,100,7,n,4
1757,I1757,1200,1000,615,420.0,100,6,n,4
2532,I2532,1000,800,615,433.0,100,3,n,4
6104,I6104,800,500,615,392.0,100,1,l,3
353,I0353,800,460,615,341.0,100,0,n,3
1598,I1598,1500,800,615,0.0,100,5,l,4
1172,I1172,1200,1000,615,302.0,100,6,n,4
1572,I1572,800,460,615,255.0,100,0,n,3
4586,I4586,800,460,615,306.0,100,0,n,3
3332,I3332,800,500,615,295.0,100,1,n,3
5210,I5210,1500,800,615,229.0,100,5,n,4
1585,I1585,800,600,615,273.0,100,2,n,3
1603,I1603,1000,800,615,171.0,100,3,n,4
3737,I3737,800,600,615,228.0,100,2,n,3
4136,I4136,1200,800,615,233.0,100,4,n,4
908,I0908,1000,800,615,128.0,100,3,w,4
556,I0556,1200,800,615,155.0,100,4,n,4
740,I0740,1200,1000,615,222.0,100,6,n,4
4756,I4756,1200,800,615,0.0,100,4,n,4
3171,I3171,800,600,615,424.0,100,2,n,3
6307,I6307,1200,1000,615,402.0,100,6,w,4
438,I0438,1500,800,615,395.0,100,5,n,4
1901,I1901,1200,800,615,149.0,100,4,l,4
1660,I1660,800,500,615,416.0,100,1,n,3
2246,I2246,800,600,615,176.0,100,2,l,3
5308,I5308,800,460,615,193.0,100,0,n,3
1857,I1857,800,500,615,366.0,100,1,n,3
1447,I1447,800,460,615,0.0,100,0,n,3
5571,I5571,800,600,615,213.0,100,2,n,3
811,I0811,800,460,615,193.0,100,0,n,3
1066,I1066,1000,800,615,229.0,100,3,n,4
5893,I5893,1000,800,615,103.0,100,3,n,4
4593,I4593,800,460,615,0.0,100,0,n,3
5207,I5207,800,600,615,0.0,100,2,n,3
2551,I2551,800,460,615,299.0,100,0,l,3
6385,I6385,1500,1000,615,278.0,100,7,n,4
4882,I4882,800,460,615,0.0,100,0,l,3
6399,I6399,1500,800,615,98.0,100,5,n,4
2572,I2572,1500,1000,615,336.0,100,7,n,4
4004,I4004,1000,800,615,380.0,100,3,w,4
4106,I4106,1000,800,615,304.0,100,3,n,4
2353,I2353,1000,800,615,352.0,100,3,w,4
5396,I5396,1000,800,615,176.0,100,3,n,4
3893,I3893,1500,1000,615,255.0,100,7,n,4
2872,I2872,1500,1000,615,318.0,100,7,w,4
5846,I5846,1500,800,615,354.0,100,5,n,4
4890,I4890,800,500,615,275.0,100,1,n,3
890,I0890,1000,800,615,246.0,100,3,n,4
4414,I4414,800,500,615,153.0,100,1,n,3
2334,I2334,800,500,615,279.0,100,1,n,3
5771,I5771,800,600,615,323.0,100,2,n,3
3000,I3000,1200,800,615,338.0,100,4,n,4
6007,I6007,1200,1000,615,205.0,100,6,n,4
3777,I3777,800,600,615,0.0,100,2,n,3
5467,I5467,800,460,615,247.0,100,0,n,3
5358,I5358,1500,1000,615,233.0,100,7,l,4
618,I0618,800,460,615,202.0,100,0,n,3
5552,I5552,1500,800,615,348.0,100,5,n,4
810,I0810,1200,800,615,284.0,100,4,w,4
3098,I3098,1000,800,615,228.0,100,3,n,4
1134,I1134,1200,800,615,184.0,100,4,n,4
3743,I3743,1000,800,615,422.0,100,3,n,4
6151,I6151,800,500,615,274.0,100,1,n,3
3209,I3209,800,600,615,419.0,100,2,n,3
3144,I3144,1500,800,615,376.0,100,5,n,4
3725,I3725,1500,800,615,415.0,100,5,n,4
784,I0784,800,600,615,308.0,100,2,n,3
1119,I1119,1000,800,615,314.0,100,3,n,4
3549,I3549,1000,800,615,380.0,100,3,n,4
715,I0715,1500,1000,615,229.0,100,7,n,4
3681,I3681,1000,800,615,254.0,100,3,n,4
351,I0351,800,500,615,417.0,100,1,n,3
614,I0614,1500,1000,615,151.0,100,7,n,4
6165,I6165,1200,800,615,274.0,100,4,n,4
1964,I1964,1000,800,615,294.0,100,3,n,4
1107,I1107,1500,1000,615,431.0,100,7,n,4
469,I0469,800,460,615,329.0,100,0,n,3
432,I0432,1200,1000,615,336.0,100,6,n,4
5964,I5964,800,600,615,326.0,100,2,n,3
4005,I4005,1200,800,615,332.0,100,4,l,4
1334,I1334,800,500,615,432.0,100,1,n,3
74,I0074,1200,1000,615,286.0,100,6,n,4
3075,I3075,800,460,615,0.0,100,0,n,3
4948,I4948,800,460,615,221.0,100,0,n,3
4247,I4247,800,460,615,297.0,100,0,n,3
697,I0697,1500,1000,615,0.0,100,7,n,4
6004,I6004,1500,800,615,461.0,100,5,n,4
3538,I3538,1500,800,615,357.0,100,5,n,4
297,I0297,800,600,615,196.0,100,2,w,3
3375,I3375,1200,1000,615,191.0,100,6,n,4
872,I0872,800,600,615,185.0,100,2,n,3
3921,I3921,1500,800,615,332.0,100,5,n,4
5047,I5047,1000,800,615,393.0,100,3,n,4
1892,I1892,800,460,615,179.0,100,0,w,3
4231,I4231,800,500,615,401.0,100,1,n,3
5906,I5906,1500,1000,615,0.0,100,7,l,4
4260,I4260,800,500,615,0.0,100,1,n,3
2142,I2142,1200,800,615,442.0,100,4,n,4
571,I0571,800,460,615,390.0,100,0,n,3
1804,I1804,800,500,615,228.0,100,1,n,3
4068,I4068,1500,1000,615,268.0,100,7,n,4
1410,I1410,800,600,615,0.0,100,2,w,3
2978,I2978,800,500,615,222.0,100,1,w,3
459,I0459,1500,800,615,130.0,100,5,n,4
1676,I1676,1200,800,615,193.0,100,4,l,4
6402,I6402,1000,800,615,351.0,100,3,n,4
3180,I3180,1000,800,615,359.0,100,3,n,4
3020,I3020,1500,800,615,342.0,100,5,n,4
4646,I4646,1500,800,615,229.0,100,5,n,4
2982,I2982,800,460,615,128.0,100,0,n,3
704,I0704,1500,800,615,343.0,100,5,n,4
1968,I1968,1500,800,615,309.0,100,5,n,4
4424,I4424,1000,800,615,305.0,100,3,n,4
2291,I2291,800,460,615,0.0,100,0,n,3
2732,I2732,1500,1000,615,129.0,100,7,n,4
5216,I5216,1500,1000,615,89.0,100,7,n,4
4932,I4932,1000,800,615,285.0,100,3,n,4
1773,I1773,1200,1000,615,340.0,100,6,l,4
5924,I5924,800,460,615,136.0,100,0,w,3
1032,I1032,800,460,615,136.0,100,0,l,3
2911,I2911,800,500,615,292.0,100,1,n,3
3667,I3667,1500,800,615,173.0,100,5,n,4
2728,I2728,1200,1000,615,299.0,100,6,n,4
5602,I5602,1000,800,615,195.0,100,3,n,4
3493,I3493,1200,800,615,344.0,100,4,n,4
6289,I6289,800,500,615,328.0,100,1,l,3
2294,I2294,1200,800,615,282.0,100,4,n,4
126,I0126,800,460,615,371.0,100,0,n,3
1163,I1163,1200,1000,615,250.0,100,6,w,4
4889,I4889,1500,1000,615,0.0,100,7,w,4
1243,I1243,1000,800,615,175.0,100,3,n,4
5728,I5728,800,600,615,244.0,100,2,n,3
2455,I2455,800,460,615,316.0,100,0,w,3
5281,I5281,1500,800,615,197.0,100,5,n,4
1710,I1710,1200,1000,615,268.0,100,6,n,4
5587,I5587,1500,800,615,107.0,100,5,n,4
3467,I3467,800,600,615,206.0,100,2,l,3
3823,I3823,800,460,615,133.0,100,0,n,3
2698,I2698,1500,1000,615,330.0,100,7,n,4
5221,I5221,1000,800,615,156.0,100,3,n,4
1316,I1316,800,460,615,0.0,100,0,n,3
5810,I5810,800,500,615,178.0,100,1,n,3
5914,I5914,1500,1000,615,420.0,100,7,n,4
482,I0482,800,500,615,216.0,100,1,n,3
6,I0006,1200,800,615,196.0,100,4,n,4
307,I0307,1000,800,615,0.0,100,3,n,4
2477,I2477,800,460,615,359.0,100,0,n,3
2193,I2193,1000,800,615,253.0,100,3,n,4
5366,I5366,1000,800,615,306.0,100,3,n,4
4953,I4953,1500,800,615,334.0,100,5,n,4
5133,I5133,1000,800,615,0.0,100,3,n,4
5746,I5746,800,500,615,133.0,100,1,l,3
2078,I2078,800,600,615,137.0,100,2,n,3
6321,I6321,800,600,615,136.0,100,2,l,3
4706,I4706,1500,1000,615,182.0,100,7,n,4
813,I0813,800,500,615,249.0,100,1,n,3
1207,I1207,800,460,615,184.0,100,0,n,3
5258,I5258,1500,1000,615,195.0,100,7,w,4
3191,I3191,800,460,615,376.0,100,0,n,3
3405,I3405,1200,800,615,347.0,100,4,n,4
757,I0757,800,460,615,0.0,100,0,n,3
5087,I5087,1000,800,615,212.0,100,3,n,4
2512,I2512,800,600,615,0.0,100,2,n,3
4868,I4868,1200,1000,615,278.0,100,6,n,4
2901,I2901,800,500,615,253.0,100,1,n,3
4337,I4337,1500,1000,615,213.0,100,7,w,4
4245,I4245,1500,1000,615,211.0,100,7,n,4
1164,I1164,1500,800,615,314.0,100,5,n,4
2894,I2894,1500,800,615,276.0,100,5,l,4
37,I0037,800,500,615,0.0,100,1,n,3
6233,I6233,1200,1000,615,375.0,100,6,n,4
4135,I4135,1200,1000,615,275.0,100,6,l,4
5028,I5028,800,600,615,364.0,100,2,n,3
3198,I3198,1500,1000,615,200.0,100,7,n,4
6309,I6309,1200,800,615,422.0,100,4,n,4
1277,I1277,1000,800,615,376.0,100,3,n,4
4645,I4645,1200,1000,615,206.0,100,6,n,4
3225,I3225,1200,1000,615,293.0,100,6,n,4
3934,I3934,800,500,615,0.0,100,1,n,3
4253,I4253,1500,1000,615,389.0,100,7,n,4
4195,I4195,1500,800,615,186.0,100,5,n,4
2145,I2145,1500,800,615,229.0,100,5,l,4
3649,I3649,1000,800,615,237.0,100,3,n,4
2439,I2439,800,460,615,247.0,100,0,w,3
1664,I1664,800,460,615,336.0,100,0,n,3
3928,I3928,1200,800,615,0.0,100,4,n,4
3001,I3001,800,460,615,199.0,100,0,w,3
2547,I2547,800,460,615,238.0,100,0,l,3
311,I0311,800,460,615,397.0,100,0,n,3
3451,I3451,1000,800,615,271.0,100,3,n,4
6381,I6381,800,500,615,400.0,100,1,n,3
5185,I5185,1000,800,615,286.0,100,3,n,4
2322,I2322,1500,800,615,231.0,100,5,n,4
5338,I5338,800,460,615,202.0,100,0,n,3
2167,I2167,1500,800,615,229.0,100,5,n,4
1965,I1965,800,460,615,286.0,100,0,n,3
821,I0821,1000,800,615,340.0,100,3,n,4
4961,I4961,1500,1000,615,180.0,100,7,w,4
911,I0911,800,600,615,333.0,100,2,n,3
2989,I2989,800,460,615,244.0,100,0,n,3
2631,I2631,800,500,615,315.0,100,1,n,3
3967,I3967,1500,1000,615,354.0,100,7,n,4
5331,I5331,1000,800,615,309.0,100,3,n,4
5736,I5736,800,500,615,259.0,100,1,n,3
2170,I2170,1200,800,615,348.0,100,4,n,4
5947,I5947,1200,1000,615,402.0,100,6,n,4
6086,I6086,800,460,615,0.0,100,0,n,3
3416,I3416,800,460,615,289.0,100,0,l,3
2820,I2820,1200,1000,615,429.0,100,6,n,4
5082,I5082,800,600,615,302.0,100,2,n,3
1596,I1596,800,500,615,301.0,100,1,n,3
136,I0136,1500,800,615,201.0,100,5,l,4
4484,I4484,1500,800,615,0.0,100,5,n,4
2929,I2929,1200,1000,615,145.0,100,6,n,4
5653,I5653,800,500,615,105.0,100,1,n,3
2184,I2184,800,500,615,0.0,100,1,n,3
4435,I4435,800,500,615,380.0,100,1,n,3
3832,I3832,1000,800,615,239.0,100,3,n,4
4,I0004,800,500,615,305.0,100,1,n,3
2838,I2838,1200,1000,615,431.0,100,6,n,4
6324,I6324,1200,800,615,179.0,100,4,n,4
3588,I3588,800,600,615,308.0,100,2,n,3
1420,I1420,1500,1000,615,224.0,100,7,w,4
4809,I4809,1200,1000,615,120.0,100,6,l,4
1209,I1209,800,600,615,243.0,100,2,n,3
1004,I1004,1200,800,615,304.0,100,4,n,4
760,I0760,1500,1000,615,325.0,100,7,n,4
2023,I2023,1500,800,615,180.0,100,5,n,4
2241,I2241,1200,800,615,413.0,100,4,n,4
2772,I2772,1500,1000,615,391.0,100,7,n,4
881,I0881,1200,800,615,209.0,100,4,l,4
5797,I5797,1200,800,615,268.0,100,4,l,4
3443,I3443,1200,800,615,305.0,100,4,w,4
2569,I2569,1000,800,615,413.0,100,3,n,4
2680,I2680,1200,800,615,208.0,100,4,n,4
5858,I5858,1500,800,615,179.0,100,5,n,4
2077,I2077,800,600,615,244.0,100,2,n,3
1750,I1750,1000,800,615,119.0,100,3,n,4
2626,I2626,1500,800,615,412.0,100,5,n,4
300,I0300,800,600,615,183.0,100,2,n,3
5642,I5642,800,500,615,326.0,100,1,l,3
2066,I2066,1500,800,615,416.0,100,5,n,4
6156,I6156,1500,1000,615,226.0,100,7,l,4
1116,I1116,1500,800,615,274.0,100,5,n,4
1638,I1638,800,460,615,174.0,100,0,n,3
5610,I5610,1200,1000,615,434.0,100,6,n,4
1849,I1849,1500,1000,615,428.0,100,7,n,4
1806,I1806,800,460,615,326.0,100,0,n,3
2154,I2154,800,600,615,226.0,100,2,n,3
5043,I5043,800,460,615,262.0,100,0,n,3
6386,I6386,1500,800,615,340.0,100,5,n,4
1515,I1515,1500,800,615,184.0,100,5,n,4
3447,I3447,800,500,615,409.0,100,1,n,3
4642,I4642,1200,800,615,342.0,100,4,n,4
6414,I6414,800,500,615,216.0,100,1,n,3
4906,I4906,1200,800,615,144.0,100,4,n,4
4267,I4267,1200,800,615,374.0,100,4,n,4
2800,I2800,1500,1000,615,244.0,100,7,n,4
4419,I4419,800,600,615,166.0,100,2,n,3
1096,I1096,1200,1000,615,248.0,100,6,n,4
756,I0756,1500,800,615,413.0,100,5,n,4
6323,I6323,1000,800,615,312.0,100,3,l,4
301,I0301,800,500,615,284.0,100,1,n,3
4667,I4667,1000,800,615,133.0,100,3,l,4
3485,I3485,800,600,615,396.0,100,2,w,3
1389,I1389,800,460,615,270.0,100,0,n,3
3899,I3899,800,460,615,394.0,100,0,n,3
4964,I4964,1200,1000,615,185.0,100,6,w,4
6388,I6388,1500,800,615,234.0,100,5,n,4
3877,I3877,1000,800,615,103.0,100,3,l,4
2205,I2205,1000,800,615,283.0,100,3,n,4
5867,I5867,1000,800,615,292.0,100,3,n,4
4957,I4957,1200,800,615,349.0,100,4,n,4
4886,I4886,800,500,615,261.0,100,1,n,3
6114,I6114,800,460,615,315.0,100,0,n,3
2533,I2533,800,500,615,215.0,100,1,w,3
2756,I2756,1200,1000,615,0.0,100,6,n,4
3477,I3477,1200,1000,615,247.0,100,6,n,4
5586,I5586,1200,800,615,161.0,100,4,n,4
3433,I3433,1000,800,615,448.0,100,3,n,4
1460,I1460,800,500,615,265.0,100,1,n,3
4580,I4580,800,500,615,375.0,100,1,n,3
2588,I2588,800,500,615,222.0,100,1,n,3
3091,I3091,800,500,615,0.0,100,1,n,3
1988,I1988,1500,1000,615,271.0,100,7,n,4
2448,I2448,1200,1000,615,357.0,100,6,n,4
3353,I3353,1000,800,615,289.0,100,3,n,4
3898,I3898,1200,800,615,353.0,100,4,w,4
5529,I5529,800,500,615,316.0,100,1,n,3
4027,I4027,1500,1000,615,258.0,100,7,n,4
2424,I2424,1500,800,615,301.0,100,5,n,4
5492,I5492,1200,800,615,283.0,100,4,n,4
58,I0058,1200,800,615,414.0,100,4,n,4
5625,I5625,1500,1000,615,217.0,100,7,n,4
1289,I1289,1000,800,615,311.0,100,3,n,4
3018,I3018,1500,1000,615,387.0,100,7,n,4
7,I0007,800,500,615,249.0,100,1,n,3
1396,I1396,800,460,615,276.0,100,0,n,3
6138,I6138,1200,1000,615,302.0,100,6,l,4
2575,I2575,1000,800,615,167.0,100,3,n,4
61,I0061,1200,800,615,216.0,100,4,n,4
4762,I4762,1500,1000,615,227.0,100,7,n,4
4737,I4737,1200,1000,615,323.0,100,6,n,4
3757,I3757,1200,800,615,298.0,100,4,n,4
6305,I6305,1500,800,615,314.0,100,5,l,4
1043,I1043,800,460,615,375.0,100,0,n,3
2709,I2709,800,500,615,108.0,100,1,n,3
4442,I4442,800,500,615,286.0,100,1,n,3
3791,I3791,800,600,615,346.0,100,2,n,3
4493,I4493,1500,800,615,249.0,100,5,n,4
402,I0402,1500,800,615,283.0,100,5,n,4
230,I0230,1000,800,615,432.0,100,3,n,4
925,I0925,1500,1000,615,394.0,100,7,n,4
169,I0169,1200,800,615,133.0,100,4,n,4
2168,I2168,1200,1000,615,254.0,100,6,w,4
3080,I3080,1200,1000,615,232.0,100,6,n,4
3564,I3564,1000,800,615,254.0,100,3,n,4
4800,I4800,1000,800,615,233.0,100,3,n,4
2913,I2913,1200,1000,615,0.0,100,6,n,4
216,I0216,1200,1000,615,261.0,100,6,n,4
3185,I3185,1500,1000,615,251.0,100,7,n,4
5887,I5887,1000,800,615,421.0,100,3,w,4
4119,I4119,800,500,615,198.0,100,1,n,3
5765,I5765,1500,1000,615,300.0,100,7,n,4
5190,I5190,800,500,615,268.0,100,1,n,3
3294,I3294,1500,1000,615,263.0,100,7,n,4
5803,I5803,1500,1000,615,288.0,100,7,n,4
1372,I1372,1200,1000,615,247.0,100,6,n,4
6105,I6105,1500,1000,615,243.0,100,7,l,4
341,I0341,800,600,615,0.0,100,2,n,3
6092,I6092,1200,800,615,130.0,100,4,n,4
5599,I5599,1500,800,615,318.0,100,5,n,4
2098,I2098,1200,1000,615,156.0,100,6,n,4
2720,I2720,1500,1000,615,400.0,100,7,n,4
4456,I4456,800,500,615,0.0,100,1,n,3
5228,I5228,1000,800,615,339.0,100,3,n,4
4765,I4765,1200,800,615,391.0,100,4,n,4
2556,I2556,1500,1000,615,221.0,100,7,n,4
1899,I1899,1500,1000,615,312.0,100,7,l,4
1333,I1333,1000,800,615,355.0,100,3,n,4
5220,I5220,1200,800,615,180.0,100,4,n,4
3613,I3613,1500,1000,615,335.0,100,7,n,4
6230,I6230,800,500,615,146.0,100,1,n,3
5201,I5201,800,500,615,320.0,100,1,n,3
5303,I5303,1500,800,615,202.0,100,5,n,4
4239,I4239,1500,1000,615,161.0,100,7,n,4
4991,I4991,1500,800,615,319.0,100,5,n,4
2062,I2062,1000,800,615,271.0,100,3,n,4
4018,I4018,800,600,615,277.0,100,2,n,3
3997,I3997,1500,1000,615,175.0,100,7,l,4
2652,I2652,1500,1000,615,466.0,100,7,n,4
6009,I6009,800,600,615,295.0,100,2,n,3
505,I0505,1200,800,615,331.0,100,4,n,4
5617,I5617,800,600,615,125.0,100,2,n,3
4923,I4923,1500,1000,615,418.0,100,7,n,4
1435,I1435,800,460,615,262.0,100,0,n,3
4418,I4418,800,500,615,123.0,100,1,n,3
3230,I3230,1500,800,615,184.0,100,5,n,4
1818,I1818,800,500,615,177.0,100,1,n,3
5498,I5498,1500,1000,615,334.0,100,7,n,4
1408,I1408,1500,1000,615,454.0,100,7,n,4
3907,I3907,800,460,615,390.0,100,0,n,3
3338,I3338,1500,800,615,142.0,100,5,n,4
274,I0274,1200,800,615,0.0,100,4,n,4
268,I0268,800,460,615,188.0,100,0,n,3
6049,I6049,800,460,615,445.0,100,0,n,3
2181,I2181,1500,800,615,453.0,100,5,n,4
5729,I5729,1500,1000,615,220.0,100,7,n,4
537,I0537,800,460,615,433.0,100,0,n,3
120,I0120,800,600,615,222.0,100,2,n,3
150,I0150,1200,800,615,180.0,100,4,l,4
5141,I5141,800,460,615,250.0,100,0,n,3
2046,I2046,1500,800,615,153.0,100,5,n,4
3590,I3590,800,600,615,112.0,100,2,n,3
4371,I4371,1000,800,615,201.0,100,3,n,4
512,I0512,1500,1000,615,206.0,100,7,n,4
883,I0883,800,500,615,136.0,100,1,n,3
3864,I3864,1500,800,615,188.0,100,5,n,4
2980,I2980,1200,800,615,186.0,100,4,n,4
529,I0529,1000,800,615,108.0,100,3,n,4
4938,I4938,800,460,615,208.0,100,0,n,3
3693,I3693,1200,800,615,342.0,100,4,n,4
2368,I2368,800,500,615,373.0,100,1,w,3
1785,I1785,1000,800,615,329.0,100,3,w,4
1386,I1386,1200,800,615,334.0,100,4,w,4
1294,I1294,800,500,615,190.0,100,1,n,3
3256,I3256,800,460,615,311.0,100,0,n,3
3800,I3800,800,460,615,332.0,100,0,w,3
4710,I4710,800,500,615,256.0,100,1,n,3
3940,I3940,1500,800,615,447.0,100,5,w,4
1072,I1072,1000,800,615,247.0,100,3,n,4
1629,I1629,800,460,615,344.0,100,0,n,3
1270,I1270,800,600,615,271.0,100,2,l,3
5920,I5920,1500,800,615,405.0,100,5,n,4
3043,I3043,800,600,615,350.0,100,2,n,3
395,I0395,1200,1000,615,263.0,100,6,n,4
4876,I4876,1200,1000,615,124.0,100,6,n,4
1006,I1006,800,600,615,390.0,100,2,n,3
435,I0435,800,500,615,331.0,100,1,n,3
299,I0299,1000,800,615,281.0,100,3,n,4
4781,I4781,1200,800,615,158.0,100,4,n,4
1540,I1540,1500,1000,615,427.0,100,7,l,4
1373,I1373,1500,1000,615,268.0,100,7,l,4
640,I0640,1200,1000,615,0.0,100,6,n,4
5372,I5372,1500,800,615,150.0,100,5,n,4
4912,I4912,800,460,615,0.0,100,0,w,3
4676,I4676,1500,800,615,335.0,100,5,l,4
1661,I1661,1000,800,615,445.0,100,3,l,4
3197,I3197,1200,800,615,171.0,100,4,w,4
1760,I1760,800,500,615,0.0,100,1,n,3
3208,I3208,800,460,615,209.0,100,0,n,3
3315,I3315,1200,800,615,344.0,100,4,n,4
282,I0282,800,500,615,343.0,100,1,n,3
5471,I5471,1500,1000,615,0.0,100,7,n,4
3097,I3097,1200,800,615,417.0,100,4,n,4
2401,I2401,1200,1000,615,269.0,100,6,w,4
1605,I1605,800,600,615,206.0,100,2,n,3
710,I0710,1500,800,615,462.0,100,5,w,4
713,I0713,1200,800,615,235.0,100,4,n,4
5686,I5686,800,460,615,193.0,100,0,n,3
2030,I2030,1200,800,615,223.0,100,4,n,4
1555,I1555,1000,800,615,199.0,100,3,n,4
6212,I6212,1500,1000,615,127.0,100,7,n,4
6028,I6028,800,600,615,287.0,100,2,n,3
437,I0437,800,600,615,143.0,100,2,n,3
2097,I2097,800,500,615,177.0,100,1,n,3
2948,I2948,1000,800,615,276.0,100,3,n,4
4248,I4248,800,500,615,134.0,100,1,n,3
3805,I3805,800,500,615,331.0,100,1,n,3
4711,I4711,800,600,615,186.0,100,2,n,3
2454,I2454,1500,800,615,212.0,100,5,n,4
2264,I2264,1200,1000,615,102.0,100,6,n,4
2956,I2956,1500,1000,615,368.0,100,7,n,4
2324,I2324,1500,1000,615,246.0,100,7,n,4
3513,I3513,1200,800,615,121.0,100,4,n,4
5665,I5665,1500,800,615,338.0,100,5,l,4
4748,I4748,1500,1000,615,358.0,100,7,n,4
5936,I5936,1500,1000,615,268.0,100,7,n,4
971,I0971,1200,1000,615,165.0,100,6,n,4
5429,I5429,1500,800,615,299.0,100,5,n,4
5208,I5208,800,600,615,389.0,100,2,n,3
949,I0949,1500,1000,615,270.0,100,7,n,4
5856,I5856,1500,1000,615,183.0,100,7,n,4
3431,I3431,800,500,615,366.0,100,1,w,3
4847,I4847,1200,1000,615,335.0,100,6,n,4
6078,I6078,1500,800,615,251.0,100,5,n,4
3568,I3568,1500,800,615,317.0,100,5,n,4
603,I0603,1200,800,615,189.0,100,4,n,4
936,I0936,800,600,615,317.0,100,2,n,3
4704,I4704,1200,1000,615,389.0,100,6,n,4
2995,I2995,800,600,615,298.0,100,2,w,3
4544,I4544,1500,1000,615,297.0,100,7,n,4
2880,I2880,1000,800,615,148.0,100,3,w,4
5755,I5755,1000,800,615,220.0,100,3,n,4
4635,I4635,800,460,615,281.0,100,0,n,3
2503,I2503,1500,1000,615,204.0,100,7,n,4
1142,I1142,1200,800,615,215.0,100,4,w,4
393,I0393,800,600,615,274.0,100,2,n,3
1652,I1652,800,600,615,0.0,100,2,n,3
5301,I5301,800,500,615,274.0,100,1,n,3
5427,I5427,1500,800,615,231.0,100,5,w,4
4811,I4811,1500,1000,615,368.0,100,7,n,4
607,I0607,1500,800,615,0.0,100,5,n,4
3763,I3763,1200,1000,615,308.0,100,6,n,4
6269,I6269,1500,1000,615,101.0,100,7,l,4
5992,I5992,1500,1000,615,444.0,100,7,l,4
4230,I4230,800,460,615,126.0,100,0,n,3
4285,I4285,800,460,615,206.0,100,0,l,3
5744,I5744,1000,800,615,163.0,100,3,w,4
1055,I1055,1200,1000,615,0.0,100,6,n,4
4179,I4179,800,460,615,316.0,100,0,n,3
5654,I5654,1500,1000,615,312.0,100,7,n,4
6263,I6263,800,500,615,164.0,100,1,n,3
2396,I2396,800,460,615,191.0,100,0,n,3
1245,I1245,800,500,615,291.0,100,1,n,3
3201,I3201,800,500,615,298.0,100,1,n,3
2095,I2095,800,500,615,0.0,100,1,n,3
941,I0941,800,500,615,301.0,100,1,n,3
1987,I1987,800,600,615,178.0,100,2,n,3
4131,I4131,800,460,615,470.0,100,0,n,3
1791,I1791,800,500,615,212.0,100,1,w,3
2166,I2166,1000,800,615,307.0,100,3,l,4
6129,I6129,800,500,615,0.0,100,1,n,3
3558,I3558,1000,800,615,410.0,100,3,n,4
6232,I6232,1500,800,615,202.0,100,5,n,4
2227,I2227,800,500,615,367.0,100,1,n,3
1069,I1069,1200,1000,615,195.0,100,6,n,4
3165,I3165,1200,800,615,411.0,100,4,n,4
4360,I4360,800,460,615,313.0,100,0,n,3
26,I0026,1000,800,615,282.0,100,3,l,4
3574,I3574,1000,800,615,0.0,100,3,n,4
2829,I2829,1200,800,615,383.0,100,4,n,4
5638,I5638,800,500,615,271.0,100,1,n,3
652,I0652,1200,800,615,0.0,100,4,n,4
1144,I1144,1200,1000,615,368.0,100,6,l,4
4992,I4992,800,460,615,458.0,100,0,w,3
1601,I1601,800,600,615,433.0,100,2,n,3
2949,I2949,800,460,615,294.0,100,0,n,3
3951,I3951,800,460,615,381.0,100,0,n,3
1131,I1131,1500,800,615,328.0,100,5,n,4
1321,I1321,800,600,615,128.0,100,2,l,3
3626,I3626,800,600,615,335.0,100,2,n,3
5695,I5695,800,600,615,327.0,100,2,w,3
2288,I2288,800,600,615,190.0,100,2,l,3
3037,I3037,1000,800,615,242.0,100,3,n,4
5807,I5807,800,500,615,247.0,100,1,n,3
5598,I5598,800,600,615,306.0,100,2,l,3
4240,I4240,800,500,615,261.0,100,1,n,3
3704,I3704,1500,1000,615,279.0,100,7,n,4
458,I0458,800,500,615,351.0,100,1,n,3
5017,I5017,1500,800,615,243.0,100,5,n,4
4290,I4290,800,600,615,0.0,100,2,n,3
2382,I2382,800,500,615,235.0,100,1,n,3
604,I0604,800,460,615,409.0,100,0,n,3
3215,I3215,1500,1000,615,192.0,100,7,n,4
1476,I1476,800,500,615,345.0,100,1,l,3
2398,I2398,1000,800,615,345.0,100,3,n,4
1457,I1457,1500,1000,615,280.0,100,7,n,4
5311,I5311,1500,800,615,125.0,100,5,n,4
2517,I2517,1500,800,615,161.0,100,5,n,4
5120,I5120,1200,800,615,283.0,100,4,n,4
5841,I5841,1500,1000,615,198.0,100,7,w,4
3417,I3417,1500,800,615,265.0,100,5,n,4
2612,I2612,1200,1000,615,333.0,100,6,w,4
5388,I5388,800,500,615,310.0,100,1,w,3
3394,I3394,1200,1000,615,255.0,100,6,n,4
1487,I1487,800,500,615,322.0,100,1,n,3
974,I0974,1500,1000,615,387.0,100,7,n,4
2179,I2179,800,460,615,230.0,100,0,w,3
4709,I4709,1500,800,615,236.0,100,5,n,4
3341,I3341,1200,1000,615,320.0,100,6,n,4
3788,I3788,1200,800,615,349.0,100,4,w,4
1713,I1713,1200,800,615,233.0,100,4,n,4
1149,I1149,1000,800,615,329.0,100,3,n,4
2118,I2118,800,460,615,205.0,100,0,w,3
1160,I1160,1500,800,615,189.0,100,5,n,4
2794,I2794,800,600,615,169.0,100,2,n,3
3403,I3403,800,600,615,257.0,100,2,w,3
5130,I5130,800,500,615,356.0,100,1,n,3
4443,I4443,1200,800,615,313.0,100,4,n,4
1497,I1497,800,500,615,156.0,100,1,n,3
5496,I5496,1000,800,615,0.0,100,3,n,4
5589,I5589,800,500,615,0.0,100,1,w,3
3965,I3965,1500,1000,615,395.0,100,7,l,4
4088,I4088,1000,800,615,313.0,100,3,n,4
5605,I5605,800,600,615,428.0,100,2,n,3
6308,I6308,1000,800,615,0.0,100,3,n,4
6391,I6391,1500,1000,615,97.0,100,7,w,4
4931,I4931,800,460,615,280.0,100,0,n,3
3151,I3151,1200,800,615,210.0,100,4,l,4
6188,I6188,1000,800,615,152.0,100,3,n,4
488,I0488,800,500,615,213.0,100,1,n,3
2400,I2400,800,500,615,406.0,100,1,n,3
2113,I2113,800,460,615,387.0,100,0,n,3
5096,I5096,1500,1000,615,241.0,100,7,n,4
575,I0575,1200,1000,615,393.0,100,6,n,4
699,I0699,1500,800,615,369.0,100,5,w,4
3233,I3233,800,500,615,102.0,100,1,n,3
2093,I2093,1500,1000,615,193.0,100,7,n,4
4622,I4622,1200,800,615,132.0,100,4,n,4
4994,I4994,1200,800,615,171.0,100,4,n,4
3952,I3952,1000,800,615,199.0,100,3,n,4
5434,I5434,1200,1000,615,175.0,100,6,n,4
1567,I1567,800,460,615,236.0,100,0,n,3
602,I0602,800,500,615,0.0,100,1,n,3
1992,I1992,1200,1000,615,241.0,100,6,n,4
600,I0600,800,500,615,323.0,100,1,n,3
2052,I2052,1500,1000,615,167.0,100,7,n,4
1235,I1235,800,500,615,221.0,100,1,n,3
6347,I6347,1200,1000,615,157.0,100,6,n,4
2660,I2660,1500,800,615,224.0,100,5,w,4
2713,I2713,1500,1000,615,404.0,100,7,n,4
2650,I2650,800,460,615,362.0,100,0,w,3
775,I0775,800,460,615,0.0,100,0,n,3
5962,I5962,800,460,615,0.0,100,0,n,3
4866,I4866,1200,1000,615,138.0,100,6,n,4
4503,I4503,1500,800,615,284.0,100,5,n,4
4615,I4615,1500,800,615,0.0,100,5,n,4
5830,I5830,1000,800,615,381.0,100,3,n,4
6423,I6423,800,500,615,158.0,100,1,w,3
1082,I1082,1200,1000,615,414.0,100,6,n,4
511,I0511,800,460,615,302.0,100,0,n,3
4744,I4744,1500,800,615,411.0,100,5,n,4
878,I0878,800,600,615,350.0,100,2,n,3
6096,I6096,1200,1000,615,397.0,100,6,n,4
4093,I4093,1200,1000,615,109.0,100,6,n,4
82,I0082,800,500,615,172.0,100,1,n,3
5215,I5215,800,600,615,347.0,100,2,n,3
70,I0070,800,600,615,342.0,100,2,n,3
2981,I2981,800,600,615,234.0,100,2,n,3
6072,I6072,1200,800,615,430.0,100,4,n,4
4897,I4897,1000,800,615,369.0,100,3,n,4
3672,I3672,800,460,615,0.0,100,0,n,3
2932,I2932,1500,1000,615,403.0,100,7,n,4
1878,I1878,800,460,615,218.0,100,0,n,3
4572,I4572,1000,800,615,0.0,100,3,n,4
563,I0563,800,460,615,402.0,100,0,n,3
695,I0695,1500,800,615,295.0,100,5,n,4
1940,I1940,1500,800,615,188.0,100,5,n,4
499,I0499,1500,1000,615,119.0,100,7,n,4
6169,I6169,800,460,615,357.0,100,0,n,3
1426,I1426,1200,1000,615,177.0,100,6,n,4
115,I0115,800,600,615,174.0,100,2,n,3
688,I0688,800,600,615,246.0,100,2,n,3
1764,I1764,800,600,615,124.0,100,2,n,3
5848,I5848,1200,800,615,289.0,100,4,n,4
4630,I4630,1500,1000,615,203.0,100,7,n,4
487,I0487,800,600,615,376.0,100,2,l,3
2633,I2633,1200,1000,615,164.0,100,6,n,4
356,I0356,1500,1000,615,424.0,100,7,n,4
3623,I3623,800,500,615,448.0,100,1,n,3
5412,I5412,800,500,615,334.0,100,1,n,3
4717,I4717,1000,800,615,122.0,100,3,n,4
2249,I2249,1500,800,615,309.0,100,5,n,4
1973,I1973,800,500,615,218.0,100,1,n,3
1927,I1927,800,600,615,0.0,100,2,n,3
3283,I3283,800,460,615,331.0,100,0,n,3
200,I0200,1500,1000,615,144.0,100,7,n,4
2176,I2176,1500,1000,615,0.0,100,7,w,4
3059,I3059,1200,1000,615,209.0,100,6,n,4
4126,I4126,1200,800,615,383.0,100,4,n,4
1794,I1794,800,460,615,231.0,100,0,n,3
1542,I1542,800,500,615,0.0,100,1,n,3
3492,I3492,800,460,615,140.0,100,0,n,3
1056,I1056,800,500,615,366.0,100,1,n,3
49,I0049,800,500,615,295.0,100,1,n,3
3674,I3674,800,500,615,348.0,100,1,n,3
3149,I3149,800,600,615,284.0,100,2,n,3
203,I0203,800,460,615,242.0,100,0,n,3
5514,I5514,800,600,615,0.0,100,2,n,3
1029,I1029,1500,800,615,316.0,100,5,l,4
1079,I1079,1200,800,615,0.0,100,4,n,4
3904,I3904,1200,1000,615,219.0,100,6,n,4
4291,I4291,800,500,615,183.0,100,1,n,3
2857,I2857,800,600,615,245.0,100,2,n,3
4372,I4372,1500,1000,615,296.0,100,7,n,4
3325,I3325,800,460,615,278.0,100,0,n,3
2991,I2991,1500,800,615,369.0,100,5,n,4
3695,I3695,1200,800,615,0.0,100,4,n,4
1060,I1060,1500,800,615,324.0,100,5,n,4
2557,I2557,800,600,615,257.0,100,2,n,3
2831,I2831,800,600,615,309.0,100,2,n,3
159,I0159,800,460,615,396.0,100,0,n,3
924,I0924,1200,800,615,427.0,100,4,n,4
2752,I2752,800,500,615,362.0,100,1,n,3
4759,I4759,1200,1000,615,351.0,100,6,w,4
2492,I2492,1500,1000,615,185.0,100,7,w,4
4098,I4098,800,460,615,367.0,100,0,n,3
1307,I1307,1200,800,615,338.0,100,4,n,4
6110,I6110,1500,1000,615,119.0,100,7,w,4
5280,I5280,800,600,615,350.0,100,2,n,3
1483,I1483,1200,1000,615,307.0,100,6,n,4
6216,I6216,1200,800,615,198.0,100,4,n,4
5462,I5462,1200,1000,615,85.0,100,6,n,4
3006,I3006,800,460,615,240.0,100,0,n,3
462,I0462,1500,800,615,274.0,100,5,n,4
6051,I6051,800,600,615,245.0,100,2,n,3
3484,I3484,1200,800,615,349.0,100,4,n,4
659,I0659,1200,1000,615,194.0,100,6,n,4
467,I0467,1200,800,615,228.0,100,4,n,4
8,I0008,800,460,615,279.0,100,0,n,3
2164,I2164,1200,1000,615,280.0,100,6,n,4
6369,I6369,1200,1000,615,213.0,100,6,n,4
4402,I4402,1500,1000,615,0.0,100,7,n,4
3954,I3954,1500,800,615,314.0,100,5,n,4
4575,I4575,1200,1000,615,313.0,100,6,n,4
2171,I2171,1200,1000,615,257.0,100,6,n,4
5745,I5745,800,460,615,316.0,100,0,w,3
3592,I3592,1000,800,615,288.0,100,3,n,4
1328,I1328,800,460,615,166.0,100,0,n,3
6107,I6107,1500,1000,615,331.0,100,7,n,4
6304,I6304,1500,1000,615,0.0,100,7,l,4
5000,I5000,1500,1000,615,231.0,100,7,n,4
3686,I3686,1200,1000,615,285.0,100,6,w,4
1560,I1560,800,460,615,110.0,100,0,n,3
2004,I2004,800,460,615,202.0,100,0,n,3
934,I0934,1200,1000,615,262.0,100,6,n,4
5959,I5959,800,460,615,301.0,100,0,w,3
833,I0833,800,500,615,218.0,100,1,n,3
2417,I2417,1200,1000,615,127.0,100,6,n,4
2622,I2622,1200,800,615,340.0,100,4,n,4
1602,I1602,1200,800,615,184.0,100,4,l,4
5055,I5055,1000,800,615,365.0,100,3,n,4
5086,I5086,1500,1000,615,369.0,100,7,n,4
2101,I2101,800,500,615,338.0,100,1,n,3
508,I0508,1200,1000,615,275.0,100,6,n,4
5211,I5211,1200,800,615,253.0,100,4,n,4
4237,I4237,800,600,615,329.0,100,2,n,3
3828,I3828,1500,800,615,276.0,100,5,n,4
5032,I5032,800,460,615,352.0,100,0,n,3
1492,I1492,1000,800,615,328.0,100,3,n,4
6429,I6429,800,600,615,0.0,100,2,n,3
1081,I1081,1200,800,615,158.0,100,4,l,4
5144,I5144,800,600,615,0.0,100,2,n,3
4738,I4738,1000,800,615,427.0,100,3,n,4
4508,I4508,800,600,615,130.0,100,2,n,3
2460,I2460,800,600,615,175.0,100,2,n,3
5315,I5315,1500,1000,615,318.0,100,7,n,4
5901,I5901,1000,800,615,191.0,100,3,n,4
5528,I5528,800,460,615,150.0,100,0,n,3
3089,I3089,1200,1000,615,288.0,100,6,l,4
3167,I3167,1200,800,615,374.0,100,4,w,4
4939,I4939,1200,800,615,292.0,100,4,n,4
2381,I2381,800,460,615,286.0,100,0,n,3
3316,I3316,1200,800,615,127.0,100,4,n,4
5470,I5470,800,460,615,344.0,100,0,n,3
4851,I4851,800,600,615,289.0,100,2,n,3
1928,I1928,800,460,615,183.0,100,0,l,3
4412,I4412,800,460,615,238.0,100,0,l,3
3795,I3795,800,600,615,301.0,100,2,n,3
6059,I6059,1500,800,615,141.0,100,5,l,4
4472,I4472,800,600,615,333.0,100,2,n,3
2419,I2419,1200,1000,615,186.0,100,6,n,4
69,I0069,1200,800,615,186.0,100,4,n,4
5460,I5460,1500,1000,615,274.0,100,7,n,4
5008,I5008,1200,1000,615,223.0,100,6,n,4
2673,I2673,1500,1000,615,308.0,100,7,n,4
3272,I3272,1000,800,615,121.0,100,3,l,4
2086,I2086,800,600,615,214.0,100,2,l,3
3534,I3534,800,460,615,0.0,100,0,n,3
4204,I4204,1500,800,615,196.0,100,5,n,4
867,I0867,1500,1000,615,206.0,100,7,n,4
3474,I3474,800,600,615,227.0,100,2,n,3
5401,I5401,1200,800,615,204.0,100,4,n,4
5550,I5550,1500,800,615,233.0,100,5,n,4
3435,I3435,800,460,615,262.0,100,0,n,3
103,I0103,1000,800,615,400.0,100,3,l,4
5731,I5731,800,600,615,233.0,100,2,n,3
5553,I5553,800,460,615,411.0,100,0,n,3
5177,I5177,800,600,615,285.0,100,2,n,3
3708,I3708,1200,1000,615,291.0,100,6,n,4
1364,I1364,1200,1000,615,236.0,100,6,w,4
5484,I5484,1200,800,615,357.0,100,4,n,4
6149,I6149,1500,1000,615,240.0,100,7,n,4
3323,I3323,800,460,615,440.0,100,0,n,3
4942,I4942,800,600,615,351.0,100,2,n,3
2888,I2888,800,500,615,0.0,100,1,n,3
6176,I6176,1000,800,615,279.0,100,3,n,4
1932,I1932,1500,800,615,379.0,100,5,n,4
4168,I4168,1200,1000,615,303.0,100,6,n,4
3749,I3749,1500,800,615,0.0,100,5,w,4
5960,I5960,1500,1000,615,280.0,100,7,n,4
4256,I4256,1200,1000,615,114.0,100,6,n,4
3650,I3650,1000,800,615,0.0,100,3,n,4
4054,I4054,800,600,615,238.0,100,2,n,3
3772,I3772,1200,1000,615,215.0,100,6,n,4
464,I0464,800,460,615,152.0,100,0,w,3
707,I0707,800,500,615,0.0,100,1,n,3
2546,I2546,800,500,615,0.0,100,1,n,3
3987,I3987,800,460,615,0.0,100,0,n,3
1189,I1189,800,500,615,0.0,100,1,n,3
3347,I3347,800,600,615,338.0,100,2,l,3
2242,I2242,1200,800,615,355.0,100,4,n,4
158,I0158,1200,800,615,378.0,100,4,l,4
1829,I1829,800,600,615,121.0,100,2,n,3
751,I0751,800,460,615,156.0,100,0,n,3
3231,I3231,1500,1000,615,380.0,100,7,n,4
5058,I5058,800,500,615,235.0,100,1,n,3
5844,I5844,1500,800,615,277.0,100,5,n,4
1612,I1612,1200,1000,615,193.0,100,6,l,4
5340,I5340,1500,1000,615,272.0,100,7,l,4
3706,I3706,1500,800,615,393.0,100,5,n,4
2225,I2225,1200,800,615,447.0,100,4,n,4
1252,I1252,1500,800,615,266.0,100,5,n,4
3013,I3013,800,460,615,416.0,100,0,n,3
915,I0915,800,600,615,213.0,100,2,n,3
4281,I4281,1200,1000,615,340.0,100,6,w,4
5796,I5796,800,600,615,0.0,100,2,n,3
5450,I5450,1500,1000,615,232.0,100,7,n,4
3925,I3925,800,500,615,346.0,100,1,n,3
3412,I3412,1000,800,615,161.0,100,3,n,4
4789,I4789,800,460,615,120.0,100,0,n,3
2393,I2393,1500,1000,615,0.0,100,7,n,4
3176,I3176,1200,1000,615,444.0,100,6,n,4
3206,I3206,800,500,615,334.0,100,1,n,3
4795,I4795,1000,800,615,338.0,100,3,n,4
3793,I3793,800,500,615,327.0,100,1,w,3
3697,I3697,1500,1000,615,448.0,100,7,w,4
2367,I2367,800,460,615,382.0,100,0,n,3
2452,I2452,1200,1000,615,176.0,100,6,l,4
3715,I3715,1000,800,615,226.0,100,3,n,4
2651,I2651,800,600,615,315.0,100,2,n,3
520,I0520,1000,800,615,189.0,100,3,l,4
2819,I2819,1500,800,615,0.0,100,5,n,4
252,I0252,800,600,615,355.0,100,2,n,3
4869,I4869,1500,1000,615,309.0,100,7,n,4
2828,I2828,800,600,615,0.0,100,2,l,3
4463,I4463,800,600,615,0.0,100,2,n,3
4132,I4132,800,600,615,443.0,100,2,l,3
6260,I6260,800,600,615,163.0,100,2,n,3
4013,I4013,800,460,615,355.0,100,0,n,3
5238,I5238,800,600,615,304.0,100,2,n,3
967,I0967,1500,1000,615,246.0,100,7,n,4
5752,I5752,800,460,615,390.0,100,0,n,3
1098,I1098,1500,1000,615,221.0,100,7,n,4
864,I0864,1500,800,615,255.0,100,5,n,4
5179,I5179,800,500,615,153.0,100,1,n,3
5029,I5029,1200,800,615,414.0,100,4,n,4
104,I0104,1000,800,615,352.0,100,3,n,4
907,I0907,800,600,615,0.0,100,2,n,3
5672,I5672,1000,800,615,429.0,100,3,w,4
5024,I5024,1500,1000,615,193.0,100,7,n,4
5268,I5268,1500,800,615,403.0,100,5,w,4
4065,I4065,1500,1000,615,0.0,100,7,n,4
3139,I3139,1500,1000,615,233.0,100,7,n,4
1102,I1102,1500,800,615,383.0,100,5,n,4
589,I0589,1200,800,615,274.0,100,4,n,4
3751,I3751,800,600,615,312.0,100,2,n,3
1535,I1535,800,460,615,201.0,100,0,n,3
10,I0010,1500,1000,615,336.0,100,7,n,4
4754,I4754,1000,800,615,252.0,100,3,l,4
3758,I3758,1200,1000,615,297.0,100,6,n,4
4405,I4405,800,600,615,393.0,100,2,n,3
5196,I5196,1200,1000,615,330.0,100,6,n,4
4498,I4498,1000,800,615,317.0,100,3,l,4
3707,I3707,1200,1000,615,412.0,100,6,n,4
1007,I1007,800,500,615,182.0,100,1,w,3
4541,I4541,800,600,615,373.0,100,2,n,3
3968,I3968,800,600,615,418.0,100,2,n,3
1367,I1367,1200,1000,615,347.0,100,6,n,4
635,I0635,1200,800,615,342.0,100,4,n,4
3545,I3545,1000,800,615,181.0,100,3,l,4
3129,I3129,800,460,615,335.0,100,0,n,3
4591,I4591,1500,1000,615,203.0,100,7,n,4
6166,I6166,1500,800,615,0.0,100,5,n,4
2674,I2674,800,500,615,0.0,100,1,n,3
2428,I2428,1200,800,615,302.0,100,4,w,4
4357,I4357,800,460,615,380.0,100,0,n,3
1718,I1718,800,460,615,326.0,100,0,w,3
641,I0641,1200,1000,615,85.0,100,6,n,4
973,I0973,1000,800,615,292.0,100,3,n,4
5937,I5937,800,500,615,262.0,100,1,n,3
4725,I4725,1500,800,615,191.0,100,5,n,4
4685,I4685,800,460,615,0.0,100,0,n,3
5382,I5382,1500,1000,615,264.0,100,7,n,4
2898,I2898,1200,800,615,279.0,100,4,n,4
3278,I3278,1000,800,615,231.0,100,3,n,4
4527,I4527,1500,800,615,213.0,100,5,n,4
2163,I2163,800,500,615,288.0,100,1,n,3
1875,I1875,1200,800,615,294.0,100,4,n,4
2405,I2405,1000,800,615,298.0,100,3,n,4
5670,I5670,1500,800,615,206.0,100,5,n,4
1095,I1095,800,460,615,181.0,100,0,l,3
5961,I5961,1200,800,615,406.0,100,4,n,4
1000,I1000,1500,1000,615,301.0,100,7,n,4
2526,I2526,1200,800,615,164.0,100,4,n,4
5643,I5643,1500,800,615,196.0,100,5,n,4
1222,I1222,1000,800,615,0.0,100,3,n,4
869,I0869,1200,800,615,367.0,100,4,n,4
4090,I4090,1200,1000,615,237.0,100,6,l,4
4045,I4045,1200,1000,615,401.0,100,6,n,4
5899,I5899,800,500,615,239.0,100,1,n,3
3602,I3602,1000,800,615,298.0,100,3,n,4
943,I0943,800,460,615,361.0,100,0,n,3
2005,I2005,800,460,615,163.0,100,0,n,3
3808,I3808,1500,800,615,144.0,100,5,n,4
5452,I5452,800,600,615,349.0,100,2,n,3
1589,I1589,1500,800,615,359.0,100,5,n,4
1738,I1738,1500,1000,615,302.0,100,7,n,4
4967,I4967,800,500,615,120.0,100,1,w,3
2844,I2844,800,600,615,400.0,100,2,w,3
4445,I4445,1500,800,615,372.0,100,5,n,4
178,I0178,1500,1000,615,400.0,100,7,w,4
5943,I5943,800,600,615,317.0,100,2,n,3
2925,I2925,1200,1000,615,319.0,100,6,n,4
1978,I1978,1500,800,615,295.0,100,5,w,4
4329,I4329,1500,1000,615,409.0,100,7,n,4
3631,I3631,1200,1000,615,358.0,100,6,n,4
1627,I1627,1200,800,615,349.0,100,4,n,4
1180,I1180,1500,800,615,0.0,100,5,n,4
1976,I1976,1200,1000,615,334.0,100,6,n,4
2044,I2044,800,500,615,223.0,100,1,n,3
4315,I4315,1200,1000,615,237.0,100,6,n,4
5898,I5898,1200,1000,615,318.0,100,6,n,4
5691,I5691,1500,800,615,208.0,100,5,n,4
3567,I3567,800,500,615,353.0,100,1,n,3
6215,I6215,1200,800,615,218.0,100,4,n,4
3094,I3094,800,500,615,324.0,100,1,n,3
232,I0232,800,460,615,204.0,100,0,n,3
2411,I2411,1500,1000,615,177.0,100,7,n,4
388,I0388,1500,1000,615,413.0,100,7,w,4
1444,I1444,800,500,615,432.0,100,1,n,3
2498,I2498,1200,800,615,406.0,100,4,n,4
3514,I3514,1500,800,615,309.0,100,5,n,4
2022,I2022,1500,1000,615,190.0,100,7,n,4
2916,I2916,1200,800,615,293.0,100,4,n,4
3813,I3813,800,600,615,375.0,100,2,n,3
1550,I1550,1200,800,615,308.0,100,4,n,4
1012,I1012,1500,800,615,207.0,100,5,w,4
5395,I5395,800,500,615,297.0,100,1,n,3
935,I0935,800,500,615,0.0,100,1,w,3
170,I0170,800,460,615,151.0,100,0,n,3
4608,I4608,1500,1000,615,284.0,100,7,n,4
2380,I2380,800,500,615,0.0,100,1,n,3
1267,I1267,800,460,615,159.0,100,0,n,3
4927,I4927,1200,800,615,166.0,100,4,n,4
4495,I4495,800,600,615,0.0,100,2,n,3
5500,I5500,1500,1000,615,361.0,100,7,n,4
4600,I4600,1500,800,615,209.0,100,5,n,4
686,I0686,1200,800,615,175.0,100,4,n,4
5984,I5984,800,460,615,252.0,100,0,l,3
4742,I4742,1500,800,615,413.0,100,5,w,4
1845,I1845,1200,1000,615,141.0,100,6,n,4
2867,I2867,1200,1000,615,263.0,100,6,l,4
2597,I2597,800,500,615,400.0,100,1,n,3
5059,I5059,1200,1000,615,341.0,100,6,w,4
2798,I2798,800,500,615,288.0,100,1,n,3
1042,I1042,1000,800,615,404.0,100,3,n,4
4001,I4001,1200,1000,615,0.0,100,6,n,4
5853,I5853,800,500,615,0.0,100,1,w,3
964,I0964,800,460,615,0.0,100,0,n,3
452,I0452,1500,800,615,0.0,100,5,n,4
1528,I1528,800,600,615,316.0,100,2,n,3
3214,I3214,1500,800,615,339.0,100,5,n,4
3252,I3252,1500,1000,615,340.0,100,7,n,4
6434,I6434,1200,1000,615,307.0,100,6,n,4
3444,I3444,800,500,615,225.0,100,1,n,3
4109,I4109,800,500,615,250.0,100,1,n,3
5802,I5802,1500,1000,615,163.0,100,7,w,4
4077,I4077,800,500,615,142.0,100,1,n,3
405,I0405,1200,1000,615,170.0,100,6,n,4
3348,I3348,1000,800,615,348.0,100,3,n,4
2330,I2330,800,460,615,282.0,100,0,n,3
2639,I2639,800,600,615,191.0,100,2,n,3
3343,I3343,1200,1000,615,411.0,100,6,n,4
1135,I1135,1500,800,615,167.0,100,5,n,4
5527,I5527,800,600,615,293.0,100,2,w,3
5105,I5105,1500,1000,615,257.0,100,7,n,4
5410,I5410,800,460,615,421.0,100,0,n,3
2080,I2080,1200,1000,615,234.0,100,6,n,4
5930,I5930,1500,800,615,395.0,100,5,n,4
5132,I5132,1500,1000,615,359.0,100,7,n,4
532,I0532,1500,1000,615,293.0,100,7,l,4
1889,I1889,1500,800,615,401.0,100,5,n,4
557,I0557,1200,800,615,185.0,100,4,n,4
1212,I1212,800,460,615,203.0,100,0,n,3
1094,I1094,800,460,615,0.0,100,0,n,3
4774,I4774,1200,1000,615,247.0,100,6,n,4
3730,I3730,800,500,615,328.0,100,1,n,3
5768,I5768,800,600,615,0.0,100,2,n,3
3021,I3021,1000,800,615,411.0,100,3,n,4
2694,I2694,1200,1000,615,174.0,100,6,n,4
369,I0369,1000,800,615,250.0,100,3,n,4
490,I0490,1500,800,615,292.0,100,5,n,4
3745,I3745,800,460,615,167.0,100,0,n,3
3820,I3820,1200,1000,615,223.0,100,6,n,4
4076,I4076,800,460,615,233.0,100,0,n,3
913,I0913,800,600,615,358.0,100,2,n,3
3146,I3146,1200,800,615,221.0,100,4,w,4
3072,I3072,1200,800,615,202.0,100,4,n,4
2277,I2277,1000,800,615,378.0,100,3,n,4
975,I0975,800,500,615,256.0,100,1,n,3
1454,I1454,1000,800,615,367.0,100,3,n,4
5859,I5859,1500,1000,615,190.0,100,7,n,4
1495,I1495,1500,1000,615,332.0,100,7,n,4
5850,I5850,1500,1000,615,288.0,100,7,n,4
3003,I3003,800,460,615,232.0,100,0,l,3
987,I0987,800,600,615,225.0,100,2,w,3
6062,I6062,1200,1000,615,428.0,100,6,n,4
4859,I4859,1500,1000,615,180.0,100,7,n,4
6021,I6021,1000,800,615,338.0,100,3,n,4
4766,I4766,1500,800,615,207.0,100,5,n,4
1681,I1681,1500,1000,615,168.0,100,7,n,4
6291,I6291,1000,800,615,288.0,100,3,n,4
5723,I5723,1500,1000,615,216.0,100,7,l,4
3027,I3027,800,500,615,349.0,100,1,l,3
6336,I6336,800,500,615,275.0,100,1,n,3
2436,I2436,1000,800,615,405.0,100,3,n,4
809,I0809,1200,1000,615,263.0,100,6,n,4
594,I0594,1500,1000,615,363.0,100,7,n,4
4079,I4079,800,460,615,181.0,100,0,n,3
739,I0739,1000,800,615,334.0,100,3,n,4
2979,I2979,800,600,615,311.0,100,2,w,3
3145,I3145,800,460,615,290.0,100,0,l,3
4475,I4475,800,460,615,251.0,100,0,n,3
2224,I2224,800,500,615,175.0,100,1,n,3
5998,I5998,1500,1000,615,300.0,100,7,n,4
4449,I4449,800,600,615,202.0,100,2,n,3
4702,I4702,1000,800,615,0.0,100,3,n,4
2126,I2126,1500,1000,615,243.0,100,7,n,4
639,I0639,1200,800,615,203.0,100,4,n,4
5218,I5218,1500,800,615,319.0,100,5,n,4
6073,I6073,800,600,615,267.0,100,2,w,3
2605,I2605,1200,1000,615,278.0,100,6,n,4
3387,I3387,1200,800,615,0.0,100,4,n,4
1127,I1127,1000,800,615,303.0,100,3,n,4
5838,I5838,800,500,615,397.0,100,1,n,3
546,I0546,1500,1000,615,210.0,100,7,n,4
1513,I1513,1500,800,615,239.0,100,5,n,4
3331,I3331,1500,1000,615,275.0,100,7,l,4
1700,I1700,800,460,615,0.0,100,0,n,3
4576,I4576,800,460,615,263.0,100,0,n,3
5718,I5718,1500,1000,615,351.0,100,7,n,4
1608,I1608,800,600,615,0.0,100,2,n,3
1036,I1036,1500,800,615,371.0,100,5,n,4
1466,I1466,800,500,615,190.0,100,1,n,3
4474,I4474,800,600,615,0.0,100,2,l,3
4215,I4215,1500,1000,615,457.0,100,7,n,4
1841,I1841,800,600,615,0.0,100,2,n,3
1945,I1945,1200,1000,615,210.0,100,6,w,4
5573,I5573,1200,800,615,0.0,100,4,n,4
792,I0792,1000,800,615,403.0,100,3,n,4
5121,I5121,800,460,615,317.0,100,0,n,3
2273,I2273,800,500,615,0.0,100,1,n,3
3168,I3168,1200,1000,615,297.0,100,6,n,4
4834,I4834,1000,800,615,231.0,100,3,l,4
241,I0241,1500,1000,615,285.0,100,7,n,4
4369,I4369,1200,1000,615,306.0,100,6,w,4
6379,I6379,1000,800,615,137.0,100,3,n,4
5818,I5818,1500,800,615,297.0,100,5,n,4
2441,I2441,1200,800,615,158.0,100,4,n,4
1462,I1462,1200,800,615,320.0,100,4,w,4
4577,I4577,1200,1000,615,332.0,100,6,n,4
1565,I1565,1200,1000,615,317.0,100,6,n,4
440,I0440,1200,800,615,383.0,100,4,n,4
2543,I2543,1000,800,615,294.0,100,3,l,4
5356,I5356,1500,800,615,358.0,100,5,n,4
4042,I4042,800,600,615,270.0,100,2,n,3
1365,I1365,800,460,615,425.0,100,0,n,3
5447,I5447,800,600,615,0.0,100,2,n,3
6140,I6140,1500,800,615,185.0,100,5,l,4
513,I0513,800,500,615,225.0,100,1,n,3
2765,I2765,1500,800,615,277.0,100,5,n,4
1236,I1236,800,500,615,123.0,100,1,n,3
6372,I6372,800,460,615,0.0,100,0,n,3
4807,I4807,1000,800,615,122.0,100,3,l,4
5983,I5983,800,600,615,239.0,100,2,n,3
4884,I4884,1200,1000,615,230.0,100,6,n,4
6109,I6109,1000,800,615,325.0,100,3,n,4
5551,I5551,1500,800,615,456.0,100,5,n,4
5,I0005,800,600,615,416.0,100,2,n,3
2280,I2280,800,460,615,0.0,100,0,n,3
5613,I5613,800,500,615,0.0,100,1,l,3
186,I0186,1000,800,615,345.0,100,3,n,4
4792,I4792,800,500,615,354.0,100,1,w,3
2490,I2490,1500,800,615,219.0,100,5,n,4
4103,I4103,1500,800,615,256.0,100,5,n,4
6330,I6330,800,460,615,161.0,100,0,n,3
4170,I4170,1500,800,615,375.0,100,5,n,4
3280,I3280,1000,800,615,204.0,100,3,n,4
962,I0962,1000,800,615,242.0,100,3,n,4
3302,I3302,1500,800,615,192.0,100,5,l,4
3525,I3525,800,460,615,377.0,100,0,n,3
5780,I5780,800,500,615,286.0,100,1,l,3
6217,I6217,800,500,615,245.0,100,1,n,3
455,I0455,1500,800,615,401.0,100,5,n,4
2317,I2317,1200,800,615,247.0,100,4,n,4
4071,I4071,1200,1000,615,290.0,100,6,n,4
3134,I3134,1200,1000,615,216.0,100,6,n,4
2352,I2352,800,600,615,302.0,100,2,n,3
6349,I6349,1000,800,615,281.0,100,3,n,4
5232,I5232,1200,800,615,444.0,100,4,n,4
2521,I2521,800,600,615,0.0,100,2,n,3
454,I0454,800,600,615,312.0,100,2,n,3
5454,I5454,1200,1000,615,347.0,100,6,n,4
116,I0116,1200,1000,615,241.0,100,6,n,4
5535,I5535,800,600,615,292.0,100,2,n,3
5282,I5282,1500,800,615,332.0,100,5,n,4
163,I0163,1500,1000,615,247.0,100,7,n,4
1459,I1459,1200,800,615,342.0,100,4,n,4
1625,I1625,800,460,615,120.0,100,0,n,3
6354,I6354,1200,800,615,390.0,100,4,n,4
4375,I4375,1200,1000,615,156.0,100,6,n,4
4700,I4700,1500,1000,615,348.0,100,7,n,4
3125,I3125,800,600,615,317.0,100,2,n,3
2534,I2534,800,600,615,133.0,100,2,n,3
335,I0335,1500,800,615,335.0,100,5,n,4
1008,I1008,1000,800,615,412.0,100,3,w,4
3665,I3665,1000,800,615,435.0,100,3,n,4
1640,I1640,1200,1000,615,396.0,100,6,n,4
4598,I4598,800,460,615,0.0,100,0,l,3
3659,I3659,1200,800,615,426.0,100,4,w,4
5463,I5463,1500,800,615,201.0,100,5,n,4
4660,I4660,1000,800,615,334.0,100,3,w,4
2302,I2302,1500,800,615,234.0,100,5,n,4
6130,I6130,800,500,615,300.0,100,1,n,3
5649,I5649,1500,1000,615,285.0,100,7,w,4
5322,I5322,1500,800,615,289.0,100,5,n,4
4066,I4066,1000,800,615,303.0,100,3,n,4
4459,I4459,800,500,615,141.0,100,1,n,3
3948,I3948,800,500,615,213.0,100,1,n,3
3071,I3071,1500,1000,615,331.0,100,7,n,4
5696,I5696,800,460,615,430.0,100,0,w,3
2749,I2749,800,600,615,363.0,100,2,n,3
2950,I2950,1500,1000,615,410.0,100,7,l,4
996,I0996,1500,800,615,0.0,100,5,n,4
4440,I4440,800,460,615,306.0,100,0,n,3
3446,I3446,1500,1000,615,387.0,100,7,n,4
5950,I5950,1200,800,615,452.0,100,4,n,4
932,I0932,1500,800,615,349.0,100,5,n,4
2780,I2780,1200,1000,615,344.0,100,6,n,4
4819,I4819,800,500,615,358.0,100,1,n,3
6265,I6265,1200,1000,615,125.0,100,6,n,4
5663,I5663,1200,800,615,192.0,100,4,n,4
3682,I3682,800,500,615,123.0,100,1,n,3
4607,I4607,800,460,615,412.0,100,0,w,3
2494,I2494,800,500,615,147.0,100,1,n,3
653,I0653,800,500,615,99.0,100,1,n,3
4246,I4246,1200,800,615,183.0,100,4,w,4
1147,I1147,800,600,615,150.0,100,2,n,3
538,I0538,1200,800,615,295.0,100,4,n,4
997,I0997,800,600,615,0.0,100,2,n,3
677,I0677,1200,800,615,392.0,100,4,w,4
1748,I1748,1500,1000,615,407.0,100,7,n,4
192,I0192,1500,800,615,274.0,100,5,n,4
476,I0476,800,600,615,384.0,100,2,n,3
4875,I4875,800,500,615,212.0,100,1,n,3
2161,I2161,800,460,615,117.0,100,0,n,3
4320,I4320,1200,800,615,412.0,100,4,w,4
2881,I2881,1200,800,615,0.0,100,4,n,4
3056,I3056,1500,800,615,334.0,100,5,n,4
3195,I3195,1000,800,615,126.0,100,3,n,4
3909,I3909,1000,800,615,190.0,100,3,l,4
3994,I3994,800,600,615,226.0,100,2,w,3
3105,I3105,800,460,615,401.0,100,0,n,3
4658,I4658,1200,1000,615,346.0,100,6,n,4
4933,I4933,800,600,615,162.0,100,2,n,3
4975,I4975,800,600,615,198.0,100,2,n,3
5381,I5381,1000,800,615,167.0,100,3,n,4
3960,I3960,1000,800,615,191.0,100,3,n,4
1380,I1380,800,600,615,377.0,100,2,n,3
5963,I5963,1200,800,615,106.0,100,4,n,4
6422,I6422,1200,1000,615,106.0,100,6,n,4
3615,I3615,1500,800,615,290.0,100,5,l,4
1464,I1464,1000,800,615,431.0,100,3,n,4
4666,I4666,1200,800,615,0.0,100,4,n,4
2959,I2959,800,460,615,114.0,100,0,n,3
2735,I2735,800,600,615,179.0,100,2,n,3
4674,I4674,1500,800,615,123.0,100,5,l,4
6426,I6426,1500,800,615,232.0,100,5,n,4
832,I0832,1500,1000,615,450.0,100,7,l,4
4883,I4883,1200,1000,615,343.0,100,6,n,4
6132,I6132,800,460,615,389.0,100,0,n,3
1338,I1338,1200,800,615,166.0,100,4,n,4
4286,I4286,800,600,615,331.0,100,2,l,3
5804,I5804,1200,800,615,166.0,100,4,n,4
2033,I2033,1200,800,615,0.0,100,4,w,4
6152,I6152,1000,800,615,288.0,100,3,n,4
2908,I2908,1500,800,615,95.0,100,5,w,4
2014,I2014,1200,800,615,322.0,100,4,n,4
836,I0836,1500,800,615,189.0,100,5,n,4
4464,I4464,1200,800,615,138.0,100,4,n,4
2124,I2124,1000,800,615,0.0,100,3,n,4
1443,I1443,1500,1000,615,0.0,100,7,n,4
5367,I5367,1200,800,615,300.0,100,4,w,4
2331,I2331,1200,1000,615,197.0,100,6,l,4
2645,I2645,800,500,615,292.0,100,1,w,3
362,I0362,800,600,615,183.0,100,2,n,3
2143,I2143,800,500,615,101.0,100,1,n,3
4877,I4877,1500,1000,615,196.0,100,7,l,4
5538,I5538,800,500,615,123.0,100,1,n,3
3218,I3218,800,460,615,437.0,100,0,n,3
4381,I4381,1500,1000,615,265.0,100,7,l,4
769,I0769,800,500,615,0.0,100,1,n,3
6052,I6052,800,460,615,360.0,100,0,w,3
4543,I4543,800,600,615,359.0,100,2,n,3
1903,I1903,1500,800,615,302.0,100,5,l,4
750,I0750,1000,800,615,351.0,100,3,n,4
6359,I6359,1200,1000,615,169.0,100,6,n,4
720,I0720,1500,800,615,309.0,100,5,n,4
4845,I4845,1200,800,615,210.0,100,4,n,4
6447,I6447,800,600,615,244.0,100,2,n,3
4545,I4545,800,600,615,314.0,100,2,l,3
5155,I5155,1200,1000,615,313.0,100,6,n,4
5014,I5014,1200,800,615,260.0,100,4,n,4
6420,I6420,1200,800,615,235.0,100,4,l,4
1967,I1967,1500,1000,615,234.0,100,7,n,4
3123,I3123,800,500,615,277.0,100,1,n,3
6242,I6242,800,500,615,329.0,100,1,l,3
4726,I4726,1200,1000,615,294.0,100,6,w,4
468,I0468,800,460,615,227.0,100,0,n,3
5114,I5114,1200,800,615,290.0,100,4,n,4
2235,I2235,1200,1000,615,137.0,100,6,n,4
2813,I2813,800,600,615,320.0,100,2,n,3
5508,I5508,1200,1000,615,98.0,100,6,n,4
6185,I6185,1000,800,615,267.0,100,3,n,4
3750,I3750,1500,800,615,416.0,100,5,n,4
1488,I1488,1200,1000,615,0.0,100,6,n,4
4128,I4128,1500,1000,615,239.0,100,7,n,4
4728,I4728,1200,1000,615,189.0,100,6,n,4
256,I0256,1500,1000,615,0.0,100,7,n,4
2210,I2210,1500,800,615,272.0,100,5,n,4
2987,I2987,1500,1000,615,238.0,100,7,n,4
779,I0779,1500,800,615,300.0,100,5,n,4
1835,I1835,1200,1000,615,373.0,100,6,n,4
2860,I2860,800,460,615,0.0,100,0,l,3
5420,I5420,1500,800,615,264.0,100,5,n,4
3635,I3635,1200,800,615,213.0,100,4,n,4
1952,I1952,1000,800,615,0.0,100,3,n,4
5837,I5837,1500,800,615,337.0,100,5,n,4
6048,I6048,1200,1000,615,333.0,100,6,n,4
2721,I2721,800,460,615,306.0,100,0,n,3
1112,I1112,1000,800,615,356.0,100,3,n,4
413,I0413,800,600,615,139.0,100,2,n,3
2407,I2407,800,600,615,158.0,100,2,n,3
5931,I5931,800,500,615,360.0,100,1,n,3
1674,I1674,1200,1000,615,338.0,100,6,n,4
3610,I3610,800,500,615,351.0,100,1,n,3
1746,I1746,1500,800,615,0.0,100,5,n,4
3827,I3827,1200,800,615,330.0,100,4,n,4
5710,I5710,1200,800,615,107.0,100,4,l,4
5168,I5168,800,460,615,329.0,100,0,n,3
3143,I3143,1000,800,615,211.0,100,3,n,4
562,I0562,1200,800,615,0.0,100,4,n,4
1414,I1414,1200,1000,615,301.0,100,6,n,4
1378,I1378,1500,800,615,332.0,100,5,n,4
4946,I4946,1500,1000,615,322.0,100,7,n,4
702,I0702,800,600,615,419.0,100,2,n,3
2892,I2892,1200,1000,615,339.0,100,6,n,4
4123,I4123,800,460,615,161.0,100,0,n,3
5439,I5439,1200,1000,615,166.0,100,6,n,4
991,I0991,1500,800,615,209.0,100,5,n,4
4821,I4821,1200,800,615,236.0,100,4,n,4
6437,I6437,800,500,615,107.0,100,1,n,3
4451,I4451,1500,800,615,410.0,100,5,n,4
3670,I3670,1000,800,615,388.0,100,3,n,4
2079,I2079,1200,1000,615,438.0,100,6,n,4
131,I0131,1500,1000,615,213.0,100,7,n,4
898,I0898,800,600,615,279.0,100,2,n,3
20,I0020,1000,800,615,171.0,100,3,l,4
4529,I4529,1500,1000,615,112.0,100,7,n,4
3732,I3732,1200,1000,615,0.0,100,6,n,4
6056,I6056,1200,1000,615,0.0,100,6,n,4
2450,I2450,800,500,615,0.0,100,1,n,3
5333,I5333,800,500,615,330.0,100,1,n,3
656,I0656,1200,1000,615,0.0,100,6,n,4
4611,I4611,800,600,615,219.0,100,2,n,3
1108,I1108,1000,800,615,220.0,100,3,w,4
2552,I2552,800,460,615,417.0,100,0,n,3
3295,I3295,1200,800,615,140.0,100,4,n,4
4323,I4323,800,500,615,418.0,100,1,n,3
3919,I3919,1500,1000,615,132.0,100,7,n,4
3653,I3653,800,600,615,162.0,100,2,n,3
2653,I2653,1000,800,615,0.0,100,3,n,4
786,I0786,1000,800,615,399.0,100,3,n,4
3335,I3335,1500,800,615,374.0,100,5,n,4
1766,I1766,800,500,615,152.0,100,1,n,3
113,I0113,1500,1000,615,409.0,100,7,n,4
3161,I3161,800,600,615,213.0,100,2,w,3
2774,I2774,1000,800,615,213.0,100,3,n,4
615,I0615,800,460,615,279.0,100,0,n,3
4534,I4534,1000,800,615,322.0,100,3,n,4
545,I0545,1200,800,615,324.0,100,4,n,4
3370,I3370,800,600,615,363.0,100,2,n,3
4605,I4605,1000,800,615,360.0,100,3,w,4
2468,I2468,1000,800,615,0.0,100,3,n,4
830,I0830,1000,800,615,285.0,100,3,n,4
135,I0135,1200,1000,615,284.0,100,6,n,4
1722,I1722,1000,800,615,153.0,100,3,n,4
148,I0148,1000,800,615,217.0,100,3,n,4
5532,I5532,1200,800,615,280.0,100,4,l,4
742,I0742,1200,1000,615,212.0,100,6,n,4
4936,I4936,1000,800,615,276.0,100,3,n,4
2183,I2183,1000,800,615,310.0,100,3,n,4
284,I0284,1000,800,615,157.0,100,3,n,4
4050,I4050,1000,800,615,444.0,100,3,n,4
1382,I1382,1200,800,615,245.0,100,4,n,4
1741,I1741,1500,1000,615,255.0,100,7,n,4
2647,I2647,1500,800,615,189.0,100,5,n,4
3253,I3253,800,460,615,226.0,100,0,n,3
1631,I1631,800,460,615,292.0,100,0,n,3
4334,I4334,1200,800,615,0.0,100,4,n,4
5775,I5775,1200,800,615,0.0,100,4,w,4
1419,I1419,1000,800,615,249.0,100,3,n,4
2488,I2488,1000,800,615,0.0,100,3,n,4
2443,I2443,1000,800,615,257.0,100,3,n,4
3389,I3389,1500,1000,615,144.0,100,7,n,4
5264,I5264,800,460,615,0.0,100,0,n,3
5349,I5349,1500,1000,615,256.0,100,7,n,4
4812,I4812,1500,1000,615,294.0,100,7,n,4
5402,I5402,1200,1000,615,171.0,100,6,n,4
2641,I2641,1500,800,615,327.0,100,5,l,4
4680,I4680,1200,800,615,452.0,100,4,n,4
3599,I3599,1500,800,615,415.0,100,5,n,4
2344,I2344,1000,800,615,172.0,100,3,l,4
2356,I2356,1200,800,615,172.0,100,4,n,4
6367,I6367,1200,1000,615,0.0,100,6,l,4
6125,I6125,1000,800,615,234.0,100,3,n,4
1966,I1966,800,500,615,380.0,100,1,n,3
4322,I4322,1200,800,615,190.0,100,4,n,4
2691,I2691,1500,1000,615,436.0,100,7,n,4
5285,I5285,800,600,615,227.0,100,2,n,3
1024,I1024,1500,800,615,108.0,100,5,n,4
5348,I5348,1500,800,615,177.0,100,5,n,4
5054,I5054,800,500,615,0.0,100,1,n,3
3530,I3530,800,600,615,211.0,100,2,n,3
3035,I3035,800,460,615,152.0,100,0,n,3
1998,I1998,1200,1000,615,341.0,100,6,n,4
2149,I2149,800,460,615,160.0,100,0,w,3
6175,I6175,800,500,615,390.0,100,1,n,3
542,I0542,1000,800,615,289.0,100,3,n,4
3032,I3032,1000,800,615,381.0,100,3,n,4
1547,I1547,800,600,615,118.0,100,2,n,3
4969,I4969,1000,800,615,409.0,100,3,w,4
5562,I5562,1500,1000,615,0.0,100,7,n,4
2081,I2081,800,460,615,233.0,100,0,n,3
3079,I3079,1000,800,615,194.0,100,3,n,4
5355,I5355,1200,800,615,346.0,100,4,n,4
1579,I1579,1200,800,615,319.0,100,4,n,4
4703,I4703,800,600,615,330.0,100,2,n,3
2757,I2757,1500,1000,615,383.0,100,7,n,4
2289,I2289,800,500,615,0.0,100,1,n,3
2493,I2493,800,500,615,340.0,100,1,w,3
3227,I3227,1500,1000,615,307.0,100,7,n,4
2252,I2252,800,500,615,368.0,100,1,n,3
1634,I1634,1000,800,615,0.0,100,3,n,4
6401,I6401,1500,800,615,153.0,100,5,n,4
588,I0588,1200,800,615,380.0,100,4,n,4
3152,I3152,1200,1000,615,446.0,100,6,w,4
3312,I3312,800,460,615,387.0,100,0,n,3
654,I0654,800,600,615,0.0,100,2,n,3
1687,I1687,1500,1000,615,284.0,100,7,n,4
2893,I2893,1200,1000,615,350.0,100,6,n,4
3949,I3949,1200,1000,615,0.0,100,6,n,4
1190,I1190,800,460,615,237.0,100,0,n,3
3044,I3044,1200,800,615,202.0,100,4,l,4
5003,I5003,1500,800,615,204.0,100,5,n,4
1291,I1291,1200,800,615,267.0,100,4,n,4
2580,I2580,1500,1000,615,322.0,100,7,n,4
3910,I3910,800,600,615,173.0,100,2,n,3
1105,I1105,1500,800,615,432.0,100,5,w,4
3591,I3591,1200,800,615,167.0,100,4,n,4
1331,I1331,1500,1000,615,263.0,100,7,w,4
1085,I1085,800,600,615,263.0,100,2,n,3
3224,I3224,800,460,615,285.0,100,0,n,3
4691,I4691,1000,800,615,0.0,100,3,n,4
1942,I1942,1500,800,615,224.0,100,5,l,4
5073,I5073,1200,1000,615,314.0,100,6,n,4
4205,I4205,1000,800,615,0.0,100,3,n,4
6224,I6224,1500,800,615,0.0,100,5,n,4
4842,I4842,1200,1000,615,179.0,100,6,n,4
4538,I4538,1000,800,615,366.0,100,3,l,4
2402,I2402,1500,1000,615,215.0,100,7,n,4
4008,I4008,1200,1000,615,182.0,100,6,n,4
1257,I1257,1500,1000,615,270.0,100,7,n,4
514,I0514,1000,800,615,152.0,100,3,n,4
5603,I5603,1500,1000,615,406.0,100,7,n,4
5866,I5866,1000,800,615,117.0,100,3,n,4
6322,I6322,1200,1000,615,285.0,100,6,n,4
1714,I1714,800,600,615,347.0,100,2,n,3
4324,I4324,1500,800,615,216.0,100,5,n,4
6328,I6328,800,460,615,367.0,100,0,n,3
4896,I4896,800,600,615,264.0,100,2,n,3
3468,I3468,1500,800,615,179.0,100,5,n,4
6069,I6069,1500,800,615,354.0,100,5,l,4
374,I0374,1000,800,615,295.0,100,3,n,4
4477,I4477,1200,1000,615,381.0,100,6,n,4
3822,I3822,800,500,615,138.0,100,1,l,3
4893,I4893,1200,800,615,359.0,100,4,n,4
2999,I2999,800,600,615,387.0,100,2,n,3
846,I0846,1500,800,615,330.0,100,5,n,4
502,I0502,1200,800,615,450.0,100,4,l,4
1230,I1230,1000,800,615,360.0,100,3,n,4
613,I0613,1000,800,615,414.0,100,3,n,4
1909,I1909,1200,800,615,305.0,100,4,n,4
4780,I4780,1200,1000,615,250.0,100,6,w,4
6153,I6153,1500,1000,615,0.0,100,7,n,4
1051,I1051,800,460,615,409.0,100,0,l,3
3254,I3254,800,500,615,367.0,100,1,n,3
5577,I5577,1000,800,615,353.0,100,3,n,4
5158,I5158,800,460,615,124.0,100,0,w,3
3694,I3694,800,460,615,0.0,100,0,n,3
4858,I4858,1000,800,615,284.0,100,3,n,4
5104,I5104,800,460,615,316.0,100,0,n,3
5693,I5693,1200,800,615,383.0,100,4,n,4
3249,I3249,1500,1000,615,253.0,100,7,n,4
5417,I5417,800,600,615,243.0,100,2,n,3
3054,I3054,1000,800,615,370.0,100,3,n,4
2127,I2127,800,460,615,335.0,100,0,n,3
2156,I2156,800,600,615,277.0,100,2,n,3
5751,I5751,800,500,615,161.0,100,1,n,3
4470,I4470,1500,800,615,433.0,100,5,n,4
6034,I6034,1500,800,615,381.0,100,5,n,4
6445,I6445,1500,1000,615,166.0,100,7,n,4
5974,I5974,1000,800,615,280.0,100,3,n,4
3976,I3976,1000,800,615,211.0,100,3,l,4
4771,I4771,800,500,615,209.0,100,1,n,3
5432,I5432,800,460,615,238.0,100,0,n,3
2601,I2601,1000,800,615,346.0,100,3,n,4
2065,I2065,1500,1000,615,361.0,100,7,n,4
3629,I3629,800,500,615,184.0,100,1,n,3
2808,I2808,1200,800,615,0.0,100,4,n,4
3101,I3101,800,460,615,292.0,100,0,n,3
1317,I1317,1500,800,615,249.0,100,5,w,4
6206,I6206,1200,800,615,256.0,100,4,w,4
1855,I1855,1500,1000,615,352.0,100,7,n,4
2442,I2442,800,500,615,397.0,100,1,n,3
3999,I3999,800,600,615,298.0,100,2,n,3
3941,I3941,1200,1000,615,272.0,100,6,n,4
4193,I4193,1200,1000,615,312.0,100,6,n,4
5939,I5939,800,460,615,192.0,100,0,n,3
6221,I6221,1000,800,615,373.0,100,3,w,4
6121,I6121,800,500,615,354.0,100,1,w,3
1867,I1867,800,600,615,299.0,100,2,n,3
5540,I5540,1000,800,615,348.0,100,3,n,4
5300,I5300,1000,800,615,405.0,100,3,n,4
2910,I2910,1200,1000,615,128.0,100,6,n,4
3565,I3565,1500,800,615,261.0,100,5,n,4
5772,I5772,1500,800,615,0.0,100,5,n,4
5115,I5115,1500,1000,615,434.0,100,7,n,4
201,I0201,1200,800,615,250.0,100,4,n,4
668,I0668,800,460,615,330.0,100,0,w,3
4037,I4037,1500,1000,615,285.0,100,7,n,4
4287,I4287,800,500,615,251.0,100,1,n,3
179,I0179,1200,1000,615,285.0,100,6,n,4
3528,I3528,1500,1000,615,232.0,100,7,n,4
5485,I5485,1000,800,615,225.0,100,3,n,4
5424,I5424,1500,800,615,221.0,100,5,n,4
491,I0491,800,600,615,248.0,100,2,n,3
4232,I4232,1200,800,615,189.0,100,4,n,4
4814,I4814,800,500,615,324.0,100,1,w,3
583,I0583,1200,800,615,213.0,100,4,n,4
1091,I1091,1500,1000,615,292.0,100,7,n,4
34,I0034,1000,800,615,183.0,100,3,w,4
1502,I1502,1000,800,615,185.0,100,3,l,4
689,I0689,1500,800,615,367.0,100,5,n,4
3308,I3308,800,500,615,311.0,100,1,n,3
3723,I3723,1000,800,615,243.0,100,3,n,4
63,I0063,1200,1000,615,101.0,100,6,n,4
2001,I2001,1200,1000,615,226.0,100,6,n,4
2518,I2518,800,460,615,411.0,100,0,n,3
818,I0818,800,600,615,293.0,100,2,n,3
2567,I2567,1000,800,615,123.0,100,3,n,4
2182,I2182,800,600,615,253.0,100,2,n,3
3337,I3337,1200,1000,615,327.0,100,6,n,4
3816,I3816,1500,800,615,0.0,100,5,n,4
1232,I1232,800,500,615,388.0,100,1,n,3
4595,I4595,1200,1000,615,203.0,100,6,n,4
1701,I1701,1200,800,615,269.0,100,4,n,4
4452,I4452,800,500,615,118.0,100,1,n,3
2354,I2354,1000,800,615,339.0,100,3,n,4
2810,I2810,800,600,615,445.0,100,2,n,3
1093,I1093,1500,800,615,350.0,100,5,n,4
2350,I2350,1500,1000,615,323.0,100,7,n,4
4203,I4203,800,460,615,217.0,100,0,l,3
5862,I5862,800,600,615,263.0,100,2,n,3
5703,I5703,800,460,615,239.0,100,0,l,3
5352,I5352,1000,800,615,411.0,100,3,n,4
3187,I3187,800,600,615,346.0,100,2,n,3
334,I0334,1500,800,615,0.0,100,5,w,4
3140,I3140,1200,800,615,324.0,100,4,n,4
763,I0763,800,500,615,412.0,100,1,n,3
3311,I3311,1500,1000,615,350.0,100,7,n,4
6441,I6441,1500,800,615,286.0,100,5,n,4
5360,I5360,1500,800,615,90.0,100,5,n,4
3579,I3579,1500,1000,615,426.0,100,7,n,4
77,I0077,800,500,615,0.0,100,1,n,3
5146,I5146,800,500,615,0.0,100,1,n,3
326,I0326,1500,800,615,243.0,100,5,n,4
4059,I4059,800,500,615,111.0,100,1,n,3
2519,I2519,1000,800,615,347.0,100,3,n,4
3654,I3654,800,600,615,360.0,100,2,n,3
3985,I3985,800,600,615,376.0,100,2,n,3
1259,I1259,800,600,615,138.0,100,2,n,3
6335,I6335,1500,800,615,131.0,100,5,w,4
4903,I4903,1500,800,615,153.0,100,5,n,4
4874,I4874,800,600,615,326.0,100,2,n,3
5690,I5690,1500,800,615,139.0,100,5,w,4
78,I0078,1500,1000,615,161.0,100,7,n,4
3265,I3265,800,500,615,212.0,100,1,n,3
6416,I6416,800,600,615,199.0,100,2,l,3
4235,I4235,1200,1000,615,0.0,100,6,n,4
1337,I1337,800,460,615,118.0,100,0,n,3
5375,I5375,1000,800,615,268.0,100,3,n,4
1622,I1622,800,500,615,365.0,100,1,n,3
945,I0945,1200,800,615,0.0,100,4,l,4
1684,I1684,1500,800,615,156.0,100,5,n,4
3415,I3415,1500,800,615,0.0,100,5,n,4
2050,I2050,1200,800,615,170.0,100,4,w,4
777,I0777,800,460,615,396.0,100,0,l,3
3927,I3927,800,460,615,319.0,100,0,n,3
1181,I1181,1500,800,615,341.0,100,5,n,4
3286,I3286,1000,800,615,194.0,100,3,l,4
1837,I1837,1200,800,615,0.0,100,4,n,4
3317,I3317,1200,1000,615,344.0,100,6,n,4
3270,I3270,800,600,615,285.0,100,2,n,3
6070,I6070,1200,800,615,342.0,100,4,l,4
5922,I5922,800,460,615,141.0,100,0,n,3
3931,I3931,800,500,615,231.0,100,1,w,3
2965,I2965,800,500,615,198.0,100,1,n,3
4296,I4296,1200,800,615,420.0,100,4,n,4
1442,I1442,1200,800,615,280.0,100,4,n,4
1162,I1162,1500,1000,615,418.0,100,7,w,4
3969,I3969,800,500,615,319.0,100,1,n,3
3873,I3873,800,500,615,202.0,100,1,n,3
850,I0850,1200,800,615,311.0,100,4,n,4
1704,I1704,1200,1000,615,373.0,100,6,n,4
5304,I5304,800,500,615,302.0,100,1,n,3
2864,I2864,1200,1000,615,180.0,100,6,n,4
1261,I1261,800,500,615,233.0,100,1,n,3
2635,I2635,1500,1000,615,0.0,100,7,n,4
1463,I1463,1200,800,615,92.0,100,4,n,4
2676,I2676,1500,800,615,413.0,100,5,n,4
4358,I4358,800,460,615,305.0,100,0,w,3
5001,I5001,1200,1000,615,389.0,100,6,n,4
6167,I6167,800,460,615,423.0,100,0,n,3
5684,I5684,1500,800,615,373.0,100,5,n,4
1581,I1581,1200,800,615,127.0,100,4,l,4
2905,I2905,1000,800,615,354.0,100,3,w,4
6022,I6022,800,600,615,158.0,100,2,n,3
3774,I3774,1500,1000,615,409.0,100,7,n,4
4061,I4061,1500,800,615,290.0,100,5,n,4
3041,I3041,1200,1000,615,312.0,100,6,l,4
324,I0324,1200,1000,615,210.0,100,6,n,4
1799,I1799,1200,800,615,403.0,100,4,w,4
122,I0122,1200,1000,615,392.0,100,6,w,4
1705,I1705,800,600,615,194.0,100,2,n,3
2723,I2723,1500,1000,615,243.0,100,7,n,4
4192,I4192,1500,1000,615,428.0,100,7,w,4
4797,I4797,1500,1000,615,348.0,100,7,n,4
4835,I4835,1500,800,615,404.0,100,5,w,4
4298,I4298,800,500,615,233.0,100,1,n,3
4162,I4162,800,600,615,342.0,100,2,n,3
5347,I5347,1200,1000,615,410.0,100,6,n,4
2048,I2048,800,500,615,92.0,100,1,n,3
3729,I3729,1500,800,615,342.0,100,5,n,4
2537,I2537,1200,800,615,289.0,100,4,n,4
119,I0119,1500,800,615,186.0,100,5,n,4
4016,I4016,1500,800,615,380.0,100,5,n,4
4569,I4569,1500,800,615,279.0,100,5,n,4
3406,I3406,1000,800,615,220.0,100,3,w,4
3888,I3888,800,460,615,0.0,100,0,l,3
1249,I1249,800,600,615,169.0,100,2,n,3
4223,I4223,800,460,615,0.0,100,0,n,3
3609,I3609,1000,800,615,370.0,100,3,l,4
3739,I3739,1200,800,615,410.0,100,4,w,4
5927,I5927,800,600,615,221.0,100,2,l,3
5272,I5272,1500,1000,615,373.0,100,7,w,4
5678,I5678,800,600,615,355.0,100,2,n,3
2550,I2550,1500,800,615,193.0,100,5,n,4
237,I0237,1500,800,615,366.0,100,5,n,4
5707,I5707,1500,800,615,250.0,100,5,n,4
4387,I4387,800,600,615,308.0,100,2,n,3
1819,I1819,800,460,615,159.0,100,0,n,3
1632,I1632,1500,800,615,210.0,100,5,n,4
5819,I5819,800,460,615,164.0,100,0,n,3
4698,I4698,1000,800,615,387.0,100,3,n,4
142,I0142,1500,800,615,0.0,100,5,w,4
6310,I6310,800,500,615,332.0,100,1,n,3
1590,I1590,800,500,615,182.0,100,1,n,3
315,I0315,1500,1000,615,258.0,100,7,n,4
4420,I4420,800,600,615,260.0,100,2,n,3
5030,I5030,800,460,615,246.0,100,0,n,3
5758,I5758,800,500,615,357.0,100,1,n,3
5236,I5236,1200,800,615,381.0,100,4,n,4
4096,I4096,1500,1000,615,435.0,100,7,n,4
5708,I5708,1200,800,615,0.0,100,4,n,4
6094,I6094,1200,800,615,313.0,100,4,n,4
767,I0767,1500,800,615,330.0,100,5,l,4
3578,I3578,1500,1000,615,273.0,100,7,n,4
3861,I3861,800,500,615,462.0,100,1,n,3
5377,I5377,800,460,615,410.0,100,0,n,3
3049,I3049,1000,800,615,149.0,100,3,n,4
5206,I5206,1200,1000,615,315.0,100,6,l,4
6427,I6427,1200,800,615,319.0,100,4,n,4
5371,I5371,1000,800,615,355.0,100,3,n,4
6257,I6257,1200,1000,615,405.0,100,6,n,4
1018,I1018,800,460,615,156.0,100,0,n,3
4454,I4454,800,600,615,396.0,100,2,n,3
4326,I4326,1500,800,615,299.0,100,5,l,4
3012,I3012,1200,1000,615,302.0,100,6,n,4
2706,I2706,800,500,615,308.0,100,1,n,3
576,I0576,1200,1000,615,372.0,100,6,n,4
3269,I3269,1500,800,615,355.0,100,5,n,4
4723,I4723,800,500,615,321.0,100,1,l,3
6339,I6339,1500,1000,615,295.0,100,7,w,4
4530,I4530,1200,1000,615,399.0,100,6,l,4
1341,I1341,800,460,615,240.0,100,0,n,3
3310,I3310,1200,800,615,336.0,100,4,n,4
4532,I4532,800,600,615,390.0,100,2,n,3
4403,I4403,800,460,615,190.0,100,0,n,3
4385,I4385,800,600,615,388.0,100,2,n,3
3430,I3430,800,460,615,382.0,100,0,n,3
4181,I4181,800,600,615,401.0,100,2,n,3
1775,I1775,1200,800,615,364.0,100,4,n,4
5343,I5343,800,600,615,226.0,100,2,n,3
4473,I4473,1200,1000,615,0.0,100,6,w,4
5711,I5711,1200,800,615,285.0,100,4,n,4
3204,I3204,800,460,615,151.0,100,0,n,3
6413,I6413,1000,800,615,351.0,100,3,w,4
2661,I2661,1200,1000,615,386.0,100,6,n,4
1424,I1424,800,500,615,263.0,100,1,n,3
5955,I5955,800,600,615,440.0,100,2,l,3
2955,I2955,800,460,615,325.0,100,0,n,3
2957,I2957,1500,1000,615,304.0,100,7,n,4
3184,I3184,800,460,615,377.0,100,0,n,3
118,I0118,1200,1000,615,0.0,100,6,n,4
3553,I3553,1200,1000,615,202.0,100,6,n,4
6020,I6020,1200,800,615,110.0,100,4,n,4
3849,I3849,1000,800,615,365.0,100,3,l,4
5036,I5036,800,600,615,238.0,100,2,n,3
885,I0885,1200,1000,615,294.0,100,6,n,4
1239,I1239,1500,800,615,198.0,100,5,n,4
3086,I3086,1200,800,615,0.0,100,4,n,4
422,I0422,1500,800,615,330.0,100,5,n,4
4305,I4305,800,600,615,106.0,100,2,n,3
3683,I3683,1200,1000,615,172.0,100,6,n,4
4380,I4380,1500,1000,615,229.0,100,7,n,4
3263,I3263,1200,1000,615,386.0,100,6,n,4
4997,I4997,1200,800,615,0.0,100,4,n,4
509,I0509,1200,1000,615,275.0,100,6,n,4
834,I0834,1500,800,615,296.0,100,5,n,4
258,I0258,800,460,615,380.0,100,0,n,3
2504,I2504,1200,1000,615,396.0,100,6,n,4
32,I0032,800,460,615,456.0,100,0,l,3
1991,I1991,800,500,615,262.0,100,1,w,3
608,I0608,1500,1000,615,0.0,100,7,n,4
3028,I3028,1200,800,615,0.0,100,4,n,4
4409,I4409,1500,1000,615,386.0,100,7,n,4
5443,I5443,800,460,615,202.0,100,0,n,3
50,I0050,800,500,615,241.0,100,1,w,3
2677,I2677,800,600,615,256.0,100,2,n,3
671,I0671,1200,1000,615,314.0,100,6,n,4
6341,I6341,1200,1000,615,274.0,100,6,n,4
561,I0561,800,500,615,350.0,100,1,w,3
2804,I2804,1200,800,615,433.0,100,4,n,4
504,I0504,1500,1000,615,231.0,100,7,n,4
4069,I4069,1200,1000,615,330.0,100,6,n,4
4284,I4284,1200,1000,615,252.0,100,6,n,4
6396,I6396,800,500,615,0.0,100,1,n,3
1673,I1673,1500,800,615,222.0,100,5,n,4
581,I0581,1500,1000,615,462.0,100,7,n,4
1790,I1790,800,460,615,148.0,100,0,n,3
84,I0084,1000,800,615,269.0,100,3,w,4
1011,I1011,1500,1000,615,159.0,100,7,n,4
5977,I5977,800,600,615,234.0,100,2,n,3
6274,I6274,1200,800,615,368.0,100,4,l,4
4176,I4176,800,600,615,371.0,100,2,n,3
927,I0927,1500,800,615,232.0,100,5,l,4
2108,I2108,800,500,615,428.0,100,1,n,3
4304,I4304,800,460,615,175.0,100,0,n,3
4732,I4732,1500,800,615,362.0,100,5,n,4
5269,I5269,1500,800,615,394.0,100,5,n,4
758,I0758,800,500,615,332.0,100,1,w,3
2953,I2953,1200,1000,615,198.0,100,6,n,4
6286,I6286,800,500,615,338.0,100,1,n,3
5548,I5548,1500,1000,615,0.0,100,7,l,4
1452,I1452,1200,1000,615,237.0,100,6,n,4
5250,I5250,800,600,615,308.0,100,2,l,3
4518,I4518,800,460,615,217.0,100,0,n,3
2211,I2211,800,600,615,383.0,100,2,n,3
4225,I4225,1500,1000,615,212.0,100,7,n,4
1824,I1824,800,460,615,96.0,100,0,n,3
900,I0900,1500,1000,615,285.0,100,7,n,4
3408,I3408,1200,1000,615,148.0,100,6,l,4
245,I0245,1200,1000,615,281.0,100,6,n,4
1982,I1982,1500,1000,615,212.0,100,7,w,4
1997,I1997,1200,1000,615,165.0,100,6,n,4
6003,I6003,1200,1000,615,286.0,100,6,n,4
539,I0539,1200,800,615,425.0,100,4,n,4
5840,I5840,1000,800,615,0.0,100,3,n,4
1670,I1670,800,500,615,247.0,100,1,n,3
3450,I3450,800,500,615,399.0,100,1,n,3
3560,I3560,1200,800,615,136.0,100,4,n,4
1139,I1139,1000,800,615,249.0,100,3,n,4
4677,I4677,1200,800,615,363.0,100,4,n,4
4870,I4870,1000,800,615,198.0,100,3,n,4
4149,I4149,1500,800,615,202.0,100,5,n,4
2591,I2591,1500,1000,615,172.0,100,7,n,4
2678,I2678,800,600,615,357.0,100,2,n,3
4075,I4075,1000,800,615,233.0,100,3,n,4
1822,I1822,800,460,615,327.0,100,0,n,3
2743,I2743,1000,800,615,187.0,100,3,n,4
3160,I3160,800,460,615,274.0,100,0,l,3
1258,I1258,800,460,615,402.0,100,0,n,3
4664,I4664,800,600,615,0.0,100,2,n,3
2806,I2806,800,500,615,180.0,100,1,n,3
2070,I2070,1000,800,615,191.0,100,3,n,4
889,I0889,1200,1000,615,109.0,100,6,l,4
3344,I3344,1500,800,615,334.0,100,5,l,4
367,I0367,800,460,615,341.0,100,0,l,3
4840,I4840,800,600,615,388.0,100,2,n,3
1944,I1944,800,600,615,259.0,100,2,w,3
2107,I2107,800,460,615,258.0,100,0,n,3
3975,I3975,800,500,615,146.0,100,1,w,3
426,I0426,1500,800,615,252.0,100,5,n,4
5222,I5222,1000,800,615,253.0,100,3,n,4
5393,I5393,1500,1000,615,310.0,100,7,n,4
375,I0375,800,500,615,235.0,100,1,n,3
622,I0622,1500,1000,615,156.0,100,7,n,4
4799,I4799,1200,800,615,139.0,100,4,n,4
75,I0075,1500,800,615,300.0,100,5,n,4
4108,I4108,800,600,615,358.0,100,2,w,3
1787,I1787,1200,1000,615,0.0,100,6,n,4
4512,I4512,800,460,615,335.0,100,0,n,3
3033,I3033,1200,1000,615,335.0,100,6,n,4
2185,I2185,800,460,615,256.0,100,0,n,3
5783,I5783,800,460,615,277.0,100,0,n,3
1009,I1009,1500,800,615,281.0,100,5,l,4
2761,I2761,800,500,615,300.0,100,1,n,3
4561,I4561,1500,800,615,346.0,100,5,w,4
948,I0948,1200,800,615,353.0,100,4,n,4
279,I0279,1000,800,615,305.0,100,3,l,4
2391,I2391,1500,800,615,0.0,100,5,n,4
4349,I4349,1000,800,615,437.0,100,3,n,4
2583,I2583,1500,800,615,341.0,100,5,n,4
322,I0322,1500,1000,615,395.0,100,7,n,4
2998,I2998,1200,1000,615,406.0,100,6,n,4
1917,I1917,1200,800,615,321.0,100,4,l,4
3880,I3880,800,460,615,211.0,100,0,l,3
2581,I2581,1200,1000,615,0.0,100,6,n,4
5198,I5198,1000,800,615,293.0,100,3,n,4
5188,I5188,1500,1000,615,191.0,100,7,n,4
873,I0873,800,500,615,253.0,100,1,n,3
4849,I4849,800,600,615,198.0,100,2,w,3
5881,I5881,800,600,615,237.0,100,2,l,3
1694,I1694,1200,1000,615,415.0,100,6,n,4
5985,I5985,800,460,615,0.0,100,0,n,3
3305,I3305,1500,1000,615,359.0,100,7,n,4
2271,I2271,1500,800,615,383.0,100,5,n,4
3621,I3621,800,460,615,212.0,100,0,n,3
2573,I2573,800,460,615,337.0,100,0,l,3
1206,I1206,1500,800,615,0.0,100,5,n,4
4450,I4450,800,460,615,169.0,100,0,n,3
6102,I6102,1500,800,615,362.0,100,5,n,4
1668,I1668,1000,800,615,268.0,100,3,n,4
4188,I4188,800,460,615,252.0,100,0,w,3
403,I0403,800,600,615,427.0,100,2,n,3
1962,I1962,800,600,615,147.0,100,2,n,3
4019,I4019,800,460,615,307.0,100,0,n,3
3243,I3243,1000,800,615,411.0,100,3,l,4
3420,I3420,800,600,615,366.0,100,2,n,3
3360,I3360,1500,1000,615,0.0,100,7,w,4
4158,I4158,1500,1000,615,318.0,100,7,n,4
6045,I6045,1500,1000,615,198.0,100,7,n,4
3459,I3459,1500,800,615,373.0,100,5,n,4
3523,I3523,1200,1000,615,330.0,100,6,n,4
147,I0147,1500,800,615,465.0,100,5,n,4
1635,I1635,800,600,615,355.0,100,2,n,3
3935,I3935,1500,800,615,180.0,100,5,n,4
2990,I2990,800,460,615,297.0,100,0,n,3
3759,I3759,1200,1000,615,318.0,100,6,n,4
4636,I4636,1500,800,615,247.0,100,5,l,4
4705,I4705,1500,1000,615,219.0,100,7,n,4
5369,I5369,800,460,615,385.0,100,0,n,3
352,I0352,800,600,615,233.0,100,2,n,3
2374,I2374,1200,1000,615,166.0,100,6,n,4
2304,I2304,800,500,615,0.0,100,1,n,3
3677,I3677,1200,1000,615,0.0,100,6,n,4
2094,I2094,800,460,615,0.0,100,0,w,3
2440,I2440,800,460,615,304.0,100,0,l,3
3421,I3421,800,500,615,149.0,100,1,n,3
305,I0305,1200,800,615,217.0,100,4,n,4
4715,I4715,800,600,615,204.0,100,2,n,3
5626,I5626,1000,800,615,289.0,100,3,n,4
1359,I1359,800,600,615,333.0,100,2,n,3
1747,I1747,1500,800,615,246.0,100,5,n,4
4404,I4404,1200,1000,615,248.0,100,6,n,4
5247,I5247,1000,800,615,235.0,100,3,n,4
4524,I4524,1000,800,615,329.0,100,3,n,4
2131,I2131,1000,800,615,148.0,100,3,n,4
3007,I3007,800,460,615,396.0,100,0,n,3
1088,I1088,1500,1000,615,353.0,100,7,n,4
4506,I4506,1500,1000,615,0.0,100,7,n,4
601,I0601,1500,1000,615,216.0,100,7,n,4
3,I0003,1200,1000,615,346.0,100,6,n,4
4214,I4214,1200,1000,615,147.0,100,6,n,4
1216,I1216,800,460,615,440.0,100,0,n,3
1446,I1446,800,460,615,422.0,100,0,n,3
5205,I5205,800,460,615,334.0,100,0,n,3
2788,I2788,1500,1000,615,199.0,100,7,n,4
4384,I4384,800,600,615,282.0,100,2,n,3
2768,I2768,1000,800,615,0.0,100,3,n,4
4542,I4542,800,460,615,270.0,100,0,n,3
857,I0857,1500,800,615,92.0,100,5,n,4
444,I0444,1500,1000,615,373.0,100,7,n,4
845,I0845,800,600,615,189.0,100,2,n,3
2787,I2787,1500,1000,615,245.0,100,7,n,4
574,I0574,800,600,615,386.0,100,2,l,3
1887,I1887,1200,1000,615,429.0,100,6,n,4
665,I0665,1500,800,615,170.0,100,5,n,4
1947,I1947,1200,800,615,402.0,100,4,w,4
6267,I6267,1200,1000,615,177.0,100,6,n,4
6334,I6334,800,500,615,288.0,100,1,n,3
5870,I5870,800,500,615,227.0,100,1,n,3
4064,I4064,800,460,615,195.0,100,0,n,3
1956,I1956,1200,800,615,401.0,100,4,l,4
629,I0629,800,600,615,299.0,100,2,n,3
793,I0793,1200,1000,615,321.0,100,6,n,4
3268,I3268,800,460,615,105.0,100,0,w,3
2,I0002,800,460,615,153.0,100,0,n,3
1695,I1695,1000,800,615,338.0,100,3,w,4
3983,I3983,1500,1000,615,121.0,100,7,n,4
6353,I6353,800,460,615,319.0,100,0,n,3
5068,I5068,1500,800,615,258.0,100,5,n,4
4446,I4446,1500,1000,615,284.0,100,7,l,4
5187,I5187,1000,800,615,248.0,100,3,n,4
6357,I6357,800,460,615,408.0,100,0,n,3
3731,I3731,1500,1000,615,382.0,100,7,n,4
1584,I1584,1500,800,615,220.0,100,5,n,4
3064,I3064,1000,800,615,192.0,100,3,n,4
5204,I5204,1200,1000,615,266.0,100,6,n,4
2478,I2478,1500,1000,615,258.0,100,7,n,4
4091,I4091,800,600,615,306.0,100,2,n,3
303,I0303,1500,800,615,368.0,100,5,n,4
4633,I4633,1500,1000,615,289.0,100,7,n,4
4665,I4665,1500,800,615,420.0,100,5,l,4
1777,I1777,1000,800,615,151.0,100,3,n,4
4154,I4154,1500,1000,615,343.0,100,7,n,4
3245,I3245,800,500,615,313.0,100,1,n,3
4229,I4229,800,500,615,224.0,100,1,n,3
3727,I3727,1200,800,615,280.0,100,4,n,4
5612,I5612,1200,800,615,95.0,100,4,n,4
3155,I3155,1000,800,615,363.0,100,3,w,4
3647,I3647,800,460,615,382.0,100,0,n,3
5940,I5940,800,500,615,400.0,100,1,n,3
5704,I5704,800,600,615,403.0,100,2,n,3
1166,I1166,1000,800,615,267.0,100,3,n,4
1288,I1288,800,500,615,356.0,100,1,n,3
1941,I1941,800,460,615,301.0,100,0,n,3
5335,I5335,800,500,615,168.0,100,1,n,3
2683,I2683,800,500,615,237.0,100,1,n,3
510,I0510,800,600,615,220.0,100,2,w,3
914,I0914,800,500,615,136.0,100,1,n,3
5362,I5362,1500,800,615,153.0,100,5,n,4
486,I0486,800,500,615,377.0,100,1,w,3
4979,I4979,800,600,615,434.0,100,2,n,3
3963,I3963,1500,1000,615,312.0,100,7,w,4
1406,I1406,1500,1000,615,331.0,100,7,l,4
3441,I3441,800,500,615,393.0,100,1,n,3
1409,I1409,1500,800,615,405.0,100,5,n,4
2500,I2500,1500,800,615,358.0,100,5,n,4
4087,I4087,1500,800,615,341.0,100,5,n,4
83,I0083,1000,800,615,418.0,100,3,n,4
824,I0824,800,500,615,248.0,100,1,n,3
1067,I1067,800,460,615,342.0,100,0,l,3
6154,I6154,800,500,615,288.0,100,1,n,3
2437,I2437,800,600,615,394.0,100,2,n,3
328,I0328,1500,800,615,410.0,100,5,n,4
4344,I4344,1200,800,615,250.0,100,4,n,4
5060,I5060,800,600,615,391.0,100,2,n,3
2465,I2465,1000,800,615,392.0,100,3,n,4
516,I0516,800,600,615,140.0,100,2,n,3
2173,I2173,1200,800,615,248.0,100,4,n,4
81,I0081,800,500,615,212.0,100,1,l,3
660,I0660,800,600,615,185.0,100,2,n,3
3229,I3229,1000,800,615,0.0,100,3,n,4
4757,I4757,1500,1000,615,0.0,100,7,n,4
2565,I2565,1200,800,615,402.0,100,4,n,4
67,I0067,1500,1000,615,408.0,100,7,n,4
6139,I6139,1200,800,615,328.0,100,4,n,4
3582,I3582,800,500,615,201.0,100,1,l,3
429,I0429,800,460,615,353.0,100,0,n,3
165,I0165,800,460,615,143.0,100,0,n,3
6244,I6244,1000,800,615,0.0,100,3,n,4
30,I0030,1500,1000,615,101.0,100,7,n,4
632,I0632,1200,1000,615,170.0,100,6,n,4
5600,I5600,800,600,615,196.0,100,2,w,3
3902,I3902,800,460,615,270.0,100,0,w,3
2763,I2763,1200,1000,615,405.0,100,6,n,4
3381,I3381,800,500,615,382.0,100,1,w,3
879,I0879,800,600,615,186.0,100,2,n,3
4943,I4943,1500,800,615,257.0,100,5,n,4
5546,I5546,800,600,615,314.0,100,2,l,3
6383,I6383,1000,800,615,0.0,100,3,n,4
5326,I5326,1200,1000,615,474.0,100,6,n,4
4644,I4644,1000,800,615,396.0,100,3,l,4
4111,I4111,800,500,615,264.0,100,1,w,3
4257,I4257,1200,800,615,239.0,100,4,l,4
2476,I2476,1500,1000,615,443.0,100,7,n,4
2850,I2850,800,600,615,331.0,100,2,n,3
633,I0633,1500,1000,615,0.0,100,7,n,4
3799,I3799,1500,800,615,339.0,100,5,l,4
1538,I1538,800,500,615,263.0,100,1,n,3
3923,I3923,800,600,615,106.0,100,2,n,3
5212,I5212,800,600,615,87.0,100,2,n,3
6002,I6002,1200,1000,615,356.0,100,6,l,4
6182,I6182,800,600,615,302.0,100,2,l,3
1533,I1533,800,600,615,365.0,100,2,w,3
1137,I1137,1500,800,615,338.0,100,5,n,4
3955,I3955,1000,800,615,197.0,100,3,n,4
1938,I1938,1200,800,615,0.0,100,4,n,4
5042,I5042,1500,1000,615,332.0,100,7,n,4
6318,I6318,1200,800,615,0.0,100,4,n,4
4790,I4790,1500,1000,615,188.0,100,7,n,4
130,I0130,1500,800,615,417.0,100,5,n,4
3384,I3384,800,600,615,167.0,100,2,n,3
2076,I2076,1200,1000,615,226.0,100,6,n,4
1624,I1624,1000,800,615,373.0,100,3,n,4
2121,I2121,800,600,615,318.0,100,2,n,3
5968,I5968,800,600,615,355.0,100,2,n,3
1143,I1143,1200,800,615,246.0,100,4,n,4
1381,I1381,800,600,615,223.0,100,2,n,3
4603,I4603,800,500,615,93.0,100,1,l,3
3852,I3852,1000,800,615,346.0,100,3,w,4
4060,I4060,1200,800,615,216.0,100,4,l,4
5824,I5824,1200,1000,615,199.0,100,6,n,4
5786,I5786,1000,800,615,233.0,100,3,n,4
553,I0553,1200,800,615,147.0,100,4,n,4
2585,I2585,1500,800,615,378.0,100,5,n,4
3470,I3470,1200,800,615,276.0,100,4,n,4
1301,I1301,800,460,615,355.0,100,0,n,3
3897,I3897,1500,800,615,222.0,100,5,l,4
5975,I5975,1500,1000,615,0.0,100,7,n,4
5595,I5595,800,600,615,187.0,100,2,l,3
2977,I2977,1500,1000,615,207.0,100,7,l,4
4629,I4629,800,460,615,414.0,100,0,n,3
2598,I2598,800,500,615,144.0,100,1,n,3
2425,I2425,1500,800,615,245.0,100,5,n,4
868,I0868,1000,800,615,302.0,100,3,n,4
3273,I3273,1500,800,615,228.0,100,5,n,4
4163,I4163,1200,1000,615,359.0,100,6,l,4
4958,I4958,1200,1000,615,180.0,100,6,w,4
5302,I5302,1500,1000,615,0.0,100,7,n,4
544,I0544,800,460,615,159.0,100,0,n,3
3170,I3170,1200,800,615,307.0,100,4,n,4
6279,I6279,800,460,615,150.0,100,0,n,3
1868,I1868,1000,800,615,282.0,100,3,n,4
4832,I4832,800,460,615,314.0,100,0,n,3
102,I0102,1200,1000,615,349.0,100,6,n,4
1669,I1669,800,460,615,433.0,100,0,l,3
2973,I2973,1500,1000,615,228.0,100,7,n,4
2628,I2628,1000,800,615,290.0,100,3,l,4
4228,I4228,1200,800,615,213.0,100,4,n,4
2025,I2025,1000,800,615,226.0,100,3,n,4
4719,I4719,1200,800,615,439.0,100,4,n,4
2021,I2021,1500,800,615,263.0,100,5,n,4
1141,I1141,1200,800,615,229.0,100,4,n,4
5513,I5513,1200,1000,615,158.0,100,6,n,4
6014,I6014,800,600,615,102.0,100,2,l,3
5013,I5013,800,500,615,290.0,100,1,n,3
3426,I3426,1200,800,615,450.0,100,4,n,4
101,I0101,800,460,615,0.0,100,0,l,3
4594,I4594,800,500,615,247.0,100,1,l,3
160,I0160,800,500,615,464.0,100,1,n,3
3868,I3868,1200,1000,615,354.0,100,6,l,4
2316,I2316,1200,1000,615,253.0,100,6,n,4
3844,I3844,1000,800,615,0.0,100,3,n,4
180,I0180,1500,800,615,259.0,100,5,n,4
473,I0473,1200,1000,615,230.0,100,6,l,4
215,I0215,800,460,615,176.0,100,0,l,3
1872,I1872,800,460,615,325.0,100,0,n,3
3571,I3571,1500,1000,615,380.0,100,7,n,4
1370,I1370,1200,1000,615,286.0,100,6,n,4
1807,I1807,800,460,615,336.0,100,0,n,3
2041,I2041,1200,1000,615,398.0,100,6,n,4
5517,I5517,1000,800,615,280.0,100,3,n,4
3393,I3393,1200,800,615,0.0,100,4,n,4
6013,I6013,800,600,615,351.0,100,2,n,3
4316,I4316,800,500,615,191.0,100,1,l,3
1472,I1472,800,600,615,265.0,100,2,n,3
627,I0627,800,460,615,389.0,100,0,n,3
3058,I3058,1500,800,615,0.0,100,5,l,4
3851,I3851,1000,800,615,169.0,100,3,n,4
5465,I5465,1500,800,615,252.0,100,5,l,4
6143,I6143,1200,1000,615,425.0,100,6,n,4
4487,I4487,800,460,615,0.0,100,0,l,3
1792,I1792,800,460,615,367.0,100,0,l,3
3190,I3190,800,460,615,208.0,100,0,n,3
5714,I5714,800,460,615,0.0,100,0,n,3
5919,I5919,1000,800,615,229.0,100,3,n,4
4764,I4764,800,600,615,367.0,100,2,n,3
4892,I4892,1200,800,615,315.0,100,4,n,4
4653,I4653,1500,1000,615,307.0,100,7,l,4
3971,I3971,1200,1000,615,256.0,100,6,n,4
4194,I4194,1500,800,615,346.0,100,5,l,4
4881,I4881,1000,800,615,309.0,100,3,n,4
3972,I3972,1500,1000,615,288.0,100,7,n,4
124,I0124,1200,1000,615,458.0,100,6,n,4
1106,I1106,1000,800,615,300.0,100,3,n,4
5864,I5864,800,460,615,295.0,100,0,w,3
4962,I4962,1200,800,615,217.0,100,4,n,4
5002,I5002,800,500,615,375.0,100,1,w,3
1637,I1637,800,600,615,217.0,100,2,l,3
5828,I5828,1500,1000,615,386.0,100,7,n,4
1052,I1052,800,600,615,233.0,100,2,n,3
1731,I1731,1500,1000,615,323.0,100,7,l,4
3611,I3611,1500,1000,615,318.0,100,7,n,4
4507,I4507,1200,800,615,352.0,100,4,n,4
417,I0417,1500,800,615,217.0,100,5,n,4
4995,I4995,800,460,615,283.0,100,0,n,3
6439,I6439,1500,1000,615,286.0,100,7,w,4
6374,I6374,800,500,615,288.0,100,1,n,3
4844,I4844,1500,800,615,245.0,100,5,l,4
1726,I1726,800,460,615,299.0,100,0,n,3
2554,I2554,800,500,615,220.0,100,1,n,3
1525,I1525,1200,1000,615,206.0,100,6,w,4
1065,I1065,1000,800,615,347.0,100,3,l,4
3131,I3131,1000,800,615,160.0,100,3,n,4
5539,I5539,1000,800,615,178.0,100,3,n,4
6066,I6066,1500,800,615,171.0,100,5,n,4
4916,I4916,800,500,615,265.0,100,1,n,3
642,I0642,1500,800,615,263.0,100,5,n,4
1974,I1974,1500,800,615,404.0,100,5,n,4
1486,I1486,800,460,615,358.0,100,0,n,3
2638,I2638,1200,800,615,341.0,100,4,n,4
3388,I3388,800,500,615,389.0,100,1,n,3
2158,I2158,1500,800,615,389.0,100,5,n,4
6184,I6184,1500,1000,615,0.0,100,7,n,4
3133,I3133,800,460,615,129.0,100,0,n,3
858,I0858,800,600,615,422.0,100,2,n,3
6061,I6061,800,460,615,166.0,100,0,n,3
4171,I4171,1500,800,615,117.0,100,5,n,4
5088,I5088,800,460,615,312.0,100,0,w,3
3138,I3138,1500,800,615,308.0,100,5,n,4
3349,I3349,1500,1000,615,140.0,100,7,n,4
1401,I1401,800,500,615,428.0,100,1,n,3
3505,I3505,800,500,615,296.0,100,1,n,3
1045,I1045,1000,800,615,459.0,100,3,n,4
6145,I6145,1200,800,615,0.0,100,4,w,4
4853,I4853,1500,1000,615,393.0,100,7,w,4
2283,I2283,1200,800,615,289.0,100,4,n,4
1393,I1393,1500,1000,615,331.0,100,7,l,4
2135,I2135,1200,1000,615,189.0,100,6,n,4
4620,I4620,800,600,615,247.0,100,2,l,3
4172,I4172,800,500,615,293.0,100,1,n,3
2971,I2971,800,460,615,309.0,100,0,n,3
2779,I2779,1200,1000,615,177.0,100,6,n,4
3957,I3957,800,460,615,154.0,100,0,n,3
4373,I4373,800,500,615,341.0,100,1,n,3
4988,I4988,800,600,615,0.0,100,2,l,3
1308,I1308,1500,1000,615,273.0,100,7,w,4
4283,I4283,1200,800,615,137.0,100,4,l,4
4433,I4433,800,500,615,324.0,100,1,n,3
1233,I1233,1200,1000,615,431.0,100,6,l,4
5241,I5241,1200,1000,615,401.0,100,6,n,4
5944,I5944,800,600,615,311.0,100,2,n,3
4887,I4887,800,460,615,289.0,100,0,n,3
1594,I1594,1500,1000,615,237.0,100,7,n,4
781,I0781,1200,800,615,105.0,100,4,n,4
3848,I3848,800,500,615,345.0,100,1,l,3
1037,I1037,1200,800,615,0.0,100,4,n,4
3108,I3108,800,500,615,0.0,100,1,n,3
4113,I4113,800,600,615,361.0,100,2,n,3
1086,I1086,1200,1000,615,404.0,100,6,n,4
5092,I5092,800,460,615,202.0,100,0,n,3
4328,I4328,1500,800,615,183.0,100,5,n,4
2684,I2684,1500,800,615,263.0,100,5,w,4
5235,I5235,800,460,615,381.0,100,0,l,3
3990,I3990,800,460,615,116.0,100,0,n,3
5817,I5817,1000,800,615,0.0,100,3,n,4
4986,I4986,1200,1000,615,229.0,100,6,w,4
4099,I4099,1500,1000,615,357.0,100,7,n,4
4579,I4579,1500,1000,615,328.0,100,7,n,4
6095,I6095,1200,800,615,326.0,100,4,n,4
4983,I4983,1200,1000,615,311.0,100,6,n,4
6275,I6275,1200,1000,615,287.0,100,6,n,4
1886,I1886,1200,1000,615,353.0,100,6,n,4
1569,I1569,800,500,615,0.0,100,1,n,3
6281,I6281,1200,1000,615,322.0,100,6,l,4
406,I0406,1500,800,615,298.0,100,5,w,4
661,I0661,1500,800,615,293.0,100,5,n,4
2511,I2511,1500,1000,615,180.0,100,7,n,4
5163,I5163,800,500,615,243.0,100,1,n,3
5644,I5644,800,500,615,434.0,100,1,n,3
4292,I4292,800,460,615,136.0,100,0,n,3
5444,I5444,1000,800,615,410.0,100,3,n,4
3962,I3962,800,600,615,333.0,100,2,l,3
6207,I6207,1200,800,615,154.0,100,4,w,4
2609,I2609,800,460,615,169.0,100,0,n,3
3183,I3183,800,500,615,250.0,100,1,n,3
3399,I3399,1500,800,615,220.0,100,5,n,4
3386,I3386,1000,800,615,378.0,100,3,n,4
5345,I5345,800,600,615,378.0,100,2,n,3
1615,I1615,800,600,615,249.0,100,2,l,3
4954,I4954,800,600,615,431.0,100,2,n,3
1772,I1772,1000,800,615,442.0,100,3,l,4
1451,I1451,1000,800,615,227.0,100,3,n,4
4122,I4122,1200,1000,615,246.0,100,6,n,4
4389,I4389,800,460,615,273.0,100,0,n,3
2797,I2797,800,460,615,275.0,100,0,w,3
874,I0874,1500,1000,615,246.0,100,7,n,4
6040,I6040,1200,800,615,287.0,100,4,n,4
3002,I3002,1500,1000,615,445.0,100,7,n,4
3068,I3068,800,500,615,136.0,100,1,n,3
2742,I2742,800,500,615,365.0,100,1,w,3
214,I0214,800,600,615,0.0,100,2,n,3
5061,I5061,800,500,615,254.0,100,1,n,3
196,I0196,1200,800,615,138.0,100,4,w,4
484,I0484,800,460,615,344.0,100,0,n,3
2834,I2834,1200,800,615,336.0,100,4,n,4
1427,I1427,800,460,615,250.0,100,0,l,3
496,I0496,800,460,615,212.0,100,0,n,3
517,I0517,1000,800,615,397.0,100,3,n,4
5733,I5733,1200,1000,615,0.0,100,6,w,4
2596,I2596,800,500,615,244.0,100,1,n,3
227,I0227,1500,800,615,377.0,100,5,n,4
3005,I3005,800,460,615,298.0,100,0,n,3
450,I0450,1000,800,615,342.0,100,3,n,4
3374,I3374,800,600,615,412.0,100,2,n,3
5015,I5015,1200,800,615,0.0,100,4,n,4
3866,I3866,800,500,615,266.0,100,1,n,3
648,I0648,1200,800,615,423.0,100,4,n,4
2852,I2852,800,460,615,311.0,100,0,n,3
1133,I1133,1500,800,615,442.0,100,5,n,4
2510,I2510,1500,1000,615,121.0,100,7,n,4
5524,I5524,1200,1000,615,180.0,100,6,n,4
2584,I2584,1500,800,615,150.0,100,5,n,4
6373,I6373,800,600,615,248.0,100,2,n,3
979,I0979,1500,1000,615,405.0,100,7,n,4
4311,I4311,1500,1000,615,418.0,100,7,l,4
3398,I3398,1200,1000,615,372.0,100,6,n,4
1607,I1607,800,460,615,461.0,100,0,n,3
1473,I1473,1200,800,615,242.0,100,4,n,4
243,I0243,800,500,615,208.0,100,1,n,3
3691,I3691,800,460,615,340.0,100,0,n,3
2091,I2091,800,460,615,240.0,100,0,n,3
2473,I2473,800,600,615,377.0,100,2,n,3
5574,I5574,800,500,615,111.0,100,1,n,3
33,I0033,800,460,615,196.0,100,0,n,3
1943,I1943,1000,800,615,354.0,100,3,n,4
2655,I2655,800,460,615,0.0,100,0,n,3
1057,I1057,800,500,615,222.0,100,1,n,3
1193,I1193,1500,1000,615,200.0,100,7,n,4
4461,I4461,1000,800,615,172.0,100,3,n,4
4919,I4919,1500,1000,615,111.0,100,7,n,4
399,I0399,1200,1000,615,302.0,100,6,n,4
6332,I6332,1200,800,615,253.0,100,4,n,4
4421,I4421,1200,800,615,143.0,100,4,n,4
1771,I1771,800,500,615,141.0,100,1,n,3
590,I0590,800,600,615,0.0,100,2,n,3
242,I0242,1000,800,615,139.0,100,3,n,4
6016,I6016,800,460,615,311.0,100,0,n,3
4427,I4427,800,600,615,0.0,100,2,n,3
62,I0062,800,500,615,373.0,100,1,n,3
3351,I3351,800,600,615,324.0,100,2,n,3
2444,I2444,1200,800,615,357.0,100,4,n,4
2058,I2058,1000,800,615,405.0,100,3,n,4
1778,I1778,1500,1000,615,0.0,100,7,n,4
57,I0057,800,600,615,340.0,100,2,n,3
2923,I2923,800,600,615,267.0,100,2,n,3
4201,I4201,1500,800,615,139.0,100,5,n,4
3785,I3785,1200,1000,615,448.0,100,6,n,4
3153,I3153,1500,800,615,0.0,100,5,n,4
401,I0401,800,460,615,209.0,100,0,l,3
6033,I6033,800,460,615,373.0,100,0,n,3
6226,I6226,800,600,615,333.0,100,2,n,3
4871,I4871,1500,800,615,275.0,100,5,n,4
4095,I4095,800,500,615,266.0,100,1,n,3
4878,I4878,1200,800,615,343.0,100,4,n,4
6198,I6198,800,600,615,327.0,100,2,n,3
6171,I6171,1200,1000,615,450.0,100,6,w,4
5720,I5720,1000,800,615,387.0,100,3,w,4
1853,I1853,1200,800,615,144.0,100,4,n,4
6115,I6115,1200,800,615,212.0,100,4,l,4
41,I0041,1200,1000,615,339.0,100,6,n,4
1322,I1322,1200,1000,615,340.0,100,6,n,4
4947,I4947,800,460,615,403.0,100,0,w,3
5579,I5579,800,500,615,294.0,100,1,n,3
6219,I6219,1200,800,615,0.0,100,4,n,4
1263,I1263,1000,800,615,217.0,100,3,l,4
3924,I3924,1500,1000,615,292.0,100,7,n,4
5229,I5229,800,600,615,0.0,100,2,l,3
6174,I6174,800,460,615,164.0,100,0,n,3
2839,I2839,1200,1000,615,0.0,100,6,n,4
4386,I4386,800,500,615,428.0,100,1,n,3
568,I0568,1000,800,615,235.0,100,3,n,4
4981,I4981,1200,800,615,434.0,100,4,n,4
3840,I3840,800,500,615,278.0,100,1,n,3
1231,I1231,800,460,615,324.0,100,0,n,3
3559,I3559,1500,800,615,221.0,100,5,w,4
287,I0287,1200,800,615,228.0,100,4,n,4
678,I0678,800,460,615,302.0,100,0,n,3
1436,I1436,800,600,615,192.0,100,2,n,3
2726,I2726,800,600,615,0.0,100,2,n,3
1155,I1155,800,600,615,160.0,100,2,n,3
5137,I5137,800,500,615,365.0,100,1,l,3
4212,I4212,1500,1000,615,203.0,100,7,n,4
4366,I4366,1500,800,615,271.0,100,5,n,4
2695,I2695,800,500,615,284.0,100,1,l,3
2974,I2974,1000,800,615,249.0,100,3,n,4
4778,I4778,800,500,615,199.0,100,1,n,3
3475,I3475,1500,800,615,435.0,100,5,n,4
3501,I3501,800,460,615,325.0,100,0,n,3
6134,I6134,1500,1000,615,0.0,100,7,n,4
2618,I2618,800,500,615,434.0,100,1,n,3
3448,I3448,1500,800,615,305.0,100,5,l,4
3831,I3831,1000,800,615,237.0,100,3,n,4
425,I0425,1500,1000,615,268.0,100,7,n,4
2634,I2634,800,460,615,463.0,100,0,n,3
3871,I3871,1000,800,615,92.0,100,3,n,4
4390,I4390,1500,800,615,441.0,100,5,n,4
441,I0441,1200,1000,615,141.0,100,6,n,4
4993,I4993,1200,800,615,216.0,100,4,n,4
5435,I5435,1500,1000,615,116.0,100,7,n,4
357,I0357,1200,800,615,0.0,100,4,n,4
6411,I6411,1500,1000,615,153.0,100,7,n,4
657,I0657,800,500,615,366.0,100,1,n,3
5843,I5843,1500,1000,615,326.0,100,7,n,4
2741,I2741,800,600,615,200.0,100,2,l,3
2595,I2595,1200,800,615,318.0,100,4,n,4
2784,I2784,1500,800,615,0.0,100,5,n,4
3150,I3150,1500,1000,615,159.0,100,7,n,4
1985,I1985,1200,1000,615,170.0,100,6,n,4
3642,I3642,800,600,615,311.0,100,2,l,3
293,I0293,800,500,615,376.0,100,1,l,3
2133,I2133,800,600,615,196.0,100,2,n,3
1526,I1526,1200,1000,615,0.0,100,6,n,4
4696,I4696,800,460,615,316.0,100,0,n,3
4145,I4145,800,600,615,359.0,100,2,l,3
3762,I3762,1500,800,615,175.0,100,5,n,4
955,I0955,800,460,615,180.0,100,0,n,3
4034,I4034,1200,800,615,444.0,100,4,w,4
1813,I1813,1500,800,615,252.0,100,5,n,4
1561,I1561,1500,1000,615,307.0,100,7,n,4
1448,I1448,800,460,615,298.0,100,0,n,3
2336,I2336,1500,800,615,298.0,100,5,n,4
6311,I6311,1200,1000,615,339.0,100,6,n,4
5135,I5135,1500,1000,615,232.0,100,7,n,4
5415,I5415,1200,800,615,411.0,100,4,n,4
5098,I5098,1000,800,615,198.0,100,3,n,4
4616,I4616,1200,1000,615,366.0,100,6,w,4
5328,I5328,1200,1000,615,175.0,100,6,n,4
349,I0349,1200,800,615,185.0,100,4,n,4
3271,I3271,800,600,615,338.0,100,2,n,3
5916,I5916,1500,800,615,300.0,100,5,n,4
4422,I4422,800,600,615,316.0,100,2,l,3
3463,I3463,1500,1000,615,240.0,100,7,n,4
3539,I3539,800,500,615,391.0,100,1,n,3
4335,I4335,1200,800,615,327.0,100,4,w,4
5794,I5794,1500,800,615,202.0,100,5,n,4
4362,I4362,1000,800,615,207.0,100,3,n,4
5305,I5305,1200,800,615,316.0,100,4,n,4
5753,I5753,1500,1000,615,225.0,100,7,n,4
3404,I3404,1500,800,615,207.0,100,5,l,4
5530,I5530,1200,1000,615,271.0,100,6,n,4
2082,I2082,1500,800,615,284.0,100,5,l,4
6133,I6133,1200,1000,615,335.0,100,6,w,4
2926,I2926,1200,1000,615,124.0,100,6,n,4
226,I0226,1200,1000,615,345.0,100,6,n,4
5875,I5875,1000,800,615,0.0,100,3,n,4
1441,I1441,1200,800,615,292.0,100,4,n,4
893,I0893,1000,800,615,384.0,100,3,n,4
1013,I1013,800,600,615,116.0,100,2,n,3
1955,I1955,1000,800,615,316.0,100,3,l,4
5376,I5376,1500,1000,615,248.0,100,7,n,4
597,I0597,800,460,615,0.0,100,0,l,3
5764,I5764,800,460,615,461.0,100,0,n,3
2214,I2214,800,500,615,288.0,100,1,n,3
1655,I1655,800,600,615,207.0,100,2,n,3
1064,I1064,1500,800,615,141.0,100,5,n,4
1493,I1493,800,460,615,217.0,100,0,n,3
2773,I2773,800,500,615,315.0,100,1,n,3
1246,I1246,800,500,615,381.0,100,1,n,3
5019,I5019,1500,1000,615,236.0,100,7,n,4
6418,I6418,800,600,615,232.0,100,2,l,3
5788,I5788,800,600,615,178.0,100,2,n,3
6256,I6256,800,500,615,389.0,100,1,n,3
5183,I5183,1200,800,615,215.0,100,4,n,4
2456,I2456,1500,800,615,164.0,100,5,n,4
24,I0024,800,460,615,405.0,100,0,w,3
3196,I3196,1000,800,615,399.0,100,3,n,4
4102,I4102,800,600,615,334.0,100,2,n,3
3776,I3776,800,460,615,303.0,100,0,n,3
683,I0683,1500,1000,615,235.0,100,7,n,4
2748,I2748,1500,800,615,227.0,100,5,n,4
1666,I1666,800,600,615,320.0,100,2,n,3
5894,I5894,1500,1000,615,0.0,100,7,n,4
137,I0137,1200,1000,615,358.0,100,6,n,4
3600,I3600,800,500,615,466.0,100,1,n,3
4348,I4348,1200,800,615,163.0,100,4,n,4
1048,I1048,800,600,615,159.0,100,2,n,3
5715,I5715,800,500,615,0.0,100,1,w,3
3376,I3376,800,500,615,367.0,100,1,n,3
4907,I4907,800,500,615,361.0,100,1,n,3
3782,I3782,800,600,615,247.0,100,2,n,3
5624,I5624,1500,1000,615,132.0,100,7,n,4
3034,I3034,800,500,615,355.0,100,1,l,3
1646,I1646,1200,800,615,389.0,100,4,n,4
421,I0421,800,460,615,401.0,100,0,w,3
3026,I3026,1200,800,615,379.0,100,4,n,4
4041,I4041,1000,800,615,241.0,100,3,n,4
47,I0047,1200,800,615,193.0,100,4,n,4
152,I0152,1000,800,615,407.0,100,3,n,4
5590,I5590,800,600,615,216.0,100,2,n,3
5976,I5976,1200,800,615,0.0,100,4,w,4
5324,I5324,800,460,615,371.0,100,0,l,3
3946,I3946,1000,800,615,312.0,100,3,n,4
6032,I6032,1500,1000,615,0.0,100,7,n,4
841,I0841,800,460,615,241.0,100,0,n,3
3293,I3293,1200,800,615,391.0,100,4,n,4
5034,I5034,1200,1000,615,252.0,100,6,n,4
5911,I5911,1500,800,615,204.0,100,5,n,4
1469,I1469,800,460,615,226.0,100,0,n,3
1039,I1039,1500,800,615,442.0,100,5,n,4
1614,I1614,1000,800,615,229.0,100,3,n,4
2096,I2096,1200,1000,615,252.0,100,6,n,4
1696,I1696,1500,1000,615,155.0,100,7,n,4
4437,I4437,1000,800,615,418.0,100,3,n,4
4010,I4010,800,600,615,256.0,100,2,w,3
819,I0819,1000,800,615,273.0,100,3,n,4
2679,I2679,800,500,615,191.0,100,1,n,3
2394,I2394,1500,1000,615,268.0,100,7,n,4
6425,I6425,800,600,615,337.0,100,2,n,3
2233,I2233,800,500,615,323.0,100,1,w,3
701,I0701,1200,800,615,276.0,100,4,n,4
6029,I6029,1200,800,615,387.0,100,4,n,4
3486,I3486,1200,1000,615,248.0,100,6,n,4
2261,I2261,1000,800,615,394.0,100,3,n,4
4121,I4121,800,600,615,222.0,100,2,n,3
2649,I2649,1500,800,615,214.0,100,5,w,4
1234,I1234,1000,800,615,356.0,100,3,n,4
1923,I1923,1200,800,615,428.0,100,4,n,4
1242,I1242,1200,800,615,404.0,100,4,l,4
4899,I4899,800,460,615,134.0,100,0,n,3
2745,I2745,1500,1000,615,268.0,100,7,w,4
4614,I4614,800,460,615,135.0,100,0,n,3
525,I0525,800,600,615,289.0,100,2,n,3
4289,I4289,1000,800,615,204.0,100,3,w,4
1642,I1642,1500,800,615,241.0,100,5,w,4
1817,I1817,1500,1000,615,322.0,100,7,n,4
6351,I6351,1500,800,615,371.0,100,5,n,4
5193,I5193,1500,1000,615,103.0,100,7,n,4
923,I0923,1500,1000,615,299.0,100,7,n,4
2688,I2688,1500,800,615,0.0,100,5,w,4
6295,I6295,1200,1000,615,0.0,100,6,n,4
255,I0255,1000,800,615,0.0,100,3,l,4
6362,I6362,1200,800,615,363.0,100,4,n,4
1677,I1677,1500,1000,615,136.0,100,7,n,4
472,I0472,1500,800,615,383.0,100,5,l,4
3781,I3781,1000,800,615,307.0,100,3,n,4
6079,I6079,1200,800,615,224.0,100,4,n,4
1343,I1343,1200,1000,615,336.0,100,6,n,4
6210,I6210,800,460,615,399.0,100,0,n,3
861,I0861,1500,1000,615,142.0,100,7,n,4
621,I0621,800,500,615,358.0,100,1,n,3
39,I0039,800,600,615,281.0,100,2,n,3
5832,I5832,1500,1000,615,198.0,100,7,n,4
4052,I4052,1200,800,615,350.0,100,4,n,4
6001,I6001,800,600,615,287.0,100,2,n,3
5313,I5313,800,600,615,0.0,100,2,n,3
5049,I5049,1200,800,615,284.0,100,4,w,4
3741,I3741,1200,800,615,441.0,100,4,w,4
197,I0197,1200,1000,615,450.0,100,6,n,4
5440,I5440,1500,800,615,337.0,100,5,n,4
5683,I5683,800,600,615,186.0,100,2,n,3
481,I0481,1000,800,615,176.0,100,3,n,4
2958,I2958,1500,1000,615,322.0,100,7,n,4
2028,I2028,800,460,615,217.0,100,0,n,3
6201,I6201,1200,1000,615,287.0,100,6,l,4
4094,I4094,800,500,615,284.0,100,1,n,3
1798,I1798,800,500,615,170.0,100,1,n,3
1725,I1725,1200,1000,615,101.0,100,6,n,4
855,I0855,800,460,615,363.0,100,0,n,3
6088,I6088,800,600,615,237.0,100,2,n,3
266,I0266,800,500,615,209.0,100,1,n,3
551,I0551,1200,800,615,216.0,100,4,n,4
4252,I4252,1500,800,615,340.0,100,5,n,4
4701,I4701,800,600,615,311.0,100,2,n,3
4319,I4319,800,500,615,171.0,100,1,n,3
2593,I2593,1500,1000,615,223.0,100,7,n,4
4040,I4040,800,600,615,177.0,100,2,w,3
3746,I3746,1000,800,615,280.0,100,3,w,4
40,I0040,1000,800,615,326.0,100,3,n,4
1479,I1479,800,500,615,121.0,100,1,n,3
5712,I5712,800,600,615,0.0,100,2,n,3
2817,I2817,1500,1000,615,425.0,100,7,n,4
5142,I5142,1200,800,615,257.0,100,4,n,4
6197,I6197,1200,1000,615,293.0,100,6,n,4
2266,I2266,1500,1000,615,442.0,100,7,n,4
3023,I3023,1200,1000,615,181.0,100,6,n,4
1054,I1054,800,600,615,292.0,100,2,n,3
3744,I3744,1200,1000,615,373.0,100,6,n,4
4831,I4831,800,500,615,150.0,100,1,n,3
248,I0248,1500,1000,615,353.0,100,7,n,4
3720,I3720,800,460,615,260.0,100,0,n,3
5619,I5619,1500,1000,615,268.0,100,7,n,4
1805,I1805,1200,1000,615,327.0,100,6,w,4
5064,I5064,1500,1000,615,0.0,100,7,n,4
3716,I3716,800,600,615,404.0,100,2,n,3
5835,I5835,800,500,615,0.0,100,1,n,3
5593,I5593,1500,800,615,271.0,100,5,n,4
2571,I2571,1200,800,615,299.0,100,4,n,4
6063,I6063,1500,1000,615,0.0,100,7,n,4
5081,I5081,1000,800,615,216.0,100,3,n,4
4167,I4167,1000,800,615,184.0,100,3,n,4
2516,I2516,1000,800,615,365.0,100,3,n,4
316,I0316,800,500,615,406.0,100,1,n,3
1786,I1786,1200,800,615,206.0,100,4,n,4
1680,I1680,1200,1000,615,174.0,100,6,n,4
6159,I6159,800,500,615,239.0,100,1,n,3
1834,I1834,1200,1000,615,362.0,100,6,n,4
6448,I6448,1000,800,615,442.0,100,3,w,4
1071,I1071,1000,800,615,272.0,100,3,n,4
1604,I1604,1200,800,615,288.0,100,4,n,4
928,I0928,1200,800,615,205.0,100,4,n,4
712,I0712,1500,800,615,385.0,100,5,w,4
4241,I4241,1000,800,615,367.0,100,3,n,4
6435,I6435,800,460,615,0.0,100,0,n,3
2392,I2392,800,460,615,318.0,100,0,n,3
4891,I4891,1200,800,615,378.0,100,4,n,4
2699,I2699,1500,800,615,263.0,100,5,l,4
1683,I1683,1200,800,615,278.0,100,4,n,4
317,I0317,800,600,615,382.0,100,2,n,3
2482,I2482,800,500,615,414.0,100,1,n,3
548,I0548,1500,1000,615,412.0,100,7,n,4
2375,I2375,800,500,615,284.0,100,1,n,3
4640,I4640,1200,800,615,182.0,100,4,n,4
4922,I4922,1500,1000,615,331.0,100,7,l,4
3045,I3045,800,600,615,164.0,100,2,n,3
3894,I3894,1000,800,615,261.0,100,3,n,4
5011,I5011,1000,800,615,411.0,100,3,n,4
3169,I3169,1200,800,615,274.0,100,4,n,4
3213,I3213,1200,800,615,429.0,100,4,l,4
91,I0091,1200,1000,615,438.0,100,6,n,4
2830,I2830,800,500,615,388.0,100,1,n,3
812,I0812,800,600,615,118.0,100,2,n,3
5477,I5477,1200,800,615,404.0,100,4,n,4
2191,I2191,1200,1000,615,308.0,100,6,n,4
2399,I2399,1000,800,615,0.0,100,3,n,4
28,I0028,1200,800,615,122.0,100,4,n,4
4056,I4056,800,460,615,126.0,100,0,l,3
5318,I5318,1500,1000,615,224.0,100,7,n,4
2897,I2897,800,500,615,378.0,100,1,n,3
434,I0434,800,500,615,278.0,100,1,n,3
329,I0329,1000,800,615,0.0,100,3,n,4
309,I0309,1200,1000,615,169.0,100,6,n,4
733,I0733,800,600,615,153.0,100,2,n,3
1201,I1201,1500,800,615,312.0,100,5,n,4
5482,I5482,1200,800,615,221.0,100,4,n,4
4523,I4523,1200,800,615,177.0,100,4,n,4
5877,I5877,800,600,615,122.0,100,2,n,3
6194,I6194,1000,800,615,406.0,100,3,n,4
2920,I2920,1000,800,615,0.0,100,3,n,4
2057,I2057,1200,800,615,208.0,100,4,l,4
3364,I3364,1500,800,615,416.0,100,5,n,4
4266,I4266,1500,800,615,213.0,100,5,n,4
5948,I5948,800,460,615,161.0,100,0,n,3
5245,I5245,800,600,615,342.0,100,2,n,3
5697,I5697,1000,800,615,283.0,100,3,w,4
518,I0518,1000,800,615,199.0,100,3,n,4
2878,I2878,1200,800,615,456.0,100,4,n,4
3797,I3797,800,600,615,0.0,100,2,n,3
3950,I3950,1200,1000,615,347.0,100,6,l,4
1400,I1400,800,600,615,285.0,100,2,n,3
3548,I3548,800,600,615,250.0,100,2,n,3
4224,I4224,1200,800,615,0.0,100,4,w,4
3926,I3926,1500,1000,615,354.0,100,7,n,4
747,I0747,800,460,615,219.0,100,0,n,3
4949,I4949,1500,800,615,0.0,100,5,n,4
3422,I3422,1200,1000,615,365.0,100,6,w,4
1360,I1360,800,500,615,339.0,100,1,n,3
773,I0773,1500,1000,615,373.0,100,7,n,4
477,I0477,800,500,615,218.0,100,1,n,3
4686,I4686,1500,800,615,391.0,100,5,n,4
3603,I3603,1500,800,615,190.0,100,5,n,4
1456,I1456,1200,1000,615,235.0,100,6,n,4
3319,I3319,1200,800,615,291.0,100,4,n,4
4663,I4663,1200,800,615,363.0,100,4,w,4
1736,I1736,800,460,615,270.0,100,0,n,3
5616,I5616,1500,800,615,304.0,100,5,n,4
722,I0722,800,600,615,245.0,100,2,n,3
1751,I1751,1000,800,615,135.0,100,3,n,4
2129,I2129,1200,1000,615,363.0,100,6,n,4
3217,I3217,1200,1000,615,386.0,100,6,n,4
3221,I3221,1000,800,615,272.0,100,3,n,4
4783,I4783,1000,800,615,212.0,100,3,n,4
4347,I4347,1500,800,615,125.0,100,5,n,4
1860,I1860,1200,800,615,317.0,100,4,l,4
2848,I2848,1500,1000,615,278.0,100,7,w,4
4488,I4488,1200,1000,615,185.0,100,6,n,4
2654,I2654,1500,1000,615,334.0,100,7,n,4
2259,I2259,1200,1000,615,223.0,100,6,n,4
4486,I4486,1200,800,615,263.0,100,4,n,4
4083,I4083,800,500,615,312.0,100,1,n,3
3070,I3070,800,500,615,268.0,100,1,l,3
3687,I3687,1500,800,615,232.0,100,5,n,4
143,I0143,1200,800,615,161.0,100,4,l,4
1357,I1357,1200,1000,615,439.0,100,6,n,4
4244,I4244,1200,800,615,367.0,100,4,n,4
3850,I3850,800,600,615,427.0,100,2,n,3
2821,I2821,1500,1000,615,385.0,100,7,n,4
4668,I4668,1500,800,615,417.0,100,5,n,4
6443,I6443,1500,800,615,123.0,100,5,l,4
5531,I5531,1200,1000,615,261.0,100,6,l,4
4996,I4996,1500,1000,615,260.0,100,7,n,4
6280,I6280,1500,1000,615,282.0,100,7,l,4
1324,I1324,800,600,615,396.0,100,2,n,3
3179,I3179,800,600,615,318.0,100,2,n,3
4342,I4342,800,460,615,186.0,100,0,n,3
1733,I1733,1500,1000,615,345.0,100,7,n,4
2358,I2358,1500,1000,615,366.0,100,7,n,4
2873,I2873,800,460,615,140.0,100,0,n,3
408,I0408,1200,800,615,208.0,100,4,n,4
5520,I5520,1500,1000,615,183.0,100,7,n,4
235,I0235,800,500,615,0.0,100,1,n,3
1114,I1114,1500,1000,615,300.0,100,7,n,4
1959,I1959,1200,1000,615,413.0,100,6,n,4
1248,I1248,800,600,615,344.0,100,2,n,3
2858,I2858,800,460,615,442.0,100,0,n,3
2449,I2449,1500,1000,615,298.0,100,7,n,4
4250,I4250,1200,800,615,410.0,100,4,l,4
5913,I5913,1000,800,615,423.0,100,3,n,4
3543,I3543,1500,1000,615,168.0,100,7,n,4
4313,I4313,800,460,615,110.0,100,0,n,3
2106,I2106,1000,800,615,212.0,100,3,n,4
5090,I5090,1500,800,615,255.0,100,5,n,4
457,I0457,1000,800,615,390.0,100,3,n,4
2632,I2632,800,460,615,185.0,100,0,n,3
4976,I4976,1200,800,615,389.0,100,4,n,4
1865,I1865,800,460,615,222.0,100,0,n,3
1979,I1979,1500,1000,615,130.0,100,7,w,4
5561,I5561,800,600,615,0.0,100,2,n,3
6360,I6360,1200,1000,615,161.0,100,6,n,4
4585,I4585,1200,800,615,190.0,100,4,n,4
814,I0814,1500,800,615,337.0,100,5,n,4
1425,I1425,1000,800,615,288.0,100,3,l,4
2710,I2710,1500,1000,615,293.0,100,7,n,4
1320,I1320,800,600,615,283.0,100,2,w,3
3519,I3519,1500,800,615,370.0,100,5,n,4
4693,I4693,800,500,615,312.0,100,1,l,3
2427,I2427,1000,800,615,207.0,100,3,n,4
451,I0451,1200,1000,615,290.0,100,6,n,4
1151,I1151,1200,800,615,195.0,100,4,n,4
4156,I4156,800,500,615,150.0,100,1,w,3
4952,I4952,1000,800,615,347.0,100,3,n,4
5692,I5692,800,600,615,237.0,100,2,n,3
5635,I5635,1000,800,615,179.0,100,3,n,4
3358,I3358,1000,800,615,264.0,100,3,n,4
3346,I3346,1200,1000,615,150.0,100,6,n,4
4273,I4273,1200,1000,615,330.0,100,6,n,4
6337,I6337,1500,800,615,198.0,100,5,n,4
749,I0749,1500,1000,615,316.0,100,7,n,4
1765,I1765,800,460,615,0.0,100,0,n,3
676,I0676,800,500,615,382.0,100,1,l,3
3466,I3466,800,500,615,225.0,100,1,n,3
6136,I6136,800,460,615,230.0,100,0,n,3
1241,I1241,800,500,615,0.0,100,1,n,3
4206,I4206,800,460,615,330.0,100,0,n,3
5110,I5110,1200,1000,615,0.0,100,6,n,4
9,I0009,1200,800,615,170.0,100,4,n,4
2700,I2700,1500,800,615,255.0,100,5,n,4
281,I0281,1200,800,615,270.0,100,4,n,4
1423,I1423,1200,800,615,314.0,100,4,n,4
2438,I2438,800,600,615,304.0,100,2,l,3
6015,I6015,1000,800,615,183.0,100,3,w,4
6181,I6181,1200,800,615,0.0,100,4,w,4
3457,I3457,800,600,615,194.0,100,2,n,3
15,I0015,1000,800,615,154.0,100,3,l,4
2228,I2228,800,500,615,316.0,100,1,n,3
6302,I6302,800,600,615,0.0,100,2,n,3
3605,I3605,1200,1000,615,360.0,100,6,w,4
1926,I1926,1000,800,615,366.0,100,3,n,4
5505,I5505,800,500,615,371.0,100,1,n,3
2636,I2636,800,460,615,220.0,100,0,n,3
3936,I3936,1500,800,615,309.0,100,5,n,4
4043,I4043,1500,1000,615,227.0,100,7,n,4
5398,I5398,1000,800,615,177.0,100,3,n,4
6432,I6432,800,460,615,90.0,100,0,w,3
2361,I2361,1500,1000,615,0.0,100,7,n,4
4602,I4602,800,600,615,348.0,100,2,n,3
3984,I3984,800,600,615,404.0,100,2,n,3
2461,I2461,1000,800,615,180.0,100,3,l,4
5226,I5226,1500,800,615,276.0,100,5,n,4
3436,I3436,1500,1000,615,0.0,100,7,n,4
4462,I4462,1000,800,615,257.0,100,3,n,4
6118,I6118,1200,800,615,331.0,100,4,n,4
3577,I3577,1000,800,615,315.0,100,3,n,4
1314,I1314,1000,800,615,252.0,100,3,n,4
3434,I3434,800,600,615,165.0,100,2,n,3
330,I0330,1500,1000,615,180.0,100,7,w,4
2200,I2200,800,460,615,201.0,100,0,n,3
2073,I2073,800,460,615,457.0,100,0,l,3
4028,I4028,1200,800,615,191.0,100,4,w,4
3617,I3617,1200,1000,615,153.0,100,6,n,4
2602,I2602,1500,800,615,374.0,100,5,n,4
6141,I6141,1000,800,615,248.0,100,3,n,4
110,I0110,1500,1000,615,457.0,100,7,n,4
4895,I4895,1500,1000,615,363.0,100,7,n,4
4021,I4021,800,460,615,266.0,100,0,n,3
6100,I6100,1200,800,615,258.0,100,4,n,4
4573,I4573,1500,1000,615,0.0,100,7,w,4
2370,I2370,1000,800,615,174.0,100,3,n,4
4012,I4012,1500,800,615,408.0,100,5,n,4
2614,I2614,1500,800,615,140.0,100,5,n,4
1312,I1312,800,460,615,340.0,100,0,n,3
5971,I5971,800,500,615,297.0,100,1,n,3
894,I0894,1500,1000,615,385.0,100,7,n,4
2318,I2318,1200,800,615,260.0,100,4,n,4
4982,I4982,1200,1000,615,237.0,100,6,n,4
5521,I5521,800,500,615,0.0,100,1,n,3
5651,I5651,1200,800,615,253.0,100,4,w,4
1781,I1781,1500,800,615,160.0,100,5,n,4
4584,I4584,1200,1000,615,243.0,100,6,n,4
1282,I1282,800,460,615,339.0,100,0,n,3
4855,I4855,1200,800,615,362.0,100,4,n,4
3429,I3429,1200,1000,615,359.0,100,6,n,4
2010,I2010,800,460,615,284.0,100,0,n,3
2824,I2824,800,600,615,350.0,100,2,n,3
1345,I1345,1200,800,615,176.0,100,4,n,4
5721,I5721,800,600,615,191.0,100,2,n,3
1599,I1599,1500,800,615,373.0,100,5,n,4
999,I0999,1200,1000,615,187.0,100,6,n,4
1020,I1020,800,600,615,164.0,100,2,n,3
25,I0025,800,600,615,338.0,100,2,n,3
1686,I1686,800,500,615,124.0,100,1,n,3
5674,I5674,1500,1000,615,289.0,100,7,n,4
3801,I3801,1500,800,615,274.0,100,5,n,4
3442,I3442,1500,1000,615,145.0,100,7,n,4
1192,I1192,1000,800,615,274.0,100,3,n,4
5261,I5261,1000,800,615,282.0,100,3,n,4
5659,I5659,800,460,615,231.0,100,0,n,3
1508,I1508,1000,800,615,396.0,100,3,n,4
79,I0079,1200,800,615,372.0,100,4,n,4
1784,I1784,800,500,615,339.0,100,1,n,3
1657,I1657,1200,1000,615,425.0,100,6,w,4
776,I0776,1500,800,615,224.0,100,5,n,4
6075,I6075,1200,800,615,208.0,100,4,n,4
2540,I2540,800,600,615,239.0,100,2,n,3
3061,I3061,800,600,615,155.0,100,2,n,3
745,I0745,1200,1000,615,0.0,100,6,n,4
582,I0582,800,500,615,202.0,100,1,n,3
3632,I3632,800,500,615,148.0,100,1,n,3
6205,I6205,800,600,615,325.0,100,2,n,3
2582,I2582,800,600,615,242.0,100,2,n,3
128,I0128,800,460,615,0.0,100,0,n,3
5271,I5271,800,460,615,199.0,100,0,n,3
3460,I3460,800,460,615,0.0,100,0,n,3
5203,I5203,1500,800,615,362.0,100,5,n,4
4410,I4410,800,600,615,212.0,100,2,n,3
2332,I2332,1500,1000,615,383.0,100,7,n,4
2250,I2250,800,460,615,144.0,100,0,n,3
4621,I4621,800,460,615,167.0,100,0,n,3
4200,I4200,1500,800,615,406.0,100,5,n,4
4968,I4968,800,600,615,218.0,100,2,n,3
295,I0295,800,600,615,327.0,100,2,n,3
6157,I6157,1200,1000,615,395.0,100,6,w,4
233,I0233,1200,800,615,362.0,100,4,n,4
389,I0389,1200,800,615,0.0,100,4,w,4
6087,I6087,800,500,615,288.0,100,1,w,3
5384,I5384,800,600,615,414.0,100,2,n,3
2290,I2290,1500,800,615,317.0,100,5,n,4
3368,I3368,800,460,615,267.0,100,0,n,3
3698,I3698,800,460,615,369.0,100,0,l,3
1361,I1361,1200,800,615,166.0,100,4,n,4
4279,I4279,800,600,615,379.0,100,2,n,3
2530,I2530,1500,800,615,349.0,100,5,n,4
1551,I1551,1200,800,615,347.0,100,4,n,4
397,I0397,800,600,615,311.0,100,2,n,3
1416,I1416,1000,800,615,403.0,100,3,n,4
5494,I5494,800,500,615,413.0,100,1,n,3
4382,I4382,800,600,615,139.0,100,2,w,3
3536,I3536,1500,1000,615,174.0,100,7,n,4
3860,I3860,1200,800,615,145.0,100,4,n,4
1814,I1814,1500,800,615,471.0,100,5,w,4
5698,I5698,1500,1000,615,315.0,100,7,n,4
670,I0670,1200,1000,615,178.0,100,6,n,4
3356,I3356,1500,1000,615,295.0,100,7,n,4
4525,I4525,1500,1000,615,209.0,100,7,n,4
2836,I2836,800,600,615,303.0,100,2,n,3
3418,I3418,800,500,615,264.0,100,1,l,3
2307,I2307,1500,800,615,164.0,100,5,n,4
2026,I2026,1200,800,615,323.0,100,4,l,4
365,I0365,800,460,615,119.0,100,0,n,3
1121,I1121,800,500,615,338.0,100,1,n,3
5902,I5902,1200,800,615,246.0,100,4,n,4
4101,I4101,1500,800,615,354.0,100,5,n,4
5256,I5256,1200,1000,615,374.0,100,6,n,4
72,I0072,1200,1000,615,283.0,100,6,l,4
5806,I5806,1200,1000,615,128.0,100,6,n,4
1411,I1411,1200,800,615,158.0,100,4,n,4
1931,I1931,1200,1000,615,372.0,100,6,n,4
4810,I4810,1200,800,615,0.0,100,4,n,4
5826,I5826,1200,1000,615,406.0,100,6,l,4
939,I0939,800,460,615,208.0,100,0,n,3
64,I0064,800,500,615,404.0,100,1,n,3
5510,I5510,1500,1000,615,166.0,100,7,l,4
2115,I2115,1200,800,615,296.0,100,4,n,4
716,I0716,800,460,615,217.0,100,0,n,3
2731,I2731,1500,1000,615,0.0,100,7,n,4
4547,I4547,1200,1000,615,292.0,100,6,n,4
536,I0536,800,600,615,281.0,100,2,n,3
1519,I1519,800,500,615,314.0,100,1,n,3
6297,I6297,1200,800,615,304.0,100,4,w,4
3522,I3522,800,500,615,383.0,100,1,n,3
4152,I4152,1200,800,615,160.0,100,4,n,4
691,I0691,800,600,615,299.0,100,2,n,3
6239,I6239,1200,1000,615,216.0,100,6,n,4
6071,I6071,800,600,615,310.0,100,2,l,3
2885,I2885,800,500,615,326.0,100,1,n,3
280,I0280,1200,800,615,357.0,100,4,n,4
1196,I1196,800,460,615,403.0,100,0,n,3
2524,I2524,1500,1000,615,298.0,100,7,l,4
4972,I4972,1500,800,615,281.0,100,5,n,4
5503,I5503,1500,800,615,0.0,100,5,n,4
3863,I3863,1200,1000,615,126.0,100,6,n,4
55,I0055,1500,1000,615,250.0,100,7,n,4
4160,I4160,1200,1000,615,343.0,100,6,w,4
2875,I2875,800,500,615,386.0,100,1,n,3
1195,I1195,800,500,615,390.0,100,1,n,3
2637,I2637,1200,1000,615,154.0,100,6,n,4
565,I0565,800,500,615,211.0,100,1,w,3
847,I0847,800,600,615,216.0,100,2,l,3
4784,I4784,1200,800,615,320.0,100,4,n,4
385,I0385,1000,800,615,293.0,100,3,n,4
3701,I3701,800,460,615,388.0,100,0,n,3
2117,I2117,800,500,615,189.0,100,1,n,3
4727,I4727,800,460,615,250.0,100,0,l,3
1169,I1169,1500,800,615,307.0,100,5,n,4
5251,I5251,1000,800,615,194.0,100,3,n,4
3498,I3498,1200,1000,615,98.0,100,6,n,4
1083,I1083,800,460,615,411.0,100,0,n,3
5299,I5299,1200,1000,615,315.0,100,6,n,4
2315,I2315,1000,800,615,133.0,100,3,l,4
2139,I2139,1000,800,615,292.0,100,3,n,4
3051,I3051,800,600,615,364.0,100,2,n,3
5321,I5321,1200,1000,615,290.0,100,6,w,4
185,I0185,1500,1000,615,274.0,100,7,n,4
2769,I2769,800,460,615,169.0,100,0,n,3
4900,I4900,800,600,615,0.0,100,2,w,3
4662,I4662,1000,800,615,215.0,100,3,n,4
1351,I1351,800,500,615,263.0,100,1,n,3
1546,I1546,800,460,615,328.0,100,0,n,3
4049,I4049,800,460,615,228.0,100,0,n,3
5957,I5957,800,600,615,280.0,100,2,n,3
3289,I3289,1200,1000,615,250.0,100,6,n,4
3913,I3913,1200,1000,615,286.0,100,6,n,4
6320,I6320,1500,800,615,0.0,100,5,w,4
802,I0802,800,460,615,329.0,100,0,n,3
3624,I3624,1500,800,615,145.0,100,5,n,4
567,I0567,800,500,615,341.0,100,1,w,3
3173,I3173,1200,800,615,0.0,100,4,n,4
4820,I4820,800,460,615,427.0,100,0,l,3
3292,I3292,800,460,615,0.0,100,0,n,3
87,I0087,1500,800,615,315.0,100,5,w,4
578,I0578,1500,800,615,410.0,100,5,n,4
2186,I2186,800,500,615,231.0,100,1,w,3
897,I0897,1500,800,615,220.0,100,5,w,4
3807,I3807,800,600,615,0.0,100,2,n,3
3993,I3993,1200,1000,615,292.0,100,6,w,4
2842,I2842,800,460,615,163.0,100,0,n,3
1839,I1839,1500,1000,615,365.0,100,7,n,4
6128,I6128,800,460,615,139.0,100,0,n,3
3490,I3490,1500,1000,615,0.0,100,7,l,4
2928,I2928,800,500,615,182.0,100,1,w,3
4920,I4920,1000,800,615,0.0,100,3,n,4
4341,I4341,800,460,615,338.0,100,0,w,3
3637,I3637,1200,800,615,317.0,100,4,l,4
1117,I1117,1200,800,615,220.0,100,4,n,4
2737,I2737,1000,800,615,306.0,100,3,n,4
719,I0719,800,500,615,332.0,100,1,n,3
6261,I6261,800,600,615,121.0,100,2,n,3
672,I0672,1000,800,615,203.0,100,3,n,4
1118,I1118,800,500,615,212.0,100,1,n,3
4208,I4208,1500,1000,615,329.0,100,7,n,4
493,I0493,1200,1000,615,286.0,100,6,n,4
2692,I2692,1200,1000,615,364.0,100,6,l,4
6361,I6361,1200,1000,615,232.0,100,6,n,4
2267,I2267,1500,800,615,370.0,100,5,n,4
3357,I3357,800,460,615,255.0,100,0,n,3
6250,I6250,800,600,615,117.0,100,2,l,3
4813,I4813,1500,1000,615,133.0,100,7,n,4
4185,I4185,800,460,615,329.0,100,0,n,3
4638,I4638,800,600,615,226.0,100,2,n,3
2137,I2137,800,460,615,182.0,100,0,n,3
4520,I4520,1200,1000,615,186.0,100,6,n,4
3563,I3563,1200,800,615,368.0,100,4,w,4
1989,I1989,1500,1000,615,178.0,100,7,n,4
5822,I5822,1000,800,615,234.0,100,3,n,4
2007,I2007,1000,800,615,241.0,100,3,l,4
3076,I3076,1000,800,615,332.0,100,3,n,4
5990,I5990,800,500,615,319.0,100,1,n,3
5421,I5421,1000,800,615,0.0,100,3,n,4
4654,I4654,1000,800,615,189.0,100,3,n,4
5682,I5682,1000,800,615,252.0,100,3,n,4
3373,I3373,1500,800,615,255.0,100,5,w,4
318,I0318,800,600,615,287.0,100,2,w,3
4554,I4554,1500,1000,615,391.0,100,7,n,4
5357,I5357,1000,800,615,392.0,100,3,n,4
2431,I2431,1500,800,615,361.0,100,5,n,4
1418,I1418,800,460,615,0.0,100,0,n,3
5365,I5365,1200,800,615,424.0,100,4,n,4
4619,I4619,800,500,615,288.0,100,1,n,3
2708,I2708,1200,800,615,0.0,100,4,l,4
2945,I2945,1500,1000,615,194.0,100,7,n,4
483,I0483,1200,800,615,321.0,100,4,n,4
1395,I1395,800,600,615,314.0,100,2,n,3
66,I0066,800,600,615,256.0,100,2,w,3
2608,I2608,800,600,615,177.0,100,2,n,3
1375,I1375,1200,1000,615,384.0,100,6,w,4
2563,I2563,1200,800,615,316.0,100,4,l,4
965,I0965,1500,800,615,389.0,100,5,n,4
2703,I2703,1500,1000,615,349.0,100,7,n,4
1811,I1811,1200,1000,615,462.0,100,6,n,4
1490,I1490,1200,800,615,437.0,100,4,n,4
5608,I5608,800,600,615,292.0,100,2,n,3
1191,I1191,1200,800,615,331.0,100,4,n,4
2035,I2035,1000,800,615,283.0,100,3,n,4
6446,I6446,1200,1000,615,270.0,100,6,n,4
3257,I3257,1200,1000,615,385.0,100,6,n,4
6319,I6319,1000,800,615,248.0,100,3,w,4
5732,I5732,800,460,615,464.0,100,0,n,3
1295,I1295,800,600,615,334.0,100,2,n,3
5878,I5878,800,500,615,288.0,100,1,w,3
4707,I4707,800,460,615,353.0,100,0,n,3
1678,I1678,800,600,615,356.0,100,2,n,3
2462,I2462,1500,800,615,385.0,100,5,l,4
1481,I1481,1200,1000,615,225.0,100,6,n,4
3212,I3212,1500,800,615,423.0,100,5,l,4
4269,I4269,1000,800,615,235.0,100,3,n,4
1346,I1346,1200,800,615,307.0,100,4,n,4
2603,I2603,1500,800,615,360.0,100,5,l,4
1871,I1871,1200,800,615,0.0,100,4,n,4
4478,I4478,1500,1000,615,314.0,100,7,n,4
605,I0605,1500,1000,615,329.0,100,7,n,4
2951,I2951,1500,800,615,311.0,100,5,n,4
782,I0782,800,460,615,136.0,100,0,w,3
1732,I1732,800,500,615,134.0,100,1,n,3
6228,I6228,1200,1000,615,362.0,100,6,n,4
2970,I2970,1000,800,615,147.0,100,3,n,4
1176,I1176,1500,1000,615,345.0,100,7,w,4
6436,I6436,1200,1000,615,192.0,100,6,n,4
5895,I5895,800,500,615,402.0,100,1,n,3
4431,I4431,1500,1000,615,285.0,100,7,n,4
5871,I5871,1200,1000,615,201.0,100,6,n,4
3437,I3437,1200,800,615,184.0,100,4,l,4
4312,I4312,1200,800,615,283.0,100,4,n,4
4081,I4081,800,600,615,360.0,100,2,l,3
3619,I3619,1200,800,615,120.0,100,4,n,4
5240,I5240,800,460,615,0.0,100,0,n,3
1040,I1040,1500,800,615,352.0,100,5,n,4
3066,I3066,1200,800,615,374.0,100,4,n,4
3768,I3768,1200,1000,615,348.0,100,6,n,4
3095,I3095,1500,1000,615,331.0,100,7,n,4
5099,I5099,800,460,615,332.0,100,0,n,3
5831,I5831,1000,800,615,0.0,100,3,n,4
3232,I3232,1500,1000,615,391.0,100,7,n,4
22,I0022,1500,1000,615,337.0,100,7,n,4
4184,I4184,800,460,615,336.0,100,0,n,3
1723,I1723,800,500,615,271.0,100,1,l,3
209,I0209,1000,800,615,171.0,100,3,n,4
4755,I4755,1200,1000,615,193.0,100,6,n,4
2293,I2293,800,460,615,101.0,100,0,n,3
2088,I2088,1500,800,615,0.0,100,5,n,4
1996,I1996,800,500,615,169.0,100,1,n,3
4655,I4655,1500,800,615,310.0,100,5,n,4
5666,I5666,800,460,615,187.0,100,0,n,3
637,I0637,1200,800,615,294.0,100,4,l,4
5525,I5525,800,600,615,232.0,100,2,n,3
6299,I6299,1200,1000,615,0.0,100,6,n,4
361,I0361,1500,1000,615,146.0,100,7,n,4
6101,I6101,1200,800,615,366.0,100,4,n,4
5949,I5949,1200,1000,615,359.0,100,6,n,4
1846,I1846,1200,800,615,121.0,100,4,n,4
3676,I3676,1200,800,615,277.0,100,4,n,4
2366,I2366,1200,1000,615,253.0,100,6,w,4
2410,I2410,800,460,615,162.0,100,0,n,3
3964,I3964,1000,800,615,372.0,100,3,n,4
2245,I2245,1500,800,615,249.0,100,5,n,4
1264,I1264,1500,1000,615,379.0,100,7,n,4
4749,I4749,800,500,615,0.0,100,1,l,3
1558,I1558,1000,800,615,130.0,100,3,n,4
1600,I1600,1000,800,615,144.0,100,3,n,4
5725,I5725,800,600,615,440.0,100,2,l,3
2319,I2319,1500,800,615,183.0,100,5,n,4
4254,I4254,1500,1000,615,348.0,100,7,n,4
1305,I1305,1000,800,615,0.0,100,3,n,4
4970,I4970,800,600,615,159.0,100,2,n,3
6042,I6042,1500,1000,615,0.0,100,7,n,4
1749,I1749,1500,800,615,165.0,100,5,l,4
5556,I5556,1500,1000,615,283.0,100,7,n,4
1217,I1217,800,460,615,138.0,100,0,n,3
6254,I6254,1500,1000,615,292.0,100,7,n,4
4590,I4590,1200,1000,615,406.0,100,6,n,4
3413,I3413,800,500,615,328.0,100,1,n,3
2412,I2412,1500,1000,615,337.0,100,7,n,4
2802,I2802,1200,800,615,304.0,100,4,n,4
155,I0155,800,600,615,148.0,100,2,w,3
4941,I4941,800,600,615,306.0,100,2,n,3
1285,I1285,1200,800,615,454.0,100,4,n,4
3491,I3491,1200,1000,615,326.0,100,6,w,4
5631,I5631,1500,800,615,260.0,100,5,n,4
6249,I6249,800,500,615,210.0,100,1,n,3
840,I0840,1500,800,615,187.0,100,5,n,4
5379,I5379,1200,1000,615,239.0,100,6,n,4
4843,I4843,800,500,615,156.0,100,1,n,3
1728,I1728,1500,1000,615,246.0,100,7,n,4
5128,I5128,1500,1000,615,376.0,100,7,n,4
338,I0338,1500,1000,615,185.0,100,7,n,4
725,I0725,800,500,615,171.0,100,1,n,3
1936,I1936,800,500,615,313.0,100,1,n,3
108,I0108,800,500,615,383.0,100,1,n,3
3047,I3047,800,460,615,333.0,100,0,n,3
1754,I1754,800,500,615,375.0,100,1,w,3
5583,I5583,800,460,615,140.0,100,0,n,3
940,I0940,800,600,615,355.0,100,2,n,3
1628,I1628,800,460,615,187.0,100,0,n,3
424,I0424,800,600,615,285.0,100,2,n,3
2502,I2502,1500,1000,615,181.0,100,7,n,4
1417,I1417,800,500,615,188.0,100,1,w,3
3336,I3336,800,600,615,192.0,100,2,n,3
431,I0431,1200,1000,615,421.0,100,6,w,4
1146,I1146,1200,1000,615,368.0,100,6,n,4
3547,I3547,1500,800,615,315.0,100,5,n,4
3981,I3981,800,460,615,358.0,100,0,n,3
3090,I3090,800,500,615,146.0,100,1,n,3
3030,I3030,800,600,615,210.0,100,2,n,3
3922,I3922,1500,800,615,297.0,100,5,n,4
6122,I6122,800,500,615,362.0,100,1,n,3
2114,I2114,800,600,615,0.0,100,2,n,3
1832,I1832,1500,1000,615,351.0,100,7,n,4
1223,I1223,1500,1000,615,255.0,100,7,n,4
6314,I6314,800,500,615,461.0,100,1,n,3
4911,I4911,1500,1000,615,233.0,100,7,w,4
376,I0376,1200,800,615,160.0,100,4,n,4
937,I0937,1500,800,615,190.0,100,5,n,4
5103,I5103,1500,800,615,353.0,100,5,l,4
6253,I6253,1000,800,615,181.0,100,3,w,4
1915,I1915,1200,1000,615,0.0,100,6,l,4
71,I0071,1000,800,615,201.0,100,3,l,4
6127,I6127,800,500,615,228.0,100,1,n,3
5789,I5789,1200,800,615,389.0,100,4,n,4
2447,I2447,1200,800,615,0.0,100,4,n,4
1823,I1823,1500,1000,615,142.0,100,7,n,4
204,I0204,1500,1000,615,383.0,100,7,n,4
1793,I1793,1500,800,615,190.0,100,5,n,4
2778,I2778,800,500,615,0.0,100,1,n,3
3304,I3304,1200,800,615,293.0,100,4,n,4
3784,I3784,1200,1000,615,157.0,100,6,n,4
3390,I3390,800,460,615,184.0,100,0,l,3
1383,I1383,1200,800,615,121.0,100,4,n,4
410,I0410,1200,1000,615,238.0,100,6,l,4
989,I0989,1000,800,615,337.0,100,3,n,4
4839,I4839,1500,800,615,294.0,100,5,n,4
3596,I3596,1500,1000,615,263.0,100,7,n,4
359,I0359,1200,800,615,0.0,100,4,n,4
5085,I5085,1500,1000,615,343.0,100,7,n,4
2667,I2667,1200,800,615,278.0,100,4,n,4
6345,I6345,1200,1000,615,229.0,100,6,n,4
5582,I5582,1500,1000,615,219.0,100,7,n,4
4689,I4689,800,600,615,0.0,100,2,n,3
1313,I1313,1200,800,615,445.0,100,4,n,4
2223,I2223,800,500,615,332.0,100,1,n,3
2776,I2776,1200,1000,615,303.0,100,6,n,4
5359,I5359,1200,800,615,307.0,100,4,n,4
6342,I6342,1200,800,615,356.0,100,4,n,4
3022,I3022,800,500,615,94.0,100,1,n,3
1484,I1484,800,500,615,328.0,100,1,n,3
3247,I3247,800,600,615,213.0,100,2,n,3
1554,I1554,800,460,615,271.0,100,0,n,3
1450,I1450,1200,1000,615,143.0,100,6,w,4
1503,I1503,1200,1000,615,366.0,100,6,n,4
5808,I5808,800,460,615,439.0,100,0,n,3
