,id_item,length,width,height,weight,nesting_height,stackability_code,forced_orientation,max_stackability
1333,I10656,1600,1200,930,396.2,45,0,n,100
172,I01435,1200,1000,750,351.756,45,2,n,100
1350,I10880,1200,1000,975,401.2,45,2,n,100
6242,I50296,1600,1200,930,309.5,45,0,n,100
5264,I42346,1800,1400,1020,303.45,45,11,n,100
4821,I38770,1200,1000,930,340.1,45,2,n,100
5464,I44118,1600,1200,930,551.56,45,0,n,100
293,I02145,1600,1200,930,663.22,45,0,n,100
1075,I08468,1200,1000,975,329.77,45,2,n,100
1139,I09090,1800,1400,1020,303.45,45,11,n,100
3658,I29570,1600,1200,930,438.4,45,0,n,100
5715,I45885,1600,1200,1350,303.92,45,0,n,100
228,I01888,1600,1200,930,364.84,45,0,n,100
4151,I34093,1800,1400,1020,303.45,45,11,n,100
5427,I43656,1200,1000,545,729.5,45,2,n,100
908,I06834,1200,1000,545,526.75,45,2,n,100
2355,I18823,1600,1200,930,307.13,45,0,n,100
5189,I41695,1600,1200,930,356.56,45,0,n,100
2952,I23690,1800,1400,1020,303.45,45,11,n,100
1929,I15193,1200,1000,975,329.77,45,2,n,100
5262,I42334,1600,1200,975,611.224,45,0,n,100
6190,I49775,1800,1200,1350,820.48,45,9,n,100
5139,I41193,1800,1400,1020,303.45,45,11,n,100
3450,I28129,1200,1000,975,329.77,45,2,n,100
968,I07472,1600,1200,930,358.48,45,0,n,100
37,I00372,1600,1200,930,387.3,45,0,n,100
3466,I28419,1800,1400,1020,303.45,45,11,n,100
48,I00437,1600,1200,975,460.0,45,0,n,100
1908,I14965,1600,1200,930,396.2,45,0,n,100
4125,I33856,1800,1400,1020,303.45,45,11,n,100
4394,I35845,1600,1200,930,309.5,45,0,n,100
3565,I28989,1600,1200,930,309.5,45,0,n,100
1326,I10552,1800,1400,1020,303.45,45,11,n,100
2275,I18195,1910,1200,1295,613.59,45,19,n,100
3332,I27104,1600,1200,930,307.13,45,0,n,100
5386,I43220,1600,1200,545,338.16,45,0,n,100
470,I03604,1600,1200,1350,303.92,45,0,n,100
4139,I33941,1200,1000,975,329.77,45,2,n,100
2986,I23984,1200,1000,975,329.77,45,2,n,100
4333,I35482,1600,1200,930,307.13,45,0,n,100
4791,I38545,1600,1200,1350,303.92,45,0,n,100
2164,I17298,1200,1000,930,704.36,45,2,n,100
1642,I12979,1600,1200,930,370.78,45,0,n,100
4118,I33804,1200,1000,930,345.29,45,2,n,100
2572,I20935,1200,1000,930,347.0,45,2,n,100
2896,I23223,1600,1200,930,830.32,45,0,n,100
1187,I09558,1600,1200,930,307.13,45,0,n,100
2726,I22002,1200,1000,750,318.7,45,2,n,100
800,I06231,1600,1200,1350,303.92,45,0,n,100
687,I05052,1600,1200,930,358.48,45,0,n,100
1541,I12338,1800,1400,1020,303.45,45,11,n,100
4835,I38806,1600,1200,1350,303.92,45,0,n,100
3846,I31162,1800,1200,1350,820.48,45,9,n,100
2357,I18825,1600,1200,930,307.13,45,0,n,100
2992,I24031,1200,1000,930,414.14,45,2,n,100
2178,I17396,1800,1400,1020,303.45,45,11,n,100
4131,I33862,1600,1200,1350,303.92,45,0,n,100
2528,I20606,1600,1200,930,358.48,45,0,n,100
771,I06061,1600,1200,930,830.32,45,0,n,100
3063,I24761,1600,1200,1350,303.92,45,0,n,100
1147,I09124,1600,1200,930,784.6,45,0,n,100
2805,I22568,1800,1400,1020,303.45,45,11,n,100
5881,I47402,1600,1200,930,370.78,45,0,n,100
5915,I47751,1600,1200,930,358.48,45,0,n,100
3608,I29192,1600,1200,930,356.56,45,0,n,100
390,I02874,1600,1200,1350,303.92,45,0,n,100
5318,I42858,1600,1200,930,663.22,45,0,n,100
4936,I39692,1200,1000,930,347.0,45,2,n,100
2482,I20127,1600,1200,930,356.2,45,0,n,100
2195,I17477,1800,1200,1350,820.48,45,9,n,100
3260,I26597,1600,1200,930,547.3,45,0,n,100
5699,I45834,1600,1200,750,582.6,45,0,n,100
2912,I23379,1200,1000,975,329.77,45,2,n,100
5697,I45798,1600,1200,930,356.2,45,0,n,100
2323,I18532,1600,1200,930,358.48,45,0,n,100
2300,I18255,1600,1200,930,454.873,45,0,n,100
4962,I39822,1600,1200,930,663.22,45,0,n,100
1524,I12169,1200,1000,930,704.36,45,2,n,100
5077,I40602,1600,1200,930,784.6,45,0,n,100
3535,I28671,1800,1400,1020,303.45,45,11,n,100
4764,I38337,1200,1000,975,329.77,45,2,n,100
4809,I38718,2000,1200,2350,367.608,45,22,n,100
5732,I45964,1200,1000,975,329.77,45,2,n,100
2598,I21165,1200,1000,975,329.77,45,2,n,100
2834,I22819,1600,1200,930,358.48,45,0,n,100
2627,I21474,1910,1200,1295,613.59,45,19,n,100
5164,I41402,2400,1200,1490,340.5,45,24,n,5
1614,I12679,1600,1200,930,307.13,45,0,n,100
248,I01980,1200,1000,545,526.75,45,2,n,100
5361,I43098,1910,1200,1295,613.59,45,19,n,100
2607,I21294,1200,1000,930,413.58,45,2,n,100
1992,I15820,1600,1200,1350,303.92,45,0,n,100
6001,I48279,1200,1000,545,690.5,45,2,n,100
5746,I46053,1600,1200,930,607.6,45,0,n,100
471,I03605,1600,1200,1350,303.92,45,0,n,100
5502,I44350,1600,1200,930,364.84,45,0,n,100
2234,I17944,1600,1200,750,323.7,45,0,n,100
1192,I09565,1200,1000,975,401.2,45,2,n,100
2823,I22776,1800,1200,1350,820.48,45,9,n,100
5666,I45561,1600,1200,930,607.6,45,0,n,100
1161,I09239,1200,1000,930,345.29,45,2,n,100
524,I03956,1600,1200,930,784.6,45,0,n,100
2567,I20922,1200,1000,975,329.77,45,2,n,100
3794,I30783,1600,1200,930,438.4,45,0,n,100
5121,I41064,1600,1200,930,663.22,45,0,n,100
2054,I16347,1800,1200,1350,820.48,45,9,n,100
2330,I18569,1800,1200,1350,820.48,45,9,n,100
2048,I16300,1200,1000,975,401.2,45,2,n,100
4600,I37276,1600,1200,1350,303.92,45,0,n,100
4457,I36427,1800,1400,1020,303.45,45,11,n,100
5069,I40550,1200,1000,975,329.77,45,2,n,100
1339,I10700,1200,1000,930,414.14,45,2,n,100
5203,I41798,1200,1000,930,617.24,45,2,n,100
5549,I44722,1600,1200,930,438.4,45,0,n,100
5089,I40816,1200,1000,975,401.2,45,2,n,100
3326,I27054,1200,1000,545,526.75,45,2,n,100
383,I02817,1800,1400,1020,303.45,45,11,n,100
3436,I27998,1800,1400,1020,303.45,45,11,n,100
1689,I13355,1200,1000,975,401.2,45,2,n,100
5346,I43025,1200,1000,750,305.32,45,2,n,100
6139,I49329,1600,1200,930,364.84,45,0,n,100
4766,I38339,1200,1000,975,329.77,45,2,n,100
2095,I16674,1600,1200,930,313.0,45,0,n,100
2356,I18824,1600,1200,930,307.13,45,0,n,100
1422,I11433,1600,1200,930,358.48,45,0,n,100
551,I04172,1600,1200,750,323.7,45,0,n,100
4561,I37168,1800,1400,1020,303.45,45,11,n,100
6022,I48474,1600,1200,930,547.3,45,0,n,100
5854,I46956,1600,1200,750,323.7,45,0,n,100
3596,I29113,2000,1200,2350,367.608,45,22,n,100
2650,I21497,1910,1200,1295,613.59,45,19,n,100
5781,I46285,1600,1200,1350,303.92,45,0,n,100
3214,I26204,1200,1000,930,345.29,45,2,n,100
4243,I34630,1910,1200,1295,613.59,45,19,n,100
2907,I23268,1600,1200,930,663.22,45,0,n,100
5150,I41273,1600,1200,1350,303.92,45,0,n,100
223,I01832,1800,1400,1020,303.45,45,11,n,100
1438,I11526,1600,1200,750,323.7,45,0,n,100
3057,I24700,1600,1200,930,307.13,45,0,n,100
3364,I27344,1600,1200,1350,303.92,45,0,n,100
2183,I17401,1800,1400,1020,303.45,45,11,n,100
3771,I30506,1600,1200,930,356.2,45,0,n,100
2959,I23719,1200,1000,975,336.7,45,2,n,100
4905,I39424,1600,1200,930,356.2,45,0,n,100
365,I02643,1600,1200,930,547.3,45,0,n,100
4480,I36597,1600,1200,930,551.56,45,0,n,100
5668,I45563,1600,1200,930,607.6,45,0,n,100
3503,I28476,1910,1200,1295,613.59,45,19,n,100
36,I00371,1600,1200,930,387.3,45,0,n,100
2750,I22117,1200,1000,975,401.2,45,2,n,100
659,I04820,1600,1200,930,547.3,45,0,n,100
1695,I13364,1600,1200,930,307.13,45,0,n,100
700,I05298,1600,1200,930,307.13,45,0,n,100
1653,I13045,1200,1000,975,329.77,45,2,n,100
6026,I48489,1800,1400,1020,303.45,45,11,n,100
3997,I32730,1600,1200,930,607.6,45,0,n,100
3845,I31161,1800,1200,1350,820.48,45,9,n,100
375,I02777,1600,1200,930,784.6,45,0,n,100
5074,I40562,1600,1200,930,356.2,45,0,n,100
3635,I29372,1600,1200,545,338.52,45,0,n,100
4390,I35772,1910,1200,1295,613.59,45,19,n,100
6046,I48579,1800,1200,1350,820.48,45,9,n,100
5950,I47886,1600,1200,975,611.224,45,0,n,100
1426,I11458,1600,1200,545,338.52,45,0,n,100
6071,I48851,1600,1200,975,460.0,45,0,n,100
5269,I42424,1600,1200,930,356.2,45,0,n,100
5571,I44847,1600,1200,930,607.6,45,0,n,100
5055,I40456,1600,1200,930,370.78,45,0,n,100
1277,I10242,1600,1200,1350,303.92,45,0,n,100
2339,I18643,1200,1000,930,319.1,45,2,n,100
4876,I39128,1800,1200,1350,820.48,45,9,n,100
4407,I35911,1800,1200,1350,820.48,45,9,n,100
19,I00244,1600,1200,930,607.6,45,0,n,100
824,I06365,1600,1200,930,370.78,45,0,n,100
5298,I42767,1200,1000,930,345.29,45,2,n,100
5230,I42078,1600,1200,930,307.13,45,0,n,100
1486,I11935,1600,1200,930,663.22,45,0,n,100
3098,I25155,1600,1200,930,396.2,45,0,n,100
2967,I23764,1800,1400,1020,303.45,45,11,n,100
1225,I09929,1200,1000,930,413.58,45,2,n,100
509,I03784,1600,1200,930,547.3,45,0,n,100
1799,I14051,1600,1200,930,784.6,45,0,n,100
779,I06077,1800,1400,1020,303.45,45,11,n,100
1595,I12578,1600,1200,930,438.4,45,0,n,100
2842,I22888,1600,1200,930,663.22,45,0,n,100
1071,I08381,1600,1200,930,607.6,45,0,n,100
1053,I08267,1200,1000,975,465.1,45,2,n,100
1958,I15456,1200,1000,975,708.0,45,2,n,100
1888,I14857,1800,1400,1020,303.45,45,11,n,100
6023,I48475,1600,1200,930,547.3,45,0,n,100
485,I03663,1600,1200,930,551.56,45,0,n,100
4408,I35912,1800,1200,1350,820.48,45,9,n,100
2515,I20449,1600,1200,930,551.56,45,0,n,100
4848,I38932,2000,1200,2350,367.608,45,22,n,100
1820,I14311,1200,1000,930,414.14,45,2,n,100
4717,I38085,2000,1200,2350,367.608,45,22,n,100
1285,I10321,1600,1200,545,338.52,45,0,n,100
1607,I12658,1600,1200,930,364.84,45,0,n,100
5095,I40916,2000,1200,2350,367.608,45,22,n,100
5432,I43680,2000,1200,2350,367.608,45,22,n,100
4620,I37379,1600,1200,930,438.4,45,0,n,100
2841,I22882,1800,1200,1350,820.48,45,9,n,100
669,I04877,1200,1000,930,347.0,45,2,n,100
2121,I16933,1600,1200,750,323.7,45,0,n,100
1280,I10251,1600,1200,930,313.0,45,0,n,100
5450,I43811,1600,1200,930,387.3,45,0,n,100
351,I02572,1600,1200,930,358.48,45,0,n,100
5527,I44555,1600,1200,930,663.22,45,0,n,100
5623,I45320,1600,1200,750,323.7,45,0,n,100
3976,I32527,2000,1200,2350,367.608,45,22,n,100
4669,I37758,1600,1200,930,396.2,45,0,n,100
5344,I43004,1200,1000,975,401.2,45,2,n,100
3261,I26598,1600,1200,930,547.3,45,0,n,100
5443,I43778,1600,1200,930,607.6,45,0,n,100
2605,I21286,1600,1200,930,663.22,45,0,n,100
1146,I09105,1600,1200,930,607.6,45,0,n,100
2147,I17189,1800,1400,1020,303.45,45,11,n,100
4945,I39728,1600,1200,930,551.56,45,0,n,100
3733,I30068,1800,1200,1350,820.48,45,9,n,100
4052,I33259,1200,1000,975,652.0,45,2,n,100
1676,I13231,1200,1000,975,384.74,45,2,n,100
4676,I37806,1200,1000,975,329.77,45,2,n,100
6116,I49029,1200,1000,930,347.0,45,2,n,100
2620,I21348,1600,1200,1350,303.92,45,0,n,100
1839,I14505,1600,1200,930,551.56,45,0,n,100
746,I05768,1600,1200,930,356.56,45,0,n,100
4491,I36671,1600,1200,930,547.3,45,0,n,100
5354,I43091,1910,1200,1295,613.59,45,19,n,100
1336,I10675,1600,1200,930,387.3,45,0,n,100
5406,I43486,1600,1200,930,663.22,45,0,n,100
3923,I31969,1200,1000,975,401.2,45,2,n,100
4819,I38755,1600,1200,930,663.22,45,0,n,100
6165,I49703,1910,1200,1295,613.59,45,19,n,100
1665,I13183,1800,1400,1020,303.45,45,11,n,100
5473,I44153,1600,1200,750,582.6,45,0,n,100
121,I01043,1800,1400,1020,303.45,45,11,n,100
5224,I42064,1600,1200,930,370.78,45,0,n,100
437,I03303,1200,1000,750,351.756,45,2,n,100
4029,I33005,1200,1000,1155,373.25,0,1,n,100
935,I07114,1600,1200,930,370.78,45,0,n,100
1766,I13763,1600,1200,930,356.2,45,0,n,100
4599,I37275,1600,1200,930,364.84,45,0,n,100
3998,I32731,1600,1200,930,607.6,45,0,n,100
722,I05375,1800,1200,1350,820.48,45,9,n,100
6162,I49700,1910,1200,1295,613.59,45,19,n,100
4351,I35598,1600,1200,930,364.84,45,0,n,100
5060,I40466,1600,1200,930,438.4,45,0,n,100
3768,I30457,1600,1200,930,663.22,45,0,n,100
4641,I37485,2000,1200,545,408.88,45,5,n,100
4828,I38796,1600,1200,975,460.0,45,0,n,100
5678,I45634,1800,1400,1020,303.45,45,11,n,100
1722,I13575,1200,1000,930,413.58,45,2,n,100
6135,I49244,1200,1000,975,337.45,45,2,n,100
1800,I14083,1600,1200,545,338.52,45,0,n,100
2232,I17935,2000,1200,545,408.88,45,5,n,100
971,I07476,1600,1200,930,356.56,45,0,n,100
1802,I14122,1600,1200,930,356.56,45,0,n,100
2811,I22704,1600,1200,930,356.2,45,0,n,100
1330,I10573,1600,1200,1350,303.92,45,0,n,100
5658,I45503,1200,1000,975,329.77,45,2,n,100
5383,I43196,1200,1000,545,526.75,45,2,n,100
3455,I28237,1600,1200,930,364.84,45,0,n,100
6098,I48907,1910,1200,1295,613.59,45,19,n,100
1937,I15273,1200,1000,930,414.14,45,2,n,100
4181,I34268,1600,1200,750,582.6,45,0,n,100
3135,I25355,1800,1200,1350,820.48,45,9,n,100
2540,I20681,1800,1200,1350,820.48,45,9,n,100
5227,I42069,1200,1000,930,413.58,45,2,n,100
4878,I39157,1200,1000,750,318.7,45,2,n,100
2677,I21695,1600,1200,930,663.22,45,0,n,100
5674,I45630,1800,1400,1020,303.45,45,11,n,100
150,I01271,1600,1200,930,663.22,45,0,n,100
385,I02819,1800,1400,1020,303.45,45,11,n,100
1726,I13592,1910,1200,1295,613.59,45,19,n,100
1182,I09436,2000,1200,2350,367.608,45,22,n,100
5569,I44845,1600,1200,930,607.6,45,0,n,100
4972,I39860,1910,1200,1295,613.59,45,19,n,100
3485,I28458,1910,1200,1295,613.59,45,19,n,100
3230,I26410,1600,1200,930,356.2,45,0,n,100
3725,I29977,1600,1200,1350,303.92,45,0,n,100
3389,I27550,1600,1200,930,307.13,45,0,n,100
881,I06806,1910,1200,1295,613.59,45,19,n,100
82,I00800,1200,1000,750,305.32,45,2,n,100
2106,I16727,1200,1000,975,329.77,45,2,n,100
2254,I18133,1600,1200,930,356.2,45,0,n,100
6252,I50454,1600,1200,975,460.0,45,0,n,100
1261,I10178,1800,1400,1020,303.45,45,11,n,100
6203,I49865,1600,1200,930,387.3,45,0,n,100
670,I04936,1600,1200,930,547.3,45,0,n,100
2516,I20457,1600,1200,750,323.7,45,0,n,100
1935,I15255,1600,1200,1350,303.92,45,0,n,100
4904,I39405,1800,1200,1350,820.48,45,9,n,100
2587,I21049,1200,1000,930,704.12,45,2,n,100
3183,I25910,1600,1200,1350,303.92,45,0,n,100
5968,I47973,1800,1400,1020,303.45,45,11,n,100
5955,I47891,1200,1000,975,336.7,45,2,n,100
6035,I48527,1800,1400,1020,303.45,45,11,n,100
1429,I11467,1600,1200,930,307.13,45,0,n,100
4011,I32835,1600,1200,930,307.13,45,0,n,100
5916,I47752,1600,1200,930,358.48,45,0,n,100
4587,I37260,1910,1200,1295,613.59,45,19,n,100
5104,I40997,1200,1000,975,384.74,45,2,n,100
2779,I22258,1200,1000,930,414.14,45,2,n,100
4089,I33493,1600,1200,750,323.7,45,0,n,100
2957,I23717,1200,1000,975,336.7,45,2,n,100
3862,I31304,1600,1200,1350,303.92,45,0,n,100
1359,I10915,1800,1400,1020,303.45,45,11,n,100
5797,I46513,1200,1000,930,414.14,45,2,n,100
5682,I45656,1600,1200,930,309.5,45,0,n,100
168,I01423,1200,1000,750,431.704,45,2,n,100
5676,I45632,1800,1400,1020,303.45,45,11,n,100
1556,I12425,1600,1200,930,547.3,45,0,n,100
342,I02511,1200,1000,975,329.77,45,2,n,100
4990,I39912,1800,1200,1350,820.48,45,9,n,100
3824,I31005,1800,1400,1020,303.45,45,11,n,100
2793,I22397,1600,1200,930,607.6,45,0,n,100
738,I05606,1200,1000,975,329.77,45,2,n,100
2130,I17004,1600,1200,930,551.56,45,0,n,100
582,I04471,1600,1200,930,784.6,45,0,n,100
1989,I15816,1900,1200,750,845.38,45,6,n,100
1310,I10465,2000,1200,2350,367.608,45,22,n,100
1790,I14026,1600,1200,930,313.0,45,0,n,100
1392,I11179,1600,1200,975,808.3,45,0,n,100
3085,I24923,1600,1200,930,830.32,45,0,n,100
1633,I12818,1600,1200,930,356.2,45,0,n,100
2235,I17945,1600,1200,750,323.7,45,0,n,100
2434,I19753,1600,1200,930,551.56,45,0,n,100
296,I02156,1600,1200,930,356.56,45,0,n,100
1903,I14925,1600,1200,545,338.16,45,0,n,100
5434,I43682,2000,1200,2350,367.608,45,22,n,100
502,I03763,1600,1200,930,663.22,45,0,n,100
1973,I15494,1600,1200,750,582.6,45,0,n,100
5612,I45250,1600,1200,750,323.7,45,0,n,100
783,I06081,1800,1400,1020,303.45,45,11,n,100
2262,I18182,1910,1200,1295,613.59,45,19,n,100
2771,I22227,1600,1200,930,387.3,45,0,n,100
3710,I29801,1600,1200,930,663.22,45,0,n,100
5247,I42186,1800,1400,1020,303.45,45,11,n,100
4616,I37340,1600,1200,930,454.873,45,0,n,100
2790,I22382,1800,1200,1350,820.48,45,9,n,100
5570,I44846,1600,1200,930,607.6,45,0,n,100
1355,I10911,1600,1200,1350,303.92,45,0,n,100
1985,I15765,1200,1000,930,340.0,45,2,n,100
1454,I11638,1600,1200,1350,303.92,45,0,n,100
5322,I42911,1600,1200,930,663.22,45,0,n,100
2550,I20721,1600,1200,930,356.2,45,0,n,100
6154,I49583,1600,1200,930,607.6,45,0,n,100
3094,I25052,1800,1200,1350,820.48,45,9,n,100
4063,I33354,1800,1400,1020,303.45,45,11,n,100
5573,I44927,1600,1200,930,356.2,45,0,n,100
4939,I39696,1200,1000,975,329.77,45,2,n,100
4014,I32838,1600,1200,930,307.13,45,0,n,100
1094,I08770,1600,1200,930,358.48,45,0,n,100
3097,I25107,1200,1000,545,526.75,45,2,n,100
2176,I17394,1800,1400,1020,303.45,45,11,n,100
3068,I24767,1200,1000,975,329.77,45,2,n,100
1941,I15356,1600,1200,930,356.2,45,0,n,100
5480,I44219,1600,1200,930,307.13,45,0,n,100
4000,I32748,1600,1200,930,356.56,45,0,n,100
4001,I32764,1600,1200,930,784.6,45,0,n,100
5588,I45008,1800,1400,1020,303.45,45,11,n,100
6168,I49706,1910,1200,1295,613.59,45,19,n,100
4536,I36899,1600,1200,930,781.25,45,0,n,100
807,I06258,2000,1200,2350,367.608,45,22,n,100
2311,I18435,1600,1200,930,396.2,45,0,n,100
2056,I16359,1600,1200,930,356.2,45,0,n,100
2430,I19628,1600,1200,930,663.22,45,0,n,100
2514,I20369,1200,1000,750,318.7,45,2,n,100
1601,I12614,1200,1000,930,345.29,45,2,n,100
1841,I14507,1200,1000,750,318.7,45,2,n,100
2489,I20158,1600,1200,750,323.7,45,0,n,100
260,I01994,1910,1200,1295,613.59,45,19,n,100
5894,I47584,1600,1200,930,307.13,45,0,n,100
5451,I43813,1600,1200,975,460.0,45,0,n,100
4684,I37827,1600,1200,930,663.22,45,0,n,100
2093,I16637,1200,1000,975,652.0,45,2,n,100
6099,I48908,1910,1200,1295,613.59,45,19,n,100
4489,I36645,1600,1200,930,784.6,45,0,n,100
2938,I23577,1800,1400,1020,303.45,45,11,n,100
566,I04349,1200,1000,975,329.77,45,2,n,100
5332,I42921,1200,1000,975,329.77,45,2,n,100
3464,I28389,1600,1200,1350,303.92,45,0,n,100
806,I06257,2000,1200,2350,367.608,45,22,n,100
3237,I26494,1600,1200,930,370.78,45,0,n,100
3968,I32519,1600,1200,930,454.873,45,0,n,100
6205,I49869,1200,1000,930,704.12,45,2,n,100
3196,I26046,1600,1200,930,356.2,45,0,n,100
4923,I39606,1600,1200,750,323.7,45,0,n,100
5703,I45856,1600,1200,930,551.56,45,0,n,100
5572,I44890,2000,1200,545,408.88,45,5,n,100
4628,I37388,1600,1200,930,663.22,45,0,n,100
5597,I45017,1800,1400,1020,303.45,45,11,n,100
5731,I45963,1200,1000,975,329.77,45,2,n,100
276,I02010,1910,1200,1295,613.59,45,19,n,100
5491,I44280,1600,1200,930,438.4,45,0,n,100
407,I03031,1600,1200,930,307.13,45,0,n,100
4606,I37282,1600,1200,930,607.6,45,0,n,100
3368,I27372,1600,1200,930,551.56,45,0,n,100
2472,I20017,1600,1200,930,358.48,45,0,n,100
3598,I29115,2000,1200,2350,367.608,45,22,n,100
5961,I47962,1600,1200,930,663.22,45,0,n,100
3519,I28501,1600,1200,1350,303.92,45,0,n,100
5691,I45789,1600,1200,975,611.224,45,0,n,100
3750,I30265,1600,1200,545,338.52,45,0,n,100
1588,I12571,1800,1200,1350,820.48,45,9,n,100
5216,I41968,1200,1000,750,431.704,45,2,n,100
3882,I31528,1800,1400,1020,303.45,45,11,n,100
6129,I49213,1800,1400,1020,303.45,45,11,n,100
108,I01011,1600,1200,930,356.2,45,0,n,100
5333,I42922,1600,1200,930,663.22,45,0,n,100
1646,I12983,1200,1000,930,413.58,45,2,n,100
2760,I22146,1800,1200,1350,820.48,45,9,n,100
2168,I17334,1600,1200,930,551.56,45,0,n,100
5825,I46658,1600,1200,1350,303.92,45,0,n,100
1951,I15384,1600,1200,930,307.13,45,0,n,100
497,I03720,1800,1400,1020,303.45,45,11,n,100
4146,I34088,1200,1000,545,729.5,45,2,n,100
655,I04816,1600,1200,930,547.3,45,0,n,100
5411,I43528,1600,1200,1350,303.92,45,0,n,100
2717,I21982,1600,1200,930,607.6,45,0,n,100
2306,I18377,2000,1200,545,408.88,45,5,n,100
2471,I20016,1600,1200,975,808.3,45,0,n,100
3508,I28481,1910,1200,1295,613.59,45,19,n,100
3934,I32059,1600,1200,930,551.56,45,0,n,100
630,I04740,1600,1200,930,781.25,45,0,n,100
2451,I19885,1600,1200,1350,303.92,45,0,n,100
5958,I47905,1600,1200,930,356.2,45,0,n,100
3205,I26123,1600,1200,930,307.13,45,0,n,100
272,I02006,1910,1200,1295,613.59,45,19,n,100
4017,I32868,1200,1000,930,414.14,45,2,n,100
1704,I13389,1600,1200,1350,303.92,45,0,n,100
1843,I14511,1800,1200,1350,820.48,45,9,n,100
2148,I17190,1800,1400,1020,303.45,45,11,n,100
4743,I38267,1200,1000,930,704.12,45,2,n,100
5015,I40268,2000,1200,2350,367.608,45,22,n,100
3718,I29892,1600,1200,930,607.6,45,0,n,100
4968,I39856,1910,1200,1295,613.59,45,19,n,100
120,I01042,1800,1400,1020,303.45,45,11,n,100
3985,I32604,1600,1200,930,454.873,45,0,n,100
1325,I10551,1800,1400,1020,303.45,45,11,n,100
1278,I10243,1600,1200,1350,303.92,45,0,n,100
1231,I10033,1600,1200,930,551.56,45,0,n,100
129,I01060,1600,1200,930,364.84,45,0,n,100
2296,I18251,1200,1000,975,329.77,45,2,n,100
4358,I35655,1600,1200,930,356.2,45,0,n,100
5183,I41617,1200,1000,545,526.75,45,2,n,100
3100,I25164,2000,1200,545,408.88,45,5,n,100
1694,I13363,1600,1200,930,307.13,45,0,n,100
5963,I47968,1600,1200,930,370.78,45,0,n,100
3582,I29052,2000,1200,2350,367.608,45,22,n,100
5654,I45460,1600,1200,930,356.2,45,0,n,100
1865,I14691,1600,1200,975,460.0,45,0,n,100
2248,I18126,1600,1200,545,338.52,45,0,n,100
2325,I18544,1600,1200,1350,303.92,45,0,n,100
1643,I12980,1600,1200,930,370.78,45,0,n,100
3139,I25362,1600,1200,930,356.2,45,0,n,100
867,I06766,1800,1400,1020,303.45,45,11,n,100
1309,I10464,2000,1200,2350,367.608,45,22,n,100
6124,I49097,1600,1200,930,356.2,45,0,n,100
1384,I11108,1200,1000,975,329.77,45,2,n,100
2529,I20607,1600,1200,930,358.48,45,0,n,100
5982,I48035,1600,1200,1350,303.92,45,0,n,100
484,I03661,1600,1200,930,307.13,45,0,n,100
5601,I45055,1200,1000,975,329.77,45,2,n,100
3719,I29893,1600,1200,930,607.6,45,0,n,100
5538,I44673,1600,1200,930,607.6,45,0,n,100
5557,I44730,1200,1000,975,329.77,45,2,n,100
442,I03358,1200,1000,930,413.58,45,2,n,100
4205,I34466,1600,1200,975,611.224,45,0,n,100
4353,I35605,1600,1200,930,307.13,45,0,n,100
3948,I32213,1200,1000,750,351.756,45,2,n,100
4647,I37501,1600,1200,930,547.3,45,0,n,100
3580,I29050,2000,1200,2350,367.608,45,22,n,100
5630,I45374,1200,1000,930,413.58,45,2,n,100
785,I06119,1910,1200,1295,613.59,45,19,n,100
4013,I32837,1600,1200,930,307.13,45,0,n,100
224,I01833,1800,1400,1020,303.45,45,11,n,100
6183,I49721,1910,1200,1295,613.59,45,19,n,100
980,I07572,1600,1200,930,387.3,45,0,n,100
1447,I11583,1600,1200,1350,303.92,45,0,n,100
1625,I12808,1200,1000,750,318.7,45,2,n,100
1250,I10118,1600,1200,1350,303.92,45,0,n,100
3538,I28674,1800,1400,1020,303.45,45,11,n,100
3709,I29800,1600,1200,930,663.22,45,0,n,100
6089,I48898,1910,1200,1295,613.59,45,19,n,100
5091,I40910,1200,1000,750,405.72,45,2,n,100
6151,I49445,1200,1000,930,704.36,45,2,n,100
3728,I29980,1600,1200,930,358.48,45,0,n,100
1102,I08796,1600,1200,930,551.56,45,0,n,100
3663,I29595,1600,1200,930,547.3,45,0,n,100
4068,I33359,1800,1400,1020,303.45,45,11,n,100
6004,I48301,1200,1000,975,401.2,45,2,n,100
5022,I40275,2000,1200,2350,367.608,45,22,n,100
4295,I35089,1200,1000,975,329.77,45,2,n,100
2832,I22811,1200,1000,975,329.77,45,2,n,100
762,I05921,1200,1000,975,301.69,45,2,n,100
5377,I43176,1600,1200,930,309.5,45,0,n,100
657,I04818,1600,1200,930,547.3,45,0,n,100
2118,I16888,1600,1200,930,551.56,45,0,n,100
1167,I09320,1600,1200,930,356.2,45,0,n,100
5054,I40455,1600,1200,930,370.78,45,0,n,100
1664,I13182,1800,1400,1020,303.45,45,11,n,100
3190,I25961,1600,1200,930,309.5,45,0,n,100
2242,I17995,1600,1200,930,309.5,45,0,n,100
5489,I44249,1600,1200,975,460.0,45,0,n,100
802,I06234,1600,1200,545,338.52,45,0,n,100
5310,I42822,1600,1200,750,582.6,45,0,n,100
3357,I27286,1200,1000,975,329.77,45,2,n,100
3340,I27117,1200,1000,930,414.14,45,2,n,100
3107,I25218,1600,1200,930,607.6,45,0,n,100
3673,I29644,1600,1200,1350,303.92,45,0,n,100
2738,I22017,1600,1200,545,338.52,45,0,n,100
5120,I41041,1200,1000,930,413.58,45,2,n,100
2923,I23436,1600,1200,930,396.2,45,0,n,100
5988,I48072,1200,1000,975,337.9,45,2,n,100
3488,I28461,1910,1200,1295,613.59,45,19,n,100
923,I07061,1600,1200,750,323.7,45,0,n,100
5027,I40290,1600,1200,930,387.3,45,0,n,100
1199,I09618,1600,1200,930,356.2,45,0,n,100
4497,I36677,1600,1200,930,547.3,45,0,n,100
404,I03028,1600,1200,930,387.3,45,0,n,100
3311,I26931,1600,1200,930,551.56,45,0,n,100
5644,I45428,2000,1200,2350,367.608,45,22,n,100
1451,I11633,1600,1200,930,356.2,45,0,n,100
4088,I33492,1600,1200,750,323.7,45,0,n,100
478,I03655,1600,1200,930,438.4,45,0,n,100
1960,I15465,1600,1200,750,323.7,45,0,n,100
1441,I11540,1200,1000,975,329.77,45,2,n,100
2386,I19129,1200,1000,975,384.74,45,2,n,100
3136,I25356,1600,1200,930,784.6,45,0,n,100
2737,I22016,1800,1400,1020,303.45,45,11,n,100
2237,I17961,1600,1200,1350,303.92,45,0,n,100
3636,I29373,1200,1000,930,414.14,45,2,n,100
2773,I22238,1200,1000,750,305.32,45,2,n,100
4812,I38721,2000,1200,2350,367.608,45,22,n,100
5913,I47720,1600,1200,930,396.2,45,0,n,100
3552,I28777,1800,1200,1350,820.48,45,9,n,100
3120,I25301,1600,1200,930,547.3,45,0,n,100
5558,I44731,1200,1000,975,329.77,45,2,n,100
5776,I46273,2000,1200,545,408.88,45,5,n,100
4057,I33271,1600,1200,930,663.22,45,0,n,100
1701,I13371,1600,1200,1350,303.92,45,0,n,100
5920,I47764,1200,1000,930,340.0,45,2,n,100
5170,I41436,1600,1200,930,356.56,45,0,n,100
827,I06376,1800,1400,1020,303.45,45,11,n,100
759,I05900,1600,1200,930,307.13,45,0,n,100
2025,I16155,1600,1200,1350,303.92,45,0,n,100
4781,I38465,1200,1000,750,318.7,45,2,n,100
1337,I10693,1600,1200,545,338.16,45,0,n,100
1243,I10086,1200,1000,1155,366.75,0,1,n,100
2798,I22460,1600,1200,930,663.22,45,0,n,100
1889,I14858,1800,1400,1020,303.45,45,11,n,100
4601,I37277,1600,1200,1350,303.92,45,0,n,100
4800,I38654,1800,1400,1020,303.45,45,11,n,100
1092,I08677,1600,1200,930,781.25,45,0,n,100
4555,I36985,1800,1400,1020,303.45,45,11,n,100
1380,I11104,1600,1200,930,364.84,45,0,n,100
2313,I18437,1600,1200,930,396.2,45,0,n,100
2991,I24030,1600,1200,930,356.2,45,0,n,100
6184,I49722,1910,1200,1295,613.59,45,19,n,100
369,I02688,1600,1200,930,387.3,45,0,n,100
3219,I26337,1800,1400,1020,303.45,45,11,n,100
4830,I38798,1600,1200,930,387.3,45,0,n,100
5116,I41037,1600,1200,975,611.224,45,0,n,100
4203,I34464,1600,1200,930,663.22,45,0,n,100
3784,I30661,1600,1200,930,784.6,45,0,n,100
1761,I13720,1600,1200,930,784.6,45,0,n,100
1484,I11879,1600,1200,930,438.4,45,0,n,100
2353,I18817,1600,1200,930,547.3,45,0,n,100
5783,I46332,1600,1200,930,396.2,45,0,n,100
3298,I26844,1600,1200,930,551.56,45,0,n,100
4341,I35514,1600,1200,930,784.6,45,0,n,100
2196,I17480,1600,1200,930,313.0,45,0,n,100
2442,I19791,1200,1000,930,414.14,45,2,n,100
4484,I36608,1600,1200,930,387.3,45,0,n,100
2342,I18694,1600,1200,930,607.6,45,0,n,100
4128,I33859,1800,1400,1020,303.45,45,11,n,100
5638,I45422,2000,1200,2350,367.608,45,22,n,100
3988,I32632,1600,1200,545,338.52,45,0,n,100
3471,I28424,1800,1400,1020,303.45,45,11,n,100
2781,I22285,1200,1000,930,345.29,45,2,n,100
3647,I29532,1600,1200,930,396.2,45,0,n,100
4275,I34864,1600,1200,1350,303.92,45,0,n,100
376,I02804,1600,1200,975,808.3,45,0,n,100
5896,I47586,1600,1200,930,307.13,45,0,n,100
5862,I47119,1200,1000,930,345.29,45,2,n,100
1151,I09173,1600,1200,930,607.6,45,0,n,100
283,I02052,1600,1200,930,356.56,45,0,n,100
2720,I21991,1600,1200,930,663.22,45,0,n,100
1970,I15479,1200,1000,975,336.7,45,2,n,100
2069,I16473,1200,1000,930,340.1,45,2,n,100
1547,I12387,2000,1200,545,408.88,45,5,n,100
398,I02913,1800,1400,1020,303.45,45,11,n,100
1301,I10449,1800,1400,1020,303.45,45,11,n,100
5688,I45707,1600,1200,930,356.2,45,0,n,100
176,I01462,1200,1000,750,351.944,45,2,n,100
2649,I21496,1910,1200,1295,613.59,45,19,n,100
5223,I42059,1600,1200,930,356.56,45,0,n,100
2400,I19215,1600,1200,930,396.2,45,0,n,100
510,I03785,1600,1200,930,547.3,45,0,n,100
1195,I09608,1200,1000,975,329.77,45,2,n,100
2518,I20472,1800,1200,1350,820.48,45,9,n,100
6101,I48910,1910,1200,1295,613.59,45,19,n,100
3926,I32033,1200,1000,1155,373.25,0,1,n,100
5010,I40206,1600,1200,930,607.6,45,0,n,100
3536,I28672,1800,1400,1020,303.45,45,11,n,100
393,I02903,1200,1000,1155,375.0,0,1,n,100
652,I04797,1600,1200,1350,303.92,45,0,n,100
930,I07085,1600,1200,930,551.56,45,0,n,100
2575,I20939,1200,1000,930,414.14,45,2,n,100
2379,I19089,1600,1200,1350,303.92,45,0,n,100
4771,I38413,1200,1000,975,329.77,45,2,n,100
2444,I19830,1600,1200,1350,303.92,45,0,n,100
2562,I20894,1900,1200,750,845.38,45,6,n,100
4630,I37426,2000,1200,2350,367.608,45,22,n,100
5304,I42812,1600,1200,930,607.6,45,0,n,100
4075,I33426,1600,1200,930,396.2,45,0,n,100
4344,I35566,1600,1200,930,358.48,45,0,n,100
1776,I13956,1600,1200,930,356.2,45,0,n,100
3613,I29220,1600,1200,930,370.78,45,0,n,100
1425,I11440,1200,1000,750,351.944,45,2,n,100
740,I05609,1600,1200,930,663.22,45,0,n,100
4966,I39847,1600,1200,930,396.2,45,0,n,100
4560,I37149,1600,1200,930,387.3,45,0,n,100
5907,I47672,1600,1200,930,663.22,45,0,n,100
503,I03765,1600,1200,930,438.4,45,0,n,100
3077,I24814,1600,1200,930,356.2,45,0,n,100
2617,I21319,1600,1200,930,313.0,45,0,n,100
4503,I36683,1600,1200,930,547.3,45,0,n,100
1194,I09570,1600,1200,930,307.13,45,0,n,100
72,I00696,1200,1000,975,336.7,45,2,n,100
3939,I32156,1600,1200,930,663.22,45,0,n,100
5487,I44246,1600,1200,930,307.13,45,0,n,100
916,I07005,1600,1200,930,607.6,45,0,n,100
5675,I45631,1800,1400,1020,303.45,45,11,n,100
3791,I30746,1600,1200,1350,310.16,45,0,n,100
4123,I33854,1800,1400,1020,303.45,45,11,n,100
2092,I16595,1200,1000,930,704.12,45,2,n,100
2560,I20821,1600,1200,930,663.22,45,0,n,100
5475,I44164,1200,1000,930,347.0,45,2,n,100
1496,I12006,1600,1200,930,356.2,45,0,n,100
2426,I19622,1600,1200,930,663.22,45,0,n,100
4997,I40069,1600,1200,975,460.0,45,0,n,100
2799,I22462,1600,1200,930,356.2,45,0,n,100
5231,I42079,1600,1200,930,307.13,45,0,n,100
33,I00347,1600,1200,545,338.52,45,0,n,100
2722,I21995,1600,1200,930,830.32,45,0,n,100
4180,I34249,1600,1200,930,307.13,45,0,n,100
3971,I32522,2000,1200,2350,367.608,45,22,n,100
1265,I10198,1800,1400,1020,303.45,45,11,n,100
5303,I42781,1600,1200,975,460.0,45,0,n,100
1554,I12423,1600,1200,930,547.3,45,0,n,100
5939,I47808,1910,1200,1295,613.59,45,19,n,100
1987,I15799,1600,1200,930,607.6,45,0,n,100
4115,I33770,1600,1200,930,387.3,45,0,n,100
236,I01959,1600,1200,930,309.5,45,0,n,100
2982,I23854,1200,1000,975,329.77,45,2,n,100
4906,I39425,1600,1200,930,356.2,45,0,n,100
2258,I18178,1910,1200,1295,613.59,45,19,n,100
2881,I23036,1600,1200,930,551.56,45,0,n,100
1443,I11570,1200,1000,930,340.0,45,2,n,100
3513,I28486,1910,1200,1295,613.59,45,19,n,100
1056,I08352,1600,1200,930,607.6,45,0,n,100
2435,I19754,1600,1200,930,313.0,45,0,n,100
690,I05086,1600,1200,930,784.6,45,0,n,100
796,I06161,2000,1200,545,408.88,45,5,n,100
636,I04773,1800,1400,1020,303.45,45,11,n,100
3603,I29170,1200,1000,750,318.7,45,2,n,100
5467,I44121,1600,1200,930,551.56,45,0,n,100
2378,I19088,1600,1200,1350,303.92,45,0,n,100
6016,I48438,1600,1200,545,338.16,45,0,n,100
410,I03076,1200,1000,975,337.9,45,2,n,100
1379,I11103,1600,1200,930,364.84,45,0,n,100
5817,I46619,2000,1200,2350,367.608,45,22,n,100
2818,I22744,1600,1200,930,607.6,45,0,n,100
5949,I47885,1600,1200,975,611.224,45,0,n,100
1034,I08089,1600,1200,930,307.13,45,0,n,100
3505,I28478,1910,1200,1295,613.59,45,19,n,100
3467,I28420,1800,1400,1020,303.45,45,11,n,100
55,I00488,1600,1200,750,323.7,45,0,n,100
4728,I38146,1600,1200,1350,303.92,45,0,n,100
3243,I26536,1600,1200,930,356.2,45,0,n,100
682,I04957,1200,1000,750,431.704,45,2,n,100
5848,I46914,2000,1200,2350,367.608,45,22,n,100
430,I03257,1200,1000,975,401.2,45,2,n,100
3327,I27056,1600,1200,930,356.2,45,0,n,100
4083,I33434,1600,1200,930,438.4,45,0,n,100
3735,I30072,1900,1200,750,713.62,45,6,n,100
117,I01039,1800,1400,1020,303.45,45,11,n,100
2715,I21939,1600,1200,975,460.0,45,0,n,100
3841,I31127,1600,1200,1350,303.92,45,0,n,100
4443,I36271,1200,1000,750,318.7,45,2,n,100
4994,I39964,1600,1200,930,830.32,45,0,n,100
3927,I32034,1600,1200,930,356.56,45,0,n,100
950,I07388,1600,1200,750,582.6,45,0,n,100
5284,I42606,1600,1200,930,663.22,45,0,n,100
5316,I42856,1600,1200,930,307.13,45,0,n,100
858,I06661,1800,1400,1020,303.45,45,11,n,100
5528,I44556,1200,1000,975,329.77,45,2,n,100
775,I06073,1800,1400,1020,303.45,45,11,n,100
5574,I44928,1600,1200,930,356.2,45,0,n,100
218,I01763,1200,1000,645,330.5,0,1,n,100
1471,I11844,1600,1200,1350,303.92,45,0,n,100
5206,I41890,1200,1000,1155,375.0,0,1,n,100
3601,I29146,1600,1200,930,830.32,45,0,n,100
265,I01999,1910,1200,1295,613.59,45,19,n,100
3046,I24620,1600,1200,930,358.48,45,0,n,100
4256,I34695,1200,1000,975,329.77,45,2,n,100
5342,I43000,1600,1200,1350,303.92,45,0,n,100
629,I04732,1600,1200,930,387.3,45,0,n,100
1264,I10197,1800,1400,1020,303.45,45,11,n,100
1273,I10214,1600,1200,930,307.13,45,0,n,100
1810,I14195,1200,1000,545,526.75,45,2,n,100
5070,I40551,1200,1000,975,329.77,45,2,n,100
1089,I08593,1600,1200,930,358.48,45,0,n,100
136,I01144,1600,1200,930,396.2,45,0,n,100
5805,I46568,1600,1200,930,307.13,45,0,n,100
5172,I41490,1600,1200,930,387.3,45,0,n,100
4306,I35133,1600,1200,750,582.6,45,0,n,100
4287,I35004,1600,1200,930,356.56,45,0,n,100
74,I00698,1200,1000,975,336.7,45,2,n,100
3731,I30026,1200,1000,750,431.704,45,2,n,100
2749,I22116,1200,1000,975,401.2,45,2,n,100
4196,I34358,1600,1200,930,364.84,45,0,n,100
2785,I22314,1900,1200,750,713.62,45,6,n,100
406,I03030,1600,1200,930,387.3,45,0,n,100
2067,I16469,1600,1200,545,338.52,45,0,n,100
1681,I13278,1600,1200,930,663.22,45,0,n,100
6067,I48811,1600,1200,930,396.2,45,0,n,100
3590,I29095,1600,1200,930,307.13,45,0,n,100
2918,I23431,1600,1200,1350,303.92,45,0,n,100
2859,I22952,1200,1000,750,305.32,45,2,n,100
865,I06763,1600,1200,545,338.16,45,0,n,100
1518,I12149,1600,1200,1350,310.16,45,0,n,100
4942,I39710,1600,1200,1350,303.92,45,0,n,100
3511,I28484,1910,1200,1295,613.59,45,19,n,100
106,I01003,1600,1200,930,607.6,45,0,n,100
1609,I12670,1200,1000,930,414.14,45,2,n,100
1950,I15383,1600,1200,930,307.13,45,0,n,100
2064,I16396,1200,1000,930,704.12,45,2,n,100
4762,I38331,2000,1200,545,408.88,45,5,n,100
900,I06825,1910,1200,1295,613.59,45,19,n,100
5375,I43152,1200,1000,930,338.9,45,2,n,100
3334,I27106,1600,1200,930,307.13,45,0,n,100
2406,I19302,1800,1400,1020,303.45,45,11,n,100
2212,I17764,1600,1200,930,356.2,45,0,n,100
4550,I36980,1800,1400,1020,303.45,45,11,n,100
5839,I46837,1200,1000,930,413.58,45,2,n,100
4476,I36569,1200,1000,930,414.14,45,2,n,100
5004,I40115,1200,1000,750,318.7,45,2,n,100
4516,I36731,1600,1200,1350,303.92,45,0,n,100
4361,I35706,1600,1200,930,387.3,45,0,n,100
619,I04669,1800,1400,1020,303.45,45,11,n,100
4703,I37971,1200,1000,545,690.5,45,2,n,100
4863,I38955,1600,1200,930,387.3,45,0,n,100
301,I02169,1200,1000,930,340.1,45,2,n,100
1702,I13372,1600,1200,1350,303.92,45,0,n,100
872,I06776,1600,1200,930,364.84,45,0,n,100
5873,I47342,1600,1200,930,356.2,45,0,n,100
5786,I46384,1600,1200,930,310.76,45,0,n,100
546,I04115,1600,1200,930,370.78,45,0,n,100
26,I00334,1200,1000,645,330.5,0,1,n,100
144,I01243,1600,1200,930,356.2,45,0,n,100
4015,I32839,1600,1200,930,307.13,45,0,n,100
1457,I11711,1600,1200,930,358.48,45,0,n,100
733,I05528,1200,1000,750,318.7,45,2,n,100
5657,I45494,1200,1000,930,413.58,45,2,n,100
417,I03208,1200,1000,750,431.704,45,2,n,100
2892,I23219,1600,1200,1350,303.92,45,0,n,100
440,I03326,1200,1000,930,319.1,45,2,n,100
6086,I48895,1910,1200,1295,613.59,45,19,n,100
4895,I39268,1600,1200,930,307.13,45,0,n,100
984,I07610,1200,1000,975,329.77,45,2,n,100
1321,I10547,1800,1400,1020,303.45,45,11,n,100
3258,I26595,1600,1200,930,547.3,45,0,n,100
3350,I27270,1200,1000,975,337.9,45,2,n,100
5021,I40274,2000,1200,2350,367.608,45,22,n,100
5637,I45421,2000,1200,2350,367.608,45,22,n,100
5449,I43795,1200,1000,750,405.72,45,2,n,100
5045,I40379,1800,1400,1020,303.45,45,11,n,100
5743,I46044,1200,1000,930,347.0,45,2,n,100
185,I01587,2000,1200,545,408.88,45,5,n,100
4393,I35844,1600,1200,930,309.5,45,0,n,100
3419,I27933,1600,1200,930,364.84,45,0,n,100
887,I06812,1910,1200,1295,613.59,45,19,n,100
400,I02915,1800,1400,1020,303.45,45,11,n,100
1011,I07859,1600,1200,975,460.0,45,0,n,100
3749,I30263,1600,1200,930,364.84,45,0,n,100
2822,I22775,1800,1200,1350,820.48,45,9,n,100
2225,I17859,1600,1200,750,323.7,45,0,n,100
5931,I47800,1910,1200,1295,613.59,45,19,n,100
632,I04769,2000,1200,545,408.88,45,5,n,100
799,I06191,1600,1200,930,309.5,45,0,n,100
1048,I08191,1200,1000,975,329.77,45,2,n,100
2166,I17332,1600,1200,930,551.56,45,0,n,100
3180,I25907,1600,1200,1350,303.92,45,0,n,100
3394,I27683,1600,1200,930,356.56,45,0,n,100
839,I06446,1600,1200,1350,303.92,45,0,n,100
231,I01915,1600,1200,930,551.56,45,0,n,100
5221,I42037,1600,1200,930,784.6,45,0,n,100
1358,I10914,1800,1400,1020,303.45,45,11,n,100
5599,I45053,1200,1000,975,329.77,45,2,n,100
1527,I12174,1600,1200,930,356.2,45,0,n,100
4818,I38754,1600,1200,930,784.6,45,0,n,100
31,I00342,1600,1200,930,356.56,45,0,n,100
2960,I23720,1200,1000,975,336.7,45,2,n,100
739,I05607,1200,1000,750,351.756,45,2,n,100
1038,I08093,1600,1200,750,323.7,45,0,n,100
5712,I45882,1200,1000,975,401.2,45,2,n,100
3947,I32186,1600,1200,930,364.84,45,0,n,100
3369,I27373,1600,1200,930,551.56,45,0,n,100
1922,I15184,1600,1200,930,307.13,45,0,n,100
5214,I41953,1600,1200,930,356.56,45,0,n,100
3226,I26355,1200,1000,975,329.77,45,2,n,100
5350,I43087,1910,1200,1295,613.59,45,19,n,100
5506,I44384,1200,1000,975,329.77,45,2,n,100
6244,I50341,1600,1200,750,582.6,45,0,n,100
2507,I20317,1600,1200,1350,303.92,45,0,n,100
1125,I08982,2000,1200,2350,367.608,45,22,n,100
2908,I23295,1200,1000,975,329.77,45,2,n,100
1919,I15066,1600,1200,930,387.3,45,0,n,100
5692,I45790,1600,1200,975,611.224,45,0,n,100
576,I04445,1600,1200,930,364.84,45,0,n,100
3935,I32140,1200,1000,930,414.14,45,2,n,100
1135,I09086,1800,1400,1020,303.45,45,11,n,100
4418,I36037,1600,1200,930,454.873,45,0,n,100
2427,I19623,1600,1200,930,663.22,45,0,n,100
5458,I44091,1600,1200,930,358.48,45,0,n,100
2508,I20318,1600,1200,1350,303.92,45,0,n,100
4653,I37570,1600,1200,930,551.56,45,0,n,100
479,I03656,1600,1200,930,438.4,45,0,n,100
5307,I42816,1600,1200,930,438.4,45,0,n,100
2910,I23355,1600,1200,930,356.2,45,0,n,100
1741,I13607,1910,1200,1295,613.59,45,19,n,100
3891,I31636,1600,1200,930,663.22,45,0,n,100
2925,I23499,1600,1200,930,514.24,45,0,n,100
1007,I07825,1600,1200,545,338.16,45,0,n,100
182,I01560,1600,1200,930,356.2,45,0,n,100
3439,I28018,2000,1200,545,408.88,45,5,n,100
5000,I40106,1600,1200,1350,303.92,45,0,n,100
4756,I38281,1800,1400,1020,303.45,45,11,n,100
3964,I32490,1600,1200,1350,303.92,45,0,n,100
4213,I34556,1200,1000,975,329.77,45,2,n,100
3176,I25866,1200,1000,750,305.32,45,2,n,100
3426,I27960,1600,1200,545,338.16,45,0,n,100
4540,I36914,1200,1000,975,329.77,45,2,n,100
6267,I50534,1600,1200,930,309.5,45,0,n,100
174,I01445,1900,1200,750,713.62,45,6,n,100
5236,I42103,1600,1200,930,356.56,45,0,n,100
436,I03302,1200,1000,750,351.756,45,2,n,100
5641,I45425,2000,1200,2350,367.608,45,22,n,100
2997,I24041,1600,1200,930,551.56,45,0,n,100
5053,I40399,1200,1000,930,340.1,45,2,n,100
3814,I30875,1600,1200,930,551.56,45,0,n,100
2659,I21547,1600,1200,750,323.7,45,0,n,100
2030,I16165,1600,1200,930,396.2,45,0,n,100
1615,I12680,1600,1200,930,307.13,45,0,n,100
5590,I45010,1800,1400,1020,303.45,45,11,n,100
3134,I25326,1600,1200,930,364.84,45,0,n,100
2767,I22205,1200,1000,750,405.72,45,2,n,100
5020,I40273,2000,1200,2350,367.608,45,22,n,100
1906,I14960,1600,1200,930,370.78,45,0,n,100
3559,I28894,1200,1000,750,351.756,45,2,n,100
5645,I45429,2000,1200,2350,367.608,45,22,n,100
4946,I39742,1800,1200,1350,820.48,45,9,n,100
1473,I11854,1600,1200,930,387.3,45,0,n,100
1966,I15475,1200,1000,975,336.7,45,2,n,100
3197,I26047,1200,1000,975,329.77,45,2,n,100
6171,I49709,1910,1200,1295,613.59,45,19,n,100
3802,I30802,1600,1200,930,364.84,45,0,n,100
4688,I37874,1600,1200,930,607.6,45,0,n,100
4325,I35358,1600,1200,1350,303.92,45,0,n,100
5356,I43093,1910,1200,1295,613.59,45,19,n,100
5649,I45433,1200,1000,975,329.77,45,2,n,100
5233,I42081,1600,1200,930,307.13,45,0,n,100
1660,I13178,1800,1400,1020,303.45,45,11,n,100
3276,I26667,1910,1200,1295,613.59,45,19,n,100
1342,I10780,1600,1200,1350,303.92,45,0,n,100
95,I00829,1800,1400,1020,303.45,45,11,n,100
5752,I46069,1600,1200,930,547.3,45,0,n,100
6118,I49047,1600,1200,930,356.2,45,0,n,100
2454,I19901,1200,1000,750,431.704,45,2,n,100
3879,I31525,1800,1400,1020,303.45,45,11,n,100
2614,I21315,2000,1200,2350,367.608,45,22,n,100
6186,I49730,2000,1200,545,408.88,45,5,n,100
5720,I45892,1600,1200,930,307.13,45,0,n,100
5772,I46269,1600,1200,930,358.48,45,0,n,100
1408,I11317,1200,1000,975,329.77,45,2,n,100
5174,I41498,1200,1000,975,652.0,45,2,n,100
414,I03189,1600,1200,930,307.13,45,0,n,100
4652,I37550,1600,1200,930,551.56,45,0,n,100
2685,I21735,1600,1200,1350,303.92,45,0,n,100
2460,I19919,1200,1000,1155,375.0,0,1,n,100
5556,I44729,1200,1000,975,329.77,45,2,n,100
5479,I44218,1600,1200,930,307.13,45,0,n,100
1584,I12562,1600,1200,1350,303.92,45,0,n,100
5819,I46624,1200,1000,930,345.29,45,2,n,100
791,I06125,1910,1200,1295,613.59,45,19,n,100
2589,I21080,1600,1200,930,358.48,45,0,n,100
4038,I33052,1600,1200,545,338.16,45,0,n,100
4097,I33588,1200,1000,930,345.29,45,2,n,100
4631,I37427,2000,1200,2350,367.608,45,22,n,100
3955,I32364,1600,1200,930,784.6,45,0,n,100
836,I06434,1200,1000,930,340.1,45,2,n,100
3745,I30242,1600,1200,930,356.2,45,0,n,100
319,I02334,1200,1000,930,345.29,45,2,n,100
1257,I10174,1800,1400,1020,303.45,45,11,n,100
4576,I37211,1200,1000,975,329.77,45,2,n,100
4847,I38931,2000,1200,2350,367.608,45,22,n,100
4161,I34108,1200,1000,545,526.75,45,2,n,100
2039,I16229,1600,1200,975,460.0,45,0,n,100
2154,I17196,1200,1000,930,340.0,45,2,n,100
310,I02222,1200,1000,930,345.29,45,2,n,100
797,I06166,1200,1000,930,414.14,45,2,n,100
3886,I31557,1200,1000,975,329.77,45,2,n,100
801,I06232,1600,1200,1350,303.92,45,0,n,100
6038,I48530,1800,1400,1020,303.45,45,11,n,100
1620,I12770,1600,1200,930,784.6,45,0,n,100
1122,I08979,2000,1200,2350,367.608,45,22,n,100
4711,I38068,2000,1200,545,408.88,45,5,n,100
3324,I27048,1200,1000,930,347.0,45,2,n,100
1208,I09713,1600,1200,930,364.84,45,0,n,100
1648,I12991,1600,1200,930,364.84,45,0,n,100
601,I04602,1600,1200,930,784.6,45,0,n,100
5861,I47109,1600,1200,750,323.7,45,0,n,100
1610,I12671,1200,1000,930,414.14,45,2,n,100
5580,I44959,1600,1200,930,438.4,45,0,n,100
3563,I28953,1600,1200,930,551.56,45,0,n,100
3342,I27166,1800,1200,1350,820.48,45,9,n,100
2603,I21257,1800,1200,1350,820.48,45,9,n,100
70,I00683,1200,1000,930,347.0,45,2,n,100
4563,I37170,1800,1400,1020,303.45,45,11,n,100
3241,I26532,1600,1200,930,663.22,45,0,n,100
4955,I39787,1600,1200,930,358.48,45,0,n,100
5531,I44613,1600,1200,930,784.6,45,0,n,100
3086,I24944,1200,1000,545,690.5,45,2,n,100
4773,I38415,1200,1000,975,329.77,45,2,n,100
894,I06819,1910,1200,1295,613.59,45,19,n,100
210,I01755,1600,1200,930,438.4,45,0,n,100
5347,I43046,1600,1200,930,387.3,45,0,n,100
5656,I45463,1600,1200,545,338.52,45,0,n,100
918,I07010,1600,1200,930,387.3,45,0,n,100
5373,I43147,1600,1200,930,356.2,45,0,n,100
2070,I16491,1600,1200,930,784.6,45,0,n,100
664,I04870,1200,1000,930,319.1,45,2,n,100
531,I04005,1200,1000,975,329.77,45,2,n,100
4051,I33245,1200,1000,975,329.77,45,2,n,100
292,I02079,1600,1200,930,356.56,45,0,n,100
3694,I29701,1600,1200,930,356.56,45,0,n,100
4201,I34449,1600,1200,930,356.56,45,0,n,100
1440,I11528,1600,1200,750,323.7,45,0,n,100
4529,I36815,1600,1200,930,663.22,45,0,n,100
4903,I39404,1800,1200,1350,820.48,45,9,n,100
4385,I35767,1910,1200,1295,613.59,45,19,n,100
5508,I44387,1600,1200,930,307.13,45,0,n,100
5109,I41021,1600,1200,930,307.13,45,0,n,100
5335,I42931,1600,1200,930,356.2,45,0,n,100
3498,I28471,1910,1200,1295,613.59,45,19,n,100
5974,I48027,1600,1200,750,323.7,45,0,n,100
4589,I37262,1910,1200,1295,613.59,45,19,n,100
5801,I46563,1800,1400,1020,303.45,45,11,n,100
5718,I45889,1200,1000,930,617.24,45,2,n,100
6228,I50171,1200,1000,975,401.2,45,2,n,100
5325,I42914,1600,1200,930,307.13,45,0,n,100
600,I04601,1600,1200,930,551.56,45,0,n,100
5748,I46063,2000,1200,545,408.88,45,5,n,100
314,I02266,1200,1000,1155,366.75,0,1,n,100
4813,I38722,2000,1200,2350,367.608,45,22,n,100
2016,I16090,1200,1000,975,329.77,45,2,n,100
1252,I10154,1200,1000,930,340.0,45,2,n,100
3682,I29672,1600,1200,930,307.13,45,0,n,100
2292,I18223,1600,1200,930,307.13,45,0,n,100
1219,I09890,1200,1000,975,465.1,45,2,n,100
4680,I37822,1200,1000,975,384.74,45,2,n,100
850,I06628,1200,1000,975,401.2,45,2,n,100
3223,I26344,1600,1200,545,338.52,45,0,n,100
4869,I38973,1600,1200,930,663.22,45,0,n,100
3688,I29692,1800,1400,1020,303.45,45,11,n,100
5007,I40141,1200,1000,545,729.5,45,2,n,100
3562,I28948,1200,1000,750,405.72,45,2,n,100
450,I03441,1600,1200,1350,303.92,45,0,n,100
859,I06662,1800,1400,1020,303.45,45,11,n,100
5784,I46333,1200,1000,1155,375.0,0,1,n,100
370,I02696,1600,1200,930,356.2,45,0,n,100
4064,I33355,1800,1400,1020,303.45,45,11,n,100
5317,I42857,1600,1200,930,663.22,45,0,n,100
2074,I16503,1200,1000,975,329.77,45,2,n,100
4117,I33799,1200,1000,930,704.36,45,2,n,100
4106,I33607,1600,1200,930,356.56,45,0,n,100
3204,I26113,2000,1200,545,408.88,45,5,n,100
1608,I12659,1600,1200,930,387.3,45,0,n,100
4900,I39401,1800,1200,1350,820.48,45,9,n,100
6073,I48853,2000,1200,545,408.88,45,5,n,100
3849,I31182,1200,1000,975,401.2,45,2,n,100
2174,I17340,1600,1200,1350,303.92,45,0,n,100
5779,I46283,1600,1200,1350,303.92,45,0,n,100
1428,I11466,1600,1200,930,307.13,45,0,n,100
216,I01761,1600,1200,930,438.4,45,0,n,100
3518,I28500,1600,1200,1350,303.92,45,0,n,100
1390,I11117,1200,1000,975,337.9,45,2,n,100
232,I01916,1600,1200,930,551.56,45,0,n,100
2107,I16728,1800,1400,1020,303.45,45,11,n,100
1259,I10176,1800,1400,1020,303.45,45,11,n,100
1121,I08960,1600,1200,930,607.6,45,0,n,100
2949,I23687,1800,1400,1020,303.45,45,11,n,100
2253,I18131,1600,1200,930,307.13,45,0,n,100
5876,I47352,1800,1200,1350,820.48,45,9,n,100
3401,I27735,1600,1200,930,547.3,45,0,n,100
5895,I47585,1600,1200,930,307.13,45,0,n,100
1338,I10699,1200,1000,930,414.14,45,2,n,100
5693,I45791,1600,1200,975,460.0,45,0,n,100
5892,I47524,1600,1200,930,663.22,45,0,n,100
2186,I17404,1600,1200,930,607.6,45,0,n,100
5944,I47863,1600,1200,930,663.22,45,0,n,100
4037,I33049,1200,1000,975,329.77,45,2,n,100
1651,I13043,1200,1000,975,329.77,45,2,n,100
43,I00402,1600,1200,930,547.3,45,0,n,100
1792,I14028,1200,1000,930,704.12,45,2,n,100
4193,I34343,2000,1200,545,408.88,45,5,n,100
3390,I27559,1200,1000,545,526.75,45,2,n,100
1672,I13218,1200,1000,975,401.2,45,2,n,100
519,I03891,1600,1200,930,356.2,45,0,n,100
2200,I17573,1200,1000,750,351.944,45,2,n,100
3133,I25322,1600,1200,930,356.56,45,0,n,100
6246,I50397,1600,1200,930,356.2,45,0,n,100
6082,I48891,1910,1200,1295,613.59,45,19,n,100
6057,I48656,1200,1000,975,401.2,45,2,n,100
2606,I21287,1600,1200,930,663.22,45,0,n,100
2774,I22239,1200,1000,975,329.77,45,2,n,100
3634,I29368,1600,1200,930,438.4,45,0,n,100
237,I01966,1800,1400,1020,303.45,45,11,n,100
449,I03440,1800,1200,1350,820.48,45,9,n,100
1494,I11981,1600,1200,930,370.78,45,0,n,100
2510,I20320,1600,1200,1350,303.92,45,0,n,100
4311,I35159,1200,1000,750,318.7,45,2,n,100
3983,I32581,1600,1200,930,551.56,45,0,n,100
1383,I11107,1200,1000,975,329.77,45,2,n,100
3475,I28428,1600,1200,930,830.32,45,0,n,100
1857,I14656,1600,1200,930,356.56,45,0,n,100
3528,I28568,2000,1200,2350,367.608,45,22,n,100
105,I01001,1600,1200,930,358.48,45,0,n,100
2879,I23034,1600,1200,930,551.56,45,0,n,100
2184,I17402,1800,1400,1020,303.45,45,11,n,100
3711,I29827,1600,1200,930,607.6,45,0,n,100
2319,I18486,1600,1200,930,313.0,45,0,n,100
110,I01013,1600,1200,930,356.2,45,0,n,100
1218,I09835,1600,1200,930,356.56,45,0,n,100
76,I00758,1200,1000,545,526.75,45,2,n,100
1465,I11815,1600,1200,975,808.3,45,0,n,100
4367,I35727,2000,1200,545,408.88,45,5,n,100
4425,I36190,1200,1000,545,690.5,45,2,n,100
1500,I12058,1600,1200,545,338.52,45,0,n,100
5265,I42347,1800,1400,1020,303.45,45,11,n,100
3823,I31004,1800,1400,1020,303.45,45,11,n,100
6070,I48849,1600,1200,1350,303.92,45,0,n,100
5057,I40463,1600,1200,930,438.4,45,0,n,100
965,I07468,1600,1200,930,607.6,45,0,n,100
6209,I50004,1600,1200,545,338.52,45,0,n,100
3857,I31279,1600,1200,1350,303.92,45,0,n,100
694,I05229,1200,1000,975,329.77,45,2,n,100
3681,I29671,1600,1200,930,307.13,45,0,n,100
6015,I48428,1600,1200,930,781.25,45,0,n,100
4638,I37482,1600,1200,750,323.7,45,0,n,100
3683,I29673,1600,1200,1350,303.92,45,0,n,100
3028,I24250,1600,1200,930,546.3,45,0,n,100
1928,I15192,1200,1000,975,329.77,45,2,n,100
5516,I44475,1600,1200,750,582.6,45,0,n,100
3155,I25714,1200,1000,975,401.2,45,2,n,100
2024,I16154,1600,1200,1350,303.92,45,0,n,100
3532,I28580,1600,1200,930,370.78,45,0,n,100
2840,I22874,1600,1200,930,607.6,45,0,n,100
6259,I50495,1600,1200,930,551.56,45,0,n,100
4508,I36722,1600,1200,1350,303.92,45,0,n,100
5071,I40552,1200,1000,975,329.77,45,2,n,100
5260,I42325,1600,1200,930,356.2,45,0,n,100
3301,I26850,1200,1000,545,729.5,45,2,n,100
2351,I18815,1600,1200,930,547.3,45,0,n,100
3132,I25321,1600,1200,930,356.56,45,0,n,100
1078,I08482,1600,1200,750,323.7,45,0,n,100
952,I07396,1600,1200,930,307.13,45,0,n,100
3548,I28720,1600,1200,930,607.6,45,0,n,100
3522,I28550,1600,1200,930,356.2,45,0,n,100
4469,I36439,1600,1200,930,356.2,45,0,n,100
1824,I14367,1200,1000,930,340.1,45,2,n,100
2885,I23056,1200,1000,545,690.5,45,2,n,100
5587,I45001,1600,1200,1350,303.92,45,0,n,100
40,I00399,1600,1200,1350,303.92,45,0,n,100
2103,I16724,1600,1200,930,784.6,45,0,n,100
3319,I26981,1200,1000,750,431.704,45,2,n,100
4817,I38733,1200,1000,930,345.29,45,2,n,100
1483,I11878,1600,1200,930,438.4,45,0,n,100
482,I03659,1600,1200,930,307.13,45,0,n,100
1972,I15486,1200,1000,930,345.29,45,2,n,100
1289,I10354,1200,1000,975,329.77,45,2,n,100
2995,I24039,1600,1200,930,551.56,45,0,n,100
571,I04404,1600,1200,930,307.13,45,0,n,100
1100,I08792,1600,1200,930,307.13,45,0,n,100
6036,I48528,1800,1400,1020,303.45,45,11,n,100
852,I06640,1600,1200,930,356.2,45,0,n,100
4866,I38961,1600,1200,930,663.22,45,0,n,100
1926,I15188,1600,1200,930,307.13,45,0,n,100
6182,I49720,1910,1200,1295,613.59,45,19,n,100
2034,I16176,1900,1200,750,713.62,45,6,n,100
3006,I24095,1200,1000,930,345.29,45,2,n,100
4693,I37908,1600,1200,930,309.5,45,0,n,100
3978,I32529,2000,1200,2350,367.608,45,22,n,100
50,I00455,1600,1200,930,307.13,45,0,n,100
2043,I16260,1600,1200,930,547.3,45,0,n,100
5058,I40464,1600,1200,930,438.4,45,0,n,100
5778,I46277,1600,1200,930,551.56,45,0,n,100
1287,I10344,1600,1200,930,370.78,45,0,n,100
2175,I17346,1900,1200,750,713.62,45,6,n,100
4399,I35862,1200,1000,930,414.14,45,2,n,100
5162,I41400,1200,1000,930,347.0,45,2,n,100
2747,I22098,1200,1000,975,337.45,45,2,n,100
745,I05767,1600,1200,930,356.56,45,0,n,100
173,I01436,1200,1000,750,351.756,45,2,n,100
3118,I25299,1600,1200,930,547.3,45,0,n,100
596,I04573,1600,1200,930,358.48,45,0,n,100
438,I03306,1200,1000,750,405.72,45,2,n,100
2096,I16676,1200,1000,975,329.77,45,2,n,100
1364,I10931,2000,1200,2350,367.608,45,22,n,100
934,I07106,1200,1000,750,351.756,45,2,n,100
2888,I23163,1600,1200,750,323.7,45,0,n,100
3116,I25297,1600,1200,930,547.3,45,0,n,100
3996,I32727,1600,1200,930,781.25,45,0,n,100
3251,I26545,1200,1000,975,329.77,45,2,n,100
2772,I22237,1200,1000,750,305.32,45,2,n,100
1001,I07749,1600,1200,930,607.6,45,0,n,100
83,I00807,1600,1200,975,808.3,45,0,n,100
3786,I30692,1200,1000,975,329.77,45,2,n,100
87,I00821,1800,1400,1020,303.45,45,11,n,100
5761,I46093,1600,1200,930,514.24,45,0,n,100
2524,I20561,1600,1200,930,514.24,45,0,n,100
1010,I07858,1600,1200,975,460.0,45,0,n,100
213,I01758,1600,1200,930,438.4,45,0,n,100
2102,I16723,1600,1200,930,309.5,45,0,n,100
2825,I22778,1200,1000,750,405.72,45,2,n,100
2641,I21488,1910,1200,1295,613.59,45,19,n,100
4240,I34627,1910,1200,1295,613.59,45,19,n,100
3378,I27455,1600,1200,750,582.6,45,0,n,100
1236,I10072,2000,1200,2350,367.608,45,22,n,100
3712,I29828,1600,1200,930,387.3,45,0,n,100
467,I03571,1600,1200,930,396.2,45,0,n,100
132,I01118,1600,1200,545,338.16,45,0,n,100
2286,I18211,1200,1000,545,526.75,45,2,n,100
2469,I19985,1800,1400,1020,303.45,45,11,n,100
3148,I25453,1600,1200,930,551.56,45,0,n,100
6202,I49864,1600,1200,930,387.3,45,0,n,100
3217,I26290,1600,1200,930,364.84,45,0,n,100
730,I05463,1600,1200,930,364.84,45,0,n,100
5937,I47806,1910,1200,1295,613.59,45,19,n,100
4770,I38412,1200,1000,975,329.77,45,2,n,100
5608,I45209,1200,1000,545,526.75,45,2,n,100
5853,I46950,1600,1200,930,356.2,45,0,n,100
5024,I40287,1600,1200,930,356.2,45,0,n,100
758,I05899,1600,1200,930,307.13,45,0,n,100
86,I00818,1600,1200,545,338.16,45,0,n,100
5028,I40291,1600,1200,930,387.3,45,0,n,100
1460,I11793,1600,1200,930,396.2,45,0,n,100
3330,I27091,1600,1200,930,387.3,45,0,n,100
913,I06999,1200,1000,930,345.29,45,2,n,100
1129,I09004,1600,1200,750,323.7,45,0,n,100
1296,I10444,1800,1400,1020,303.45,45,11,n,100
6270,I50565,1600,1200,930,356.56,45,0,n,100
5068,I40521,1600,1200,930,356.2,45,0,n,100
4383,I35765,1910,1200,1295,613.59,45,19,n,100
2622,I21350,1600,1200,1350,303.92,45,0,n,100
5421,I43581,1600,1200,930,307.13,45,0,n,100
5161,I41385,1200,1000,930,345.29,45,2,n,100
4092,I33507,1600,1200,930,551.56,45,0,n,100
6213,I50022,1600,1200,930,551.56,45,0,n,100
4520,I36785,1200,1000,750,305.32,45,2,n,100
5112,I41033,1600,1200,930,547.3,45,0,n,100
4426,I36191,1600,1200,930,784.6,45,0,n,100
6274,I50613,1200,1000,975,329.77,45,2,n,100
587,I04499,1200,1000,930,704.12,45,2,n,100
2552,I20727,1200,1000,975,401.2,45,2,n,100
4608,I37287,1600,1200,930,356.2,45,0,n,100
5280,I42574,1600,1200,930,356.56,45,0,n,100
1663,I13181,1800,1400,1020,303.45,45,11,n,100
533,I04007,1200,1000,975,329.77,45,2,n,100
250,I01984,1910,1200,1295,613.59,45,19,n,100
5372,I43146,1600,1200,930,356.2,45,0,n,100
2662,I21552,1600,1200,930,370.78,45,0,n,100
3193,I26018,1200,1000,930,345.29,45,2,n,100
338,I02457,1200,1000,930,704.36,45,2,n,100
5842,I46840,1600,1200,930,356.56,45,0,n,100
4763,I38332,2000,1200,545,408.88,45,5,n,100
5821,I46626,1600,1200,750,582.6,45,0,n,100
1758,I13668,1800,1400,1020,303.45,45,11,n,100
2579,I20949,1600,1200,930,356.56,45,0,n,100
5208,I41914,1200,1000,750,431.704,45,2,n,100
5229,I42074,1600,1200,750,323.7,45,0,n,100
3373,I27403,1600,1200,750,323.7,45,0,n,100
933,I07105,1200,1000,750,351.756,45,2,n,100
1435,I11478,1600,1200,930,356.2,45,0,n,100
4018,I32884,1600,1200,975,460.0,45,0,n,100
1493,I11980,1600,1200,930,370.78,45,0,n,100
6173,I49711,1910,1200,1295,613.59,45,19,n,100
2373,I19076,1900,1200,750,845.38,45,6,n,100
6108,I48917,1600,1200,930,307.13,45,0,n,100
1900,I14922,1600,1200,930,358.48,45,0,n,100
3653,I29565,1600,1200,930,438.4,45,0,n,100
4772,I38414,1200,1000,975,329.77,45,2,n,100
3851,I31256,1900,1200,750,845.38,45,6,n,100
1954,I15441,1600,1200,930,784.6,45,0,n,100
1569,I12508,1200,1000,750,351.944,45,2,n,100
3323,I27047,1200,1000,930,347.0,45,2,n,100
626,I04729,1600,1200,930,663.22,45,0,n,100
4683,I37826,1600,1200,930,663.22,45,0,n,100
3517,I28499,1600,1200,1350,303.92,45,0,n,100
3431,I27993,1800,1400,1020,303.45,45,11,n,100
1019,I07917,1200,1000,545,526.75,45,2,n,100
2483,I20128,1600,1200,930,356.2,45,0,n,100
6197,I49785,1600,1200,1350,303.92,45,0,n,100
5624,I45321,1600,1200,750,323.7,45,0,n,100
1442,I11562,1200,1000,750,431.704,45,2,n,100
4422,I36140,1900,1200,750,845.38,45,6,n,100
1955,I15448,1200,1000,930,347.0,45,2,n,100
3652,I29559,1600,1200,930,309.5,45,0,n,100
2764,I22190,1600,1200,930,663.22,45,0,n,100
4152,I34094,1800,1400,1020,303.45,45,11,n,100
3554,I28784,1600,1200,975,460.0,45,0,n,100
2784,I22313,1900,1200,750,713.62,45,6,n,100
1703,I13376,1600,1200,930,663.22,45,0,n,100
2269,I18189,1910,1200,1295,613.59,45,19,n,100
3931,I32052,1600,1200,930,356.2,45,0,n,100
5626,I45330,1600,1200,930,358.48,45,0,n,100
2714,I21938,1600,1200,930,307.13,45,0,n,100
3285,I26718,1200,1000,975,329.77,45,2,n,100
4142,I33992,1200,1000,545,526.75,45,2,n,100
4754,I38279,1800,1400,1020,303.45,45,11,n,100
1995,I15823,1600,1200,1350,303.92,45,0,n,100
1213,I09798,1200,1000,975,401.2,45,2,n,100
3144,I25419,1600,1200,930,784.6,45,0,n,100
423,I03221,1200,1000,975,329.77,45,2,n,100
6239,I50274,1200,1000,975,329.77,45,2,n,100
5397,I43385,1600,1200,930,784.6,45,0,n,100
4049,I33170,1600,1200,1350,303.92,45,0,n,100
1073,I08397,1600,1200,930,396.2,45,0,n,100
4922,I39584,1200,1000,545,526.75,45,2,n,100
3320,I26983,1200,1000,975,329.77,45,2,n,100
6207,I49975,2000,1200,545,408.88,45,5,n,100
1759,I13669,1800,1400,1020,303.45,45,11,n,100
2304,I18375,2000,1200,545,408.88,45,5,n,100
1634,I12849,1600,1200,930,387.3,45,0,n,100
4787,I38509,2000,1200,545,408.88,45,5,n,100
15,I00225,1200,1000,975,329.77,45,2,n,100
747,I05774,1200,1000,930,414.14,45,2,n,100
3526,I28566,2000,1200,2350,367.608,45,22,n,100
4368,I35730,1200,1000,1155,366.75,0,1,n,100
1272,I10213,1600,1200,930,307.13,45,0,n,100
6148,I49351,1200,1000,930,614.16,45,2,n,100
3240,I26505,2000,1200,545,408.88,45,5,n,100
1224,I09928,1600,1200,930,607.6,45,0,n,100
838,I06445,1600,1200,1350,303.92,45,0,n,100
1468,I11841,1600,1200,1350,303.92,45,0,n,100
344,I02529,1600,1200,930,356.2,45,0,n,100
6112,I49003,1600,1200,930,307.13,45,0,n,100
3025,I24209,1600,1200,975,460.0,45,0,n,100
3870,I31458,1600,1200,930,784.6,45,0,n,100
2645,I21492,1910,1200,1295,613.59,45,19,n,100
355,I02620,1600,1200,930,781.25,45,0,n,100
5829,I46711,1600,1200,930,364.84,45,0,n,100
359,I02637,1600,1200,930,547.3,45,0,n,100
4957,I39800,1200,1000,930,413.58,45,2,n,100
1538,I12335,1800,1400,1020,303.45,45,11,n,100
3044,I24535,1800,1200,1350,820.48,45,9,n,100
142,I01241,1200,1000,975,329.77,45,2,n,100
5841,I46839,1600,1200,930,356.2,45,0,n,100
3040,I24527,1200,1000,1155,366.75,0,1,n,100
2424,I19552,1200,1000,975,401.2,45,2,n,100
4534,I36882,1900,1200,750,845.38,45,6,n,100
949,I07298,1800,1200,1350,820.48,45,9,n,100
4335,I35484,1600,1200,930,307.13,45,0,n,100
1536,I12333,1800,1400,1020,303.45,45,11,n,100
1314,I10469,2000,1200,2350,367.608,45,22,n,100
5398,I43413,1600,1200,930,364.84,45,0,n,100
3459,I28287,1600,1200,750,323.7,45,0,n,100
3979,I32530,2000,1200,2350,367.608,45,22,n,100
1793,I14029,1200,1000,930,347.0,45,2,n,100
6006,I48314,1200,1000,750,405.72,45,2,n,100
3506,I28479,1910,1200,1295,613.59,45,19,n,100
637,I04774,1800,1400,1020,303.45,45,11,n,100
1566,I12504,1600,1200,930,607.6,45,0,n,100
5137,I41191,1800,1400,1020,303.45,45,11,n,100
4281,I34942,1200,1000,545,526.75,45,2,n,100
2821,I22772,1600,1200,930,784.6,45,0,n,100
5833,I46800,1800,1200,1350,820.48,45,9,n,100
674,I04946,1200,1000,975,329.77,45,2,n,100
2245,I18079,1600,1200,930,551.56,45,0,n,100
1356,I10912,1800,1400,1020,303.45,45,11,n,100
2964,I23761,1800,1400,1020,303.45,45,11,n,100
1654,I13048,1600,1200,545,338.16,45,0,n,100
2477,I20107,1200,1000,975,329.77,45,2,n,100
158,I01355,1200,1000,545,729.5,45,2,n,100
3286,I26758,1600,1200,975,808.3,45,0,n,100
1127,I08984,2000,1200,2350,367.608,45,22,n,100
846,I06550,1600,1200,930,663.22,45,0,n,100
1667,I13185,1800,1400,1020,303.45,45,11,n,100
4429,I36223,1600,1200,930,551.56,45,0,n,100
974,I07483,1200,1000,930,414.14,45,2,n,100
192,I01672,1600,1200,930,663.22,45,0,n,100
226,I01836,1200,1000,975,329.77,45,2,n,100
2089,I16588,1200,1000,975,329.77,45,2,n,100
5103,I40983,1200,1000,930,413.58,45,2,n,100
1134,I09085,1800,1400,1020,303.45,45,11,n,100
5809,I46595,1200,1000,545,729.5,45,2,n,100
3255,I26592,1200,1000,930,413.58,45,2,n,100
3247,I26540,1600,1200,930,356.2,45,0,n,100
6085,I48894,1910,1200,1295,613.59,45,19,n,100
3072,I24795,1600,1200,930,356.2,45,0,n,100
5753,I46070,1600,1200,930,547.3,45,0,n,100
4726,I38144,1600,1200,1350,303.92,45,0,n,100
126,I01048,1800,1400,1020,303.45,45,11,n,100
2244,I18041,1200,1000,975,337.45,45,2,n,100
5824,I46656,1600,1200,930,607.6,45,0,n,100
5098,I40919,2000,1200,2350,367.608,45,22,n,100
290,I02069,1600,1200,930,356.2,45,0,n,100
1402,I11297,1600,1200,930,358.48,45,0,n,100
2445,I19832,1600,1200,930,370.78,45,0,n,100
5271,I42426,1600,1200,930,356.2,45,0,n,100
2301,I18256,1600,1200,930,663.22,45,0,n,100
6272,I50611,2000,1200,545,408.88,45,5,n,100
3670,I29609,1600,1200,1350,303.92,45,0,n,100
1119,I08957,1200,1000,975,401.2,45,2,n,100
2062,I16393,1600,1200,930,607.6,45,0,n,100
5207,I41904,1200,1000,975,337.9,45,2,n,100
4313,I35161,1200,1000,545,526.75,45,2,n,100
2149,I17191,1800,1400,1020,303.45,45,11,n,100
5388,I43254,1600,1200,750,323.7,45,0,n,100
1760,I13697,1600,1200,545,338.52,45,0,n,100
1055,I08281,1200,1000,930,414.14,45,2,n,100
6191,I49776,1200,1000,975,329.77,45,2,n,100
6024,I48487,1800,1400,1020,303.45,45,11,n,100
4003,I32802,1200,1000,975,329.77,45,2,n,100
4392,I35841,1200,1000,930,345.29,45,2,n,100
4045,I33102,1200,1000,750,351.756,45,2,n,100
495,I03718,1800,1400,1020,303.45,45,11,n,100
4650,I37513,1600,1200,930,364.84,45,0,n,100
1635,I12850,1600,1200,930,387.3,45,0,n,100
4645,I37499,1600,1200,930,547.3,45,0,n,100
3950,I32227,1200,1000,975,401.2,45,2,n,100
4989,I39911,1600,1200,930,396.2,45,0,n,100
3078,I24826,1900,1200,750,845.38,45,6,n,100
1993,I15821,1600,1200,1350,303.92,45,0,n,100
4556,I37043,1600,1200,930,364.84,45,0,n,100
4352,I35599,1600,1200,930,364.84,45,0,n,100
5788,I46390,1200,1000,975,329.77,45,2,n,100
2835,I22853,1600,1200,930,356.2,45,0,n,100
5008,I40159,1600,1200,750,323.7,45,0,n,100
2249,I18127,1600,1200,930,307.13,45,0,n,100
2440,I19781,1600,1200,930,356.56,45,0,n,100
4192,I34330,1200,1000,750,305.32,45,2,n,100
199,I01713,1600,1200,930,663.22,45,0,n,100
2207,I17687,1200,1000,750,405.72,45,2,n,100
2347,I18811,1200,1000,930,413.58,45,2,n,100
2285,I18210,1600,1200,975,391.432,45,0,n,100
5165,I41410,1200,1000,975,401.2,45,2,n,100
3460,I28331,1600,1200,1350,303.92,45,0,n,100
4845,I38895,1600,1200,1350,303.92,45,0,n,100
5872,I47331,1600,1200,975,460.0,45,0,n,100
2241,I17965,1600,1200,1350,303.92,45,0,n,100
4531,I36841,1600,1200,930,663.22,45,0,n,100
4913,I39518,1200,1000,975,652.0,45,2,n,100
2132,I17022,1200,1000,930,340.1,45,2,n,100
2255,I18159,1200,1000,545,526.75,45,2,n,100
525,I03962,1600,1200,1350,303.92,45,0,n,100
289,I02068,1600,1200,930,356.2,45,0,n,100
4468,I36438,1600,1200,545,338.52,45,0,n,100
5575,I44954,1600,1200,930,438.4,45,0,n,100
1227,I10002,1600,1200,930,356.2,45,0,n,100
6130,I49214,1800,1400,1020,303.45,45,11,n,100
2863,I23010,1600,1200,930,438.4,45,0,n,100
6106,I48915,1600,1200,930,307.13,45,0,n,100
431,I03258,1200,1000,975,401.2,45,2,n,100
1042,I08147,1600,1200,545,338.16,45,0,n,100
3829,I31040,1200,1000,975,401.2,45,2,n,100
572,I04405,1600,1200,930,307.13,45,0,n,100
816,I06322,1600,1200,930,396.2,45,0,n,100
5301,I42773,1600,1200,930,547.3,45,0,n,100
542,I04085,1600,1200,930,358.48,45,0,n,100
940,I07166,1200,1000,930,340.0,45,2,n,100
5194,I41709,1600,1200,930,607.6,45,0,n,100
3624,I29319,1600,1200,750,323.7,45,0,n,100
1788,I14017,1900,1200,750,713.62,45,6,n,100
1777,I13958,1200,1000,545,526.75,45,2,n,100
3952,I32292,1200,1000,930,704.36,45,2,n,100
4609,I37312,1600,1200,930,387.3,45,0,n,100
348,I02534,1600,1200,930,663.22,45,0,n,100
1051,I08211,1900,1200,750,845.38,45,6,n,100
4512,I36726,1600,1200,1350,303.92,45,0,n,100
712,I05349,1800,1400,1020,303.45,45,11,n,100
4879,I39179,1600,1200,930,307.13,45,0,n,100
3908,I31804,1600,1200,975,460.0,45,0,n,100
3425,I27959,1900,1200,750,845.38,45,6,n,100
2829,I22802,1200,1000,930,340.0,45,2,n,100
3382,I27466,1600,1200,545,338.16,45,0,n,100
5115,I41036,1600,1200,930,547.3,45,0,n,100
3393,I27636,1600,1200,930,663.22,45,0,n,100
5291,I42704,1200,1000,1155,366.75,0,1,n,100
2869,I23016,1600,1200,930,438.4,45,0,n,100
511,I03861,1200,1000,930,413.58,45,2,n,100
4902,I39403,1800,1200,1350,820.48,45,9,n,100
146,I01246,1600,1200,930,396.2,45,0,n,100
1221,I09913,1600,1200,930,358.48,45,0,n,100
3730,I30018,1200,1000,545,526.75,45,2,n,100
2384,I19127,1600,1200,930,356.56,45,0,n,100
2088,I16563,1800,1400,1020,303.45,45,11,n,100
612,I04641,1200,1000,545,729.5,45,2,n,100
2935,I23574,1800,1400,1020,303.45,45,11,n,100
2419,I19538,1200,1000,750,431.704,45,2,n,100
5134,I41188,1800,1400,1020,303.45,45,11,n,100
346,I02531,1600,1200,930,356.2,45,0,n,100
2836,I22857,1600,1200,545,338.16,45,0,n,100
4252,I34691,1600,1200,930,370.78,45,0,n,100
5313,I42830,1600,1200,930,387.3,45,0,n,100
3640,I29413,1200,1000,930,345.29,45,2,n,100
1833,I14439,1600,1200,930,438.4,45,0,n,100
4593,I37266,1910,1200,1295,613.59,45,19,n,100
3004,I24085,1200,1000,975,401.2,45,2,n,100
3881,I31527,1800,1400,1020,303.45,45,11,n,100
684,I04971,1600,1200,545,338.16,45,0,n,100
1017,I07912,1800,1400,1020,303.45,45,11,n,100
3760,I30343,1200,1000,975,401.2,45,2,n,100
2849,I22930,1800,1400,1020,303.45,45,11,n,100
5804,I46567,1600,1200,930,307.13,45,0,n,100
1751,I13661,1800,1400,1020,303.45,45,11,n,100
2928,I23557,1600,1200,930,551.56,45,0,n,100
3758,I30323,2000,1200,545,408.88,45,5,n,100
1446,I11582,1600,1200,1350,303.92,45,0,n,100
103,I00993,1200,1000,975,329.77,45,2,n,100
2545,I20693,1600,1200,930,607.6,45,0,n,100
1714,I13455,1200,1000,975,329.77,45,2,n,100
2916,I23411,1200,1000,975,329.77,45,2,n,100
3267,I26651,1200,1000,975,329.77,45,2,n,100
3833,I31061,1600,1200,1350,303.92,45,0,n,100
5052,I40386,1600,1200,930,438.4,45,0,n,100
1184,I09519,2000,1200,545,408.88,45,5,n,100
6115,I49006,1600,1200,930,307.13,45,0,n,100
5274,I42474,1600,1200,930,607.6,45,0,n,100
2687,I21754,1600,1200,930,358.48,45,0,n,100
3362,I27318,1200,1000,975,384.74,45,2,n,100
1739,I13605,1910,1200,1295,613.59,45,19,n,100
4067,I33358,1800,1400,1020,303.45,45,11,n,100
6061,I48757,1600,1200,930,307.13,45,0,n,100
4775,I38427,1200,1000,975,308.76,45,2,n,100
452,I03443,1600,1200,1350,303.92,45,0,n,100
2348,I18812,1200,1000,930,413.58,45,2,n,100
4185,I34295,1200,1000,930,338.9,45,2,n,100
2063,I16394,1600,1200,930,607.6,45,0,n,100
4549,I36979,1800,1400,1020,303.45,45,11,n,100
2904,I23257,1800,1400,1020,303.45,45,11,n,100
691,I05114,1200,1000,975,337.45,45,2,n,100
266,I02000,1910,1200,1295,613.59,45,19,n,100
5722,I45894,1600,1200,930,307.13,45,0,n,100
395,I02910,1800,1400,1020,303.45,45,11,n,100
2231,I17908,1600,1200,930,663.22,45,0,n,100
3235,I26451,1200,1000,930,345.29,45,2,n,100
6167,I49705,1910,1200,1295,613.59,45,19,n,100
4929,I39655,1600,1200,930,551.56,45,0,n,100
4843,I38893,1600,1200,1350,303.92,45,0,n,100
2654,I21501,1910,1200,1295,613.59,45,19,n,100
3994,I32705,1600,1200,930,396.2,45,0,n,100
468,I03572,1600,1200,930,358.48,45,0,n,100
2815,I22717,1200,1000,975,329.77,45,2,n,100
5594,I45014,1800,1400,1020,303.45,45,11,n,100
269,I02003,1910,1200,1295,613.59,45,19,n,100
4568,I37175,1800,1400,1020,303.45,45,11,n,100
2920,I23433,1600,1200,1350,303.92,45,0,n,100
5729,I45930,1600,1200,750,323.7,45,0,n,100
5834,I46824,1200,1000,750,431.704,45,2,n,100
2686,I21736,1600,1200,1350,303.92,45,0,n,100
5619,I45294,1600,1200,930,387.3,45,0,n,100
3625,I29320,1600,1200,750,323.7,45,0,n,100
3576,I29046,2000,1200,2350,367.608,45,22,n,100
2502,I20299,1600,1200,930,307.13,45,0,n,100
689,I05084,1600,1200,930,663.22,45,0,n,100
5338,I42994,1600,1200,930,307.13,45,0,n,100
1063,I08362,1600,1200,930,551.56,45,0,n,100
4632,I37428,2000,1200,2350,367.608,45,22,n,100
2385,I19128,1600,1200,930,356.56,45,0,n,100
1549,I12417,1900,1200,750,713.62,45,6,n,100
3084,I24922,1600,1200,930,663.22,45,0,n,100
3649,I29535,1600,1200,930,356.56,45,0,n,100
3447,I28123,1600,1200,930,607.6,45,0,n,100
671,I04937,1600,1200,930,547.3,45,0,n,100
5277,I42517,1200,1000,545,526.75,45,2,n,100
2934,I23573,1800,1400,1020,303.45,45,11,n,100
6247,I50413,1200,1000,975,329.77,45,2,n,100
1808,I14176,1600,1200,930,356.2,45,0,n,100
5874,I47345,1600,1200,750,323.7,45,0,n,100
2265,I18185,1910,1200,1295,613.59,45,19,n,100
2136,I17026,1200,1000,545,729.5,45,2,n,100
5075,I40563,1600,1200,930,356.2,45,0,n,100
2470,I19992,1600,1200,750,323.7,45,0,n,100
3066,I24765,1200,1000,975,329.77,45,2,n,100
692,I05173,1600,1200,930,663.22,45,0,n,100
2794,I22398,1600,1200,930,358.48,45,0,n,100
5932,I47801,1910,1200,1295,613.59,45,19,n,100
985,I07611,1600,1200,750,582.6,45,0,n,100
6265,I50521,1600,1200,1350,303.92,45,0,n,100
3999,I32732,1600,1200,930,607.6,45,0,n,100
826,I06375,1800,1400,1020,303.45,45,11,n,100
5686,I45676,1800,1200,1350,820.48,45,9,n,100
1557,I12426,1600,1200,930,547.3,45,0,n,100
4940,I39697,1200,1000,975,329.77,45,2,n,100
4055,I33269,1600,1200,1350,303.92,45,0,n,100
735,I05546,1200,1000,545,526.75,45,2,n,100
964,I07467,1600,1200,930,607.6,45,0,n,100
3184,I25911,1600,1200,1350,303.92,45,0,n,100
1563,I12476,1600,1200,975,460.0,45,0,n,100
2546,I20701,1600,1200,930,356.56,45,0,n,100
2909,I23324,1200,1000,930,347.0,45,2,n,100
2700,I21854,1600,1200,930,551.56,45,0,n,100
2861,I23007,1600,1200,930,784.6,45,0,n,100
5331,I42920,1200,1000,975,329.77,45,2,n,100
4914,I39525,1600,1200,930,356.56,45,0,n,100
5911,I47694,1600,1200,930,307.13,45,0,n,100
2743,I22053,1200,1000,975,336.7,45,2,n,100
1193,I09567,1600,1200,930,514.24,45,0,n,100
613,I04642,1200,1000,545,729.5,45,2,n,100
4043,I33059,1600,1200,930,547.3,45,0,n,100
2393,I19191,1600,1200,930,307.13,45,0,n,100
2104,I16725,1600,1200,930,784.6,45,0,n,100
2298,I18253,1600,1200,930,454.873,45,0,n,100
6029,I48492,1600,1200,930,307.13,45,0,n,100
3248,I26541,1600,1200,930,356.2,45,0,n,100
1996,I15827,1600,1200,930,356.2,45,0,n,100
454,I03465,1600,1200,930,356.2,45,0,n,100
728,I05413,1600,1200,545,338.16,45,0,n,100
2921,I23434,1600,1200,1350,303.92,45,0,n,100
1133,I09084,1800,1400,1020,303.45,45,11,n,100
5721,I45893,1600,1200,930,307.13,45,0,n,100
2213,I17765,1600,1200,930,356.2,45,0,n,100
4321,I35354,1600,1200,930,370.78,45,0,n,100
5917,I47753,1600,1200,930,358.48,45,0,n,100
1591,I12574,1600,1200,930,438.4,45,0,n,100
3993,I32704,1600,1200,930,396.2,45,0,n,100
2432,I19709,1200,1000,750,318.7,45,2,n,100
2965,I23762,1800,1400,1020,303.45,45,11,n,100
2584,I21043,1600,1200,930,551.56,45,0,n,100
1872,I14724,1600,1200,930,514.24,45,0,n,100
5019,I40272,2000,1200,2350,367.608,45,22,n,100
3837,I31101,1600,1200,930,663.22,45,0,n,100
4461,I36431,1800,1400,1020,303.45,45,11,n,100
3059,I24739,1600,1200,975,460.0,45,0,n,100
2142,I17165,1200,1000,975,329.77,45,2,n,100
3105,I25203,1800,1200,1350,820.48,45,9,n,100
4685,I37828,1200,1000,975,304.12,45,2,n,100
3149,I25454,1600,1200,930,551.56,45,0,n,100
5800,I46562,1800,1400,1020,303.45,45,11,n,100
4742,I38221,1600,1200,930,784.6,45,0,n,100
3321,I26984,1600,1200,930,358.48,45,0,n,100
1990,I15818,1800,1200,1350,820.48,45,9,n,100
1197,I09616,1600,1200,930,356.56,45,0,n,100
5648,I45432,2000,1200,2350,367.608,45,22,n,100
2639,I21486,1910,1200,1295,613.59,45,19,n,100
1292,I10385,1600,1200,930,364.84,45,0,n,100
3153,I25608,1200,1000,750,405.72,45,2,n,100
3843,I31129,1600,1200,1350,303.92,45,0,n,100
5376,I43153,1600,1200,930,370.78,45,0,n,100
2411,I19388,1200,1000,975,401.2,45,2,n,100
3081,I24868,1600,1200,930,356.2,45,0,n,100
9,I00162,1600,1200,930,356.2,45,0,n,100
4249,I34659,1200,1000,930,414.14,45,2,n,100
4077,I33428,1200,1000,975,329.77,45,2,n,100
2666,I21569,1600,1200,930,370.78,45,0,n,100
5663,I45545,1200,1000,975,329.77,45,2,n,100
2994,I24038,1600,1200,930,551.56,45,0,n,100
2675,I21641,1200,1000,975,329.77,45,2,n,100
2276,I18196,1910,1200,1295,613.59,45,19,n,100
5321,I42910,1600,1200,930,663.22,45,0,n,100
4719,I38087,2000,1200,2350,367.608,45,22,n,100
4009,I32818,1600,1200,930,607.6,45,0,n,100
2055,I16358,1600,1200,930,356.2,45,0,n,100
2891,I23218,1600,1200,1350,303.92,45,0,n,100
5348,I43047,1600,1200,930,387.3,45,0,n,100
5100,I40921,2000,1200,2350,367.608,45,22,n,100
4636,I37444,1600,1200,930,358.48,45,0,n,100
4932,I39681,1600,1200,750,582.6,45,0,n,100
5998,I48195,1600,1200,930,307.13,45,0,n,100
4765,I38338,1200,1000,975,329.77,45,2,n,100
2120,I16901,1900,1200,750,713.62,45,6,n,100
1909,I14970,1800,1200,1350,820.48,45,9,n,100
5756,I46073,1600,1200,930,547.3,45,0,n,100
5086,I40786,1600,1200,975,460.0,45,0,n,100
2594,I21149,1600,1200,930,454.873,45,0,n,100
3501,I28474,1910,1200,1295,613.59,45,19,n,100
909,I06864,1200,1000,975,401.2,45,2,n,100
5195,I41764,1600,1200,930,358.48,45,0,n,100
3815,I30877,1200,1000,545,526.75,45,2,n,100
2816,I22718,1200,1000,975,329.77,45,2,n,100
4868,I38972,1600,1200,930,663.22,45,0,n,100
3302,I26851,1600,1200,930,438.4,45,0,n,100
5210,I41948,2000,1200,545,408.88,45,5,n,100
1753,I13663,1800,1400,1020,303.45,45,11,n,100
2485,I20137,1600,1200,1350,303.92,45,0,n,100
3547,I28718,1200,1000,930,345.29,45,2,n,100
3220,I26338,1800,1400,1020,303.45,45,11,n,100
1369,I11049,1600,1200,930,364.84,45,0,n,100
490,I03690,1200,1000,975,329.77,45,2,n,100
1685,I13283,1200,1000,975,329.77,45,2,n,100
5651,I45436,2000,1200,545,408.88,45,5,n,100
991,I07713,2000,1200,2350,367.608,45,22,n,100
5029,I40292,1800,1200,1350,820.48,45,9,n,100
4098,I33594,1600,1200,930,396.2,45,0,n,100
3231,I26413,1200,1000,975,308.76,45,2,n,100
1000,I07748,1200,1000,545,690.5,45,2,n,100
1247,I10115,1600,1200,1350,303.92,45,0,n,100
3000,I24068,1600,1200,930,307.13,45,0,n,100
6229,I50173,1200,1000,930,345.29,45,2,n,100
2307,I18386,1200,1000,930,345.29,45,2,n,100
3424,I27958,1900,1200,750,845.38,45,6,n,100
598,I04594,1200,1000,750,431.704,45,2,n,100
1559,I12444,1200,1000,750,351.756,45,2,n,100
4977,I39865,1910,1200,1295,613.59,45,19,n,100
6077,I48886,1910,1200,1295,613.59,45,19,n,100
2161,I17283,1600,1200,1350,303.92,45,0,n,100
4572,I37203,1200,1000,750,351.756,45,2,n,100
5494,I44283,1600,1200,930,438.4,45,0,n,100
2786,I22326,1200,1000,545,729.5,45,2,n,100
3963,I32489,1600,1200,1350,303.92,45,0,n,100
3853,I31264,1600,1200,750,323.7,45,0,n,100
1846,I14514,1200,1000,930,617.24,45,2,n,100
79,I00780,1200,1000,975,329.77,45,2,n,100
2501,I20298,1600,1200,930,307.13,45,0,n,100
5812,I46614,2000,1200,2350,367.608,45,22,n,100
1088,I08592,1600,1200,930,358.48,45,0,n,100
1353,I10909,1600,1200,1350,303.92,45,0,n,100
3938,I32155,1600,1200,930,370.78,45,0,n,100
1847,I14530,1600,1200,930,663.22,45,0,n,100
1517,I12148,1800,1400,1020,303.45,45,11,n,100
5158,I41303,1200,1000,930,413.58,45,2,n,100
1065,I08364,1600,1200,930,551.56,45,0,n,100
3064,I24762,1600,1200,1350,303.92,45,0,n,100
4082,I33433,1600,1200,930,438.4,45,0,n,100
4096,I33570,1600,1200,1350,303.92,45,0,n,100
1105,I08843,1200,1000,975,329.77,45,2,n,100
3015,I24173,1800,1400,1020,303.45,45,11,n,100
275,I02009,1910,1200,1295,613.59,45,19,n,100
3031,I24341,1200,1000,930,319.1,45,2,n,100
2220,I17849,1600,1200,930,356.2,45,0,n,100
3514,I28495,1600,1200,930,387.3,45,0,n,100
1485,I11880,1600,1200,930,358.48,45,0,n,100
2305,I18376,2000,1200,545,408.88,45,5,n,100
5306,I42815,1600,1200,930,438.4,45,0,n,100
4877,I39156,1600,1200,930,364.84,45,0,n,100
88,I00822,1800,1400,1020,303.45,45,11,n,100
4986,I39874,1910,1200,1295,613.59,45,19,n,100
263,I01997,1910,1200,1295,613.59,45,19,n,100
2913,I23380,1200,1000,975,329.77,45,2,n,100
3524,I28564,2000,1200,2350,367.608,45,22,n,100
3899,I31736,1600,1200,930,607.6,45,0,n,100
4769,I38344,1200,1000,975,329.77,45,2,n,100
1957,I15452,1600,1200,750,582.6,45,0,n,100
5358,I43095,1910,1200,1295,613.59,45,19,n,100
3304,I26853,1600,1200,930,438.4,45,0,n,100
5584,I44994,1600,1200,750,582.6,45,0,n,100
2979,I23822,1600,1200,930,547.3,45,0,n,100
5367,I43104,1910,1200,1295,613.59,45,19,n,100
6147,I49350,1600,1200,1350,303.92,45,0,n,100
3091,I25035,1600,1200,930,551.56,45,0,n,100
3036,I24438,1200,1000,750,431.704,45,2,n,100
362,I02640,1600,1200,930,547.3,45,0,n,100
672,I04938,1600,1200,930,547.3,45,0,n,100
3338,I27113,1600,1200,930,784.6,45,0,n,100
368,I02671,1200,1000,930,345.29,45,2,n,100
5237,I42104,1600,1200,930,364.84,45,0,n,100
4218,I34585,1600,1200,930,358.48,45,0,n,100
4655,I37574,1600,1200,930,358.48,45,0,n,100
5327,I42916,1600,1200,930,307.13,45,0,n,100
3287,I26780,1600,1200,930,663.22,45,0,n,100
1374,I11089,1600,1200,930,454.873,45,0,n,100
1067,I08372,1200,1000,975,329.77,45,2,n,100
4254,I34693,1200,1000,975,329.77,45,2,n,100
4931,I39680,1200,1000,1155,373.25,0,1,n,100
764,I05933,1200,1000,930,340.1,45,2,n,100
5893,I47552,1600,1200,930,356.56,45,0,n,100
3034,I24367,1800,1200,1350,820.48,45,9,n,100
1109,I08867,1800,1400,1020,303.45,45,11,n,100
5072,I40553,1200,1000,975,329.77,45,2,n,100
2230,I17900,1200,1000,975,401.2,45,2,n,100
1829,I14432,1200,1000,975,329.77,45,2,n,100
2527,I20605,1600,1200,930,358.48,45,0,n,100
2109,I16730,1800,1400,1020,303.45,45,11,n,100
5640,I45424,2000,1200,2350,367.608,45,22,n,100
5365,I43102,1910,1200,1295,613.59,45,19,n,100
5511,I44390,1600,1200,930,307.13,45,0,n,100
3277,I26668,1910,1200,1295,613.59,45,19,n,100
5814,I46616,2000,1200,2350,367.608,45,22,n,100
4810,I38719,2000,1200,2350,367.608,45,22,n,100
3974,I32525,2000,1200,2350,367.608,45,22,n,100
713,I05350,1800,1400,1020,303.45,45,11,n,100
561,I04281,1200,1000,930,345.29,45,2,n,100
2807,I22570,1800,1400,1020,303.45,45,11,n,100
5005,I40116,1200,1000,750,318.7,45,2,n,100
954,I07449,1200,1000,930,414.14,45,2,n,100
4880,I39180,1600,1200,930,307.13,45,0,n,100
2418,I19537,1200,1000,1155,375.0,0,1,n,100
1670,I13197,1600,1200,930,313.0,45,0,n,100
312,I02224,1200,1000,975,329.77,45,2,n,100
2006,I15944,1200,1000,975,329.77,45,2,n,100
2648,I21495,1910,1200,1295,613.59,45,19,n,100
4610,I37313,1600,1200,930,387.3,45,0,n,100
1655,I13050,1200,1000,975,401.2,45,2,n,100
5545,I44718,1200,1000,930,414.14,45,2,n,100
4391,I35836,1600,1200,930,663.22,45,0,n,100
285,I02063,1600,1200,930,307.13,45,0,n,100
554,I04211,1200,1000,975,401.2,45,2,n,100
3577,I29047,2000,1200,2350,367.608,45,22,n,100
1911,I14972,1600,1200,930,370.78,45,0,n,100
5114,I41035,1600,1200,930,547.3,45,0,n,100
4509,I36723,1600,1200,1350,303.92,45,0,n,100
1949,I15382,1600,1200,930,307.13,45,0,n,100
4627,I37386,1600,1200,930,663.22,45,0,n,100
336,I02442,1600,1200,930,356.2,45,0,n,100
4525,I36807,1600,1200,930,356.56,45,0,n,100
4258,I34756,1600,1200,930,307.13,45,0,n,100
34,I00348,1600,1200,545,338.52,45,0,n,100
1290,I10372,1600,1200,545,338.16,45,0,n,100
3772,I30546,1600,1200,1350,303.92,45,0,n,100
1341,I10779,1600,1200,1350,303.92,45,0,n,100
998,I07720,2000,1200,2350,367.608,45,22,n,100
350,I02571,1600,1200,930,358.48,45,0,n,100
4667,I37755,1600,1200,930,356.2,45,0,n,100
4039,I33055,1600,1200,930,547.3,45,0,n,100
1827,I14415,1900,1200,750,845.38,45,6,n,100
3622,I29317,1600,1200,750,323.7,45,0,n,100
2536,I20656,1600,1200,930,784.6,45,0,n,100
3090,I25034,1200,1000,975,401.2,45,2,n,100
5360,I43097,1910,1200,1295,613.59,45,19,n,100
1657,I13147,1600,1200,750,323.7,45,0,n,100
851,I06629,1200,1000,975,401.2,45,2,n,100
866,I06765,1800,1400,1020,303.45,45,11,n,100
4713,I38073,1200,1000,750,351.756,45,2,n,100
4305,I35123,1800,1400,1020,303.45,45,11,n,100
5964,I47969,1800,1400,1020,303.45,45,11,n,100
3557,I28811,1600,1200,930,784.6,45,0,n,100
1472,I11847,1800,1200,1350,820.48,45,9,n,100
169,I01432,1600,1200,1350,303.92,45,0,n,100
4007,I32813,1600,1200,930,356.2,45,0,n,100
4072,I33382,2000,1200,545,408.88,45,5,n,100
3092,I25039,1600,1200,930,514.24,45,0,n,100
4850,I38934,2000,1200,2350,367.608,45,22,n,100
1149,I09164,1600,1200,930,370.78,45,0,n,100
2073,I16502,1200,1000,975,329.77,45,2,n,100
2361,I18888,1200,1000,545,526.75,45,2,n,100
4695,I37918,1600,1200,930,313.0,45,0,n,100
5979,I48032,1600,1200,1350,303.92,45,0,n,100
3079,I24827,1900,1200,750,845.38,45,6,n,100
3233,I26437,1600,1200,930,607.6,45,0,n,100
1025,I08012,1800,1200,1350,820.48,45,9,n,100
1014,I07909,1800,1400,1020,303.45,45,11,n,100
2022,I16152,1600,1200,1350,303.92,45,0,n,100
4776,I38432,1200,1000,975,329.77,45,2,n,100
1049,I08192,1200,1000,975,329.77,45,2,n,100
5299,I42771,1600,1200,930,547.3,45,0,n,100
3145,I25420,1600,1200,930,784.6,45,0,n,100
1099,I08791,1600,1200,930,307.13,45,0,n,100
662,I04851,2000,1200,545,408.88,45,5,n,100
2078,I16532,1200,1000,975,401.2,45,2,n,100
4232,I34619,1910,1200,1295,613.59,45,19,n,100
5933,I47802,1910,1200,1295,613.59,45,19,n,100
321,I02336,1200,1000,930,414.14,45,2,n,100
2640,I21487,1910,1200,1295,613.59,45,19,n,100
3520,I28530,1600,1200,930,387.3,45,0,n,100
3737,I30096,1200,1000,930,413.58,45,2,n,100
3566,I28991,1600,1200,975,460.0,45,0,n,100
4623,I37382,1600,1200,930,438.4,45,0,n,100
683,I04969,1600,1200,930,364.84,45,0,n,100
3895,I31674,1600,1200,930,370.78,45,0,n,100
4074,I33425,1200,1000,930,414.14,45,2,n,100
5802,I46564,1200,1000,975,329.77,45,2,n,100
4933,I39689,1600,1200,930,313.0,45,0,n,100
3583,I29053,2000,1200,2350,367.608,45,22,n,100
641,I04778,1800,1400,1020,303.45,45,11,n,100
5700,I45841,1600,1200,930,356.2,45,0,n,100
888,I06813,1910,1200,1295,613.59,45,19,n,100
633,I04770,1800,1400,1020,303.45,45,11,n,100
382,I02816,1800,1400,1020,303.45,45,11,n,100
1863,I14679,1600,1200,930,356.2,45,0,n,100
3339,I27116,1200,1000,930,704.36,45,2,n,100
4137,I33911,1600,1200,930,358.48,45,0,n,100
1166,I09281,1600,1200,1350,303.92,45,0,n,100
3574,I29025,1600,1200,1350,303.92,45,0,n,100
5945,I47881,1600,1200,1350,303.92,45,0,n,100
5541,I44697,2000,1200,545,408.88,45,5,n,100
4173,I34194,1600,1200,930,396.2,45,0,n,100
5456,I44087,1200,1000,545,526.75,45,2,n,100
2167,I17333,1600,1200,930,551.56,45,0,n,100
4279,I34885,1600,1200,750,323.7,45,0,n,100
6219,I50048,1200,1000,930,413.58,45,2,n,100
5767,I46219,1600,1200,930,551.56,45,0,n,100
2256,I18176,1910,1200,1295,613.59,45,19,n,100
322,I02349,1200,1000,930,413.58,45,2,n,100
1458,I11712,1600,1200,930,358.48,45,0,n,100
1169,I09322,1600,1200,930,356.2,45,0,n,100
6174,I49712,1910,1200,1295,613.59,45,19,n,100
5749,I46066,1600,1200,930,370.78,45,0,n,100
3268,I26652,1200,1000,975,329.77,45,2,n,100
2495,I20268,1600,1200,545,338.16,45,0,n,100
2664,I21558,1600,1200,930,607.6,45,0,n,100
2015,I16089,1200,1000,975,329.77,45,2,n,100
2870,I23022,1600,1200,930,356.2,45,0,n,100
4204,I34465,1600,1200,975,611.224,45,0,n,100
4233,I34620,1910,1200,1295,613.59,45,19,n,100
2522,I20555,1600,1200,975,611.224,45,0,n,100
1639,I12865,1600,1200,750,323.7,45,0,n,100
1784,I13976,1600,1200,1350,303.92,45,0,n,100
1988,I15808,1200,1000,975,465.1,45,2,n,100
5719,I45891,1600,1200,545,338.16,45,0,n,100
5780,I46284,1600,1200,1350,303.92,45,0,n,100
30,I00341,1600,1200,930,356.56,45,0,n,100
25,I00309,1600,1200,930,387.3,45,0,n,100
1335,I10668,1600,1200,930,358.48,45,0,n,100
5826,I46659,1600,1200,1350,303.92,45,0,n,100
749,I05776,1600,1200,930,370.78,45,0,n,100
5235,I42102,1600,1200,930,356.56,45,0,n,100
2927,I23516,1600,1200,930,356.2,45,0,n,100
5408,I43511,1600,1200,930,551.56,45,0,n,100
2216,I17820,1600,1200,545,338.52,45,0,n,100
1807,I14175,1600,1200,930,356.2,45,0,n,100
3367,I27371,1600,1200,930,551.56,45,0,n,100
1294,I10442,1800,1400,1020,303.45,45,11,n,100
4253,I34692,1200,1000,975,329.77,45,2,n,100
3388,I27549,1600,1200,930,307.13,45,0,n,100
4907,I39426,1600,1200,930,356.2,45,0,n,100
1375,I11090,1200,1000,975,329.77,45,2,n,100
472,I03618,1600,1200,930,607.6,45,0,n,100
5065,I40485,1600,1200,930,663.22,45,0,n,100
2193,I17444,1600,1200,930,307.13,45,0,n,100
1998,I15829,1600,1200,930,356.2,45,0,n,100
2288,I18219,1600,1200,930,307.13,45,0,n,100
3124,I25308,1600,1200,930,356.2,45,0,n,100
2978,I23821,1600,1200,930,547.3,45,0,n,100
3684,I29674,1600,1200,1350,303.92,45,0,n,100
2137,I17096,1600,1200,1350,303.92,45,0,n,100
4672,I37763,1600,1200,975,460.0,45,0,n,100
1016,I07911,1800,1400,1020,303.45,45,11,n,100
6090,I48899,1910,1200,1295,613.59,45,19,n,100
2812,I22705,1600,1200,1350,303.92,45,0,n,100
5389,I43258,1600,1200,930,358.48,45,0,n,100
1725,I13591,1910,1200,1295,613.59,45,19,n,100
451,I03442,1600,1200,1350,303.92,45,0,n,100
4487,I36613,2000,1200,545,408.88,45,5,n,100
1487,I11951,1200,1000,930,345.29,45,2,n,100
4248,I34635,1910,1200,1295,613.59,45,19,n,100
1562,I12469,1900,1200,750,713.62,45,6,n,100
2389,I19167,1600,1200,1350,303.92,45,0,n,100
3736,I30095,1600,1200,930,313.0,45,0,n,100
227,I01837,1200,1000,930,614.16,45,2,n,100
4276,I34865,1600,1200,1350,303.92,45,0,n,100
16,I00231,1600,1200,930,387.3,45,0,n,100
3253,I26584,1600,1200,930,364.84,45,0,n,100
5381,I43187,1600,1200,1350,303.92,45,0,n,100
2505,I20302,1600,1200,930,307.13,45,0,n,100
5813,I46615,2000,1200,2350,367.608,45,22,n,100
577,I04458,1600,1200,930,364.84,45,0,n,100
761,I05920,1200,1000,750,405.72,45,2,n,100
384,I02818,1800,1400,1020,303.45,45,11,n,100
5285,I42619,1200,1000,975,401.2,45,2,n,100
726,I05386,1600,1200,975,460.0,45,0,n,100
1661,I13179,1800,1400,1020,303.45,45,11,n,100
2446,I19839,1600,1200,930,307.13,45,0,n,100
3187,I25938,1600,1200,930,356.56,45,0,n,100
4815,I38724,2000,1200,2350,367.608,45,22,n,100
360,I02638,1600,1200,930,547.3,45,0,n,100
3056,I24699,1600,1200,930,307.13,45,0,n,100
5295,I42759,1200,1000,975,336.7,45,2,n,100
2893,I23220,1600,1200,1350,303.92,45,0,n,100
605,I04628,1200,1000,975,401.2,45,2,n,100
2637,I21484,1910,1200,1295,613.59,45,19,n,100
2159,I17281,1600,1200,1350,303.92,45,0,n,100
2745,I22055,1200,1000,975,336.7,45,2,n,100
2984,I23861,1200,1000,545,729.5,45,2,n,100
1596,I12579,1600,1200,930,438.4,45,0,n,100
1328,I10554,1800,1400,1020,303.45,45,11,n,100
1738,I13604,1910,1200,1295,613.59,45,19,n,100
3177,I25868,1600,1200,545,338.52,45,0,n,100
5483,I44232,1200,1000,975,708.0,45,2,n,100
1180,I09434,2000,1200,2350,367.608,45,22,n,100
2719,I21989,1200,1000,975,329.77,45,2,n,100
580,I04464,1600,1200,930,356.2,45,0,n,100
3349,I27254,1600,1200,930,781.25,45,0,n,100
5385,I43219,1600,1200,545,338.16,45,0,n,100
3082,I24896,1200,1000,545,729.5,45,2,n,100
1572,I12523,1200,1000,975,329.77,45,2,n,100
5670,I45625,1200,1000,930,414.14,45,2,n,100
794,I06128,1600,1200,930,784.6,45,0,n,100
4239,I34626,1910,1200,1295,613.59,45,19,n,100
100,I00895,1600,1200,930,370.78,45,0,n,100
5617,I45267,1600,1200,930,387.3,45,0,n,100
2961,I23758,1800,1400,1020,303.45,45,11,n,100
3481,I28454,1910,1200,1295,613.59,45,19,n,100
4865,I38960,1600,1200,930,663.22,45,0,n,100
4751,I38276,1800,1400,1020,303.45,45,11,n,100
1415,I11349,1600,1200,1350,303.92,45,0,n,100
627,I04730,1600,1200,930,663.22,45,0,n,100
4745,I38270,1600,1200,1350,303.92,45,0,n,100
4788,I38512,1200,1000,750,405.72,45,2,n,100
4267,I34807,1200,1000,545,526.75,45,2,n,100
1173,I09351,1600,1200,930,387.3,45,0,n,100
4309,I35147,1600,1200,930,607.6,45,0,n,100
4579,I37214,1200,1000,975,329.77,45,2,n,100
1984,I15764,1600,1200,930,356.2,45,0,n,100
155,I01319,1600,1200,930,370.78,45,0,n,100
3181,I25908,1600,1200,1350,303.92,45,0,n,100
5266,I42348,1800,1400,1020,303.45,45,11,n,100
3232,I26436,1600,1200,975,460.0,45,0,n,100
3016,I24174,1800,1400,1020,303.45,45,11,n,100
2766,I22204,1600,1200,930,356.2,45,0,n,100
714,I05351,1800,1400,1020,303.45,45,11,n,100
2985,I23922,1600,1200,930,370.78,45,0,n,100
2703,I21860,1200,1000,545,526.75,45,2,n,100
4930,I39679,1200,1000,1155,373.25,0,1,n,100
2980,I23852,1600,1200,1350,312.72,45,0,n,100
23,I00303,1200,1000,545,526.75,45,2,n,100
4042,I33058,1600,1200,930,547.3,45,0,n,100
5728,I45929,1600,1200,930,551.56,45,0,n,100
2247,I18125,1800,1200,1350,820.48,45,9,n,100
4734,I38200,1600,1200,930,438.4,45,0,n,100
2942,I23581,1600,1200,930,607.6,45,0,n,100
2443,I19810,1600,1200,930,309.5,45,0,n,100
575,I04444,1600,1200,930,364.84,45,0,n,100
2116,I16803,1600,1200,930,364.84,45,0,n,100
1361,I10927,1600,1200,930,784.6,45,0,n,100
4244,I34631,1910,1200,1295,613.59,45,19,n,100
28,I00339,1600,1200,930,364.84,45,0,n,100
1313,I10468,2000,1200,2350,367.608,45,22,n,100
4421,I36045,1200,1000,545,729.5,45,2,n,100
4150,I34092,1800,1400,1020,303.45,45,11,n,100
2628,I21475,1910,1200,1295,613.59,45,19,n,100
3147,I25426,1600,1200,930,387.3,45,0,n,100
2333,I18623,1600,1200,750,582.6,45,0,n,100
3074,I24797,1600,1200,930,356.2,45,0,n,100
3021,I24198,1200,1000,975,329.77,45,2,n,100
2570,I20932,2000,1200,545,408.88,45,5,n,100
35,I00355,1600,1200,930,784.6,45,0,n,100
6152,I49579,1200,1000,930,340.0,45,2,n,100
457,I03514,1600,1200,930,784.6,45,0,n,100
1013,I07901,1600,1200,930,663.22,45,0,n,100
1480,I11875,1600,1200,930,438.4,45,0,n,100
5512,I44415,1600,1200,930,356.2,45,0,n,100
4953,I39785,1600,1200,930,307.13,45,0,n,100
569,I04402,1600,1200,930,307.13,45,0,n,100
2974,I23817,1600,1200,930,547.3,45,0,n,100
3937,I32154,1600,1200,930,370.78,45,0,n,100
3672,I29619,1600,1200,930,356.56,45,0,n,100
665,I04873,1600,1200,930,356.2,45,0,n,100
3910,I31854,1600,1200,930,454.873,45,0,n,100
4377,I35759,1910,1200,1295,613.59,45,19,n,100
4612,I37315,1600,1200,1350,303.92,45,0,n,100
3395,I27684,1600,1200,930,358.48,45,0,n,100
2713,I21937,1600,1200,930,551.56,45,0,n,100
3593,I29106,1200,1000,975,329.77,45,2,n,100
5242,I42110,1200,1000,545,526.75,45,2,n,100
4640,I37484,2000,1200,545,408.88,45,5,n,100
137,I01148,1900,1200,750,845.38,45,6,n,100
2632,I21479,1910,1200,1295,613.59,45,19,n,100
1816,I14246,1200,1000,930,347.0,45,2,n,100
1636,I12854,1600,1200,930,364.84,45,0,n,100
2792,I22396,1600,1200,930,607.6,45,0,n,100
2874,I23028,1600,1200,930,356.2,45,0,n,100
5482,I44221,1600,1200,930,307.13,45,0,n,100
3696,I29703,1600,1200,930,356.56,45,0,n,100
1858,I14669,1600,1200,750,582.6,45,0,n,100
4557,I37044,1600,1200,930,364.84,45,0,n,100
435,I03273,1800,1400,1020,303.45,45,11,n,100
4002,I32769,1600,1200,975,611.224,45,0,n,100
1005,I07778,1600,1200,1350,303.92,45,0,n,100
2291,I18222,1600,1200,930,307.13,45,0,n,100
808,I06259,2000,1200,2350,367.608,45,22,n,100
2756,I22133,1600,1200,1350,303.92,45,0,n,100
1641,I12897,1600,1200,930,313.0,45,0,n,100
5891,I47523,1600,1200,930,663.22,45,0,n,100
3024,I24208,1600,1200,930,364.84,45,0,n,100
2047,I16283,1200,1000,930,345.29,45,2,n,100
4602,I37278,1600,1200,1350,303.92,45,0,n,100
2820,I22771,1600,1200,750,582.6,45,0,n,100
5815,I46617,2000,1200,2350,367.608,45,22,n,100
2966,I23763,1800,1400,1020,303.45,45,11,n,100
14,I00224,1200,1000,975,329.77,45,2,n,100
2723,I21996,1200,1000,975,329.77,45,2,n,100
992,I07714,2000,1200,2350,367.608,45,22,n,100
4774,I38426,1200,1000,930,414.14,45,2,n,100
2555,I20755,1600,1200,545,338.16,45,0,n,100
5677,I45633,1800,1400,1020,303.45,45,11,n,100
1768,I13770,1600,1200,1350,303.92,45,0,n,100
869,I06768,1800,1400,1020,303.45,45,11,n,100
4661,I37655,1600,1200,1350,303.92,45,0,n,100
3154,I25651,1200,1000,930,413.58,45,2,n,100
2520,I20491,1200,1000,975,401.2,45,2,n,100
3755,I30318,1200,1000,975,401.2,45,2,n,100
1084,I08542,1200,1000,930,340.0,45,2,n,100
5159,I41310,1600,1200,750,582.6,45,0,n,100
4862,I38952,2000,1200,2350,367.608,45,22,n,100
4535,I36898,1600,1200,930,830.32,45,0,n,100
4733,I38199,1800,1200,1350,820.48,45,9,n,100
5122,I41068,1600,1200,930,370.78,45,0,n,100
3173,I25840,2000,1200,545,408.88,45,5,n,100
1849,I14578,1600,1200,1350,303.92,45,0,n,100
6188,I49773,1800,1200,1350,820.48,45,9,n,100
736,I05604,1600,1200,750,323.7,45,0,n,100
2141,I17164,1600,1200,930,784.6,45,0,n,100
6088,I48897,1910,1200,1295,613.59,45,19,n,100
4411,I35935,1600,1200,930,358.48,45,0,n,100
5009,I40160,1600,1200,750,323.7,45,0,n,100
3322,I26988,1200,1000,545,526.75,45,2,n,100
448,I03403,1200,1000,975,384.74,45,2,n,100
2544,I20692,1600,1200,930,607.6,45,0,n,100
1677,I13242,1600,1200,930,356.56,45,0,n,100
2976,I23819,1600,1200,930,547.3,45,0,n,100
2681,I21720,1600,1200,930,551.56,45,0,n,100
2884,I23055,1200,1000,975,329.77,45,2,n,100
1754,I13664,1800,1400,1020,303.45,45,11,n,100
5713,I45883,1600,1200,1350,303.92,45,0,n,100
2623,I21351,1600,1200,1350,303.92,45,0,n,100
4687,I37853,1600,1200,930,546.3,45,0,n,100
2796,I22416,1600,1200,975,460.0,45,0,n,100
5490,I44279,1600,1200,930,438.4,45,0,n,100
6072,I48852,1600,1200,975,460.0,45,0,n,100
534,I04035,1600,1200,930,364.84,45,0,n,100
4547,I36977,1800,1400,1020,303.45,45,11,n,100
5751,I46068,1600,1200,930,547.3,45,0,n,100
5496,I44291,1600,1200,930,663.22,45,0,n,100
5339,I42995,1600,1200,930,307.13,45,0,n,100
506,I03781,1600,1200,930,547.3,45,0,n,100
5769,I46234,1600,1200,750,323.7,45,0,n,100
654,I04815,1600,1200,930,547.3,45,0,n,100
2847,I22928,1800,1400,1020,303.45,45,11,n,100
4901,I39402,1800,1200,1350,820.48,45,9,n,100
1024,I08011,1800,1200,1350,820.48,45,9,n,100
4619,I37378,1600,1200,930,784.6,45,0,n,100
1322,I10548,1800,1400,1020,303.45,45,11,n,100
1934,I15254,1600,1200,1350,303.92,45,0,n,100
2368,I19059,1600,1200,1350,303.92,45,0,n,100
4707,I38064,1600,1200,930,454.873,45,0,n,100
1575,I12552,1800,1400,1020,303.45,45,11,n,100
793,I06127,1910,1200,1295,613.59,45,19,n,100
5620,I45295,1800,1200,1350,820.48,45,9,n,100
970,I07474,1600,1200,975,460.0,45,0,n,100
2370,I19061,1600,1200,1350,303.92,45,0,n,100
412,I03187,1600,1200,930,307.13,45,0,n,100
6204,I49868,1200,1000,930,340.1,45,2,n,100
3307,I26856,1600,1200,930,438.4,45,0,n,100
4109,I33658,1200,1000,930,704.36,45,2,n,100
5820,I46625,1200,1000,975,401.2,45,2,n,100
3008,I24124,1600,1200,1350,303.92,45,0,n,100
3568,I29019,1200,1000,750,351.944,45,2,n,100
2083,I16558,1800,1400,1020,303.45,45,11,n,100
1866,I14693,1600,1200,930,547.3,45,0,n,100
2259,I18179,1910,1200,1295,613.59,45,19,n,100
4284,I34961,1200,1000,975,329.77,45,2,n,100
5884,I47411,1600,1200,930,396.2,45,0,n,100
2872,I23025,1200,1000,975,329.77,45,2,n,100
1871,I14723,1600,1200,975,808.3,45,0,n,100
2644,I21491,1910,1200,1295,613.59,45,19,n,100
5234,I42088,1600,1200,930,356.2,45,0,n,100
5515,I44446,1200,1000,975,329.77,45,2,n,100
387,I02823,1600,1200,930,781.25,45,0,n,100
446,I03396,2000,1200,545,408.88,45,5,n,100
3172,I25816,1600,1200,750,323.7,45,0,n,100
560,I04270,1200,1000,975,329.77,45,2,n,100
1412,I11328,1600,1200,1350,303.92,45,0,n,100
2057,I16361,1200,1000,545,526.75,45,2,n,100
4282,I34958,1600,1200,930,356.56,45,0,n,100
1551,I12420,1600,1200,930,547.3,45,0,n,100
1712,I13416,1910,1200,1405,805.9,100,25,n,100
3858,I31280,1600,1200,1350,303.92,45,0,n,100
1288,I10353,1200,1000,975,329.77,45,2,n,100
1031,I08083,1200,1000,750,318.7,45,2,n,100
1021,I07932,1200,1000,975,329.77,45,2,n,100
1823,I14354,1200,1000,1155,375.0,0,1,n,100
1825,I14383,1600,1200,930,546.3,45,0,n,100
2537,I20659,1200,1000,750,405.72,45,2,n,100
743,I05732,1600,1200,750,323.7,45,0,n,100
5980,I48033,1600,1200,1350,303.92,45,0,n,100
1669,I13193,1200,1000,930,338.9,45,2,n,100
315,I02281,1800,1200,1350,820.48,45,9,n,100
721,I05374,1800,1200,1350,820.48,45,9,n,100
667,I04875,1600,1200,930,356.2,45,0,n,100
4552,I36982,1800,1400,1020,303.45,45,11,n,100
3054,I24697,1600,1200,930,307.13,45,0,n,100
3169,I25796,1600,1200,930,309.5,45,0,n,100
4349,I35593,1600,1200,930,551.56,45,0,n,100
1101,I08795,1600,1200,930,551.56,45,0,n,100
221,I01786,1600,1200,930,607.6,45,0,n,100
4724,I38104,1600,1200,930,387.3,45,0,n,100
5240,I42107,1200,1000,930,414.14,45,2,n,100
5288,I42658,2000,1200,545,408.88,45,5,n,100
3659,I29571,1600,1200,930,438.4,45,0,n,100
3887,I31558,1200,1000,975,329.77,45,2,n,100
2611,I21312,2000,1200,2350,367.608,45,22,n,100
5919,I47761,1200,1000,930,413.58,45,2,n,100
1932,I15252,1600,1200,1350,303.92,45,0,n,100
498,I03721,1600,1200,930,358.48,45,0,n,100
6100,I48909,1910,1200,1295,613.59,45,19,n,100
2403,I19243,1600,1200,930,307.13,45,0,n,100
1912,I14974,1600,1200,930,358.48,45,0,n,100
1445,I11581,1600,1200,1350,303.92,45,0,n,100
873,I06777,1600,1200,930,830.32,45,0,n,100
3748,I30262,1600,1200,930,364.84,45,0,n,100
109,I01012,1600,1200,930,356.2,45,0,n,100
5486,I44243,1600,1200,930,551.56,45,0,n,100
1319,I10539,1200,1000,930,704.36,45,2,n,100
5412,I43529,1600,1200,1350,303.92,45,0,n,100
5981,I48034,1600,1200,1350,303.92,45,0,n,100
2667,I21589,1200,1000,975,401.2,45,2,n,100
4404,I35886,1200,1000,975,652.0,45,2,n,100
5845,I46897,1600,1200,930,356.2,45,0,n,100
4950,I39781,1600,1200,930,358.48,45,0,n,100
2071,I16498,1600,1200,930,356.2,45,0,n,100
550,I04141,1600,1200,930,356.2,45,0,n,100
1979,I15703,1600,1200,930,356.56,45,0,n,100
6240,I50275,1200,1000,975,329.77,45,2,n,100
2086,I16561,1800,1400,1020,303.45,45,11,n,100
2263,I18183,1910,1200,1295,613.59,45,19,n,100
3619,I29293,1200,1000,545,526.75,45,2,n,100
4960,I39803,1200,1000,975,329.77,45,2,n,100
2878,I23032,1600,1200,750,323.7,45,0,n,100
2059,I16363,1600,1200,930,356.2,45,0,n,100
5509,I44388,1600,1200,930,307.13,45,0,n,100
3087,I24970,1600,1200,930,356.56,45,0,n,100
5507,I44385,1200,1000,975,329.77,45,2,n,100
1417,I11413,1200,1000,545,690.5,45,2,n,100
2962,I23759,1800,1400,1020,303.45,45,11,n,100
5603,I45116,1200,1000,975,652.0,45,2,n,100
2551,I20726,1200,1000,975,401.2,45,2,n,100
4329,I35387,1600,1200,930,370.78,45,0,n,100
3740,I30139,1600,1200,930,607.6,45,0,n,100
124,I01046,1800,1400,1020,303.45,45,11,n,100
4795,I38638,1600,1200,545,338.16,45,0,n,100
2679,I21716,1200,1000,930,347.0,45,2,n,100
2408,I19314,1600,1200,930,396.2,45,0,n,100
4434,I36245,1600,1200,930,370.78,45,0,n,100
937,I07118,1600,1200,1350,303.92,45,0,n,100
1391,I11152,1200,1000,645,330.5,0,1,n,100
3779,I30596,1600,1200,930,356.2,45,0,n,100
1449,I11608,1900,1200,750,845.38,45,6,n,100
1835,I14441,1600,1200,930,438.4,45,0,n,100
1106,I08864,1800,1400,1020,303.45,45,11,n,100
2479,I20118,1600,1200,930,663.22,45,0,n,100
3594,I29111,1600,1200,930,396.2,45,0,n,100
1936,I15272,1200,1000,930,414.14,45,2,n,100
4087,I33490,1600,1200,930,356.2,45,0,n,100
4126,I33857,1800,1400,1020,303.45,45,11,n,100
2742,I22052,1200,1000,975,336.7,45,2,n,100
1202,I09621,1200,1000,975,329.77,45,2,n,100
2320,I18521,1200,1000,930,414.14,45,2,n,100
1914,I15038,1200,1000,750,405.72,45,2,n,100
381,I02815,1800,1400,1020,303.45,45,11,n,100
3643,I29494,1600,1200,930,387.3,45,0,n,100
5287,I42657,2000,1200,545,408.88,45,5,n,100
4790,I38544,1600,1200,1350,303.92,45,0,n,100
4413,I36012,1200,1000,975,329.77,45,2,n,100
5716,I45886,1600,1200,1350,303.92,45,0,n,100
2613,I21314,2000,1200,2350,367.608,45,22,n,100
4467,I36437,1600,1200,750,323.7,45,0,n,100
773,I06068,1600,1200,930,356.2,45,0,n,100
4247,I34634,1910,1200,1295,613.59,45,19,n,100
4575,I37210,1600,1200,930,358.48,45,0,n,100
3430,I27992,1800,1400,1020,303.45,45,11,n,100
2828,I22801,1600,1200,1350,303.92,45,0,n,100
6105,I48914,1600,1200,930,307.13,45,0,n,100
2045,I16262,1600,1200,930,547.3,45,0,n,100
3907,I31803,1600,1200,930,784.6,45,0,n,100
2009,I16024,1600,1200,750,582.6,45,0,n,100
982,I07608,1200,1000,975,329.77,45,2,n,100
5760,I46090,1800,1400,1020,303.45,45,11,n,100
3928,I32040,1600,1200,930,396.2,45,0,n,100
2608,I21295,2000,1600,1370,339.6,45,26,n,100
4122,I33853,1800,1400,1020,303.45,45,11,n,100
6009,I48348,1200,1000,545,526.75,45,2,n,100
5857,I46998,1600,1200,930,781.25,45,0,n,100
5166,I41420,1600,1200,930,387.3,45,0,n,100
1710,I13413,1200,1000,545,729.5,45,2,n,100
1437,I11510,1600,1200,975,460.0,45,0,n,100
3065,I24763,1600,1200,1350,303.92,45,0,n,100
4071,I33363,1600,1200,545,338.16,45,0,n,100
4521,I36786,1200,1000,750,305.32,45,2,n,100
3400,I27734,1600,1200,930,547.3,45,0,n,100
4132,I33863,1600,1200,1350,303.92,45,0,n,100
1444,I11580,1600,1200,1350,303.92,45,0,n,100
1679,I13258,1200,1000,750,318.7,45,2,n,100
1772,I13887,1600,1200,930,663.22,45,0,n,100
2734,I22013,1800,1400,1020,303.45,45,11,n,100
1108,I08866,1800,1400,1020,303.45,45,11,n,100
5787,I46385,1200,1000,930,413.58,45,2,n,100
5261,I42333,1600,1200,975,611.224,45,0,n,100
3499,I28472,1910,1200,1295,613.59,45,19,n,100
4708,I38065,1600,1200,930,454.873,45,0,n,100
1306,I10461,2000,1200,2350,367.608,45,22,n,100
3854,I31265,1600,1200,750,323.7,45,0,n,100
5026,I40289,1200,1000,930,345.29,45,2,n,100
543,I04110,1600,1200,1350,303.92,45,0,n,100
2376,I19083,1200,1000,930,347.0,45,2,n,100
1254,I10157,1200,1000,930,704.12,45,2,n,100
3122,I25306,1900,1200,750,845.38,45,6,n,100
206,I01736,1200,1000,975,401.2,45,2,n,100
2028,I16163,1600,1200,930,358.48,45,0,n,100
3414,I27867,2000,1200,2350,367.608,45,22,n,100
2272,I18192,1910,1200,1295,613.59,45,19,n,100
3441,I28024,1200,1000,975,652.0,45,2,n,100
3119,I25300,1600,1200,930,547.3,45,0,n,100
4021,I32940,1200,1000,930,340.0,45,2,n,100
4996,I40049,1200,1000,975,401.2,45,2,n,100
1740,I13606,1910,1200,1295,613.59,45,19,n,100
492,I03703,1200,1000,750,431.704,45,2,n,100
1662,I13180,1800,1400,1020,303.45,45,11,n,100
1209,I09714,1600,1200,930,358.48,45,0,n,100
4198,I34364,1900,1200,750,845.38,45,6,n,100
1545,I12371,1600,1200,930,607.6,45,0,n,100
2824,I22777,1800,1200,1350,820.48,45,9,n,100
1708,I13399,1600,1200,930,396.2,45,0,n,100
171,I01434,1600,1200,1350,303.92,45,0,n,100
4490,I36652,1600,1200,930,663.22,45,0,n,100
5929,I47798,1910,1200,1295,613.59,45,19,n,100
1411,I11327,1600,1200,930,356.2,45,0,n,100
5843,I46841,1600,1200,930,356.56,45,0,n,100
6128,I49212,1600,1200,750,323.7,45,0,n,100
3662,I29594,1600,1200,930,547.3,45,0,n,100
3721,I29917,1600,1200,930,356.2,45,0,n,100
597,I04580,1600,1200,930,663.22,45,0,n,100
3446,I28120,1200,1000,750,305.32,45,2,n,100
4310,I35156,1200,1000,545,690.5,45,2,n,100
2332,I18580,1600,1200,930,781.25,45,0,n,100
4359,I35678,1200,1000,545,690.5,45,2,n,100
1434,I11477,1600,1200,930,356.2,45,0,n,100
3693,I29697,1800,1400,1020,303.45,45,11,n,100
6097,I48906,1910,1200,1295,613.59,45,19,n,100
5689,I45708,1600,1200,930,356.2,45,0,n,100
2694,I21812,1600,1200,930,356.2,45,0,n,100
2066,I16452,1600,1200,930,830.32,45,0,n,100
1814,I14225,1600,1200,930,607.6,45,0,n,100
1186,I09546,1200,1000,930,413.58,45,2,n,100
5938,I47807,1910,1200,1295,613.59,45,19,n,100
4231,I34618,1910,1200,1295,613.59,45,19,n,100
261,I01995,1910,1200,1295,613.59,45,19,n,100
5975,I48028,1600,1200,750,323.7,45,0,n,100
4357,I35626,1600,1200,930,387.3,45,0,n,100
3835,I31066,1600,1200,930,607.6,45,0,n,100
2143,I17166,1200,1000,975,329.77,45,2,n,100
2568,I20923,1200,1000,975,329.77,45,2,n,100
2315,I18458,1200,1000,975,401.2,45,2,n,100
4350,I35597,1600,1200,930,364.84,45,0,n,100
313,I02248,1600,1200,975,611.224,45,0,n,100
3442,I28042,1600,1200,930,387.3,45,0,n,100
6055,I48596,1600,1200,930,547.3,45,0,n,100
4801,I38655,1800,1400,1020,303.45,45,11,n,100
6175,I49713,1910,1200,1295,613.59,45,19,n,100
4981,I39869,1910,1200,1295,613.59,45,19,n,100
2660,I21548,1600,1200,750,323.7,45,0,n,100
2189,I17410,1600,1200,930,356.2,45,0,n,100
4890,I39263,1600,1200,930,551.56,45,0,n,100
3844,I31130,1600,1200,1350,303.92,45,0,n,100
4621,I37380,1600,1200,930,438.4,45,0,n,100
2678,I21705,2000,1200,545,408.88,45,5,n,100
3250,I26544,1200,1000,975,329.77,45,2,n,100
6123,I49072,1600,1200,750,323.7,45,0,n,100
1081,I08515,1600,1200,930,370.78,45,0,n,100
5002,I40108,1600,1200,930,356.2,45,0,n,100
1837,I14457,2000,1200,545,408.88,45,5,n,100
6131,I49215,1800,1400,1020,303.45,45,11,n,100
3810,I30834,1600,1200,930,307.13,45,0,n,100
5550,I44723,1600,1200,930,438.4,45,0,n,100
170,I01433,1600,1200,1350,303.92,45,0,n,100
4191,I34329,1200,1000,750,305.32,45,2,n,100
3409,I27862,1600,1200,930,663.22,45,0,n,100
4597,I37271,1600,1200,930,396.2,45,0,n,100
4837,I38815,1200,1000,930,414.14,45,2,n,100
3372,I27402,1600,1200,750,323.7,45,0,n,100
3290,I26786,1200,1000,975,329.77,45,2,n,100
6087,I48896,1910,1200,1295,613.59,45,19,n,100
3607,I29191,1600,1200,930,356.56,45,0,n,100
5343,I43001,1600,1200,1350,303.92,45,0,n,100
5966,I47971,1800,1400,1020,303.45,45,11,n,100
3861,I31303,1200,1000,1155,373.25,0,1,n,100
3359,I27301,1200,1000,975,401.2,45,2,n,100
164,I01398,1200,1000,975,329.77,45,2,n,100
4937,I39694,1200,1000,975,329.77,45,2,n,100
1967,I15476,1200,1000,975,336.7,45,2,n,100
1552,I12421,1600,1200,930,547.3,45,0,n,100
520,I03892,1600,1200,930,356.2,45,0,n,100
4346,I35570,1600,1200,930,356.56,45,0,n,100
6045,I48568,1600,1200,750,582.6,45,0,n,100
1564,I12497,1200,1000,930,413.58,45,2,n,100
6107,I48916,1600,1200,930,307.13,45,0,n,100
341,I02462,1600,1200,930,663.22,45,0,n,100
4472,I36542,1600,1200,930,370.78,45,0,n,100
6042,I48534,1800,1400,1020,303.45,45,11,n,100
5129,I41168,1600,1200,975,808.3,45,0,n,100
1745,I13620,1600,1200,930,309.5,45,0,n,100
5585,I44999,1600,1200,1350,303.92,45,0,n,100
2279,I18199,1910,1200,1295,613.59,45,19,n,100
5598,I45049,1200,1000,930,704.12,45,2,n,100
547,I04116,1600,1200,930,370.78,45,0,n,100
1401,I11284,1600,1200,930,663.22,45,0,n,100
702,I05308,1600,1200,750,582.6,45,0,n,100
6031,I48494,1600,1200,930,307.13,45,0,n,100
3804,I30817,1600,1200,750,323.7,45,0,n,100
861,I06692,1600,1200,545,338.16,45,0,n,100
3297,I26843,1600,1200,930,551.56,45,0,n,100
5209,I41920,1200,1000,975,384.74,45,2,n,100
5105,I41014,1600,1200,930,551.56,45,0,n,100
3379,I27456,1600,1200,750,582.6,45,0,n,100
1423,I11434,1600,1200,930,358.48,45,0,n,100
3143,I25375,1600,1200,930,607.6,45,0,n,100
3970,I32521,1600,1200,930,454.873,45,0,n,100
693,I05174,1600,1200,930,663.22,45,0,n,100
5153,I41276,1600,1200,750,323.7,45,0,n,100
3280,I26671,1910,1200,1295,613.59,45,19,n,100
1780,I13967,1600,1200,930,358.48,45,0,n,100
3244,I26537,1600,1200,930,356.2,45,0,n,100
2002,I15844,1600,1200,750,582.6,45,0,n,100
3385,I27489,1800,1200,1350,820.48,45,9,n,100
460,I03532,1200,1000,975,401.2,45,2,n,100
528,I03988,1200,1000,930,414.14,45,2,n,100
656,I04817,1600,1200,930,547.3,45,0,n,100
2224,I17858,1600,1200,750,323.7,45,0,n,100
123,I01045,1800,1400,1020,303.45,45,11,n,100
6049,I48590,1600,1200,930,547.3,45,0,n,100
1183,I09437,2000,1200,2350,367.608,45,22,n,100
967,I07471,1600,1200,930,358.48,45,0,n,100
2854,I22943,1600,1200,930,547.3,45,0,n,100
4222,I34609,1910,1200,1295,613.59,45,19,n,100
1851,I14609,1200,1000,975,308.76,45,2,n,100
1930,I15194,1200,1000,975,329.77,45,2,n,100
6260,I50510,1600,1200,930,356.2,45,0,n,100
2735,I22014,1800,1400,1020,303.45,45,11,n,100
6170,I49708,1910,1200,1295,613.59,45,19,n,100
3531,I28579,1600,1200,930,370.78,45,0,n,100
1155,I09180,1600,1200,750,323.7,45,0,n,100
1700,I13370,1600,1200,1350,303.92,45,0,n,100
4969,I39857,1910,1200,1295,613.59,45,19,n,100
959,I07455,1600,1200,930,547.3,45,0,n,100
4558,I37121,1600,1200,930,356.56,45,0,n,100
5232,I42080,1600,1200,930,307.13,45,0,n,100
1354,I10910,1600,1200,1350,303.92,45,0,n,100
4046,I33130,1200,1000,930,347.0,45,2,n,100
1409,I11325,1200,1000,930,347.0,45,2,n,100
883,I06808,1910,1200,1295,613.59,45,19,n,100
5973,I47978,1800,1400,1020,303.45,45,11,n,100
1611,I12676,1600,1200,930,307.13,45,0,n,100
530,I04004,1200,1000,975,329.77,45,2,n,100
625,I04720,1600,1200,930,784.6,45,0,n,100
443,I03360,2000,1200,545,408.88,45,5,n,100
6157,I49695,1910,1200,1295,613.59,45,19,n,100
5400,I43461,1600,1200,750,323.7,45,0,n,100
3556,I28791,1600,1200,930,663.22,45,0,n,100
2728,I22007,1800,1400,1020,303.45,45,11,n,100
6268,I50560,1200,1000,930,704.36,45,2,n,100
3318,I26975,1600,1200,930,313.0,45,0,n,100
5562,I44755,1200,1000,975,401.2,45,2,n,100
3717,I29866,1200,1000,975,329.77,45,2,n,100
1235,I10071,2000,1200,2350,367.608,45,22,n,100
2026,I16156,1600,1200,1350,303.92,45,0,n,100
5879,I47369,1800,1200,1350,820.48,45,9,n,100
4595,I37268,1910,1200,1295,613.59,45,19,n,100
1373,I11088,1600,1200,930,454.873,45,0,n,100
2933,I23572,1800,1400,1020,303.45,45,11,n,100
912,I06958,1200,1000,750,318.7,45,2,n,100
5283,I42599,1200,1000,975,401.2,45,2,n,100
5481,I44220,1600,1200,930,307.13,45,0,n,100
5681,I45655,1600,1200,930,309.5,45,0,n,100
3795,I30784,1600,1200,930,438.4,45,0,n,100
997,I07719,2000,1200,2350,367.608,45,22,n,100
4105,I33606,1600,1200,930,356.56,45,0,n,100
6069,I48848,1600,1200,1350,303.92,45,0,n,100
78,I00763,1200,1000,930,704.12,45,2,n,100
3859,I31281,1600,1200,1350,303.92,45,0,n,100
1785,I13977,1600,1200,1350,303.92,45,0,n,100
2240,I17964,1600,1200,1350,303.92,45,0,n,100
2542,I20684,1600,1200,545,338.52,45,0,n,100
6160,I49698,1910,1200,1295,613.59,45,19,n,100
1459,I11792,1200,1000,975,329.77,45,2,n,100
957,I07453,1600,1200,930,547.3,45,0,n,100
5831,I46798,1200,1000,750,351.756,45,2,n,100
6155,I49609,1200,1000,930,414.14,45,2,n,100
1222,I09926,1600,1200,930,607.6,45,0,n,100
5589,I45009,1800,1400,1020,303.45,45,11,n,100
3612,I29199,1200,1000,975,329.77,45,2,n,100
2803,I22566,1800,1400,1020,303.45,45,11,n,100
5296,I42760,1200,1000,975,336.7,45,2,n,100
4290,I35057,1600,1200,930,358.48,45,0,n,100
4823,I38773,1600,1200,930,364.84,45,0,n,100
458,I03518,1600,1200,1350,303.92,45,0,n,100
628,I04731,1600,1200,930,387.3,45,0,n,100
3152,I25600,1600,1200,750,323.7,45,0,n,100
5278,I42572,1600,1200,930,356.56,45,0,n,100
1891,I14860,1800,1400,1020,303.45,45,11,n,100
5035,I40343,1600,1200,930,438.4,45,0,n,100
1897,I14869,1200,1000,750,351.756,45,2,n,100
4864,I38956,1200,1000,930,1105.44,45,2,n,100
2795,I22399,1600,1200,930,358.48,45,0,n,100
5076,I40595,1600,1200,930,356.2,45,0,n,100
4892,I39265,1600,1200,930,307.13,45,0,n,100
2894,I23221,1600,1200,1350,303.92,45,0,n,100
2526,I20565,1800,1200,1350,820.48,45,9,n,100
3915,I31872,1600,1200,975,460.0,45,0,n,100
1590,I12573,1200,1000,975,401.2,45,2,n,100
2162,I17295,1600,1200,930,663.22,45,0,n,100
69,I00682,1200,1000,545,526.75,45,2,n,100
3561,I28904,1600,1200,930,356.2,45,0,n,100
4129,I33860,1800,1400,1020,303.45,45,11,n,100
4453,I36372,1600,1200,930,551.56,45,0,n,100
3924,I31970,1200,1000,975,401.2,45,2,n,100
5244,I42127,1600,1200,930,307.13,45,0,n,100
4135,I33907,1600,1200,975,808.3,45,0,n,100
5111,I41023,1600,1200,930,307.13,45,0,n,100
4598,I37272,1600,1200,930,396.2,45,0,n,100
3202,I26110,1600,1200,930,356.2,45,0,n,100
4473,I36543,1600,1200,930,370.78,45,0,n,100
1237,I10073,2000,1200,2350,367.608,45,22,n,100
1627,I12812,1600,1200,930,396.2,45,0,n,100
4816,I38725,1600,1200,750,582.6,45,0,n,100
3798,I30787,1200,1000,545,526.75,45,2,n,100
3828,I31034,1200,1000,975,337.45,45,2,n,100
4277,I34866,1600,1200,1350,303.92,45,0,n,100
1220,I09901,1200,1000,975,329.77,45,2,n,100
5607,I45180,1600,1200,930,387.3,45,0,n,100
3141,I25373,1600,1200,930,607.6,45,0,n,100
3830,I31058,1200,1000,930,347.0,45,2,n,100
1923,I15185,1600,1200,930,307.13,45,0,n,100
5444,I43779,1600,1200,930,356.2,45,0,n,100
3111,I25254,1600,1200,930,396.2,45,0,n,100
3708,I29795,1200,1000,930,414.14,45,2,n,100
4028,I32958,1800,1200,1350,820.48,45,9,n,100
2158,I17218,1800,1400,1020,303.45,45,11,n,100
4783,I38467,1200,1000,750,318.7,45,2,n,100
3817,I30934,1600,1200,930,663.22,45,0,n,100
6065,I48779,1600,1200,750,323.7,45,0,n,100
4462,I36432,1800,1400,1020,303.45,45,11,n,100
2438,I19760,1600,1200,930,356.56,45,0,n,100
4702,I37951,1200,1000,930,340.1,45,2,n,100
6027,I48490,1800,1400,1020,303.45,45,11,n,100
1268,I10201,1800,1400,1020,303.45,45,11,n,100
2359,I18885,1600,1200,930,356.56,45,0,n,100
942,I07226,1200,1000,750,351.756,45,2,n,100
6050,I48591,1600,1200,930,547.3,45,0,n,100
5337,I42974,2000,1200,545,408.88,45,5,n,100
2851,I22932,1800,1400,1020,303.45,45,11,n,100
113,I01024,1600,1200,930,356.2,45,0,n,100
3678,I29668,1600,1200,930,307.13,45,0,n,100
4280,I34886,1600,1200,750,323.7,45,0,n,100
56,I00514,1200,1000,975,329.77,45,2,n,100
5212,I41950,1600,1200,750,582.6,45,0,n,100
1817,I14264,1600,1200,930,356.2,45,0,n,100
2203,I17590,1600,1200,930,356.56,45,0,n,100
3314,I26938,1600,1200,930,356.2,45,0,n,100
198,I01712,1600,1200,930,663.22,45,0,n,100
2987,I23985,1200,1000,975,329.77,45,2,n,100
1453,I11637,1600,1200,1350,303.92,45,0,n,100
5413,I43530,1600,1200,1350,303.92,45,0,n,100
4430,I36225,1600,1200,545,338.16,45,0,n,100
849,I06553,1600,1200,930,358.48,45,0,n,100
620,I04670,1800,1400,1020,303.45,45,11,n,100
5215,I41954,1600,1200,930,356.56,45,0,n,100
5850,I46916,2000,1200,2350,367.608,45,22,n,100
4299,I35117,1800,1400,1020,303.45,45,11,n,100
6177,I49715,1910,1200,1295,613.59,45,19,n,100
4675,I37805,1200,1000,975,329.77,45,2,n,100
1382,I11106,1200,1000,975,329.77,45,2,n,100
1578,I12555,1800,1400,1020,303.45,45,11,n,100
4259,I34757,1600,1200,930,356.2,45,0,n,100
1464,I11814,1600,1200,545,338.52,45,0,n,100
5733,I45973,1200,1000,750,351.944,45,2,n,100
1403,I11298,1600,1200,930,358.48,45,0,n,100
1532,I12324,2000,1200,545,408.88,45,5,n,100
3774,I30575,1600,1200,930,663.22,45,0,n,100
2759,I22145,1600,1200,930,784.6,45,0,n,100
352,I02573,1600,1200,930,358.48,45,0,n,100
3865,I31374,1600,1200,930,663.22,45,0,n,100
5399,I43414,1600,1200,930,364.84,45,0,n,100
4964,I39824,1600,1200,930,356.56,45,0,n,100
557,I04256,1200,1000,750,318.7,45,2,n,100
5366,I43103,1910,1200,1295,613.59,45,19,n,100
5698,I45810,1600,1200,545,338.16,45,0,n,100
3239,I26504,2000,1200,545,408.88,45,5,n,100
1924,I15186,1600,1200,930,307.13,45,0,n,100
5661,I45543,2000,1200,545,408.88,45,5,n,100
3443,I28110,1600,1200,930,313.0,45,0,n,100
2556,I20771,1600,1200,930,514.24,45,0,n,100
4995,I40027,1200,1000,545,526.75,45,2,n,100
2401,I19231,1200,1000,975,401.2,45,2,n,100
4698,I37922,1600,1200,930,607.6,45,0,n,100
5037,I40347,1600,1200,1350,303.92,45,0,n,100
1571,I12519,1600,1200,930,358.48,45,0,n,100
5276,I42486,1600,1200,930,663.22,45,0,n,100
3210,I26144,1600,1200,930,356.56,45,0,n,100
1345,I10791,1600,1200,930,356.2,45,0,n,100
558,I04257,1200,1000,750,318.7,45,2,n,100
5680,I45636,1800,1400,1020,303.45,45,11,n,100
4387,I35769,1910,1200,1295,613.59,45,19,n,100
320,I02335,1200,1000,930,345.29,45,2,n,100
2673,I21632,1600,1200,750,582.6,45,0,n,100
165,I01399,1200,1000,975,329.77,45,2,n,100
3675,I29646,1600,1200,1350,303.92,45,0,n,100
3906,I31784,1600,1200,545,338.16,45,0,n,100
3174,I25842,1200,1000,930,345.29,45,2,n,100
2014,I16086,1800,1200,1350,820.48,45,9,n,100
367,I02645,1800,1200,1350,820.48,45,9,n,100
4518,I36759,1600,1200,930,364.84,45,0,n,100
698,I05290,1600,1200,930,784.6,45,0,n,100
4171,I34192,1200,1000,750,305.32,45,2,n,100
5621,I45296,1800,1200,1350,820.48,45,9,n,100
1535,I12332,1800,1400,1020,303.45,45,11,n,100
927,I07082,1200,1000,975,337.45,45,2,n,100
5704,I45857,1600,1200,930,551.56,45,0,n,100
3595,I29112,2000,1200,2350,367.608,45,22,n,100
4236,I34623,1910,1200,1295,613.59,45,19,n,100
3043,I24534,1800,1200,1350,820.48,45,9,n,100
3555,I28790,1600,1200,930,663.22,45,0,n,100
2900,I23253,1800,1400,1020,303.45,45,11,n,100
5459,I44092,1600,1200,930,358.48,45,0,n,100
871,I06775,1600,1200,930,364.84,45,0,n,100
1797,I14044,1200,1000,975,329.77,45,2,n,100
68,I00661,1600,1200,930,387.3,45,0,n,100
4875,I39111,1600,1200,930,356.56,45,0,n,100
2782,I22298,1600,1200,930,551.56,45,0,n,100
902,I06827,1910,1200,1295,613.59,45,19,n,100
3549,I28721,1600,1200,930,607.6,45,0,n,100
5314,I42838,1200,1000,930,704.12,45,2,n,100
1917,I15049,1600,1200,930,356.56,45,0,n,100
339,I02460,1200,1000,975,329.77,45,2,n,100
2958,I23718,1200,1000,975,336.7,45,2,n,100
5014,I40238,1600,1200,545,338.52,45,0,n,100
2371,I19064,1200,1000,930,413.58,45,2,n,100
1553,I12422,1600,1200,930,547.3,45,0,n,100
5941,I47810,1910,1200,1295,613.59,45,19,n,100
3198,I26059,1200,1000,975,384.74,45,2,n,100
6238,I50246,1600,1200,1350,303.92,45,0,n,100
4444,I36274,1600,1200,1350,303.92,45,0,n,100
1706,I13397,1600,1200,930,396.2,45,0,n,100
3792,I30779,1600,1200,930,364.84,45,0,n,100
5294,I42758,1200,1000,975,336.7,45,2,n,100
5455,I43868,1600,1200,1350,303.92,45,0,n,100
6132,I49216,1800,1400,1020,303.45,45,11,n,100
4884,I39206,1200,1000,975,329.77,45,2,n,100
2704,I21878,1200,1000,975,329.77,45,2,n,100
979,I07544,1200,1000,975,401.2,45,2,n,100
4528,I36814,1200,1000,1155,366.75,0,1,n,100
5430,I43678,2000,1200,2350,367.608,45,22,n,100
4987,I39903,1200,1000,975,329.77,45,2,n,100
4594,I37267,1910,1200,1295,613.59,45,19,n,100
4882,I39204,1600,1200,975,808.3,45,0,n,100
4867,I38962,1600,1200,930,830.32,45,0,n,100
2609,I21310,2000,1200,2350,367.608,45,22,n,100
1877,I14744,1200,1000,975,329.77,45,2,n,100
118,I01040,1800,1400,1020,303.45,45,11,n,100
2414,I19510,1600,1200,930,307.13,45,0,n,100
3540,I28683,1600,1200,930,307.13,45,0,n,100
254,I01988,1910,1200,1295,613.59,45,19,n,100
5466,I44120,1600,1200,930,551.56,45,0,n,100
2029,I16164,1600,1200,930,356.2,45,0,n,100
2944,I23600,1600,1200,930,663.22,45,0,n,100
5798,I46560,1600,1200,930,396.2,45,0,n,100
6025,I48488,1800,1400,1020,303.45,45,11,n,100
3686,I29690,1800,1400,1020,303.45,45,11,n,100
1991,I15819,1600,1200,1350,303.92,45,0,n,100
1573,I12524,1200,1000,975,329.77,45,2,n,100
1583,I12561,1600,1200,1350,303.92,45,0,n,100
3600,I29117,2000,1200,2350,367.608,45,22,n,100
5523,I44504,1600,1200,930,663.22,45,0,n,100
841,I06454,1600,1200,930,830.32,45,0,n,100
4278,I34883,1600,1200,930,551.56,45,0,n,100
2080,I16555,1800,1400,1020,303.45,45,11,n,100
5011,I40207,1600,1200,930,607.6,45,0,n,100
2548,I20707,1800,1200,1350,820.48,45,9,n,100
4020,I32897,1600,1200,930,358.48,45,0,n,100
1717,I13531,1600,1200,930,454.873,45,0,n,100
4056,I33270,1200,1000,545,729.5,45,2,n,100
5863,I47222,1600,1200,930,356.56,45,0,n,100
4988,I39910,1200,1000,975,465.1,45,2,n,100
5642,I45426,2000,1200,2350,367.608,45,22,n,100
2709,I21931,1600,1200,975,460.0,45,0,n,100
4646,I37500,1600,1200,930,547.3,45,0,n,100
5554,I44727,1600,1200,930,438.4,45,0,n,100
4327,I35361,1200,1000,975,329.77,45,2,n,100
4147,I34089,1200,1000,545,729.5,45,2,n,100
6041,I48533,1800,1400,1020,303.45,45,11,n,100
3433,I27995,1800,1400,1020,303.45,45,11,n,100
4588,I37261,1910,1200,1295,613.59,45,19,n,100
4269,I34818,1200,1000,975,329.77,45,2,n,100
4381,I35763,1910,1200,1295,613.59,45,19,n,100
1567,I12505,1600,1200,930,607.6,45,0,n,100
2453,I19887,1600,1200,1350,303.92,45,0,n,100
969,I07473,1600,1200,975,460.0,45,0,n,100
1586,I12569,1600,1200,930,364.84,45,0,n,100
2710,I21934,1600,1200,930,551.56,45,0,n,100
553,I04210,1200,1000,975,401.2,45,2,n,100
844,I06548,1600,1200,930,663.22,45,0,n,100
5217,I41983,1600,1200,930,396.2,45,0,n,100
6138,I49301,1600,1200,930,830.32,45,0,n,100
4338,I35487,1600,1200,930,356.2,45,0,n,100
5724,I45897,1600,1200,930,663.22,45,0,n,100
2643,I21490,1910,1200,1295,613.59,45,19,n,100
4030,I33011,1200,1000,545,526.75,45,2,n,100
3384,I27488,1800,1200,1350,820.48,45,9,n,100
3767,I30407,1600,1200,930,663.22,45,0,n,100
1008,I07826,1600,1200,545,338.16,45,0,n,100
3591,I29096,1600,1200,930,307.13,45,0,n,100
