,id_item,length,width,height,weight,nesting_height,stackability_code,forced_orientation,max_stackability
1134,I1134,1500,800,800,883.0,110,0,n,4
2009,I2009,1500,800,800,901.0,110,0,n,4
1729,I1729,1500,1000,800,954.0,110,1,n,4
2533,I2533,1500,800,800,929.0,110,0,n,4
2286,I2286,1500,800,800,0.0,110,0,n,4
4933,I4933,1500,1000,800,1441.0,110,1,n,4
1076,I1076,1500,1000,800,1477.0,110,1,n,4
2631,I2631,1500,1000,800,0.0,110,1,n,4
2124,I2124,1500,800,800,0.0,110,0,n,4
1409,I1409,1500,800,800,1011.0,110,0,n,4
3116,I3116,1500,800,800,0.0,110,0,n,4
2143,I2143,1500,1000,800,1540.0,110,1,n,4
2494,I2494,1500,800,800,0.0,110,0,n,4
4133,I4133,1500,800,800,1017.0,110,0,n,4
2627,I2627,1500,800,800,858.0,110,0,n,4
3691,I3691,1500,1000,800,1153.0,110,1,n,4
3613,I3613,1500,800,800,1164.0,110,0,n,4
2995,I2995,1500,800,800,981.0,110,0,n,4
4847,I4847,1500,1000,800,0.0,110,1,n,4
3343,I3343,1500,800,800,0.0,110,0,n,4
1414,I1414,1500,800,800,1405.0,110,0,n,4
1978,I1978,1500,800,800,0.0,110,0,n,4
1222,I1222,1500,800,800,1360.0,110,0,n,4
1500,I1500,1500,800,800,1382.0,110,0,n,4
4224,I4224,1500,1000,800,0.0,110,1,n,4
3348,I3348,1500,800,800,1125.0,110,0,n,4
1795,I1795,1500,1000,800,0.0,110,1,n,4
1079,I1079,1500,800,800,0.0,110,0,n,4
529,I0529,1500,1000,800,1253.0,110,1,n,4
992,I0992,1500,800,800,1133.0,110,0,n,4
832,I0832,1500,1000,800,1576.0,110,1,n,4
2762,I2762,1500,1000,800,0.0,110,1,n,4
1704,I1704,1500,800,800,1073.0,110,0,n,4
983,I0983,1500,1000,800,0.0,110,1,n,4
2715,I2715,1500,1000,800,0.0,110,1,n,4
3361,I3361,1500,1000,800,1482.0,110,1,n,4
1791,I1791,1500,800,800,1017.0,110,0,n,4
2804,I2804,1500,800,800,0.0,110,0,n,4
1818,I1818,1500,800,800,1491.0,110,0,n,4
2875,I2875,1500,800,800,1020.0,110,0,n,4
3991,I3991,1500,1000,800,1063.0,110,1,n,4
3814,I3814,1500,800,800,840.0,110,0,n,4
2733,I2733,1500,1000,800,1137.0,110,1,n,4
138,I0138,1500,800,800,984.0,110,0,n,4
1270,I1270,1500,1000,800,1037.0,110,1,n,4
3340,I3340,1500,800,800,0.0,110,0,n,4
4825,I4825,1500,1000,800,1074.0,110,1,n,4
4457,I4457,1500,800,800,1069.0,110,0,n,4
2959,I2959,1500,1000,800,1462.0,110,1,n,4
2991,I2991,1500,800,800,0.0,110,0,n,4
4334,I4334,1500,800,800,0.0,110,0,n,4
4397,I4397,1500,1000,800,0.0,110,1,n,4
4705,I4705,1500,1000,800,1111.0,110,1,n,4
3747,I3747,1500,800,800,0.0,110,0,n,4
3809,I3809,1500,1000,800,1126.0,110,1,n,4
4729,I4729,1500,800,800,1249.0,110,0,n,4
133,I0133,1500,800,800,960.0,110,0,n,4
2796,I2796,1500,800,800,1496.0,110,0,n,4
2787,I2787,1500,800,800,0.0,110,0,n,4
2750,I2750,1500,800,800,923.0,110,0,n,4
469,I0469,1500,800,800,987.0,110,0,n,4
1072,I1072,1500,1000,800,0.0,110,1,n,4
1600,I1600,1500,800,800,0.0,110,0,n,4
2023,I2023,1500,1000,800,0.0,110,1,n,4
1007,I1007,1500,1000,800,713.0,110,1,n,4
2185,I2185,1500,800,800,1169.0,110,0,n,4
3595,I3595,1500,1000,800,0.0,110,1,n,4
2602,I2602,1500,1000,800,0.0,110,1,n,4
2249,I2249,1500,800,800,1355.0,110,0,n,4
1907,I1907,1500,800,800,1021.0,110,0,n,4
3427,I3427,1500,1000,800,0.0,110,1,n,4
3519,I3519,1500,1000,800,0.0,110,1,n,4
3843,I3843,1500,1000,800,0.0,110,1,n,4
308,I0308,1500,800,800,1022.0,110,0,n,4
410,I0410,1500,1000,800,0.0,110,1,n,4
4988,I4988,1500,1000,800,0.0,110,1,n,4
905,I0905,1500,800,800,0.0,110,0,n,4
3391,I3391,1500,1000,800,1513.0,110,1,n,4
4512,I4512,1500,1000,800,1431.0,110,1,n,4
3333,I3333,1500,800,800,0.0,110,0,n,4
4561,I4561,1500,800,800,889.0,110,0,n,4
3139,I3139,1500,800,800,0.0,110,0,n,4
3083,I3083,1500,800,800,1111.0,110,0,n,4
4569,I4569,1500,800,800,0.0,110,0,n,4
3764,I3764,1500,1000,800,0.0,110,1,n,4
1038,I1038,1500,1000,800,0.0,110,1,n,4
3178,I3178,1500,1000,800,1110.0,110,1,n,4
4753,I4753,1500,1000,800,0.0,110,1,n,4
275,I0275,1500,800,800,0.0,110,0,n,4
3954,I3954,1500,1000,800,0.0,110,1,n,4
2012,I2012,1500,1000,800,0.0,110,1,n,4
1802,I1802,1500,800,800,0.0,110,0,n,4
3797,I3797,1500,1000,800,1061.0,110,1,n,4
171,I0171,1500,1000,800,0.0,110,1,n,4
2417,I2417,1500,1000,800,0.0,110,1,n,4
2342,I2342,1500,1000,800,0.0,110,1,n,4
2813,I2813,1500,800,800,736.0,110,0,n,4
4458,I4458,1500,1000,800,1514.0,110,1,n,4
685,I0685,1500,800,800,1437.0,110,0,n,4
192,I0192,1500,1000,800,805.0,110,1,n,4
2932,I2932,1500,1000,800,931.0,110,1,n,4
684,I0684,1500,1000,800,1339.0,110,1,n,4
3597,I3597,1500,800,800,1031.0,110,0,n,4
3923,I3923,1500,800,800,895.0,110,0,n,4
1256,I1256,1500,800,800,0.0,110,0,n,4
3661,I3661,1500,800,800,1348.0,110,0,n,4
2731,I2731,1500,1000,800,1113.0,110,1,n,4
4961,I4961,1500,800,800,979.0,110,0,n,4
4030,I4030,1500,800,800,1534.0,110,0,n,4
1048,I1048,1500,1000,800,1480.0,110,1,n,4
896,I0896,1500,1000,800,1353.0,110,1,n,4
908,I0908,1500,1000,800,1065.0,110,1,n,4
1271,I1271,1500,800,800,1526.0,110,0,n,4
3430,I3430,1500,1000,800,1261.0,110,1,n,4
3159,I3159,1500,1000,800,0.0,110,1,n,4
158,I0158,1500,800,800,1212.0,110,0,n,4
2383,I2383,1500,1000,800,1256.0,110,1,n,4
4593,I4593,1500,1000,800,1392.0,110,1,n,4
4573,I4573,1500,800,800,1122.0,110,0,n,4
3955,I3955,1500,800,800,0.0,110,0,n,4
4977,I4977,1500,800,800,0.0,110,0,n,4
794,I0794,1500,1000,800,801.0,110,1,n,4
2647,I2647,1500,1000,800,910.0,110,1,n,4
3498,I3498,1500,1000,800,1422.0,110,1,n,4
763,I0763,1500,800,800,1225.0,110,0,n,4
646,I0646,1500,1000,800,912.0,110,1,n,4
119,I0119,1500,800,800,0.0,110,0,n,4
1879,I1879,1500,1000,800,1352.0,110,1,n,4
451,I0451,1500,800,800,0.0,110,0,n,4
4179,I4179,1500,1000,800,1571.0,110,1,n,4
747,I0747,1500,1000,800,1086.0,110,1,n,4
2129,I2129,1500,1000,800,1397.0,110,1,n,4
1674,I1674,1500,800,800,1166.0,110,0,n,4
3600,I3600,1500,1000,800,0.0,110,1,n,4
4423,I4423,1500,1000,800,0.0,110,1,n,4
4060,I4060,1500,800,800,1026.0,110,0,n,4
3562,I3562,1500,800,800,1170.0,110,0,n,4
3405,I3405,1500,1000,800,918.0,110,1,n,4
572,I0572,1500,800,800,1408.0,110,0,n,4
1605,I1605,1500,800,800,0.0,110,0,n,4
4515,I4515,1500,1000,800,1265.0,110,1,n,4
202,I0202,1500,800,800,1002.0,110,0,n,4
3575,I3575,1500,800,800,0.0,110,0,n,4
1583,I1583,1500,800,800,0.0,110,0,n,4
353,I0353,1500,1000,800,1320.0,110,1,n,4
1010,I1010,1500,1000,800,0.0,110,1,n,4
1264,I1264,1500,800,800,0.0,110,0,n,4
1921,I1921,1500,800,800,729.0,110,0,n,4
4673,I4673,1500,1000,800,0.0,110,1,n,4
1810,I1810,1500,800,800,996.0,110,0,n,4
4518,I4518,1500,1000,800,0.0,110,1,n,4
419,I0419,1500,1000,800,1080.0,110,1,n,4
4906,I4906,1500,1000,800,1040.0,110,1,n,4
1531,I1531,1500,800,800,1427.0,110,0,n,4
1862,I1862,1500,800,800,1130.0,110,0,n,4
4861,I4861,1500,800,800,997.0,110,0,n,4
897,I0897,1500,1000,800,1132.0,110,1,n,4
3143,I3143,1500,800,800,0.0,110,0,n,4
462,I0462,1500,800,800,1561.0,110,0,n,4
2079,I2079,1500,1000,800,0.0,110,1,n,4
4752,I4752,1500,800,800,1033.0,110,0,n,4
2696,I2696,1500,800,800,0.0,110,0,n,4
2243,I2243,1500,1000,800,1208.0,110,1,n,4
299,I0299,1500,1000,800,0.0,110,1,n,4
459,I0459,1500,800,800,851.0,110,0,n,4
3603,I3603,1500,800,800,0.0,110,0,n,4
3454,I3454,1500,800,800,0.0,110,0,n,4
1946,I1946,1500,800,800,1105.0,110,0,n,4
4621,I4621,1500,800,800,0.0,110,0,n,4
1992,I1992,1500,800,800,0.0,110,0,n,4
1122,I1122,1500,1000,800,1071.0,110,1,n,4
72,I0072,1500,1000,800,1282.0,110,1,n,4
2148,I2148,1500,800,800,1087.0,110,0,n,4
4853,I4853,1500,800,800,992.0,110,0,n,4
3136,I3136,1500,1000,800,1105.0,110,1,n,4
584,I0584,1500,800,800,824.0,110,0,n,4
4786,I4786,1500,1000,800,1529.0,110,1,n,4
3104,I3104,1500,800,800,0.0,110,0,n,4
4269,I4269,1500,1000,800,1409.0,110,1,n,4
1227,I1227,1500,1000,800,896.0,110,1,n,4
1055,I1055,1500,800,800,1436.0,110,0,n,4
4623,I4623,1500,800,800,0.0,110,0,n,4
775,I0775,1500,800,800,0.0,110,0,n,4
3819,I3819,1500,1000,800,922.0,110,1,n,4
2588,I2588,1500,1000,800,0.0,110,1,n,4
1934,I1934,1500,800,800,1295.0,110,0,n,4
1565,I1565,1500,800,800,1069.0,110,0,n,4
1634,I1634,1500,800,800,0.0,110,0,n,4
1858,I1858,1500,1000,800,0.0,110,1,n,4
1195,I1195,1500,800,800,0.0,110,0,n,4
4793,I4793,1500,1000,800,1383.0,110,1,n,4
4398,I4398,1500,800,800,1336.0,110,0,n,4
566,I0566,1500,1000,800,0.0,110,1,n,4
2763,I2763,1500,800,800,1314.0,110,0,n,4
4482,I4482,1500,800,800,1074.0,110,0,n,4
4779,I4779,1500,1000,800,0.0,110,1,n,4
3469,I3469,1500,800,800,1502.0,110,0,n,4
3077,I3077,1500,800,800,0.0,110,0,n,4
2523,I2523,1500,800,800,1124.0,110,0,n,4
4993,I4993,1500,800,800,942.0,110,0,n,4
1123,I1123,1500,1000,800,897.0,110,1,n,4
3319,I3319,1500,1000,800,0.0,110,1,n,4
4148,I4148,1500,800,800,0.0,110,0,n,4
2918,I2918,1500,800,800,1004.0,110,0,n,4
2038,I2038,1500,1000,800,922.0,110,1,n,4
3415,I3415,1500,1000,800,0.0,110,1,n,4
342,I0342,1500,800,800,0.0,110,0,n,4
3066,I3066,1500,800,800,1589.0,110,0,n,4
4162,I4162,1500,1000,800,1456.0,110,1,n,4
2810,I2810,1500,1000,800,0.0,110,1,n,4
482,I0482,1500,1000,800,0.0,110,1,n,4
160,I0160,1500,1000,800,826.0,110,1,n,4
3426,I3426,1500,1000,800,0.0,110,1,n,4
264,I0264,1500,800,800,0.0,110,0,n,4
147,I0147,1500,1000,800,0.0,110,1,n,4
1825,I1825,1500,800,800,1307.0,110,0,n,4
1169,I1169,1500,800,800,1135.0,110,0,n,4
2538,I2538,1500,800,800,0.0,110,0,n,4
42,I0042,1500,1000,800,1073.0,110,1,n,4
1476,I1476,1500,800,800,1143.0,110,0,n,4
4242,I4242,1500,800,800,915.0,110,0,n,4
1146,I1146,1500,1000,800,1071.0,110,1,n,4
3706,I3706,1500,800,800,1400.0,110,0,n,4
4105,I4105,1500,800,800,0.0,110,0,n,4
2315,I2315,1500,800,800,909.0,110,0,n,4
850,I0850,1500,1000,800,0.0,110,1,n,4
1510,I1510,1500,1000,800,0.0,110,1,n,4
2817,I2817,1500,1000,800,1379.0,110,1,n,4
4823,I4823,1500,800,800,1402.0,110,0,n,4
1269,I1269,1500,1000,800,0.0,110,1,n,4
3357,I3357,1500,1000,800,1137.0,110,1,n,4
1763,I1763,1500,800,800,1167.0,110,0,n,4
1119,I1119,1500,800,800,1483.0,110,0,n,4
4266,I4266,1500,800,800,899.0,110,0,n,4
2900,I2900,1500,800,800,0.0,110,0,n,4
198,I0198,1500,800,800,1094.0,110,0,n,4
151,I0151,1500,800,800,0.0,110,0,n,4
824,I0824,1500,1000,800,0.0,110,1,n,4
3010,I3010,1500,1000,800,1101.0,110,1,n,4
4506,I4506,1500,800,800,0.0,110,0,n,4
1148,I1148,1500,1000,800,932.0,110,1,n,4
93,I0093,1500,1000,800,0.0,110,1,n,4
4288,I4288,1500,1000,800,1537.0,110,1,n,4
3743,I3743,1500,800,800,1309.0,110,0,n,4
550,I0550,1500,1000,800,0.0,110,1,n,4
2756,I2756,1500,1000,800,1153.0,110,1,n,4
3502,I3502,1500,1000,800,1434.0,110,1,n,4
3191,I3191,1500,1000,800,0.0,110,1,n,4
35,I0035,1500,1000,800,0.0,110,1,n,4
4180,I4180,1500,800,800,947.0,110,0,n,4
19,I0019,1500,1000,800,1031.0,110,1,n,4
2224,I2224,1500,800,800,807.0,110,0,n,4
2338,I2338,1500,800,800,1280.0,110,0,n,4
2740,I2740,1500,1000,800,0.0,110,1,n,4
1210,I1210,1500,1000,800,1464.0,110,1,n,4
5,I0005,1500,1000,800,1247.0,110,1,n,4
496,I0496,1500,1000,800,1024.0,110,1,n,4
2496,I2496,1500,1000,800,1061.0,110,1,n,4
3079,I3079,1500,1000,800,994.0,110,1,n,4
676,I0676,1500,1000,800,0.0,110,1,n,4
927,I0927,1500,800,800,1479.0,110,0,n,4
1113,I1113,1500,1000,800,1264.0,110,1,n,4
2472,I2472,1500,800,800,1223.0,110,0,n,4
1145,I1145,1500,800,800,0.0,110,0,n,4
2913,I2913,1500,800,800,1292.0,110,0,n,4
2044,I2044,1500,800,800,1550.0,110,0,n,4
128,I0128,1500,800,800,1268.0,110,0,n,4
3918,I3918,1500,800,800,0.0,110,0,n,4
3825,I3825,1500,1000,800,866.0,110,1,n,4
1895,I1895,1500,800,800,0.0,110,0,n,4
4761,I4761,1500,800,800,1008.0,110,0,n,4
2651,I2651,1500,800,800,0.0,110,0,n,4
3527,I3527,1500,800,800,1183.0,110,0,n,4
1684,I1684,1500,1000,800,1176.0,110,1,n,4
415,I0415,1500,1000,800,1144.0,110,1,n,4
4167,I4167,1500,1000,800,0.0,110,1,n,4
2060,I2060,1500,1000,800,0.0,110,1,n,4
2015,I2015,1500,800,800,1452.0,110,0,n,4
115,I0115,1500,1000,800,0.0,110,1,n,4
1999,I1999,1500,800,800,0.0,110,0,n,4
677,I0677,1500,800,800,0.0,110,0,n,4
4,I0004,1500,800,800,1416.0,110,0,n,4
2445,I2445,1500,1000,800,0.0,110,1,n,4
4489,I4489,1500,800,800,0.0,110,0,n,4
3377,I3377,1500,800,800,0.0,110,0,n,4
3958,I3958,1500,1000,800,1183.0,110,1,n,4
4946,I4946,1500,1000,800,0.0,110,1,n,4
2591,I2591,1500,1000,800,0.0,110,1,n,4
2945,I2945,1500,800,800,0.0,110,0,n,4
4021,I4021,1500,800,800,0.0,110,0,n,4
2950,I2950,1500,800,800,0.0,110,0,n,4
4633,I4633,1500,800,800,1027.0,110,0,n,4
1008,I1008,1500,1000,800,984.0,110,1,n,4
1800,I1800,1500,1000,800,0.0,110,1,n,4
867,I0867,1500,800,800,0.0,110,0,n,4
2789,I2789,1500,800,800,0.0,110,0,n,4
3761,I3761,1500,800,800,1132.0,110,0,n,4
3860,I3860,1500,800,800,1055.0,110,0,n,4
4006,I4006,1500,1000,800,0.0,110,1,n,4
1250,I1250,1500,1000,800,1100.0,110,1,n,4
1234,I1234,1500,800,800,0.0,110,0,n,4
1178,I1178,1500,1000,800,819.0,110,1,n,4
441,I0441,1500,800,800,1334.0,110,0,n,4
3960,I3960,1500,800,800,1293.0,110,0,n,4
4844,I4844,1500,1000,800,0.0,110,1,n,4
2207,I2207,1500,1000,800,0.0,110,1,n,4
4067,I4067,1500,800,800,0.0,110,0,n,4
2641,I2641,1500,800,800,0.0,110,0,n,4
3414,I3414,1500,800,800,717.0,110,0,n,4
1760,I1760,1500,800,800,0.0,110,0,n,4
446,I0446,1500,800,800,0.0,110,0,n,4
256,I0256,1500,1000,800,1222.0,110,1,n,4
3452,I3452,1500,1000,800,0.0,110,1,n,4
591,I0591,1500,800,800,1323.0,110,0,n,4
3365,I3365,1500,800,800,993.0,110,0,n,4
1615,I1615,1500,800,800,1127.0,110,0,n,4
17,I0017,1500,800,800,1040.0,110,0,n,4
4121,I4121,1500,1000,800,0.0,110,1,n,4
4841,I4841,1500,800,800,0.0,110,0,n,4
3184,I3184,1500,1000,800,1424.0,110,1,n,4
2397,I2397,1500,800,800,1149.0,110,0,n,4
4765,I4765,1500,1000,800,1251.0,110,1,n,4
1447,I1447,1500,1000,800,1438.0,110,1,n,4
4775,I4775,1500,800,800,1120.0,110,0,n,4
3324,I3324,1500,800,800,0.0,110,0,n,4
4887,I4887,1500,800,800,1130.0,110,0,n,4
3889,I3889,1500,1000,800,0.0,110,1,n,4
4117,I4117,1500,1000,800,1366.0,110,1,n,4
2622,I2622,1500,800,800,0.0,110,0,n,4
4492,I4492,1500,800,800,0.0,110,0,n,4
1085,I1085,1500,1000,800,1070.0,110,1,n,4
1366,I1366,1500,800,800,999.0,110,0,n,4
253,I0253,1500,1000,800,779.0,110,1,n,4
3704,I3704,1500,1000,800,1419.0,110,1,n,4
4491,I4491,1500,800,800,926.0,110,0,n,4
2307,I2307,1500,1000,800,0.0,110,1,n,4
1902,I1902,1500,800,800,1048.0,110,0,n,4
1498,I1498,1500,800,800,1499.0,110,0,n,4
3606,I3606,1500,1000,800,0.0,110,1,n,4
4307,I4307,1500,800,800,1012.0,110,0,n,4
2386,I2386,1500,1000,800,966.0,110,1,n,4
1870,I1870,1500,1000,800,1297.0,110,1,n,4
2078,I2078,1500,1000,800,0.0,110,1,n,4
2677,I2677,1500,800,800,0.0,110,0,n,4
108,I0108,1500,1000,800,1210.0,110,1,n,4
4365,I4365,1500,800,800,994.0,110,0,n,4
4554,I4554,1500,800,800,1399.0,110,0,n,4
4838,I4838,1500,1000,800,0.0,110,1,n,4
1987,I1987,1500,1000,800,1412.0,110,1,n,4
4294,I4294,1500,1000,800,1090.0,110,1,n,4
4751,I4751,1500,800,800,1304.0,110,0,n,4
1301,I1301,1500,1000,800,0.0,110,1,n,4
4290,I4290,1500,1000,800,1580.0,110,1,n,4
4700,I4700,1500,1000,800,1001.0,110,1,n,4
4509,I4509,1500,800,800,1380.0,110,0,n,4
2490,I2490,1500,800,800,1345.0,110,0,n,4
2803,I2803,1500,1000,800,1265.0,110,1,n,4
1411,I1411,1500,1000,800,1403.0,110,1,n,4
802,I0802,1500,1000,800,1157.0,110,1,n,4
1137,I1137,1500,1000,800,1147.0,110,1,n,4
4339,I4339,1500,800,800,0.0,110,0,n,4
2041,I2041,1500,1000,800,1122.0,110,1,n,4
940,I0940,1500,1000,800,1487.0,110,1,n,4
91,I0091,1500,1000,800,1096.0,110,1,n,4
4403,I4403,1500,800,800,0.0,110,0,n,4
950,I0950,1500,1000,800,0.0,110,1,n,4
4145,I4145,1500,800,800,1114.0,110,0,n,4
1377,I1377,1500,1000,800,908.0,110,1,n,4
2102,I2102,1500,800,800,1288.0,110,0,n,4
3214,I3214,1500,1000,800,0.0,110,1,n,4
4635,I4635,1500,1000,800,840.0,110,1,n,4
1035,I1035,1500,1000,800,1034.0,110,1,n,4
1570,I1570,1500,800,800,0.0,110,0,n,4
4341,I4341,1500,800,800,0.0,110,0,n,4
2910,I2910,1500,800,800,0.0,110,0,n,4
4921,I4921,1500,1000,800,0.0,110,1,n,4
2008,I2008,1500,800,800,830.0,110,0,n,4
4293,I4293,1500,800,800,0.0,110,0,n,4
246,I0246,1500,1000,800,1292.0,110,1,n,4
2802,I2802,1500,800,800,0.0,110,0,n,4
1460,I1460,1500,800,800,0.0,110,0,n,4
390,I0390,1500,800,800,1053.0,110,0,n,4
4175,I4175,1500,1000,800,1296.0,110,1,n,4
742,I0742,1500,800,800,929.0,110,0,n,4
2674,I2674,1500,1000,800,1306.0,110,1,n,4
3072,I3072,1500,800,800,1006.0,110,0,n,4
4582,I4582,1500,800,800,0.0,110,0,n,4
3371,I3371,1500,800,800,756.0,110,0,n,4
4865,I4865,1500,1000,800,990.0,110,1,n,4
957,I0957,1500,800,800,1077.0,110,0,n,4
1102,I1102,1500,800,800,0.0,110,0,n,4
3624,I3624,1500,800,800,0.0,110,0,n,4
1593,I1593,1500,1000,800,1257.0,110,1,n,4
44,I0044,1500,800,800,1016.0,110,0,n,4
2371,I2371,1500,1000,800,0.0,110,1,n,4
2426,I2426,1500,800,800,0.0,110,0,n,4
643,I0643,1500,800,800,1552.0,110,0,n,4
2061,I2061,1500,800,800,0.0,110,0,n,4
1641,I1641,1500,800,800,1246.0,110,0,n,4
69,I0069,1500,800,800,0.0,110,0,n,4
1426,I1426,1500,1000,800,1386.0,110,1,n,4
2567,I2567,1500,1000,800,0.0,110,1,n,4
930,I0930,1500,1000,800,0.0,110,1,n,4
4384,I4384,1500,800,800,1127.0,110,0,n,4
4704,I4704,1500,800,800,1371.0,110,0,n,4
1356,I1356,1500,800,800,1551.0,110,0,n,4
4810,I4810,1500,800,800,1080.0,110,0,n,4
2456,I2456,1500,1000,800,0.0,110,1,n,4
2926,I2926,1500,800,800,0.0,110,0,n,4
2245,I2245,1500,800,800,0.0,110,0,n,4
4380,I4380,1500,800,800,0.0,110,0,n,4
356,I0356,1500,1000,800,0.0,110,1,n,4
1710,I1710,1500,1000,800,891.0,110,1,n,4
910,I0910,1500,1000,800,957.0,110,1,n,4
2573,I2573,1500,800,800,1162.0,110,0,n,4
1287,I1287,1500,800,800,1475.0,110,0,n,4
869,I0869,1500,1000,800,1527.0,110,1,n,4
2575,I2575,1500,800,800,1504.0,110,0,n,4
2239,I2239,1500,800,800,1166.0,110,0,n,4
1278,I1278,1500,800,800,1006.0,110,0,n,4
2189,I2189,1500,1000,800,0.0,110,1,n,4
343,I0343,1500,800,800,1250.0,110,0,n,4
1736,I1736,1500,800,800,0.0,110,0,n,4
2029,I2029,1500,1000,800,1405.0,110,1,n,4
2772,I2772,1500,1000,800,1345.0,110,1,n,4
1550,I1550,1500,800,800,0.0,110,0,n,4
3187,I3187,1500,800,800,1379.0,110,0,n,4
1525,I1525,1500,800,800,977.0,110,0,n,4
1171,I1171,1500,800,800,0.0,110,0,n,4
1783,I1783,1500,1000,800,0.0,110,1,n,4
3150,I3150,1500,800,800,1116.0,110,0,n,4
4702,I4702,1500,800,800,704.0,110,0,n,4
1437,I1437,1500,800,800,1476.0,110,0,n,4
3599,I3599,1500,800,800,1030.0,110,0,n,4
4867,I4867,1500,1000,800,0.0,110,1,n,4
842,I0842,1500,800,800,1552.0,110,0,n,4
2570,I2570,1500,800,800,0.0,110,0,n,4
166,I0166,1500,800,800,602.0,110,0,n,4
3179,I3179,1500,800,800,1059.0,110,0,n,4
1632,I1632,1500,800,800,0.0,110,0,n,4
1830,I1830,1500,1000,800,705.0,110,1,n,4
3840,I3840,1500,800,800,1190.0,110,0,n,4
2149,I2149,1500,1000,800,1270.0,110,1,n,4
3123,I3123,1500,800,800,0.0,110,0,n,4
838,I0838,1500,800,800,0.0,110,0,n,4
4667,I4667,1500,800,800,927.0,110,0,n,4
1313,I1313,1500,1000,800,884.0,110,1,n,4
1917,I1917,1500,800,800,1313.0,110,0,n,4
3342,I3342,1500,800,800,0.0,110,0,n,4
232,I0232,1500,1000,800,1105.0,110,1,n,4
2805,I2805,1500,800,800,0.0,110,0,n,4
3563,I3563,1500,1000,800,1148.0,110,1,n,4
65,I0065,1500,1000,800,995.0,110,1,n,4
70,I0070,1500,800,800,0.0,110,0,n,4
1972,I1972,1500,1000,800,799.0,110,1,n,4
4213,I4213,1500,800,800,0.0,110,0,n,4
3470,I3470,1500,1000,800,1305.0,110,1,n,4
3778,I3778,1500,1000,800,0.0,110,1,n,4
2840,I2840,1500,1000,800,0.0,110,1,n,4
3767,I3767,1500,800,800,1018.0,110,0,n,4
630,I0630,1500,1000,800,1002.0,110,1,n,4
1399,I1399,1500,1000,800,1066.0,110,1,n,4
1804,I1804,1500,1000,800,1101.0,110,1,n,4
588,I0588,1500,800,800,0.0,110,0,n,4
3795,I3795,1500,800,800,1464.0,110,0,n,4
2372,I2372,1500,800,800,1372.0,110,0,n,4
4425,I4425,1500,1000,800,0.0,110,1,n,4
222,I0222,1500,1000,800,0.0,110,1,n,4
849,I0849,1500,800,800,1232.0,110,0,n,4
1959,I1959,1500,800,800,879.0,110,0,n,4
2559,I2559,1500,800,800,1434.0,110,0,n,4
2951,I2951,1500,800,800,1000.0,110,0,n,4
4826,I4826,1500,800,800,1027.0,110,0,n,4
3713,I3713,1500,800,800,0.0,110,0,n,4
3217,I3217,1500,1000,800,890.0,110,1,n,4
3345,I3345,1500,800,800,1422.0,110,0,n,4
1147,I1147,1500,1000,800,0.0,110,1,n,4
4404,I4404,1500,800,800,0.0,110,0,n,4
114,I0114,1500,800,800,0.0,110,0,n,4
4299,I4299,1500,800,800,1040.0,110,0,n,4
3643,I3643,1500,1000,800,1138.0,110,1,n,4
1276,I1276,1500,1000,800,1140.0,110,1,n,4
4899,I4899,1500,1000,800,1341.0,110,1,n,4
3110,I3110,1500,800,800,1320.0,110,0,n,4
2650,I2650,1500,800,800,1060.0,110,0,n,4
3927,I3927,1500,800,800,976.0,110,0,n,4
4280,I4280,1500,1000,800,1041.0,110,1,n,4
3953,I3953,1500,800,800,0.0,110,0,n,4
658,I0658,1500,800,800,801.0,110,0,n,4
4638,I4638,1500,800,800,0.0,110,0,n,4
2764,I2764,1500,1000,800,1024.0,110,1,n,4
3373,I3373,1500,800,800,1035.0,110,0,n,4
3411,I3411,1500,800,800,0.0,110,0,n,4
1185,I1185,1500,1000,800,1010.0,110,1,n,4
1630,I1630,1500,800,800,1525.0,110,0,n,4
1292,I1292,1500,1000,800,1148.0,110,1,n,4
1497,I1497,1500,800,800,0.0,110,0,n,4
726,I0726,1500,1000,800,880.0,110,1,n,4
73,I0073,1500,800,800,1097.0,110,0,n,4
411,I0411,1500,800,800,0.0,110,0,n,4
3387,I3387,1500,800,800,0.0,110,0,n,4
2298,I2298,1500,800,800,1105.0,110,0,n,4
3770,I3770,1500,1000,800,1229.0,110,1,n,4
3694,I3694,1500,800,800,0.0,110,0,n,4
2482,I2482,1500,1000,800,0.0,110,1,n,4
995,I0995,1500,800,800,916.0,110,0,n,4
2990,I2990,1500,1000,800,0.0,110,1,n,4
3278,I3278,1500,800,800,1112.0,110,0,n,4
4014,I4014,1500,800,800,959.0,110,0,n,4
1441,I1441,1500,800,800,1318.0,110,0,n,4
4356,I4356,1500,1000,800,1105.0,110,1,n,4
2681,I2681,1500,800,800,1264.0,110,0,n,4
1809,I1809,1500,1000,800,0.0,110,1,n,4
659,I0659,1500,1000,800,1024.0,110,1,n,4
3170,I3170,1500,800,800,1194.0,110,0,n,4
4109,I4109,1500,800,800,975.0,110,0,n,4
3635,I3635,1500,1000,800,0.0,110,1,n,4
2625,I2625,1500,1000,800,854.0,110,1,n,4
4090,I4090,1500,800,800,920.0,110,0,n,4
2122,I2122,1500,1000,800,1011.0,110,1,n,4
1372,I1372,1500,800,800,0.0,110,0,n,4
3328,I3328,1500,1000,800,0.0,110,1,n,4
4811,I4811,1500,1000,800,0.0,110,1,n,4
3317,I3317,1500,1000,800,0.0,110,1,n,4
1016,I1016,1500,1000,800,0.0,110,1,n,4
392,I0392,1500,800,800,902.0,110,0,n,4
807,I0807,1500,800,800,0.0,110,0,n,4
3321,I3321,1500,800,800,0.0,110,0,n,4
1787,I1787,1500,800,800,0.0,110,0,n,4
2314,I2314,1500,800,800,1101.0,110,0,n,4
204,I0204,1500,1000,800,0.0,110,1,n,4
3894,I3894,1500,1000,800,1057.0,110,1,n,4
290,I0290,1500,1000,800,1060.0,110,1,n,4
4153,I4153,1500,1000,800,1474.0,110,1,n,4
283,I0283,1500,1000,800,1413.0,110,1,n,4
2663,I2663,1500,1000,800,0.0,110,1,n,4
4070,I4070,1500,800,800,1200.0,110,0,n,4
4952,I4952,1500,1000,800,0.0,110,1,n,4
4858,I4858,1500,800,800,1075.0,110,0,n,4
1833,I1833,1500,1000,800,1273.0,110,1,n,4
965,I0965,1500,800,800,0.0,110,0,n,4
123,I0123,1500,800,800,0.0,110,0,n,4
1569,I1569,1500,800,800,0.0,110,0,n,4
881,I0881,1500,800,800,966.0,110,0,n,4
1514,I1514,1500,1000,800,1048.0,110,1,n,4
4824,I4824,1500,1000,800,1142.0,110,1,n,4
1887,I1887,1500,800,800,1314.0,110,0,n,4
3206,I3206,1500,1000,800,0.0,110,1,n,4
3311,I3311,1500,1000,800,0.0,110,1,n,4
4261,I4261,1500,1000,800,0.0,110,1,n,4
1405,I1405,1500,1000,800,918.0,110,1,n,4
3102,I3102,1500,1000,800,0.0,110,1,n,4
4687,I4687,1500,1000,800,1471.0,110,1,n,4
2248,I2248,1500,1000,800,0.0,110,1,n,4
1611,I1611,1500,1000,800,0.0,110,1,n,4
3830,I3830,1500,1000,800,0.0,110,1,n,4
2336,I2336,1500,800,800,0.0,110,0,n,4
1009,I1009,1500,800,800,0.0,110,0,n,4
3989,I3989,1500,800,800,0.0,110,0,n,4
3088,I3088,1500,800,800,0.0,110,0,n,4
2895,I2895,1500,800,800,0.0,110,0,n,4
898,I0898,1500,800,800,1020.0,110,0,n,4
938,I0938,1500,800,800,0.0,110,0,n,4
4296,I4296,1500,800,800,1522.0,110,0,n,4
1376,I1376,1500,1000,800,0.0,110,1,n,4
4003,I4003,1500,1000,800,955.0,110,1,n,4
641,I0641,1500,1000,800,0.0,110,1,n,4
2270,I2270,1500,1000,800,0.0,110,1,n,4
3937,I3937,1500,800,800,0.0,110,0,n,4
1765,I1765,1500,800,800,0.0,110,0,n,4
2529,I2529,1500,1000,800,0.0,110,1,n,4
525,I0525,1500,800,800,992.0,110,0,n,4
2469,I2469,1500,1000,800,1483.0,110,1,n,4
817,I0817,1500,800,800,1141.0,110,0,n,4
215,I0215,1500,1000,800,1128.0,110,1,n,4
1888,I1888,1500,800,800,1389.0,110,0,n,4
1294,I1294,1500,1000,800,0.0,110,1,n,4
4413,I4413,1500,800,800,996.0,110,0,n,4
395,I0395,1500,1000,800,1283.0,110,1,n,4
551,I0551,1500,800,800,0.0,110,0,n,4
3667,I3667,1500,1000,800,0.0,110,1,n,4
4769,I4769,1500,1000,800,0.0,110,1,n,4
2532,I2532,1500,1000,800,0.0,110,1,n,4
1189,I1189,1500,1000,800,0.0,110,1,n,4
1379,I1379,1500,800,800,1518.0,110,0,n,4
1631,I1631,1500,1000,800,0.0,110,1,n,4
4607,I4607,1500,800,800,1438.0,110,0,n,4
3410,I3410,1500,1000,800,1049.0,110,1,n,4
1052,I1052,1500,1000,800,1008.0,110,1,n,4
820,I0820,1500,1000,800,1338.0,110,1,n,4
2053,I2053,1500,800,800,0.0,110,0,n,4
4015,I4015,1500,1000,800,1329.0,110,1,n,4
3887,I3887,1500,800,800,833.0,110,0,n,4
4522,I4522,1500,800,800,1323.0,110,0,n,4
4967,I4967,1500,1000,800,0.0,110,1,n,4
4575,I4575,1500,800,800,842.0,110,0,n,4
1219,I1219,1500,800,800,1385.0,110,0,n,4
2487,I2487,1500,800,800,809.0,110,0,n,4
2047,I2047,1500,1000,800,0.0,110,1,n,4
4820,I4820,1500,1000,800,1179.0,110,1,n,4
3977,I3977,1500,1000,800,0.0,110,1,n,4
2556,I2556,1500,1000,800,0.0,110,1,n,4
4710,I4710,1500,1000,800,966.0,110,1,n,4
3601,I3601,1500,800,800,918.0,110,0,n,4
2313,I2313,1500,800,800,1409.0,110,0,n,4
614,I0614,1500,1000,800,0.0,110,1,n,4
52,I0052,1500,1000,800,897.0,110,1,n,4
4476,I4476,1500,800,800,1436.0,110,0,n,4
4451,I4451,1500,1000,800,0.0,110,1,n,4
4511,I4511,1500,800,800,1029.0,110,0,n,4
2909,I2909,1500,1000,800,1324.0,110,1,n,4
3952,I3952,1500,1000,800,0.0,110,1,n,4
224,I0224,1500,800,800,0.0,110,0,n,4
3573,I3573,1500,800,800,949.0,110,0,n,4
4683,I4683,1500,800,800,1330.0,110,0,n,4
3739,I3739,1500,800,800,0.0,110,0,n,4
2931,I2931,1500,1000,800,1422.0,110,1,n,4
777,I0777,1500,1000,800,1482.0,110,1,n,4
221,I0221,1500,1000,800,1082.0,110,1,n,4
4790,I4790,1500,1000,800,1573.0,110,1,n,4
2584,I2584,1500,1000,800,1264.0,110,1,n,4
2411,I2411,1500,1000,800,1081.0,110,1,n,4
2963,I2963,1500,800,800,881.0,110,0,n,4
3510,I3510,1500,1000,800,1231.0,110,1,n,4
2362,I2362,1500,800,800,999.0,110,0,n,4
3572,I3572,1500,800,800,886.0,110,0,n,4
915,I0915,1500,1000,800,1094.0,110,1,n,4
3727,I3727,1500,800,800,0.0,110,0,n,4
3535,I3535,1500,1000,800,1235.0,110,1,n,4
175,I0175,1500,800,800,0.0,110,0,n,4
2676,I2676,1500,1000,800,1123.0,110,1,n,4
4325,I4325,1500,800,800,0.0,110,0,n,4
1797,I1797,1500,1000,800,1092.0,110,1,n,4
4074,I4074,1500,800,800,0.0,110,0,n,4
252,I0252,1500,800,800,1280.0,110,0,n,4
647,I0647,1500,1000,800,0.0,110,1,n,4
3626,I3626,1500,800,800,0.0,110,0,n,4
2019,I2019,1500,800,800,1162.0,110,0,n,4
3224,I3224,1500,800,800,0.0,110,0,n,4
843,I0843,1500,800,800,1033.0,110,0,n,4
3337,I3337,1500,1000,800,0.0,110,1,n,4
730,I0730,1500,800,800,0.0,110,0,n,4
1527,I1527,1500,1000,800,907.0,110,1,n,4
418,I0418,1500,1000,800,1345.0,110,1,n,4
3741,I3741,1500,1000,800,0.0,110,1,n,4
4831,I4831,1500,1000,800,0.0,110,1,n,4
3942,I3942,1500,1000,800,1399.0,110,1,n,4
4011,I4011,1500,800,800,0.0,110,0,n,4
4868,I4868,1500,1000,800,0.0,110,1,n,4
3172,I3172,1500,800,800,1001.0,110,0,n,4
1239,I1239,1500,1000,800,1236.0,110,1,n,4
1547,I1547,1500,1000,800,1194.0,110,1,n,4
814,I0814,1500,1000,800,1256.0,110,1,n,4
4724,I4724,1500,1000,800,851.0,110,1,n,4
4409,I4409,1500,1000,800,1442.0,110,1,n,4
3829,I3829,1500,1000,800,1272.0,110,1,n,4
2195,I2195,1500,1000,800,0.0,110,1,n,4
4791,I4791,1500,1000,800,1094.0,110,1,n,4
4722,I4722,1500,800,800,1145.0,110,0,n,4
3805,I3805,1500,800,800,0.0,110,0,n,4
831,I0831,1500,800,800,966.0,110,0,n,4
574,I0574,1500,1000,800,0.0,110,1,n,4
4434,I4434,1500,800,800,1459.0,110,0,n,4
2779,I2779,1500,1000,800,1482.0,110,1,n,4
2842,I2842,1500,1000,800,0.0,110,1,n,4
4119,I4119,1500,800,800,1144.0,110,0,n,4
2320,I2320,1500,1000,800,1383.0,110,1,n,4
3475,I3475,1500,800,800,1056.0,110,0,n,4
1285,I1285,1500,1000,800,0.0,110,1,n,4
2751,I2751,1500,1000,800,0.0,110,1,n,4
632,I0632,1500,1000,800,1256.0,110,1,n,4
4473,I4473,1500,800,800,0.0,110,0,n,4
786,I0786,1500,1000,800,0.0,110,1,n,4
4456,I4456,1500,800,800,1073.0,110,0,n,4
129,I0129,1500,800,800,747.0,110,0,n,4
1176,I1176,1500,800,800,1090.0,110,0,n,4
34,I0034,1500,800,800,1013.0,110,0,n,4
4480,I4480,1500,1000,800,1244.0,110,1,n,4
864,I0864,1500,1000,800,1542.0,110,1,n,4
4883,I4883,1500,1000,800,0.0,110,1,n,4
2967,I2967,1500,800,800,1551.0,110,0,n,4
1368,I1368,1500,800,800,1026.0,110,0,n,4
2135,I2135,1500,1000,800,0.0,110,1,n,4
1613,I1613,1500,800,800,1001.0,110,0,n,4
4663,I4663,1500,800,800,1067.0,110,0,n,4
2265,I2265,1500,800,800,1030.0,110,0,n,4
2590,I2590,1500,1000,800,0.0,110,1,n,4
723,I0723,1500,1000,800,1288.0,110,1,n,4
3811,I3811,1500,1000,800,1439.0,110,1,n,4
2112,I2112,1500,800,800,932.0,110,0,n,4
3099,I3099,1500,1000,800,0.0,110,1,n,4
2596,I2596,1500,800,800,0.0,110,0,n,4
3146,I3146,1500,800,800,0.0,110,0,n,4
4279,I4279,1500,800,800,852.0,110,0,n,4
2580,I2580,1500,1000,800,0.0,110,1,n,4
2107,I2107,1500,800,800,1319.0,110,0,n,4
856,I0856,1500,800,800,1316.0,110,0,n,4
3022,I3022,1500,1000,800,1025.0,110,1,n,4
6,I0006,1500,1000,800,0.0,110,1,n,4
4626,I4626,1500,1000,800,1159.0,110,1,n,4
2904,I2904,1500,1000,800,1326.0,110,1,n,4
3223,I3223,1500,1000,800,958.0,110,1,n,4
46,I0046,1500,800,800,1422.0,110,0,n,4
187,I0187,1500,800,800,0.0,110,0,n,4
3351,I3351,1500,1000,800,0.0,110,1,n,4
4579,I4579,1500,800,800,1152.0,110,0,n,4
1669,I1669,1500,1000,800,0.0,110,1,n,4
2709,I2709,1500,800,800,1085.0,110,0,n,4
3545,I3545,1500,1000,800,768.0,110,1,n,4
4319,I4319,1500,1000,800,0.0,110,1,n,4
3983,I3983,1500,1000,800,0.0,110,1,n,4
1610,I1610,1500,800,800,1476.0,110,0,n,4
457,I0457,1500,800,800,1520.0,110,0,n,4
2091,I2091,1500,800,800,0.0,110,0,n,4
152,I0152,1500,1000,800,674.0,110,1,n,4
4268,I4268,1500,1000,800,1367.0,110,1,n,4
2440,I2440,1500,1000,800,1002.0,110,1,n,4
3097,I3097,1500,1000,800,1229.0,110,1,n,4
3398,I3398,1500,800,800,0.0,110,0,n,4
512,I0512,1500,800,800,1348.0,110,0,n,4
3240,I3240,1500,800,800,1435.0,110,0,n,4
1013,I1013,1500,800,800,0.0,110,0,n,4
3011,I3011,1500,800,800,0.0,110,0,n,4
3735,I3735,1500,1000,800,992.0,110,1,n,4
4228,I4228,1500,800,800,0.0,110,0,n,4
359,I0359,1500,800,800,0.0,110,0,n,4
4994,I4994,1500,800,800,941.0,110,0,n,4
4417,I4417,1500,1000,800,0.0,110,1,n,4
2609,I2609,1500,800,800,1220.0,110,0,n,4
4963,I4963,1500,800,800,0.0,110,0,n,4
2419,I2419,1500,800,800,1118.0,110,0,n,4
4535,I4535,1500,1000,800,1502.0,110,1,n,4
2022,I2022,1500,1000,800,799.0,110,1,n,4
4002,I4002,1500,800,800,0.0,110,0,n,4
2151,I2151,1500,800,800,1090.0,110,0,n,4
2016,I2016,1500,800,800,1066.0,110,0,n,4
4193,I4193,1500,800,800,0.0,110,0,n,4
1131,I1131,1500,1000,800,0.0,110,1,n,4
1913,I1913,1500,1000,800,0.0,110,1,n,4
2093,I2093,1500,800,800,1215.0,110,0,n,4
1305,I1305,1500,800,800,1008.0,110,0,n,4
230,I0230,1500,800,800,0.0,110,0,n,4
3880,I3880,1500,1000,800,0.0,110,1,n,4
4903,I4903,1500,1000,800,1440.0,110,1,n,4
2947,I2947,1500,800,800,1205.0,110,0,n,4
4250,I4250,1500,800,800,942.0,110,0,n,4
3789,I3789,1500,1000,800,1274.0,110,1,n,4
4928,I4928,1500,800,800,1317.0,110,0,n,4
1755,I1755,1500,800,800,786.0,110,0,n,4
746,I0746,1500,1000,800,0.0,110,1,n,4
3080,I3080,1500,1000,800,1096.0,110,1,n,4
1174,I1174,1500,1000,800,1097.0,110,1,n,4
1245,I1245,1500,800,800,946.0,110,0,n,4
4920,I4920,1500,1000,800,0.0,110,1,n,4
2141,I2141,1500,800,800,0.0,110,0,n,4
1722,I1722,1500,800,800,0.0,110,0,n,4
111,I0111,1500,800,800,0.0,110,0,n,4
3349,I3349,1500,1000,800,0.0,110,1,n,4
3813,I3813,1500,1000,800,0.0,110,1,n,4
2006,I2006,1500,800,800,1476.0,110,0,n,4
66,I0066,1500,800,800,907.0,110,0,n,4
582,I0582,1500,800,800,0.0,110,0,n,4
4437,I4437,1500,800,800,1030.0,110,0,n,4
2373,I2373,1500,800,800,1034.0,110,0,n,4
1445,I1445,1500,800,800,1462.0,110,0,n,4
3956,I3956,1500,800,800,1410.0,110,0,n,4
1025,I1025,1500,800,800,0.0,110,0,n,4
242,I0242,1500,800,800,985.0,110,0,n,4
207,I0207,1500,1000,800,1246.0,110,1,n,4
3879,I3879,1500,1000,800,0.0,110,1,n,4
704,I0704,1500,1000,800,1465.0,110,1,n,4
113,I0113,1500,800,800,849.0,110,0,n,4
4178,I4178,1500,800,800,0.0,110,0,n,4
1540,I1540,1500,800,800,965.0,110,0,n,4
4431,I4431,1500,800,800,1211.0,110,0,n,4
4072,I4072,1500,1000,800,919.0,110,1,n,4
1707,I1707,1500,1000,800,983.0,110,1,n,4
1401,I1401,1500,1000,800,1238.0,110,1,n,4
220,I0220,1500,800,800,1137.0,110,0,n,4
727,I0727,1500,800,800,0.0,110,0,n,4
876,I0876,1500,1000,800,780.0,110,1,n,4
2077,I2077,1500,800,800,1186.0,110,0,n,4
4871,I4871,1500,1000,800,1349.0,110,1,n,4
2100,I2100,1500,800,800,1300.0,110,0,n,4
2380,I2380,1500,1000,800,0.0,110,1,n,4
1564,I1564,1500,1000,800,645.0,110,1,n,4
3976,I3976,1500,800,800,1034.0,110,0,n,4
3392,I3392,1500,1000,800,1131.0,110,1,n,4
2919,I2919,1500,800,800,0.0,110,0,n,4
1392,I1392,1500,1000,800,1133.0,110,1,n,4
2618,I2618,1500,1000,800,0.0,110,1,n,4
1824,I1824,1500,1000,800,0.0,110,1,n,4
413,I0413,1500,1000,800,1196.0,110,1,n,4
2719,I2719,1500,1000,800,0.0,110,1,n,4
4882,I4882,1500,1000,800,894.0,110,1,n,4
1493,I1493,1500,1000,800,1096.0,110,1,n,4
4850,I4850,1500,1000,800,1078.0,110,1,n,4
3370,I3370,1500,1000,800,0.0,110,1,n,4
3671,I3671,1500,1000,800,0.0,110,1,n,4
979,I0979,1500,1000,800,0.0,110,1,n,4
4960,I4960,1500,1000,800,0.0,110,1,n,4
2675,I2675,1500,800,800,1071.0,110,0,n,4
289,I0289,1500,800,800,894.0,110,0,n,4
4130,I4130,1500,1000,800,903.0,110,1,n,4
1363,I1363,1500,1000,800,0.0,110,1,n,4
3106,I3106,1500,800,800,1151.0,110,0,n,4
3559,I3559,1500,1000,800,0.0,110,1,n,4
2534,I2534,1500,800,800,1453.0,110,0,n,4
762,I0762,1500,800,800,910.0,110,0,n,4
3996,I3996,1500,800,800,0.0,110,0,n,4
4517,I4517,1500,1000,800,0.0,110,1,n,4
4381,I4381,1500,800,800,1280.0,110,0,n,4
1214,I1214,1500,800,800,1443.0,110,0,n,4
1713,I1713,1500,800,800,980.0,110,0,n,4
4647,I4647,1500,1000,800,1172.0,110,1,n,4
4596,I4596,1500,1000,800,1366.0,110,1,n,4
2478,I2478,1500,800,800,1186.0,110,0,n,4
1068,I1068,1500,1000,800,1164.0,110,1,n,4
768,I0768,1500,1000,800,1068.0,110,1,n,4
4114,I4114,1500,800,800,0.0,110,0,n,4
2241,I2241,1500,800,800,1344.0,110,0,n,4
1645,I1645,1500,1000,800,0.0,110,1,n,4
465,I0465,1500,1000,800,1550.0,110,1,n,4
1994,I1994,1500,1000,800,1314.0,110,1,n,4
155,I0155,1500,1000,800,1102.0,110,1,n,4
2300,I2300,1500,1000,800,0.0,110,1,n,4
4032,I4032,1500,800,800,1064.0,110,0,n,4
3833,I3833,1500,1000,800,0.0,110,1,n,4
4056,I4056,1500,1000,800,1510.0,110,1,n,4
3888,I3888,1500,1000,800,1422.0,110,1,n,4
649,I0649,1500,1000,800,1167.0,110,1,n,4
1520,I1520,1500,1000,800,989.0,110,1,n,4
3327,I3327,1500,1000,800,0.0,110,1,n,4
2264,I2264,1500,800,800,0.0,110,0,n,4
3228,I3228,1500,800,800,816.0,110,0,n,4
429,I0429,1500,800,800,0.0,110,0,n,4
2069,I2069,1500,800,800,0.0,110,0,n,4
1878,I1878,1500,1000,800,917.0,110,1,n,4
3153,I3153,1500,800,800,952.0,110,0,n,4
112,I0112,1500,1000,800,866.0,110,1,n,4
1136,I1136,1500,1000,800,1045.0,110,1,n,4
1215,I1215,1500,1000,800,0.0,110,1,n,4
370,I0370,1500,800,800,1157.0,110,0,n,4
3774,I3774,1500,800,800,0.0,110,0,n,4
3140,I3140,1500,1000,800,1067.0,110,1,n,4
4095,I4095,1500,1000,800,1415.0,110,1,n,4
2577,I2577,1500,800,800,0.0,110,0,n,4
1838,I1838,1500,1000,800,0.0,110,1,n,4
4312,I4312,1500,800,800,988.0,110,0,n,4
3565,I3565,1500,800,800,1010.0,110,0,n,4
1261,I1261,1500,1000,800,1496.0,110,1,n,4
2515,I2515,1500,800,800,0.0,110,0,n,4
1961,I1961,1500,1000,800,1478.0,110,1,n,4
2915,I2915,1500,800,800,923.0,110,0,n,4
157,I0157,1500,800,800,0.0,110,0,n,4
2331,I2331,1500,800,800,1043.0,110,0,n,4
4371,I4371,1500,1000,800,910.0,110,1,n,4
87,I0087,1500,800,800,0.0,110,0,n,4
1968,I1968,1500,800,800,0.0,110,0,n,4
3526,I3526,1500,1000,800,0.0,110,1,n,4
2971,I2971,1500,1000,800,856.0,110,1,n,4
2330,I2330,1500,800,800,1571.0,110,0,n,4
3225,I3225,1500,1000,800,0.0,110,1,n,4
4059,I4059,1500,1000,800,1340.0,110,1,n,4
2491,I2491,1500,1000,800,0.0,110,1,n,4
2585,I2585,1500,1000,800,975.0,110,1,n,4
1066,I1066,1500,1000,800,1229.0,110,1,n,4
4411,I4411,1500,800,800,0.0,110,0,n,4
2369,I2369,1500,1000,800,1115.0,110,1,n,4
3489,I3489,1500,1000,800,0.0,110,1,n,4
1203,I1203,1500,800,800,795.0,110,0,n,4
3517,I3517,1500,800,800,1303.0,110,0,n,4
2479,I2479,1500,1000,800,0.0,110,1,n,4
2136,I2136,1500,1000,800,905.0,110,1,n,4
2210,I2210,1500,1000,800,0.0,110,1,n,4
2379,I2379,1500,1000,800,856.0,110,1,n,4
1774,I1774,1500,1000,800,1255.0,110,1,n,4
3944,I3944,1500,800,800,1429.0,110,0,n,4
3773,I3773,1500,1000,800,1397.0,110,1,n,4
1560,I1560,1500,800,800,1321.0,110,0,n,4
3729,I3729,1500,1000,800,0.0,110,1,n,4
2550,I2550,1500,800,800,1062.0,110,0,n,4
2401,I2401,1500,800,800,1042.0,110,0,n,4
3250,I3250,1500,800,800,1427.0,110,0,n,4
1952,I1952,1500,800,800,0.0,110,0,n,4
508,I0508,1500,800,800,1342.0,110,0,n,4
4585,I4585,1500,1000,800,1264.0,110,1,n,4
721,I0721,1500,1000,800,1265.0,110,1,n,4
4075,I4075,1500,1000,800,0.0,110,1,n,4
4351,I4351,1500,800,800,1102.0,110,0,n,4
4809,I4809,1500,800,800,0.0,110,0,n,4
3639,I3639,1500,1000,800,0.0,110,1,n,4
422,I0422,1500,1000,800,820.0,110,1,n,4
2736,I2736,1500,800,800,0.0,110,0,n,4
1533,I1533,1500,800,800,974.0,110,0,n,4
3064,I3064,1500,800,800,0.0,110,0,n,4
1499,I1499,1500,1000,800,1004.0,110,1,n,4
3362,I3362,1500,1000,800,1444.0,110,1,n,4
4719,I4719,1500,1000,800,0.0,110,1,n,4
3277,I3277,1500,800,800,1119.0,110,0,n,4
559,I0559,1500,800,800,0.0,110,0,n,4
811,I0811,1500,1000,800,994.0,110,1,n,4
3837,I3837,1500,800,800,1033.0,110,0,n,4
1545,I1545,1500,1000,800,0.0,110,1,n,4
1720,I1720,1500,800,800,0.0,110,0,n,4
2833,I2833,1500,800,800,0.0,110,0,n,4
1359,I1359,1500,800,800,0.0,110,0,n,4
3325,I3325,1500,1000,800,0.0,110,1,n,4
2608,I2608,1500,1000,800,960.0,110,1,n,4
4827,I4827,1500,800,800,0.0,110,0,n,4
986,I0986,1500,1000,800,0.0,110,1,n,4
3457,I3457,1500,1000,800,0.0,110,1,n,4
4281,I4281,1500,800,800,0.0,110,0,n,4
4330,I4330,1500,1000,800,1391.0,110,1,n,4
4894,I4894,1500,800,800,0.0,110,0,n,4
4241,I4241,1500,1000,800,0.0,110,1,n,4
3548,I3548,1500,800,800,0.0,110,0,n,4
2002,I2002,1500,1000,800,0.0,110,1,n,4
4731,I4731,1500,1000,800,0.0,110,1,n,4
999,I0999,1500,1000,800,0.0,110,1,n,4
2616,I2616,1500,1000,800,0.0,110,1,n,4
3247,I3247,1500,1000,800,1404.0,110,1,n,4
1947,I1947,1500,1000,800,791.0,110,1,n,4
45,I0045,1500,1000,800,1165.0,110,1,n,4
663,I0663,1500,1000,800,0.0,110,1,n,4
4560,I4560,1500,800,800,1550.0,110,0,n,4
1865,I1865,1500,800,800,1077.0,110,0,n,4
2878,I2878,1500,1000,800,0.0,110,1,n,4
1054,I1054,1500,800,800,1062.0,110,0,n,4
1837,I1837,1500,1000,800,1111.0,110,1,n,4
3513,I3513,1500,800,800,0.0,110,0,n,4
3429,I3429,1500,800,800,0.0,110,0,n,4
874,I0874,1500,800,800,0.0,110,0,n,4
2811,I2811,1500,800,800,730.0,110,0,n,4
2542,I2542,1500,800,800,1357.0,110,0,n,4
234,I0234,1500,1000,800,0.0,110,1,n,4
62,I0062,1500,800,800,0.0,110,0,n,4
4896,I4896,1500,800,800,0.0,110,0,n,4
845,I0845,1500,1000,800,1431.0,110,1,n,4
3294,I3294,1500,800,800,0.0,110,0,n,4
3137,I3137,1500,800,800,0.0,110,0,n,4
188,I0188,1500,1000,800,0.0,110,1,n,4
728,I0728,1500,1000,800,1004.0,110,1,n,4
3300,I3300,1500,1000,800,0.0,110,1,n,4
1125,I1125,1500,800,800,1443.0,110,0,n,4
351,I0351,1500,1000,800,987.0,110,1,n,4
327,I0327,1500,800,800,0.0,110,0,n,4
4997,I4997,1500,800,800,972.0,110,0,n,4
3935,I3935,1500,1000,800,0.0,110,1,n,4
895,I0895,1500,1000,800,1018.0,110,1,n,4
1323,I1323,1500,1000,800,918.0,110,1,n,4
1299,I1299,1500,1000,800,1072.0,110,1,n,4
4691,I4691,1500,800,800,0.0,110,0,n,4
1375,I1375,1500,800,800,0.0,110,0,n,4
2753,I2753,1500,1000,800,0.0,110,1,n,4
3434,I3434,1500,1000,800,0.0,110,1,n,4
2218,I2218,1500,1000,800,0.0,110,1,n,4
364,I0364,1500,1000,800,0.0,110,1,n,4
3895,I3895,1500,1000,800,1023.0,110,1,n,4
3533,I3533,1500,800,800,1039.0,110,0,n,4
433,I0433,1500,800,800,0.0,110,0,n,4
4529,I4529,1500,1000,800,1328.0,110,1,n,4
205,I0205,1500,800,800,0.0,110,0,n,4
1,I0001,1500,1000,800,1525.0,110,1,n,4
1225,I1225,1500,800,800,0.0,110,0,n,4
3302,I3302,1500,800,800,0.0,110,0,n,4
3501,I3501,1500,800,800,0.0,110,0,n,4
3685,I3685,1500,1000,800,0.0,110,1,n,4
4611,I4611,1500,1000,800,0.0,110,1,n,4
2477,I2477,1500,800,800,1097.0,110,0,n,4
122,I0122,1500,800,800,0.0,110,0,n,4
1161,I1161,1500,1000,800,0.0,110,1,n,4
2678,I2678,1500,1000,800,988.0,110,1,n,4
2056,I2056,1500,1000,800,1438.0,110,1,n,4
1458,I1458,1500,800,800,997.0,110,0,n,4
3238,I3238,1500,1000,800,1010.0,110,1,n,4
4361,I4361,1500,1000,800,0.0,110,1,n,4
4890,I4890,1500,1000,800,0.0,110,1,n,4
1430,I1430,1500,800,800,0.0,110,0,n,4
3219,I3219,1500,1000,800,1256.0,110,1,n,4
847,I0847,1500,1000,800,824.0,110,1,n,4
1454,I1454,1500,1000,800,0.0,110,1,n,4
1949,I1949,1500,1000,800,1143.0,110,1,n,4
3450,I3450,1500,800,800,1127.0,110,0,n,4
3663,I3663,1500,800,800,937.0,110,0,n,4
520,I0520,1500,1000,800,1062.0,110,1,n,4
3261,I3261,1500,1000,800,1446.0,110,1,n,4
1034,I1034,1500,1000,800,1220.0,110,1,n,4
1839,I1839,1500,1000,800,977.0,110,1,n,4
1281,I1281,1500,1000,800,953.0,110,1,n,4
4091,I4091,1500,800,800,1102.0,110,0,n,4
585,I0585,1500,800,800,1193.0,110,0,n,4
3734,I3734,1500,1000,800,0.0,110,1,n,4
4008,I4008,1500,800,800,1053.0,110,0,n,4
3442,I3442,1500,1000,800,0.0,110,1,n,4
3791,I3791,1500,800,800,0.0,110,0,n,4
1109,I1109,1500,1000,800,1005.0,110,1,n,4
1489,I1489,1500,1000,800,0.0,110,1,n,4
1515,I1515,1500,800,800,1143.0,110,0,n,4
2133,I2133,1500,800,800,1422.0,110,0,n,4
3961,I3961,1500,800,800,1168.0,110,0,n,4
692,I0692,1500,1000,800,0.0,110,1,n,4
1733,I1733,1500,800,800,1081.0,110,0,n,4
3042,I3042,1500,800,800,0.0,110,0,n,4
102,I0102,1500,800,800,1155.0,110,0,n,4
771,I0771,1500,800,800,1195.0,110,0,n,4
3282,I3282,1500,800,800,1537.0,110,0,n,4
2621,I2621,1500,800,800,1093.0,110,0,n,4
1473,I1473,1500,800,800,0.0,110,0,n,4
2345,I2345,1500,1000,800,849.0,110,1,n,4
748,I0748,1500,800,800,0.0,110,0,n,4
445,I0445,1500,800,800,0.0,110,0,n,4
2664,I2664,1500,1000,800,1182.0,110,1,n,4
2169,I2169,1500,800,800,1535.0,110,0,n,4
4165,I4165,1500,1000,800,0.0,110,1,n,4
4265,I4265,1500,800,800,0.0,110,0,n,4
2481,I2481,1500,1000,800,0.0,110,1,n,4
4715,I4715,1500,800,800,870.0,110,0,n,4
1673,I1673,1500,1000,800,0.0,110,1,n,4
2742,I2742,1500,1000,800,0.0,110,1,n,4
3928,I3928,1500,1000,800,0.0,110,1,n,4
23,I0023,1500,800,800,1127.0,110,0,n,4
4080,I4080,1500,800,800,1030.0,110,0,n,4
3948,I3948,1500,1000,800,1292.0,110,1,n,4
4260,I4260,1500,800,800,832.0,110,0,n,4
1255,I1255,1500,1000,800,1415.0,110,1,n,4
1019,I1019,1500,1000,800,1004.0,110,1,n,4
38,I0038,1500,800,800,0.0,110,0,n,4
189,I0189,1500,800,800,1371.0,110,0,n,4
4874,I4874,1500,800,800,0.0,110,0,n,4
2059,I2059,1500,1000,800,1162.0,110,1,n,4
3215,I3215,1500,800,800,841.0,110,0,n,4
3497,I3497,1500,800,800,0.0,110,0,n,4
2368,I2368,1500,1000,800,0.0,110,1,n,4
2412,I2412,1500,1000,800,1434.0,110,1,n,4
4521,I4521,1500,800,800,920.0,110,0,n,4
3467,I3467,1500,800,800,0.0,110,0,n,4
1221,I1221,1500,1000,800,1107.0,110,1,n,4
4609,I4609,1500,800,800,0.0,110,0,n,4
752,I0752,1500,800,800,989.0,110,0,n,4
3180,I3180,1500,1000,800,1125.0,110,1,n,4
4440,I4440,1500,800,800,976.0,110,0,n,4
2653,I2653,1500,1000,800,1055.0,110,1,n,4
498,I0498,1500,800,800,1400.0,110,0,n,4
2306,I2306,1500,1000,800,0.0,110,1,n,4
4081,I4081,1500,800,800,1059.0,110,0,n,4
2911,I2911,1500,1000,800,1504.0,110,1,n,4
4641,I4641,1500,1000,800,0.0,110,1,n,4
4415,I4415,1500,800,800,0.0,110,0,n,4
2495,I2495,1500,800,800,0.0,110,0,n,4
1262,I1262,1500,800,800,0.0,110,0,n,4
3831,I3831,1500,1000,800,852.0,110,1,n,4
1485,I1485,1500,1000,800,0.0,110,1,n,4
1672,I1672,1500,1000,800,1005.0,110,1,n,4
3907,I3907,1500,800,800,1141.0,110,0,n,4
3681,I3681,1500,800,800,1462.0,110,0,n,4
3841,I3841,1500,800,800,0.0,110,0,n,4
4063,I4063,1500,800,800,1158.0,110,0,n,4
393,I0393,1500,800,800,1407.0,110,0,n,4
63,I0063,1500,800,800,1554.0,110,0,n,4
430,I0430,1500,800,800,0.0,110,0,n,4
2423,I2423,1500,1000,800,1473.0,110,1,n,4
3988,I3988,1500,800,800,1063.0,110,0,n,4
3266,I3266,1500,1000,800,1390.0,110,1,n,4
2929,I2929,1500,800,800,898.0,110,0,n,4
468,I0468,1500,800,800,990.0,110,0,n,4
1822,I1822,1500,800,800,0.0,110,0,n,4
2026,I2026,1500,1000,800,1439.0,110,1,n,4
3925,I3925,1500,1000,800,1200.0,110,1,n,4
545,I0545,1500,1000,800,1102.0,110,1,n,4
2309,I2309,1500,800,800,1150.0,110,0,n,4
1905,I1905,1500,800,800,1058.0,110,0,n,4
1265,I1265,1500,800,800,0.0,110,0,n,4
4374,I4374,1500,1000,800,0.0,110,1,n,4
4225,I4225,1500,1000,800,1429.0,110,1,n,4
4879,I4879,1500,1000,800,1372.0,110,1,n,4
2730,I2730,1500,1000,800,1074.0,110,1,n,4
3182,I3182,1500,800,800,955.0,110,0,n,4
2212,I2212,1500,1000,800,1529.0,110,1,n,4
135,I0135,1500,800,800,1463.0,110,0,n,4
4955,I4955,1500,1000,800,1156.0,110,1,n,4
2524,I2524,1500,1000,800,1101.0,110,1,n,4
2551,I2551,1500,800,800,0.0,110,0,n,4
453,I0453,1500,1000,800,0.0,110,1,n,4
1966,I1966,1500,1000,800,1301.0,110,1,n,4
2557,I2557,1500,1000,800,835.0,110,1,n,4
579,I0579,1500,1000,800,1063.0,110,1,n,4
3512,I3512,1500,1000,800,1399.0,110,1,n,4
1813,I1813,1500,800,800,0.0,110,0,n,4
4449,I4449,1500,1000,800,0.0,110,1,n,4
3518,I3518,1500,1000,800,0.0,110,1,n,4
3382,I3382,1500,800,800,0.0,110,0,n,4
399,I0399,1500,800,800,1310.0,110,0,n,4
1006,I1006,1500,1000,800,886.0,110,1,n,4
1654,I1654,1500,800,800,0.0,110,0,n,4
358,I0358,1500,800,800,0.0,110,0,n,4
3917,I3917,1500,800,800,1510.0,110,0,n,4
414,I0414,1500,800,800,0.0,110,0,n,4
657,I0657,1500,1000,800,1037.0,110,1,n,4
1384,I1384,1500,1000,800,0.0,110,1,n,4
4337,I4337,1500,1000,800,1064.0,110,1,n,4
2531,I2531,1500,1000,800,1505.0,110,1,n,4
99,I0099,1500,1000,800,1352.0,110,1,n,4
953,I0953,1500,800,800,903.0,110,0,n,4
3499,I3499,1500,800,800,0.0,110,0,n,4
3593,I3593,1500,1000,800,0.0,110,1,n,4
883,I0883,1500,1000,800,1493.0,110,1,n,4
4542,I4542,1500,1000,800,0.0,110,1,n,4
2176,I2176,1500,1000,800,1027.0,110,1,n,4
959,I0959,1500,800,800,0.0,110,0,n,4
1067,I1067,1500,800,800,0.0,110,0,n,4
514,I0514,1500,1000,800,1100.0,110,1,n,4
2170,I2170,1500,1000,800,0.0,110,1,n,4
595,I0595,1500,800,800,0.0,110,0,n,4
968,I0968,1500,1000,800,0.0,110,1,n,4
1618,I1618,1500,1000,800,1440.0,110,1,n,4
3376,I3376,1500,800,800,974.0,110,0,n,4
3890,I3890,1500,800,800,0.0,110,0,n,4
2424,I2424,1500,1000,800,967.0,110,1,n,4
3682,I3682,1500,1000,800,0.0,110,1,n,4
4367,I4367,1500,1000,800,1089.0,110,1,n,4
3001,I3001,1500,800,800,1445.0,110,0,n,4
1224,I1224,1500,800,800,0.0,110,0,n,4
3028,I3028,1500,800,800,1035.0,110,0,n,4
4580,I4580,1500,1000,800,1221.0,110,1,n,4
3688,I3688,1500,800,800,1113.0,110,0,n,4
1504,I1504,1500,800,800,1074.0,110,0,n,4
2920,I2920,1500,800,800,1457.0,110,0,n,4
3491,I3491,1500,800,800,905.0,110,0,n,4
2493,I2493,1500,800,800,0.0,110,0,n,4
2518,I2518,1500,800,800,1558.0,110,0,n,4
1576,I1576,1500,1000,800,1404.0,110,1,n,4
2849,I2849,1500,1000,800,1416.0,110,1,n,4
263,I0263,1500,1000,800,1530.0,110,1,n,4
962,I0962,1500,1000,800,0.0,110,1,n,4
1628,I1628,1500,800,800,1322.0,110,0,n,4
3749,I3749,1500,800,800,1307.0,110,0,n,4
4152,I4152,1500,1000,800,947.0,110,1,n,4
2262,I2262,1500,800,800,1200.0,110,0,n,4
3893,I3893,1500,800,800,0.0,110,0,n,4
4884,I4884,1500,1000,800,0.0,110,1,n,4
2288,I2288,1500,1000,800,1130.0,110,1,n,4
3094,I3094,1500,800,800,1432.0,110,0,n,4
4099,I4099,1500,1000,800,0.0,110,1,n,4
1108,I1108,1500,1000,800,825.0,110,1,n,4
86,I0086,1500,800,800,1169.0,110,0,n,4
1336,I1336,1500,1000,800,1033.0,110,1,n,4
2052,I2052,1500,1000,800,1416.0,110,1,n,4
3003,I3003,1500,800,800,1011.0,110,0,n,4
493,I0493,1500,1000,800,0.0,110,1,n,4
4657,I4657,1500,1000,800,0.0,110,1,n,4
4671,I4671,1500,1000,800,962.0,110,1,n,4
139,I0139,1500,800,800,0.0,110,0,n,4
4222,I4222,1500,800,800,1189.0,110,0,n,4
2654,I2654,1500,1000,800,1380.0,110,1,n,4
208,I0208,1500,800,800,0.0,110,0,n,4
2304,I2304,1500,1000,800,1375.0,110,1,n,4
4948,I4948,1500,800,800,0.0,110,0,n,4
1823,I1823,1500,1000,800,1090.0,110,1,n,4
4132,I4132,1500,1000,800,877.0,110,1,n,4
437,I0437,1500,1000,800,1047.0,110,1,n,4
1925,I1925,1500,1000,800,801.0,110,1,n,4
3075,I3075,1500,800,800,1535.0,110,0,n,4
2703,I2703,1500,1000,800,0.0,110,1,n,4
1855,I1855,1500,800,800,0.0,110,0,n,4
1132,I1132,1500,1000,800,0.0,110,1,n,4
1869,I1869,1500,1000,800,1293.0,110,1,n,4
2623,I2623,1500,1000,800,0.0,110,1,n,4
1984,I1984,1500,800,800,1070.0,110,0,n,4
4654,I4654,1500,800,800,1279.0,110,0,n,4
4497,I4497,1500,1000,800,955.0,110,1,n,4
1126,I1126,1500,1000,800,952.0,110,1,n,4
345,I0345,1500,1000,800,0.0,110,1,n,4
315,I0315,1500,800,800,1051.0,110,0,n,4
2464,I2464,1500,1000,800,0.0,110,1,n,4
4944,I4944,1500,800,800,0.0,110,0,n,4
928,I0928,1500,1000,800,0.0,110,1,n,4
2235,I2235,1500,800,800,1275.0,110,0,n,4
1695,I1695,1500,1000,800,0.0,110,1,n,4
2081,I2081,1500,800,800,1015.0,110,0,n,4
1938,I1938,1500,1000,800,1082.0,110,1,n,4
2375,I2375,1500,1000,800,1465.0,110,1,n,4
2555,I2555,1500,800,800,1142.0,110,0,n,4
3045,I3045,1500,800,800,1362.0,110,0,n,4
739,I0739,1500,1000,800,1543.0,110,1,n,4
816,I0816,1500,800,800,0.0,110,0,n,4
3341,I3341,1500,800,800,0.0,110,0,n,4
3158,I3158,1500,800,800,0.0,110,0,n,4
828,I0828,1500,800,800,1312.0,110,0,n,4
903,I0903,1500,800,800,0.0,110,0,n,4
4670,I4670,1500,800,800,1487.0,110,0,n,4
1073,I1073,1500,1000,800,0.0,110,1,n,4
27,I0027,1500,1000,800,1044.0,110,1,n,4
312,I0312,1500,800,800,0.0,110,0,n,4
1639,I1639,1500,1000,800,0.0,110,1,n,4
3722,I3722,1500,800,800,1050.0,110,0,n,4
2193,I2193,1500,1000,800,969.0,110,1,n,4
3033,I3033,1500,1000,800,689.0,110,1,n,4
4248,I4248,1500,1000,800,966.0,110,1,n,4
988,I0988,1500,1000,800,1082.0,110,1,n,4
4534,I4534,1500,800,800,948.0,110,0,n,4
1223,I1223,1500,1000,800,0.0,110,1,n,4
458,I0458,1500,1000,800,920.0,110,1,n,4
4682,I4682,1500,1000,800,0.0,110,1,n,4
640,I0640,1500,800,800,0.0,110,0,n,4
4138,I4138,1500,1000,800,669.0,110,1,n,4
455,I0455,1500,1000,800,957.0,110,1,n,4
737,I0737,1500,800,800,0.0,110,0,n,4
1892,I1892,1500,1000,800,1116.0,110,1,n,4
976,I0976,1500,800,800,759.0,110,0,n,4
4232,I4232,1500,800,800,1385.0,110,0,n,4
1665,I1665,1500,800,800,0.0,110,0,n,4
1939,I1939,1500,1000,800,1035.0,110,1,n,4
734,I0734,1500,1000,800,989.0,110,1,n,4
2670,I2670,1500,800,800,992.0,110,0,n,4
4329,I4329,1500,1000,800,0.0,110,1,n,4
1307,I1307,1500,800,800,1436.0,110,0,n,4
3174,I3174,1500,800,800,1493.0,110,0,n,4
801,I0801,1500,800,800,0.0,110,0,n,4
380,I0380,1500,1000,800,0.0,110,1,n,4
2998,I2998,1500,1000,800,1043.0,110,1,n,4
162,I0162,1500,800,800,0.0,110,0,n,4
695,I0695,1500,800,800,0.0,110,0,n,4
3812,I3812,1500,1000,800,1077.0,110,1,n,4
3053,I3053,1500,800,800,0.0,110,0,n,4
1046,I1046,1500,800,800,864.0,110,0,n,4
1843,I1843,1500,1000,800,0.0,110,1,n,4
2906,I2906,1500,800,800,0.0,110,0,n,4
2646,I2646,1500,1000,800,0.0,110,1,n,4
1761,I1761,1500,800,800,1053.0,110,0,n,4
3151,I3151,1500,1000,800,0.0,110,1,n,4
2132,I2132,1500,800,800,1354.0,110,0,n,4
2233,I2233,1500,1000,800,1451.0,110,1,n,4
4238,I4238,1500,1000,800,1229.0,110,1,n,4
4313,I4313,1500,1000,800,0.0,110,1,n,4
2405,I2405,1500,800,800,0.0,110,0,n,4
2949,I2949,1500,1000,800,681.0,110,1,n,4
1432,I1432,1500,800,800,0.0,110,0,n,4
549,I0549,1500,800,800,0.0,110,0,n,4
2058,I2058,1500,800,800,0.0,110,0,n,4
887,I0887,1500,1000,800,1467.0,110,1,n,4
755,I0755,1500,1000,800,0.0,110,1,n,4
2946,I2946,1500,1000,800,0.0,110,1,n,4
4595,I4595,1500,1000,800,0.0,110,1,n,4
868,I0868,1500,1000,800,1481.0,110,1,n,4
4833,I4833,1500,1000,800,1274.0,110,1,n,4
1973,I1973,1500,800,800,1155.0,110,0,n,4
1559,I1559,1500,800,800,880.0,110,0,n,4
823,I0823,1500,800,800,0.0,110,0,n,4
2392,I2392,1500,1000,800,1145.0,110,1,n,4
3532,I3532,1500,1000,800,1069.0,110,1,n,4
3615,I3615,1500,800,800,0.0,110,0,n,4
1521,I1521,1500,800,800,0.0,110,0,n,4
409,I0409,1500,800,800,0.0,110,0,n,4
1184,I1184,1500,1000,800,0.0,110,1,n,4
1657,I1657,1500,1000,800,1279.0,110,1,n,4
2898,I2898,1500,1000,800,0.0,110,1,n,4
270,I0270,1500,800,800,1319.0,110,0,n,4
3534,I3534,1500,1000,800,840.0,110,1,n,4
2460,I2460,1500,1000,800,993.0,110,1,n,4
4690,I4690,1500,800,800,846.0,110,0,n,4
4018,I4018,1500,1000,800,0.0,110,1,n,4
3006,I3006,1500,800,800,0.0,110,0,n,4
4631,I4631,1500,800,800,1332.0,110,0,n,4
233,I0233,1500,800,800,0.0,110,0,n,4
2145,I2145,1500,800,800,0.0,110,0,n,4
228,I0228,1500,800,800,1380.0,110,0,n,4
3111,I3111,1500,1000,800,0.0,110,1,n,4
131,I0131,1500,1000,800,0.0,110,1,n,4
1682,I1682,1500,800,800,0.0,110,0,n,4
1201,I1201,1500,1000,800,0.0,110,1,n,4
2925,I2925,1500,1000,800,893.0,110,1,n,4
2443,I2443,1500,800,800,0.0,110,0,n,4
3980,I3980,1500,800,800,0.0,110,0,n,4
522,I0522,1500,800,800,0.0,110,0,n,4
2758,I2758,1500,1000,800,1116.0,110,1,n,4
4055,I4055,1500,1000,800,970.0,110,1,n,4
694,I0694,1500,1000,800,1443.0,110,1,n,4
3898,I3898,1500,800,800,883.0,110,0,n,4
4615,I4615,1500,800,800,999.0,110,0,n,4
191,I0191,1500,800,800,1045.0,110,0,n,4
2901,I2901,1500,800,800,1006.0,110,0,n,4
1018,I1018,1500,800,800,953.0,110,0,n,4
4183,I4183,1500,1000,800,1077.0,110,1,n,4
3055,I3055,1500,1000,800,942.0,110,1,n,4
116,I0116,1500,1000,800,0.0,110,1,n,4
4972,I4972,1500,800,800,1162.0,110,0,n,4
960,I0960,1500,1000,800,878.0,110,1,n,4
1181,I1181,1500,800,800,1380.0,110,0,n,4
3683,I3683,1500,800,800,1141.0,110,0,n,4
4450,I4450,1500,800,800,809.0,110,0,n,4
2630,I2630,1500,1000,800,1181.0,110,1,n,4
2837,I2837,1500,800,800,0.0,110,0,n,4
2130,I2130,1500,800,800,1330.0,110,0,n,4
3552,I3552,1500,1000,800,1272.0,110,1,n,4
3997,I3997,1500,1000,800,1136.0,110,1,n,4
4880,I4880,1500,800,800,0.0,110,0,n,4
3561,I3561,1500,800,800,1231.0,110,0,n,4
4050,I4050,1500,800,800,1054.0,110,0,n,4
428,I0428,1500,800,800,1398.0,110,0,n,4
4499,I4499,1500,1000,800,1001.0,110,1,n,4
578,I0578,1500,1000,800,1499.0,110,1,n,4
1686,I1686,1500,800,800,1345.0,110,0,n,4
4326,I4326,1500,1000,800,1522.0,110,1,n,4
4405,I4405,1500,800,800,1219.0,110,0,n,4
2021,I2021,1500,800,800,968.0,110,0,n,4
3322,I3322,1500,1000,800,1392.0,110,1,n,4
4084,I4084,1500,800,800,1045.0,110,0,n,4
4606,I4606,1500,800,800,1071.0,110,0,n,4
2539,I2539,1500,800,800,1094.0,110,0,n,4
1033,I1033,1500,800,800,0.0,110,0,n,4
1422,I1422,1500,800,800,963.0,110,0,n,4
4727,I4727,1500,800,800,0.0,110,0,n,4
2259,I2259,1500,1000,800,1567.0,110,1,n,4
1490,I1490,1500,1000,800,1141.0,110,1,n,4
565,I0565,1500,800,800,1401.0,110,0,n,4
4622,I4622,1500,1000,800,0.0,110,1,n,4
1896,I1896,1500,800,800,0.0,110,0,n,4
3220,I3220,1500,800,800,0.0,110,0,n,4
4387,I4387,1500,800,800,1179.0,110,0,n,4
1811,I1811,1500,800,800,0.0,110,0,n,4
4094,I4094,1500,800,800,1378.0,110,0,n,4
530,I0530,1500,800,800,0.0,110,0,n,4
2277,I2277,1500,1000,800,0.0,110,1,n,4
1572,I1572,1500,1000,800,0.0,110,1,n,4
3386,I3386,1500,800,800,1556.0,110,0,n,4
3445,I3445,1500,800,800,774.0,110,0,n,4
2743,I2743,1500,1000,800,1058.0,110,1,n,4
1246,I1246,1500,800,800,0.0,110,0,n,4
4778,I4778,1500,800,800,1068.0,110,0,n,4
1170,I1170,1500,800,800,1033.0,110,0,n,4
1193,I1193,1500,1000,800,940.0,110,1,n,4
2110,I2110,1500,1000,800,0.0,110,1,n,4
4034,I4034,1500,800,800,0.0,110,0,n,4
1841,I1841,1500,800,800,1419.0,110,0,n,4
3385,I3385,1500,800,800,0.0,110,0,n,4
3998,I3998,1500,1000,800,1368.0,110,1,n,4
970,I0970,1500,1000,800,829.0,110,1,n,4
2367,I2367,1500,1000,800,0.0,110,1,n,4
4478,I4478,1500,800,800,0.0,110,0,n,4
1663,I1663,1500,1000,800,954.0,110,1,n,4
4465,I4465,1500,800,800,1056.0,110,0,n,4
891,I0891,1500,800,800,892.0,110,0,n,4
1655,I1655,1500,1000,800,0.0,110,1,n,4
3334,I3334,1500,800,800,1034.0,110,0,n,4
3557,I3557,1500,800,800,1330.0,110,0,n,4
3360,I3360,1500,800,800,1226.0,110,0,n,4
1860,I1860,1500,800,800,1052.0,110,0,n,4
1642,I1642,1500,1000,800,0.0,110,1,n,4
2857,I2857,1500,800,800,0.0,110,0,n,4
2883,I2883,1500,800,800,912.0,110,0,n,4
2430,I2430,1500,800,800,0.0,110,0,n,4
3229,I3229,1500,1000,800,1392.0,110,1,n,4
3027,I3027,1500,1000,800,0.0,110,1,n,4
1696,I1696,1500,1000,800,0.0,110,1,n,4
2182,I2182,1500,800,800,0.0,110,0,n,4
725,I0725,1500,800,800,0.0,110,0,n,4
2416,I2416,1500,1000,800,0.0,110,1,n,4
4428,I4428,1500,1000,800,0.0,110,1,n,4
3241,I3241,1500,800,800,0.0,110,0,n,4
2407,I2407,1500,1000,800,1122.0,110,1,n,4
2349,I2349,1500,1000,800,1206.0,110,1,n,4
3015,I3015,1500,1000,800,1088.0,110,1,n,4
2864,I2864,1500,800,800,1386.0,110,0,n,4
319,I0319,1500,800,800,0.0,110,0,n,4
4159,I4159,1500,1000,800,0.0,110,1,n,4
1233,I1233,1500,800,800,1080.0,110,0,n,4
4049,I4049,1500,800,800,0.0,110,0,n,4
3050,I3050,1500,1000,800,1003.0,110,1,n,4
3494,I3494,1500,1000,800,1064.0,110,1,n,4
675,I0675,1500,800,800,0.0,110,0,n,4
3421,I3421,1500,1000,800,1036.0,110,1,n,4
1835,I1835,1500,800,800,1283.0,110,0,n,4
4797,I4797,1500,1000,800,0.0,110,1,n,4
4112,I4112,1500,1000,800,774.0,110,1,n,4
4741,I4741,1500,1000,800,0.0,110,1,n,4
1623,I1623,1500,800,800,0.0,110,0,n,4
542,I0542,1500,800,800,0.0,110,0,n,4
2004,I2004,1500,1000,800,1355.0,110,1,n,4
4243,I4243,1500,800,800,1061.0,110,0,n,4
682,I0682,1500,800,800,0.0,110,0,n,4
4470,I4470,1500,800,800,1559.0,110,0,n,4
3906,I3906,1500,1000,800,1135.0,110,1,n,4
79,I0079,1500,800,800,1244.0,110,0,n,4
1738,I1738,1500,1000,800,1017.0,110,1,n,4
4447,I4447,1500,1000,800,0.0,110,1,n,4
2346,I2346,1500,800,800,1215.0,110,0,n,4
2253,I2253,1500,1000,800,1148.0,110,1,n,4
1885,I1885,1500,800,800,0.0,110,0,n,4
524,I0524,1500,800,800,951.0,110,0,n,4
1737,I1737,1500,800,800,1389.0,110,0,n,4
274,I0274,1500,800,800,1489.0,110,0,n,4
4053,I4053,1500,1000,800,0.0,110,1,n,4
1117,I1117,1500,800,800,0.0,110,0,n,4
4733,I4733,1500,800,800,992.0,110,0,n,4
902,I0902,1500,800,800,0.0,110,0,n,4
4276,I4276,1500,1000,800,0.0,110,1,n,4
2658,I2658,1500,800,800,1402.0,110,0,n,4
1700,I1700,1500,800,800,0.0,110,0,n,4
564,I0564,1500,1000,800,1340.0,110,1,n,4
3264,I3264,1500,1000,800,767.0,110,1,n,4
3098,I3098,1500,1000,800,1473.0,110,1,n,4
1279,I1279,1500,1000,800,0.0,110,1,n,4
3969,I3969,1500,1000,800,1296.0,110,1,n,4
4950,I4950,1500,800,800,0.0,110,0,n,4
249,I0249,1500,800,800,0.0,110,0,n,4
3012,I3012,1500,1000,800,1288.0,110,1,n,4
923,I0923,1500,1000,800,969.0,110,1,n,4
1789,I1789,1500,800,800,1217.0,110,0,n,4
1060,I1060,1500,800,800,0.0,110,0,n,4
475,I0475,1500,1000,800,1513.0,110,1,n,4
1154,I1154,1500,800,800,823.0,110,0,n,4
3090,I3090,1500,800,800,1399.0,110,0,n,4
3344,I3344,1500,800,800,1139.0,110,0,n,4
4723,I4723,1500,1000,800,824.0,110,1,n,4
634,I0634,1500,800,800,0.0,110,0,n,4
3915,I3915,1500,1000,800,801.0,110,1,n,4
200,I0200,1500,1000,800,1216.0,110,1,n,4
3169,I3169,1500,800,800,827.0,110,0,n,4
4576,I4576,1500,1000,800,1175.0,110,1,n,4
3611,I3611,1500,800,800,0.0,110,0,n,4
400,I0400,1500,800,800,1136.0,110,0,n,4
2196,I2196,1500,1000,800,980.0,110,1,n,4
1981,I1981,1500,1000,800,0.0,110,1,n,4
4668,I4668,1500,1000,800,1071.0,110,1,n,4
1350,I1350,1500,1000,800,1155.0,110,1,n,4
2436,I2436,1500,1000,800,0.0,110,1,n,4
3074,I3074,1500,1000,800,0.0,110,1,n,4
4799,I4799,1500,1000,800,0.0,110,1,n,4
4872,I4872,1500,800,800,0.0,110,0,n,4
4592,I4592,1500,800,800,845.0,110,0,n,4
767,I0767,1500,800,800,1475.0,110,0,n,4
1743,I1743,1500,800,800,0.0,110,0,n,4
2976,I2976,1500,800,800,1022.0,110,0,n,4
4713,I4713,1500,800,800,0.0,110,0,n,4
4830,I4830,1500,800,800,898.0,110,0,n,4
4309,I4309,1500,1000,800,0.0,110,1,n,4
4855,I4855,1500,800,800,0.0,110,0,n,4
3792,I3792,1500,800,800,1141.0,110,0,n,4
2432,I2432,1500,1000,800,0.0,110,1,n,4
3867,I3867,1500,800,800,932.0,110,0,n,4
4640,I4640,1500,800,800,1403.0,110,0,n,4
3916,I3916,1500,1000,800,1396.0,110,1,n,4
1834,I1834,1500,800,800,1102.0,110,0,n,4
4968,I4968,1500,1000,800,0.0,110,1,n,4
3309,I3309,1500,1000,800,0.0,110,1,n,4
4321,I4321,1500,1000,800,0.0,110,1,n,4
509,I0509,1500,800,800,0.0,110,0,n,4
1589,I1589,1500,1000,800,1269.0,110,1,n,4
2462,I2462,1500,1000,800,1015.0,110,1,n,4
3636,I3636,1500,1000,800,990.0,110,1,n,4
4976,I4976,1500,800,800,1332.0,110,0,n,4
3877,I3877,1500,800,800,1411.0,110,0,n,4
1909,I1909,1500,1000,800,0.0,110,1,n,4
3724,I3724,1500,1000,800,0.0,110,1,n,4
2457,I2457,1500,1000,800,0.0,110,1,n,4
1413,I1413,1500,800,800,0.0,110,0,n,4
2429,I2429,1500,800,800,775.0,110,0,n,4
1814,I1814,1500,800,800,0.0,110,0,n,4
631,I0631,1500,1000,800,0.0,110,1,n,4
711,I0711,1500,1000,800,0.0,110,1,n,4
1967,I1967,1500,1000,800,1002.0,110,1,n,4
466,I0466,1500,1000,800,0.0,110,1,n,4
4217,I4217,1500,1000,800,0.0,110,1,n,4
277,I0277,1500,1000,800,842.0,110,1,n,4
2203,I2203,1500,1000,800,0.0,110,1,n,4
2667,I2667,1500,800,800,0.0,110,0,n,4
2996,I2996,1500,1000,800,0.0,110,1,n,4
1646,I1646,1500,1000,800,0.0,110,1,n,4
3468,I3468,1500,1000,800,0.0,110,1,n,4
3857,I3857,1500,1000,800,952.0,110,1,n,4
24,I0024,1500,800,800,1432.0,110,0,n,4
3060,I3060,1500,1000,800,1083.0,110,1,n,4
1694,I1694,1500,1000,800,0.0,110,1,n,4
280,I0280,1500,800,800,1392.0,110,0,n,4
3508,I3508,1500,1000,800,950.0,110,1,n,4
287,I0287,1500,800,800,957.0,110,0,n,4
1816,I1816,1500,800,800,767.0,110,0,n,4
2036,I2036,1500,800,800,0.0,110,0,n,4
722,I0722,1500,800,800,1229.0,110,0,n,4
661,I0661,1500,800,800,828.0,110,0,n,4
4766,I4766,1500,800,800,829.0,110,0,n,4
1149,I1149,1500,800,800,0.0,110,0,n,4
2593,I2593,1500,800,800,0.0,110,0,n,4
3577,I3577,1500,1000,800,0.0,110,1,n,4
168,I0168,1500,800,800,1023.0,110,0,n,4
4275,I4275,1500,1000,800,1384.0,110,1,n,4
4916,I4916,1500,1000,800,1291.0,110,1,n,4
790,I0790,1500,800,800,0.0,110,0,n,4
1374,I1374,1500,800,800,1317.0,110,0,n,4
656,I0656,1500,800,800,1042.0,110,0,n,4
1408,I1408,1500,800,800,1010.0,110,0,n,4
3666,I3666,1500,800,800,1386.0,110,0,n,4
3884,I3884,1500,800,800,793.0,110,0,n,4
4461,I4461,1500,800,800,1574.0,110,0,n,4
3058,I3058,1500,800,800,1407.0,110,0,n,4
3395,I3395,1500,800,800,1345.0,110,0,n,4
3669,I3669,1500,800,800,1020.0,110,0,n,4
2944,I2944,1500,1000,800,0.0,110,1,n,4
2644,I2644,1500,1000,800,1061.0,110,1,n,4
2868,I2868,1500,1000,800,0.0,110,1,n,4
3933,I3933,1500,1000,800,1175.0,110,1,n,4
1539,I1539,1500,800,800,1148.0,110,0,n,4
2117,I2117,1500,800,800,1491.0,110,0,n,4
1748,I1748,1500,1000,800,0.0,110,1,n,4
4169,I4169,1500,800,800,1543.0,110,0,n,4
2986,I2986,1500,1000,800,0.0,110,1,n,4
379,I0379,1500,800,800,1489.0,110,0,n,4
935,I0935,1500,1000,800,1294.0,110,1,n,4
2819,I2819,1500,1000,800,985.0,110,1,n,4
4951,I4951,1500,1000,800,1141.0,110,1,n,4
1259,I1259,1500,800,800,788.0,110,0,n,4
2507,I2507,1500,800,800,1547.0,110,0,n,4
931,I0931,1500,800,800,1053.0,110,0,n,4
1727,I1727,1500,1000,800,1075.0,110,1,n,4
4378,I4378,1500,800,800,0.0,110,0,n,4
2119,I2119,1500,800,800,0.0,110,0,n,4
4046,I4046,1500,800,800,0.0,110,0,n,4
1919,I1919,1500,1000,800,0.0,110,1,n,4
2610,I2610,1500,800,800,0.0,110,0,n,4
1637,I1637,1500,1000,800,777.0,110,1,n,4
1160,I1160,1500,1000,800,0.0,110,1,n,4
3193,I3193,1500,1000,800,0.0,110,1,n,4
4945,I4945,1500,800,800,0.0,110,0,n,4
2497,I2497,1500,1000,800,0.0,110,1,n,4
2689,I2689,1500,800,800,1109.0,110,0,n,4
1660,I1660,1500,800,800,799.0,110,0,n,4
4979,I4979,1500,1000,800,1101.0,110,1,n,4
2289,I2289,1500,1000,800,1033.0,110,1,n,4
1324,I1324,1500,1000,800,882.0,110,1,n,4
3757,I3757,1500,1000,800,1173.0,110,1,n,4
2576,I2576,1500,1000,800,840.0,110,1,n,4
571,I0571,1500,1000,800,0.0,110,1,n,4
3815,I3815,1500,800,800,1104.0,110,0,n,4
4310,I4310,1500,1000,800,0.0,110,1,n,4
2662,I2662,1500,1000,800,1100.0,110,1,n,4
456,I0456,1500,800,800,0.0,110,0,n,4
1417,I1417,1500,800,800,1215.0,110,0,n,4
4146,I4146,1500,1000,800,0.0,110,1,n,4
4539,I4539,1500,800,800,0.0,110,0,n,4
907,I0907,1500,1000,800,1277.0,110,1,n,4
240,I0240,1500,1000,800,1354.0,110,1,n,4
3393,I3393,1500,1000,800,0.0,110,1,n,4
3896,I3896,1500,800,800,0.0,110,0,n,4
2569,I2569,1500,800,800,1050.0,110,0,n,4
2452,I2452,1500,1000,800,1124.0,110,1,n,4
2425,I2425,1500,1000,800,1275.0,110,1,n,4
3826,I3826,1500,1000,800,1362.0,110,1,n,4
1744,I1744,1500,1000,800,1108.0,110,1,n,4
4004,I4004,1500,1000,800,1420.0,110,1,n,4
1976,I1976,1500,800,800,0.0,110,0,n,4
2326,I2326,1500,800,800,0.0,110,0,n,4
2427,I2427,1500,1000,800,1234.0,110,1,n,4
3347,I3347,1500,1000,800,0.0,110,1,n,4
2970,I2970,1500,800,800,1524.0,110,0,n,4
919,I0919,1500,1000,800,0.0,110,1,n,4
4062,I4062,1500,1000,800,1117.0,110,1,n,4
1647,I1647,1500,1000,800,996.0,110,1,n,4
3800,I3800,1500,800,800,779.0,110,0,n,4
4086,I4086,1500,800,800,0.0,110,0,n,4
3107,I3107,1500,1000,800,1009.0,110,1,n,4
3732,I3732,1500,800,800,1110.0,110,0,n,4
2034,I2034,1500,800,800,1242.0,110,0,n,4
484,I0484,1500,800,800,952.0,110,0,n,4
1582,I1582,1500,800,800,0.0,110,0,n,4
2818,I2818,1500,800,800,1065.0,110,0,n,4
235,I0235,1500,1000,800,1376.0,110,1,n,4
322,I0322,1500,800,800,0.0,110,0,n,4
2438,I2438,1500,1000,800,0.0,110,1,n,4
1517,I1517,1500,800,800,1204.0,110,0,n,4
1595,I1595,1500,1000,800,1530.0,110,1,n,4
1762,I1762,1500,800,800,1155.0,110,0,n,4
2702,I2702,1500,800,800,1008.0,110,0,n,4
2220,I2220,1500,1000,800,1058.0,110,1,n,4
4468,I4468,1500,1000,800,0.0,110,1,n,4
1354,I1354,1500,1000,800,0.0,110,1,n,4
1505,I1505,1500,1000,800,876.0,110,1,n,4
3910,I3910,1500,1000,800,948.0,110,1,n,4
4679,I4679,1500,1000,800,990.0,110,1,n,4
3346,I3346,1500,800,800,1234.0,110,0,n,4
4223,I4223,1500,1000,800,985.0,110,1,n,4
3078,I3078,1500,1000,800,1362.0,110,1,n,4
1847,I1847,1500,800,800,1529.0,110,0,n,4
1648,I1648,1500,800,800,882.0,110,0,n,4
3777,I3777,1500,1000,800,1413.0,110,1,n,4
1970,I1970,1500,1000,800,0.0,110,1,n,4
2463,I2463,1500,800,800,0.0,110,0,n,4
818,I0818,1500,800,800,941.0,110,0,n,4
3999,I3999,1500,1000,800,1056.0,110,1,n,4
3416,I3416,1500,800,800,0.0,110,0,n,4
866,I0866,1500,800,800,0.0,110,0,n,4
4877,I4877,1500,800,800,1298.0,110,0,n,4
2498,I2498,1500,1000,800,0.0,110,1,n,4
1343,I1343,1500,1000,800,0.0,110,1,n,4
3836,I3836,1500,1000,800,0.0,110,1,n,4
1715,I1715,1500,800,800,0.0,110,0,n,4
3125,I3125,1500,800,800,1454.0,110,0,n,4
3904,I3904,1500,1000,800,793.0,110,1,n,4
1753,I1753,1500,1000,800,1394.0,110,1,n,4
421,I0421,1500,800,800,1383.0,110,0,n,4
2865,I2865,1500,1000,800,888.0,110,1,n,4
4536,I4536,1500,800,800,0.0,110,0,n,4
373,I0373,1500,800,800,882.0,110,0,n,4
4807,I4807,1500,800,800,859.0,110,0,n,4
788,I0788,1500,1000,800,0.0,110,1,n,4
3612,I3612,1500,1000,800,1160.0,110,1,n,4
74,I0074,1500,800,800,0.0,110,0,n,4
3742,I3742,1500,1000,800,843.0,110,1,n,4
432,I0432,1500,800,800,1051.0,110,0,n,4
3231,I3231,1500,800,800,0.0,110,0,n,4
1320,I1320,1500,800,800,0.0,110,0,n,4
2814,I2814,1500,1000,800,0.0,110,1,n,4
3145,I3145,1500,800,800,1251.0,110,0,n,4
1900,I1900,1500,1000,800,893.0,110,1,n,4
1442,I1442,1500,1000,800,0.0,110,1,n,4
3604,I3604,1500,1000,800,1482.0,110,1,n,4
1773,I1773,1500,1000,800,1224.0,110,1,n,4
4651,I4651,1500,800,800,1159.0,110,0,n,4
3356,I3356,1500,800,800,991.0,110,0,n,4
3632,I3632,1500,1000,800,0.0,110,1,n,4
4205,I4205,1500,1000,800,1402.0,110,1,n,4
2526,I2526,1500,800,800,0.0,110,0,n,4
1563,I1563,1500,1000,800,0.0,110,1,n,4
1338,I1338,1500,1000,800,0.0,110,1,n,4
3103,I3103,1500,800,800,0.0,110,0,n,4
1859,I1859,1500,1000,800,1346.0,110,1,n,4
1528,I1528,1500,800,800,1181.0,110,0,n,4
1571,I1571,1500,1000,800,0.0,110,1,n,4
3039,I3039,1500,800,800,1155.0,110,0,n,4
2992,I2992,1500,800,800,0.0,110,0,n,4
2328,I2328,1500,800,800,1436.0,110,0,n,4
4815,I4815,1500,1000,800,1039.0,110,1,n,4
2366,I2366,1500,1000,800,908.0,110,1,n,4
1129,I1129,1500,800,800,0.0,110,0,n,4
3865,I3865,1500,1000,800,0.0,110,1,n,4
2985,I2985,1500,800,800,1438.0,110,0,n,4
1333,I1333,1500,1000,800,1431.0,110,1,n,4
812,I0812,1500,800,800,1383.0,110,0,n,4
2632,I2632,1500,800,800,1501.0,110,0,n,4
2862,I2862,1500,1000,800,0.0,110,1,n,4
4308,I4308,1500,800,800,0.0,110,0,n,4
2323,I2323,1500,1000,800,0.0,110,1,n,4
523,I0523,1500,1000,800,1180.0,110,1,n,4
4068,I4068,1500,800,800,1389.0,110,0,n,4
2517,I2517,1500,1000,800,1429.0,110,1,n,4
3296,I3296,1500,1000,800,0.0,110,1,n,4
3479,I3479,1500,800,800,0.0,110,0,n,4
383,I0383,1500,800,800,988.0,110,0,n,4
3633,I3633,1500,1000,800,966.0,110,1,n,4
4185,I4185,1500,800,800,1087.0,110,0,n,4
4519,I4519,1500,1000,800,1059.0,110,1,n,4
2563,I2563,1500,1000,800,0.0,110,1,n,4
1380,I1380,1500,1000,800,0.0,110,1,n,4
2471,I2471,1500,800,800,1353.0,110,0,n,4
4143,I4143,1500,1000,800,0.0,110,1,n,4
1253,I1253,1500,800,800,1530.0,110,0,n,4
3120,I3120,1500,800,800,0.0,110,0,n,4
436,I0436,1500,800,800,975.0,110,0,n,4
3972,I3972,1500,800,800,0.0,110,0,n,4
4009,I4009,1500,1000,800,0.0,110,1,n,4
3590,I3590,1500,800,800,0.0,110,0,n,4
639,I0639,1500,1000,800,1589.0,110,1,n,4
1439,I1439,1500,800,800,0.0,110,0,n,4
1709,I1709,1500,1000,800,0.0,110,1,n,4
1698,I1698,1500,800,800,1128.0,110,0,n,4
2190,I2190,1500,1000,800,0.0,110,1,n,4
4696,I4696,1500,1000,800,1156.0,110,1,n,4
515,I0515,1500,1000,800,1056.0,110,1,n,4
2908,I2908,1500,800,800,0.0,110,0,n,4
4966,I4966,1500,1000,800,0.0,110,1,n,4
2671,I2671,1500,1000,800,1095.0,110,1,n,4
2181,I2181,1500,1000,800,0.0,110,1,n,4
1069,I1069,1500,800,800,1247.0,110,0,n,4
1097,I1097,1500,1000,800,0.0,110,1,n,4
2846,I2846,1500,1000,800,1203.0,110,1,n,4
3966,I3966,1500,1000,800,0.0,110,1,n,4
1410,I1410,1500,800,800,1124.0,110,0,n,4
16,I0016,1500,800,800,868.0,110,0,n,4
297,I0297,1500,800,800,1339.0,110,0,n,4
977,I0977,1500,1000,800,0.0,110,1,n,4
513,I0513,1500,800,800,0.0,110,0,n,4
4925,I4925,1500,800,800,0.0,110,0,n,4
1594,I1594,1500,1000,800,0.0,110,1,n,4
2866,I2866,1500,800,800,0.0,110,0,n,4
1819,I1819,1500,800,800,1137.0,110,0,n,4
2788,I2788,1500,1000,800,0.0,110,1,n,4
3938,I3938,1500,1000,800,1490.0,110,1,n,4
1303,I1303,1500,800,800,0.0,110,0,n,4
2365,I2365,1500,1000,800,1167.0,110,1,n,4
955,I0955,1500,1000,800,1046.0,110,1,n,4
769,I0769,1500,1000,800,0.0,110,1,n,4
806,I0806,1500,800,800,1097.0,110,0,n,4
1831,I1831,1500,1000,800,1337.0,110,1,n,4
732,I0732,1500,1000,800,0.0,110,1,n,4
781,I0781,1500,1000,800,0.0,110,1,n,4
3396,I3396,1500,1000,800,0.0,110,1,n,4
3234,I3234,1500,1000,800,1062.0,110,1,n,4
3185,I3185,1500,800,800,0.0,110,0,n,4
667,I0667,1500,1000,800,677.0,110,1,n,4
3504,I3504,1500,800,800,1110.0,110,0,n,4
4347,I4347,1500,1000,800,1021.0,110,1,n,4
4246,I4246,1500,1000,800,1571.0,110,1,n,4
2687,I2687,1500,800,800,0.0,110,0,n,4
1910,I1910,1500,800,800,0.0,110,0,n,4
2854,I2854,1500,1000,800,0.0,110,1,n,4
60,I0060,1500,800,800,1457.0,110,0,n,4
4781,I4781,1500,800,800,739.0,110,0,n,4
2809,I2809,1500,1000,800,1172.0,110,1,n,4
2474,I2474,1500,1000,800,0.0,110,1,n,4
1875,I1875,1500,1000,800,1065.0,110,1,n,4
627,I0627,1500,800,800,0.0,110,0,n,4
2421,I2421,1500,800,800,0.0,110,0,n,4
2229,I2229,1500,800,800,761.0,110,0,n,4
1587,I1587,1500,1000,800,0.0,110,1,n,4
1991,I1991,1500,800,800,1434.0,110,0,n,4
2969,I2969,1500,1000,800,1050.0,110,1,n,4
1112,I1112,1500,800,800,1258.0,110,0,n,4
1075,I1075,1500,1000,800,0.0,110,1,n,4
3728,I3728,1500,1000,800,0.0,110,1,n,4
2732,I2732,1500,800,800,969.0,110,0,n,4
4739,I4739,1500,800,800,1019.0,110,0,n,4
2718,I2718,1500,1000,800,0.0,110,1,n,4
2232,I2232,1500,800,800,0.0,110,0,n,4
4354,I4354,1500,800,800,0.0,110,0,n,4
4553,I4553,1500,800,800,679.0,110,0,n,4
3780,I3780,1500,800,800,0.0,110,0,n,4
2030,I2030,1500,1000,800,0.0,110,1,n,4
2960,I2960,1500,1000,800,0.0,110,1,n,4
4230,I4230,1500,800,800,0.0,110,0,n,4
4603,I4603,1500,1000,800,0.0,110,1,n,4
3945,I3945,1500,800,800,0.0,110,0,n,4
4637,I4637,1500,1000,800,0.0,110,1,n,4
53,I0053,1500,1000,800,1026.0,110,1,n,4
1965,I1965,1500,1000,800,0.0,110,1,n,4
3160,I3160,1500,1000,800,0.0,110,1,n,4
4318,I4318,1500,1000,800,1356.0,110,1,n,4
126,I0126,1500,800,800,1378.0,110,0,n,4
1893,I1893,1500,1000,800,0.0,110,1,n,4
4022,I4022,1500,800,800,0.0,110,0,n,4
873,I0873,1500,800,800,1443.0,110,0,n,4
4317,I4317,1500,1000,800,900.0,110,1,n,4
3086,I3086,1500,800,800,1356.0,110,0,n,4
1282,I1282,1500,1000,800,600.0,110,1,n,4
4856,I4856,1500,800,800,0.0,110,0,n,4
4524,I4524,1500,800,800,0.0,110,0,n,4
660,I0660,1500,1000,800,1034.0,110,1,n,4
949,I0949,1500,800,800,925.0,110,0,n,4
3823,I3823,1500,1000,800,925.0,110,1,n,4
311,I0311,1500,800,800,0.0,110,0,n,4
4645,I4645,1500,800,800,1158.0,110,0,n,4
3932,I3932,1500,1000,800,1465.0,110,1,n,4
4854,I4854,1500,1000,800,1498.0,110,1,n,4
3035,I3035,1500,1000,800,0.0,110,1,n,4
2839,I2839,1500,800,800,0.0,110,0,n,4
303,I0303,1500,1000,800,0.0,110,1,n,4
3912,I3912,1500,1000,800,966.0,110,1,n,4
4746,I4746,1500,800,800,1172.0,110,0,n,4
4974,I4974,1500,1000,800,969.0,110,1,n,4
975,I0975,1500,800,800,1110.0,110,0,n,4
2180,I2180,1500,800,800,0.0,110,0,n,4
2820,I2820,1500,800,800,0.0,110,0,n,4
3263,I3263,1500,800,800,1307.0,110,0,n,4
3721,I3721,1500,1000,800,0.0,110,1,n,4
20,I0020,1500,1000,800,0.0,110,1,n,4
3135,I3135,1500,1000,800,1034.0,110,1,n,4
2434,I2434,1500,800,800,1113.0,110,0,n,4
2281,I2281,1500,800,800,0.0,110,0,n,4
3790,I3790,1500,800,800,0.0,110,0,n,4
4496,I4496,1500,1000,800,0.0,110,1,n,4
2354,I2354,1500,1000,800,1166.0,110,1,n,4
4866,I4866,1500,1000,800,0.0,110,1,n,4
4930,I4930,1500,1000,800,1145.0,110,1,n,4
3892,I3892,1500,800,800,0.0,110,0,n,4
3649,I3649,1500,800,800,0.0,110,0,n,4
3073,I3073,1500,800,800,0.0,110,0,n,4
680,I0680,1500,800,800,0.0,110,0,n,4
792,I0792,1500,800,800,0.0,110,0,n,4
3674,I3674,1500,1000,800,1139.0,110,1,n,4
1043,I1043,1500,1000,800,1531.0,110,1,n,4
330,I0330,1500,800,800,858.0,110,0,n,4
4577,I4577,1500,800,800,0.0,110,0,n,4
3299,I3299,1500,800,800,0.0,110,0,n,4
581,I0581,1500,1000,800,1109.0,110,1,n,4
1101,I1101,1500,1000,800,0.0,110,1,n,4
3420,I3420,1500,800,800,1060.0,110,0,n,4
1911,I1911,1500,1000,800,1159.0,110,1,n,4
1692,I1692,1500,800,800,1409.0,110,0,n,4
3922,I3922,1500,800,800,0.0,110,0,n,4
471,I0471,1500,1000,800,0.0,110,1,n,4
4343,I4343,1500,1000,800,0.0,110,1,n,4
4918,I4918,1500,1000,800,1300.0,110,1,n,4
2095,I2095,1500,800,800,991.0,110,0,n,4
470,I0470,1500,1000,800,869.0,110,1,n,4
1472,I1472,1500,800,800,0.0,110,0,n,4
3046,I3046,1500,800,800,1400.0,110,0,n,4
335,I0335,1500,800,800,0.0,110,0,n,4
2483,I2483,1500,800,800,0.0,110,0,n,4
964,I0964,1500,800,800,1328.0,110,0,n,4
1024,I1024,1500,1000,800,1170.0,110,1,n,4
354,I0354,1500,800,800,0.0,110,0,n,4
1974,I1974,1500,1000,800,1445.0,110,1,n,4
4763,I4763,1500,800,800,0.0,110,0,n,4
743,I0743,1500,1000,800,0.0,110,1,n,4
360,I0360,1500,800,800,1569.0,110,0,n,4
2209,I2209,1500,1000,800,0.0,110,1,n,4
3995,I3995,1500,1000,800,0.0,110,1,n,4
1711,I1711,1500,1000,800,1191.0,110,1,n,4
3271,I3271,1500,1000,800,1137.0,110,1,n,4
2604,I2604,1500,800,800,0.0,110,0,n,4
996,I0996,1500,800,800,1550.0,110,0,n,4
1757,I1757,1500,800,800,1236.0,110,0,n,4
4160,I4160,1500,800,800,844.0,110,0,n,4
719,I0719,1500,800,800,0.0,110,0,n,4
2561,I2561,1500,800,800,0.0,110,0,n,4
2164,I2164,1500,1000,800,820.0,110,1,n,4
2127,I2127,1500,1000,800,1116.0,110,1,n,4
334,I0334,1500,1000,800,0.0,110,1,n,4
262,I0262,1500,1000,800,0.0,110,1,n,4
1856,I1856,1500,800,800,0.0,110,0,n,4
720,I0720,1500,800,800,0.0,110,0,n,4
2691,I2691,1500,1000,800,0.0,110,1,n,4
4942,I4942,1500,800,800,986.0,110,0,n,4
4052,I4052,1500,1000,800,0.0,110,1,n,4
1678,I1678,1500,800,800,0.0,110,0,n,4
4818,I4818,1500,1000,800,0.0,110,1,n,4
159,I0159,1500,800,800,0.0,110,0,n,4
2824,I2824,1500,1000,800,0.0,110,1,n,4
1509,I1509,1500,800,800,1022.0,110,0,n,4
2589,I2589,1500,800,800,0.0,110,0,n,4
4376,I4376,1500,800,800,1417.0,110,0,n,4
2217,I2217,1500,1000,800,1067.0,110,1,n,4
2682,I2682,1500,1000,800,0.0,110,1,n,4
291,I0291,1500,800,800,0.0,110,0,n,4
1721,I1721,1500,1000,800,887.0,110,1,n,4
4873,I4873,1500,800,800,0.0,110,0,n,4
1815,I1815,1500,800,800,0.0,110,0,n,4
4493,I4493,1500,800,800,1379.0,110,0,n,4
3368,I3368,1500,1000,800,1550.0,110,1,n,4
2889,I2889,1500,1000,800,1177.0,110,1,n,4
502,I0502,1500,800,800,1019.0,110,0,n,4
4927,I4927,1500,1000,800,1381.0,110,1,n,4
3007,I3007,1500,800,800,808.0,110,0,n,4
2234,I2234,1500,800,800,0.0,110,0,n,4
1546,I1546,1500,800,800,0.0,110,0,n,4
3574,I3574,1500,1000,800,1045.0,110,1,n,4
4104,I4104,1500,1000,800,969.0,110,1,n,4
3543,I3543,1500,800,800,1077.0,110,0,n,4
1701,I1701,1500,800,800,1188.0,110,0,n,4
1730,I1730,1500,1000,800,0.0,110,1,n,4
1130,I1130,1500,800,800,1216.0,110,0,n,4
2466,I2466,1500,1000,800,0.0,110,1,n,4
1578,I1578,1500,1000,800,1335.0,110,1,n,4
3551,I3551,1500,800,800,989.0,110,0,n,4
2377,I2377,1500,1000,800,1391.0,110,1,n,4
2692,I2692,1500,1000,800,1432.0,110,1,n,4
4744,I4744,1500,800,800,0.0,110,0,n,4
3810,I3810,1500,1000,800,0.0,110,1,n,4
1894,I1894,1500,1000,800,742.0,110,1,n,4
4253,I4253,1500,1000,800,836.0,110,1,n,4
92,I0092,1500,1000,800,0.0,110,1,n,4
3854,I3854,1500,1000,800,1156.0,110,1,n,4
796,I0796,1500,800,800,1094.0,110,0,n,4
608,I0608,1500,800,800,1021.0,110,0,n,4
4956,I4956,1500,1000,800,0.0,110,1,n,4
2560,I2560,1500,1000,800,0.0,110,1,n,4
1777,I1777,1500,800,800,0.0,110,0,n,4
1851,I1851,1500,1000,800,0.0,110,1,n,4
3132,I3132,1500,1000,800,1235.0,110,1,n,4
4959,I4959,1500,1000,800,0.0,110,1,n,4
548,I0548,1500,1000,800,1515.0,110,1,n,4
934,I0934,1500,1000,800,1180.0,110,1,n,4
2884,I2884,1500,1000,800,0.0,110,1,n,4
4282,I4282,1500,800,800,0.0,110,0,n,4
2660,I2660,1500,1000,800,1055.0,110,1,n,4
3465,I3465,1500,1000,800,963.0,110,1,n,4
1604,I1604,1500,1000,800,0.0,110,1,n,4
1290,I1290,1500,1000,800,0.0,110,1,n,4
3943,I3943,1500,1000,800,963.0,110,1,n,4
2993,I2993,1500,1000,800,863.0,110,1,n,4
4800,I4800,1500,1000,800,0.0,110,1,n,4
4601,I4601,1500,1000,800,843.0,110,1,n,4
1332,I1332,1500,1000,800,0.0,110,1,n,4
150,I0150,1500,800,800,0.0,110,0,n,4
2280,I2280,1500,800,800,1130.0,110,0,n,4
3897,I3897,1500,1000,800,1039.0,110,1,n,4
3730,I3730,1500,1000,800,0.0,110,1,n,4
3485,I3485,1500,1000,800,0.0,110,1,n,4
1827,I1827,1500,800,800,0.0,110,0,n,4
1906,I1906,1500,800,800,0.0,110,0,n,4
3968,I3968,1500,800,800,0.0,110,0,n,4
4196,I4196,1500,800,800,1124.0,110,0,n,4
4274,I4274,1500,1000,800,0.0,110,1,n,4
4701,I4701,1500,800,800,1128.0,110,0,n,4
785,I0785,1500,1000,800,0.0,110,1,n,4
4540,I4540,1500,800,800,0.0,110,0,n,4
2017,I2017,1500,800,800,0.0,110,0,n,4
948,I0948,1500,800,800,0.0,110,0,n,4
282,I0282,1500,1000,800,1458.0,110,1,n,4
1495,I1495,1500,800,800,1040.0,110,0,n,4
3602,I3602,1500,1000,800,1093.0,110,1,n,4
3422,I3422,1500,800,800,1034.0,110,0,n,4
1254,I1254,1500,800,800,1423.0,110,0,n,4
4597,I4597,1500,800,800,1035.0,110,0,n,4
504,I0504,1500,800,800,653.0,110,0,n,4
1808,I1808,1500,800,800,0.0,110,0,n,4
3269,I3269,1500,1000,800,0.0,110,1,n,4
1990,I1990,1500,800,800,1211.0,110,0,n,4
355,I0355,1500,800,800,1468.0,110,0,n,4
1644,I1644,1500,800,800,0.0,110,0,n,4
2114,I2114,1500,1000,800,904.0,110,1,n,4
1573,I1573,1500,1000,800,930.0,110,1,n,4
1078,I1078,1500,1000,800,0.0,110,1,n,4
3017,I3017,1500,1000,800,828.0,110,1,n,4
3297,I3297,1500,1000,800,1087.0,110,1,n,4
4742,I4742,1500,800,800,1169.0,110,0,n,4
2048,I2048,1500,1000,800,1333.0,110,1,n,4
2033,I2033,1500,800,800,1210.0,110,0,n,4
4161,I4161,1500,800,800,994.0,110,0,n,4
3985,I3985,1500,1000,800,1308.0,110,1,n,4
2018,I2018,1500,1000,800,0.0,110,1,n,4
95,I0095,1500,800,800,889.0,110,0,n,4
161,I0161,1500,800,800,0.0,110,0,n,4
197,I0197,1500,800,800,0.0,110,0,n,4
1915,I1915,1500,1000,800,1286.0,110,1,n,4
3821,I3821,1500,1000,800,1026.0,110,1,n,4
1584,I1584,1500,800,800,766.0,110,0,n,4
3716,I3716,1500,1000,800,751.0,110,1,n,4
3576,I3576,1500,1000,800,0.0,110,1,n,4
1252,I1252,1500,1000,800,667.0,110,1,n,4
3882,I3882,1500,800,800,1096.0,110,0,n,4
2807,I2807,1500,1000,800,0.0,110,1,n,4
1602,I1602,1500,1000,800,1439.0,110,1,n,4
4699,I4699,1500,800,800,817.0,110,0,n,4
4069,I4069,1500,1000,800,982.0,110,1,n,4
3978,I3978,1500,800,800,952.0,110,0,n,4
2965,I2965,1500,1000,800,0.0,110,1,n,4
4234,I4234,1500,800,800,1059.0,110,0,n,4
4605,I4605,1500,800,800,1085.0,110,0,n,4
1889,I1889,1500,1000,800,783.0,110,1,n,4
1424,I1424,1500,800,800,1019.0,110,0,n,4
3350,I3350,1500,1000,800,1006.0,110,1,n,4
1000,I1000,1500,1000,800,1386.0,110,1,n,4
754,I0754,1500,800,800,1214.0,110,0,n,4
404,I0404,1500,1000,800,0.0,110,1,n,4
3162,I3162,1500,1000,800,1337.0,110,1,n,4
3211,I3211,1500,800,800,0.0,110,0,n,4
4181,I4181,1500,800,800,0.0,110,0,n,4
765,I0765,1500,1000,800,0.0,110,1,n,4
3472,I3472,1500,800,800,1199.0,110,0,n,4
4915,I4915,1500,800,800,1130.0,110,0,n,4
4981,I4981,1500,800,800,0.0,110,0,n,4
2415,I2415,1500,1000,800,0.0,110,1,n,4
1138,I1138,1500,1000,800,1449.0,110,1,n,4
2230,I2230,1500,800,800,0.0,110,0,n,4
2716,I2716,1500,800,800,0.0,110,0,n,4
3986,I3986,1500,1000,800,1092.0,110,1,n,4
341,I0341,1500,1000,800,0.0,110,1,n,4
1689,I1689,1500,800,800,0.0,110,0,n,4
618,I0618,1500,800,800,1351.0,110,0,n,4
4965,I4965,1500,800,800,782.0,110,0,n,4
4171,I4171,1500,800,800,1038.0,110,0,n,4
2470,I2470,1500,800,800,1383.0,110,0,n,4
2927,I2927,1500,800,800,0.0,110,0,n,4
3788,I3788,1500,800,800,1505.0,110,0,n,4
1194,I1194,1500,800,800,1497.0,110,0,n,4
1740,I1740,1500,800,800,0.0,110,0,n,4
670,I0670,1500,1000,800,0.0,110,1,n,4
593,I0593,1500,1000,800,1136.0,110,1,n,4
4693,I4693,1500,1000,800,0.0,110,1,n,4
244,I0244,1500,800,800,914.0,110,0,n,4
4284,I4284,1500,1000,800,0.0,110,1,n,4
3203,I3203,1500,800,800,816.0,110,0,n,4
4089,I4089,1500,800,800,845.0,110,0,n,4
1267,I1267,1500,1000,800,1353.0,110,1,n,4
4019,I4019,1500,800,800,0.0,110,0,n,4
2292,I2292,1500,1000,800,1398.0,110,1,n,4
100,I0100,1500,1000,800,0.0,110,1,n,4
4446,I4446,1500,1000,800,1456.0,110,1,n,4
3668,I3668,1500,1000,800,1542.0,110,1,n,4
4027,I4027,1500,1000,800,1338.0,110,1,n,4
15,I0015,1500,800,800,0.0,110,0,n,4
3040,I3040,1500,1000,800,1299.0,110,1,n,4
835,I0835,1500,1000,800,1207.0,110,1,n,4
1438,I1438,1500,1000,800,0.0,110,1,n,4
1358,I1358,1500,1000,800,0.0,110,1,n,4
2798,I2798,1500,1000,800,1347.0,110,1,n,4
2089,I2089,1500,800,800,814.0,110,0,n,4
3101,I3101,1500,1000,800,1125.0,110,1,n,4
3824,I3824,1500,800,800,0.0,110,0,n,4
984,I0984,1500,1000,800,1287.0,110,1,n,4
3023,I3023,1500,800,800,1123.0,110,0,n,4
3490,I3490,1500,800,800,1467.0,110,0,n,4
1326,I1326,1500,1000,800,1112.0,110,1,n,4
696,I0696,1500,1000,800,1427.0,110,1,n,4
2566,I2566,1500,800,800,0.0,110,0,n,4
4919,I4919,1500,1000,800,1411.0,110,1,n,4
708,I0708,1500,1000,800,1500.0,110,1,n,4
3521,I3521,1500,1000,800,851.0,110,1,n,4
936,I0936,1500,800,800,1047.0,110,0,n,4
2398,I2398,1500,1000,800,1088.0,110,1,n,4
1440,I1440,1500,800,800,998.0,110,0,n,4
2431,I2431,1500,800,800,0.0,110,0,n,4
4851,I4851,1500,1000,800,0.0,110,1,n,4
941,I0941,1500,1000,800,1511.0,110,1,n,4
3817,I3817,1500,1000,800,1378.0,110,1,n,4
4664,I4664,1500,800,800,0.0,110,0,n,4
2892,I2892,1500,1000,800,637.0,110,1,n,4
3588,I3588,1500,1000,800,1007.0,110,1,n,4
4311,I4311,1500,1000,800,0.0,110,1,n,4
1404,I1404,1500,1000,800,1403.0,110,1,n,4
1492,I1492,1500,1000,800,1319.0,110,1,n,4
4862,I4862,1500,1000,800,0.0,110,1,n,4
3417,I3417,1500,800,800,0.0,110,0,n,4
2150,I2150,1500,800,800,1106.0,110,0,n,4
909,I0909,1500,1000,800,0.0,110,1,n,4
2516,I2516,1500,800,800,0.0,110,0,n,4
3052,I3052,1500,1000,800,1270.0,110,1,n,4
2648,I2648,1500,1000,800,1016.0,110,1,n,4
2070,I2070,1500,800,800,0.0,110,0,n,4
346,I0346,1500,1000,800,0.0,110,1,n,4
4912,I4912,1500,1000,800,1131.0,110,1,n,4
4385,I4385,1500,1000,800,1124.0,110,1,n,4
3992,I3992,1500,800,800,0.0,110,0,n,4
3862,I3862,1500,1000,800,0.0,110,1,n,4
2880,I2880,1500,800,800,0.0,110,0,n,4
3556,I3556,1500,1000,800,801.0,110,1,n,4
904,I0904,1500,800,800,860.0,110,0,n,4
1042,I1042,1500,800,800,0.0,110,0,n,4
3902,I3902,1500,1000,800,0.0,110,1,n,4
25,I0025,1500,800,800,1037.0,110,0,n,4
2724,I2724,1500,1000,800,1440.0,110,1,n,4
3568,I3568,1500,1000,800,1590.0,110,1,n,4
4745,I4745,1500,800,800,0.0,110,0,n,4
916,I0916,1500,800,800,1019.0,110,0,n,4
946,I0946,1500,800,800,1279.0,110,0,n,4
1431,I1431,1500,1000,800,1284.0,110,1,n,4
2486,I2486,1500,800,800,1283.0,110,0,n,4
2475,I2475,1500,800,800,1007.0,110,0,n,4
2547,I2547,1500,800,800,0.0,110,0,n,4
1799,I1799,1500,1000,800,1333.0,110,1,n,4
2870,I2870,1500,1000,800,0.0,110,1,n,4
3680,I3680,1500,800,800,0.0,110,0,n,4
3308,I3308,1500,1000,800,1060.0,110,1,n,4
3769,I3769,1500,800,800,1177.0,110,0,n,4
4240,I4240,1500,1000,800,1372.0,110,1,n,4
557,I0557,1500,800,800,1122.0,110,0,n,4
2157,I2157,1500,1000,800,1324.0,110,1,n,4
3571,I3571,1500,1000,800,1231.0,110,1,n,4
3609,I3609,1500,1000,800,1069.0,110,1,n,4
3946,I3946,1500,1000,800,0.0,110,1,n,4
344,I0344,1500,1000,800,1028.0,110,1,n,4
3404,I3404,1500,800,800,1485.0,110,0,n,4
2037,I2037,1500,800,800,808.0,110,0,n,4
4373,I4373,1500,800,800,1092.0,110,0,n,4
3246,I3246,1500,1000,800,1166.0,110,1,n,4
3482,I3482,1500,800,800,1074.0,110,0,n,4
3354,I3354,1500,1000,800,1107.0,110,1,n,4
57,I0057,1500,1000,800,867.0,110,1,n,4
2269,I2269,1500,1000,800,1380.0,110,1,n,4
4463,I4463,1500,1000,800,1437.0,110,1,n,4
678,I0678,1500,800,800,1320.0,110,0,n,4
4689,I4689,1500,800,800,787.0,110,0,n,4
362,I0362,1500,800,800,1256.0,110,0,n,4
503,I0503,1500,800,800,1031.0,110,0,n,4
4414,I4414,1500,800,800,0.0,110,0,n,4
3425,I3425,1500,1000,800,0.0,110,1,n,4
3806,I3806,1500,800,800,1370.0,110,0,n,4
3675,I3675,1500,800,800,0.0,110,0,n,4
826,I0826,1500,800,800,0.0,110,0,n,4
387,I0387,1500,1000,800,0.0,110,1,n,4
2600,I2600,1500,1000,800,1528.0,110,1,n,4
1801,I1801,1500,1000,800,1276.0,110,1,n,4
4666,I4666,1500,1000,800,950.0,110,1,n,4
2046,I2046,1500,1000,800,0.0,110,1,n,4
1848,I1848,1500,1000,800,0.0,110,1,n,4
4628,I4628,1500,800,800,1309.0,110,0,n,4
1277,I1277,1500,800,800,1252.0,110,0,n,4
1074,I1074,1500,1000,800,0.0,110,1,n,4
1383,I1383,1500,1000,800,0.0,110,1,n,4
3591,I3591,1500,800,800,824.0,110,0,n,4
32,I0032,1500,1000,800,0.0,110,1,n,4
1056,I1056,1500,1000,800,0.0,110,1,n,4
2613,I2613,1500,800,800,1112.0,110,0,n,4
1041,I1041,1500,1000,800,814.0,110,1,n,4
4935,I4935,1500,800,800,795.0,110,0,n,4
4252,I4252,1500,800,800,1017.0,110,0,n,4
2200,I2200,1500,1000,800,0.0,110,1,n,4
211,I0211,1500,800,800,906.0,110,0,n,4
3165,I3165,1500,800,800,0.0,110,0,n,4
2156,I2156,1500,800,800,1244.0,110,0,n,4
3204,I3204,1500,1000,800,0.0,110,1,n,4
266,I0266,1500,800,800,879.0,110,0,n,4
3856,I3856,1500,800,800,0.0,110,0,n,4
94,I0094,1500,800,800,1079.0,110,0,n,4
3305,I3305,1500,1000,800,965.0,110,1,n,4
193,I0193,1500,800,800,0.0,110,0,n,4
1081,I1081,1500,800,800,1527.0,110,0,n,4
3965,I3965,1500,800,800,1012.0,110,0,n,4
2042,I2042,1500,800,800,1313.0,110,0,n,4
3738,I3738,1500,1000,800,1134.0,110,1,n,4
664,I0664,1500,1000,800,0.0,110,1,n,4
3963,I3963,1500,800,800,1581.0,110,0,n,4
4077,I4077,1500,800,800,0.0,110,0,n,4
4120,I4120,1500,800,800,968.0,110,0,n,4
3466,I3466,1500,1000,800,985.0,110,1,n,4
336,I0336,1500,800,800,1315.0,110,0,n,4
507,I0507,1500,800,800,942.0,110,0,n,4
2484,I2484,1500,800,800,0.0,110,0,n,4
2606,I2606,1500,800,800,0.0,110,0,n,4
1567,I1567,1500,1000,800,1405.0,110,1,n,4
1845,I1845,1500,800,800,1166.0,110,0,n,4
4501,I4501,1500,1000,800,0.0,110,1,n,4
1045,I1045,1500,800,800,1497.0,110,0,n,4
285,I0285,1500,800,800,0.0,110,0,n,4
1335,I1335,1500,1000,800,1028.0,110,1,n,4
1969,I1969,1500,800,800,1102.0,110,0,n,4
3047,I3047,1500,1000,800,1304.0,110,1,n,4
4708,I4708,1500,800,800,0.0,110,0,n,4
2748,I2748,1500,1000,800,0.0,110,1,n,4
2966,I2966,1500,800,800,1500.0,110,0,n,4
543,I0543,1500,800,800,0.0,110,0,n,4
4047,I4047,1500,800,800,892.0,110,0,n,4
2035,I2035,1500,800,800,1004.0,110,0,n,4
3845,I3845,1500,1000,800,1135.0,110,1,n,4
3388,I3388,1500,800,800,1343.0,110,0,n,4
3399,I3399,1500,1000,800,0.0,110,1,n,4
562,I0562,1500,800,800,1318.0,110,0,n,4
3503,I3503,1500,800,800,1409.0,110,0,n,4
3539,I3539,1500,800,800,0.0,110,0,n,4
753,I0753,1500,1000,800,0.0,110,1,n,4
4259,I4259,1500,1000,800,0.0,110,1,n,4
1251,I1251,1500,800,800,1036.0,110,0,n,4
901,I0901,1500,800,800,0.0,110,0,n,4
3462,I3462,1500,1000,800,0.0,110,1,n,4
2297,I2297,1500,1000,800,1359.0,110,1,n,4
2830,I2830,1500,1000,800,1427.0,110,1,n,4
1272,I1272,1500,800,800,1018.0,110,0,n,4
3755,I3755,1500,800,800,1435.0,110,0,n,4
2104,I2104,1500,1000,800,1400.0,110,1,n,4
2636,I2636,1500,800,800,1435.0,110,0,n,4
1935,I1935,1500,1000,800,1502.0,110,1,n,4
117,I0117,1500,800,800,1276.0,110,0,n,4
1369,I1369,1500,800,800,807.0,110,0,n,4
4655,I4655,1500,800,800,1427.0,110,0,n,4
4357,I4357,1500,800,800,1544.0,110,0,n,4
109,I0109,1500,800,800,1370.0,110,0,n,4
328,I0328,1500,1000,800,0.0,110,1,n,4
4665,I4665,1500,800,800,1071.0,110,0,n,4
1289,I1289,1500,800,800,1112.0,110,0,n,4
2891,I2891,1500,800,800,0.0,110,0,n,4
982,I0982,1500,800,800,1350.0,110,0,n,4
143,I0143,1500,1000,800,0.0,110,1,n,4
2934,I2934,1500,1000,800,0.0,110,1,n,4
2448,I2448,1500,800,800,1483.0,110,0,n,4
2050,I2050,1500,1000,800,1451.0,110,1,n,4
3547,I3547,1500,1000,800,0.0,110,1,n,4
0,I0000,1500,1000,800,977.0,110,1,n,4
4158,I4158,1500,800,800,905.0,110,0,n,4
4828,I4828,1500,800,800,0.0,110,0,n,4
2903,I2903,1500,1000,800,1158.0,110,1,n,4
3648,I3648,1500,800,800,0.0,110,0,n,4
600,I0600,1500,1000,800,0.0,110,1,n,4
477,I0477,1500,800,800,944.0,110,0,n,4
310,I0310,1500,1000,800,1387.0,110,1,n,4
3605,I3605,1500,800,800,1228.0,110,0,n,4
3463,I3463,1500,1000,800,735.0,110,1,n,4
4460,I4460,1500,1000,800,1329.0,110,1,n,4
4057,I4057,1500,800,800,1102.0,110,0,n,4
1200,I1200,1500,800,800,1119.0,110,0,n,4
3289,I3289,1500,800,800,907.0,110,0,n,4
2084,I2084,1500,800,800,1272.0,110,0,n,4
2586,I2586,1500,1000,800,0.0,110,1,n,4
2510,I2510,1500,800,800,0.0,110,0,n,4
713,I0713,1500,1000,800,842.0,110,1,n,4
701,I0701,1500,1000,800,0.0,110,1,n,4
4600,I4600,1500,1000,800,1039.0,110,1,n,4
1936,I1936,1500,1000,800,0.0,110,1,n,4
4908,I4908,1500,800,800,0.0,110,0,n,4
3507,I3507,1500,1000,800,1474.0,110,1,n,4
1742,I1742,1500,1000,800,0.0,110,1,n,4
3412,I3412,1500,1000,800,0.0,110,1,n,4
1419,I1419,1500,800,800,1069.0,110,0,n,4
1478,I1478,1500,800,800,0.0,110,0,n,4
3536,I3536,1500,1000,800,1107.0,110,1,n,4
3756,I3756,1500,1000,800,882.0,110,1,n,4
1754,I1754,1500,1000,800,0.0,110,1,n,4
1496,I1496,1500,1000,800,0.0,110,1,n,4
2454,I2454,1500,1000,800,963.0,110,1,n,4
2152,I2152,1500,1000,800,0.0,110,1,n,4
2815,I2815,1500,800,800,0.0,110,0,n,4
1142,I1142,1500,1000,800,1115.0,110,1,n,4
4064,I4064,1500,800,800,0.0,110,0,n,4
1304,I1304,1500,800,800,0.0,110,0,n,4
859,I0859,1500,800,800,0.0,110,0,n,4
4839,I4839,1500,1000,800,0.0,110,1,n,4
4685,I4685,1500,800,800,1005.0,110,0,n,4
1688,I1688,1500,1000,800,0.0,110,1,n,4
2198,I2198,1500,800,800,1129.0,110,0,n,4
4736,I4736,1500,800,800,880.0,110,0,n,4
2655,I2655,1500,800,800,928.0,110,0,n,4
3138,I3138,1500,800,800,1007.0,110,0,n,4
2350,I2350,1500,1000,800,1258.0,110,1,n,4
4773,I4773,1500,800,800,0.0,110,0,n,4
2075,I2075,1500,1000,800,0.0,110,1,n,4
4990,I4990,1500,1000,800,1167.0,110,1,n,4
2396,I2396,1500,800,800,1066.0,110,0,n,4
4124,I4124,1500,1000,800,0.0,110,1,n,4
1037,I1037,1500,1000,800,0.0,110,1,n,4
2216,I2216,1500,800,800,1023.0,110,0,n,4
279,I0279,1500,1000,800,0.0,110,1,n,4
2437,I2437,1500,1000,800,0.0,110,1,n,4
1448,I1448,1500,1000,800,810.0,110,1,n,4
1529,I1529,1500,1000,800,1377.0,110,1,n,4
4190,I4190,1500,800,800,1168.0,110,0,n,4
369,I0369,1500,800,800,961.0,110,0,n,4
1767,I1767,1500,1000,800,0.0,110,1,n,4
3622,I3622,1500,800,800,946.0,110,0,n,4
1853,I1853,1500,1000,800,770.0,110,1,n,4
3197,I3197,1500,800,800,891.0,110,0,n,4
1620,I1620,1500,800,800,1446.0,110,0,n,4
3657,I3657,1500,800,800,0.0,110,0,n,4
4314,I4314,1500,1000,800,807.0,110,1,n,4
357,I0357,1500,1000,800,1264.0,110,1,n,4
3441,I3441,1500,800,800,1149.0,110,0,n,4
1295,I1295,1500,800,800,1499.0,110,0,n,4
3069,I3069,1500,1000,800,0.0,110,1,n,4
547,I0547,1500,800,800,0.0,110,0,n,4
4186,I4186,1500,1000,800,0.0,110,1,n,4
4442,I4442,1500,1000,800,1052.0,110,1,n,4
4115,I4115,1500,800,800,0.0,110,0,n,4
4787,I4787,1500,800,800,1440.0,110,0,n,4
4770,I4770,1500,1000,800,0.0,110,1,n,4
2172,I2172,1500,1000,800,1125.0,110,1,n,4
3183,I3183,1500,800,800,0.0,110,0,n,4
4804,I4804,1500,1000,800,842.0,110,1,n,4
1747,I1747,1500,800,800,986.0,110,0,n,4
3216,I3216,1500,800,800,1396.0,110,0,n,4
2294,I2294,1500,1000,800,1384.0,110,1,n,4
4140,I4140,1500,800,800,0.0,110,0,n,4
1574,I1574,1500,800,800,1116.0,110,0,n,4
4399,I4399,1500,1000,800,1064.0,110,1,n,4
1759,I1759,1500,800,800,942.0,110,0,n,4
3541,I3541,1500,800,800,739.0,110,0,n,4
2776,I2776,1500,800,800,1555.0,110,0,n,4
2202,I2202,1500,1000,800,0.0,110,1,n,4
1519,I1519,1500,800,800,1564.0,110,0,n,4
4305,I4305,1500,800,800,861.0,110,0,n,4
4836,I4836,1500,800,800,1144.0,110,0,n,4
623,I0623,1500,800,800,0.0,110,0,n,4
495,I0495,1500,1000,800,825.0,110,1,n,4
3581,I3581,1500,1000,800,1209.0,110,1,n,4
320,I0320,1500,1000,800,0.0,110,1,n,4
1212,I1212,1500,800,800,0.0,110,0,n,4
961,I0961,1500,1000,800,0.0,110,1,n,4
1470,I1470,1500,800,800,0.0,110,0,n,4
4010,I4010,1500,800,800,0.0,110,0,n,4
2500,I2500,1500,800,800,0.0,110,0,n,4
2543,I2543,1500,800,800,0.0,110,0,n,4
629,I0629,1500,800,800,984.0,110,0,n,4
3623,I3623,1500,800,800,0.0,110,0,n,4
1364,I1364,1500,1000,800,1147.0,110,1,n,4
2316,I2316,1500,1000,800,1226.0,110,1,n,4
2025,I2025,1500,800,800,0.0,110,0,n,4
852,I0852,1500,800,800,1185.0,110,0,n,4
2343,I2343,1500,1000,800,0.0,110,1,n,4
4789,I4789,1500,1000,800,1184.0,110,1,n,4
3974,I3974,1500,1000,800,1399.0,110,1,n,4
844,I0844,1500,1000,800,0.0,110,1,n,4
4869,I4869,1500,1000,800,1096.0,110,1,n,4
3653,I3653,1500,1000,800,873.0,110,1,n,4
929,I0929,1500,1000,800,1345.0,110,1,n,4
4202,I4202,1500,1000,800,0.0,110,1,n,4
609,I0609,1500,800,800,1262.0,110,0,n,4
4430,I4430,1500,1000,800,886.0,110,1,n,4
3631,I3631,1500,800,800,0.0,110,0,n,4
2982,I2982,1500,1000,800,1534.0,110,1,n,4
3303,I3303,1500,1000,800,1039.0,110,1,n,4
1116,I1116,1500,800,800,1187.0,110,0,n,4
1484,I1484,1500,1000,800,1419.0,110,1,n,4
541,I0541,1500,1000,800,1073.0,110,1,n,4
2101,I2101,1500,1000,800,1377.0,110,1,n,4
1319,I1319,1500,1000,800,1478.0,110,1,n,4
2603,I2603,1500,1000,800,815.0,110,1,n,4
624,I0624,1500,1000,800,879.0,110,1,n,4
1280,I1280,1500,800,800,0.0,110,0,n,4
2553,I2553,1500,1000,800,0.0,110,1,n,4
3495,I3495,1500,1000,800,1528.0,110,1,n,4
3082,I3082,1500,800,800,1052.0,110,0,n,4
1671,I1671,1500,1000,800,0.0,110,1,n,4
4533,I4533,1500,1000,800,1065.0,110,1,n,4
3177,I3177,1500,800,800,0.0,110,0,n,4
1764,I1764,1500,1000,800,1380.0,110,1,n,4
3488,I3488,1500,800,800,0.0,110,0,n,4
4200,I4200,1500,1000,800,0.0,110,1,n,4
1017,I1017,1500,1000,800,0.0,110,1,n,4
1306,I1306,1500,800,800,1115.0,110,0,n,4
376,I0376,1500,800,800,0.0,110,0,n,4
1735,I1735,1500,800,800,1194.0,110,0,n,4
4528,I4528,1500,1000,800,1456.0,110,1,n,4
1355,I1355,1500,1000,800,0.0,110,1,n,4
1943,I1943,1500,800,800,940.0,110,0,n,4
2540,I2540,1500,1000,800,0.0,110,1,n,4
556,I0556,1500,1000,800,0.0,110,1,n,4
4531,I4531,1500,1000,800,1284.0,110,1,n,4
1798,I1798,1500,1000,800,1072.0,110,1,n,4
121,I0121,1500,800,800,1405.0,110,0,n,4
125,I0125,1500,800,800,1176.0,110,0,n,4
2983,I2983,1500,1000,800,1213.0,110,1,n,4
2409,I2409,1500,800,800,0.0,110,0,n,4
3515,I3515,1500,800,800,0.0,110,0,n,4
4029,I4029,1500,800,800,0.0,110,0,n,4
1898,I1898,1500,800,800,913.0,110,0,n,4
3664,I3664,1500,1000,800,1280.0,110,1,n,4
3408,I3408,1500,800,800,853.0,110,0,n,4
4407,I4407,1500,800,800,1009.0,110,0,n,4
3538,I3538,1500,800,800,0.0,110,0,n,4
2140,I2140,1500,1000,800,0.0,110,1,n,4
3855,I3855,1500,800,800,0.0,110,0,n,4
4215,I4215,1500,800,800,1047.0,110,0,n,4
2179,I2179,1500,800,800,0.0,110,0,n,4
3783,I3783,1500,1000,800,0.0,110,1,n,4
2175,I2175,1500,1000,800,1102.0,110,1,n,4
4802,I4802,1500,800,800,923.0,110,0,n,4
365,I0365,1500,800,800,1156.0,110,0,n,4
3705,I3705,1500,800,800,1289.0,110,0,n,4
2972,I2972,1500,1000,800,1350.0,110,1,n,4
1739,I1739,1500,800,800,945.0,110,0,n,4
318,I0318,1500,800,800,0.0,110,0,n,4
4156,I4156,1500,800,800,961.0,110,0,n,4
2506,I2506,1500,1000,800,1042.0,110,1,n,4
3627,I3627,1500,800,800,1345.0,110,0,n,4
2242,I2242,1500,1000,800,951.0,110,1,n,4
1412,I1412,1500,800,800,0.0,110,0,n,4
3745,I3745,1500,800,800,0.0,110,0,n,4
1566,I1566,1500,800,800,1347.0,110,0,n,4
2310,I2310,1500,800,800,0.0,110,0,n,4
3201,I3201,1500,800,800,0.0,110,0,n,4
2275,I2275,1500,1000,800,1441.0,110,1,n,4
4174,I4174,1500,800,800,0.0,110,0,n,4
4229,I4229,1500,800,800,1357.0,110,0,n,4
4612,I4612,1500,1000,800,932.0,110,1,n,4
77,I0077,1500,1000,800,1483.0,110,1,n,4
479,I0479,1500,1000,800,1380.0,110,1,n,4
1061,I1061,1500,800,800,984.0,110,0,n,4
1714,I1714,1500,1000,800,1127.0,110,1,n,4
709,I0709,1500,800,800,0.0,110,0,n,4
3723,I3723,1500,1000,800,1071.0,110,1,n,4
4649,I4649,1500,800,800,0.0,110,0,n,4
3875,I3875,1500,800,800,0.0,110,0,n,4
4852,I4852,1500,1000,800,1151.0,110,1,n,4
2450,I2450,1500,800,800,1298.0,110,0,n,4
2138,I2138,1500,800,800,0.0,110,0,n,4
2799,I2799,1500,1000,800,1060.0,110,1,n,4
3089,I3089,1500,800,800,0.0,110,0,n,4
4504,I4504,1500,1000,800,1347.0,110,1,n,4
3436,I3436,1500,800,800,0.0,110,0,n,4
2749,I2749,1500,800,800,1316.0,110,0,n,4
4964,I4964,1500,1000,800,0.0,110,1,n,4
1622,I1622,1500,800,800,1336.0,110,0,n,4
4101,I4101,1500,1000,800,0.0,110,1,n,4
3803,I3803,1500,1000,800,0.0,110,1,n,4
3176,I3176,1500,800,800,1175.0,110,0,n,4
4201,I4201,1500,1000,800,0.0,110,1,n,4
3586,I3586,1500,1000,800,956.0,110,1,n,4
3765,I3765,1500,800,800,1271.0,110,0,n,4
2390,I2390,1500,1000,800,0.0,110,1,n,4
1162,I1162,1500,1000,800,0.0,110,1,n,4
3276,I3276,1500,1000,800,1001.0,110,1,n,4
3456,I3456,1500,1000,800,0.0,110,1,n,4
1988,I1988,1500,800,800,0.0,110,0,n,4
3647,I3647,1500,1000,800,1361.0,110,1,n,4
2558,I2558,1500,800,800,1388.0,110,0,n,4
2987,I2987,1500,800,800,1178.0,110,0,n,4
4530,I4530,1500,800,800,1283.0,110,0,n,4
854,I0854,1500,800,800,945.0,110,0,n,4
877,I0877,1500,1000,800,1136.0,110,1,n,4
4738,I4738,1500,1000,800,1556.0,110,1,n,4
890,I0890,1500,800,800,1153.0,110,0,n,4
815,I0815,1500,1000,800,1371.0,110,1,n,4
1920,I1920,1500,800,800,1291.0,110,0,n,4
4076,I4076,1500,1000,800,1094.0,110,1,n,4
3717,I3717,1500,1000,800,1044.0,110,1,n,4
4372,I4372,1500,1000,800,1066.0,110,1,n,4
1958,I1958,1500,800,800,1280.0,110,0,n,4
2296,I2296,1500,800,800,1109.0,110,0,n,4
2741,I2741,1500,800,800,0.0,110,0,n,4
1012,I1012,1500,800,800,1122.0,110,0,n,4
2656,I2656,1500,800,800,1393.0,110,0,n,4
4394,I4394,1500,1000,800,1476.0,110,1,n,4
2480,I2480,1500,1000,800,0.0,110,1,n,4
1649,I1649,1500,800,800,0.0,110,0,n,4
1912,I1912,1500,800,800,0.0,110,0,n,4
1135,I1135,1500,1000,800,1446.0,110,1,n,4
2335,I2335,1500,800,800,1372.0,110,0,n,4
4604,I4604,1500,800,800,1419.0,110,0,n,4
2387,I2387,1500,1000,800,0.0,110,1,n,4
1311,I1311,1500,1000,800,0.0,110,1,n,4
4348,I4348,1500,1000,800,0.0,110,1,n,4
2276,I2276,1500,800,800,981.0,110,0,n,4
4821,I4821,1500,800,800,774.0,110,0,n,4
4747,I4747,1500,1000,800,0.0,110,1,n,4
943,I0943,1500,800,800,656.0,110,0,n,4
104,I0104,1500,800,800,0.0,110,0,n,4
4962,I4962,1500,800,800,908.0,110,0,n,4
3607,I3607,1500,1000,800,976.0,110,1,n,4
4092,I4092,1500,800,800,941.0,110,0,n,4
340,I0340,1500,800,800,0.0,110,0,n,4
1662,I1662,1500,800,800,769.0,110,0,n,4
382,I0382,1500,800,800,1334.0,110,0,n,4
1901,I1901,1500,1000,800,1433.0,110,1,n,4
4479,I4479,1500,800,800,1160.0,110,0,n,4
3252,I3252,1500,1000,800,0.0,110,1,n,4
4093,I4093,1500,1000,800,0.0,110,1,n,4
2848,I2848,1500,800,800,932.0,110,0,n,4
1258,I1258,1500,1000,800,1283.0,110,1,n,4
3236,I3236,1500,1000,800,990.0,110,1,n,4
260,I0260,1500,800,800,0.0,110,0,n,4
3987,I3987,1500,800,800,0.0,110,0,n,4
1011,I1011,1500,800,800,953.0,110,0,n,4
2628,I2628,1500,800,800,1254.0,110,0,n,4
1420,I1420,1500,1000,800,0.0,110,1,n,4
391,I0391,1500,800,800,1068.0,110,0,n,4
3205,I3205,1500,1000,800,0.0,110,1,n,4
4255,I4255,1500,800,800,0.0,110,0,n,4
1092,I1092,1500,800,800,1360.0,110,0,n,4
2598,I2598,1500,1000,800,1106.0,110,1,n,4
4983,I4983,1500,1000,800,0.0,110,1,n,4
3029,I3029,1500,800,800,896.0,110,0,n,4
758,I0758,1500,800,800,1371.0,110,0,n,4
2384,I2384,1500,1000,800,0.0,110,1,n,4
1776,I1776,1500,1000,800,1293.0,110,1,n,4
963,I0963,1500,800,800,1521.0,110,0,n,4
425,I0425,1500,800,800,0.0,110,0,n,4
3473,I3473,1500,800,800,1144.0,110,0,n,4
4680,I4680,1500,1000,800,1314.0,110,1,n,4
51,I0051,1500,1000,800,1100.0,110,1,n,4
4541,I4541,1500,1000,800,0.0,110,1,n,4
11,I0011,1500,800,800,0.0,110,0,n,4
203,I0203,1500,1000,800,0.0,110,1,n,4
1385,I1385,1500,1000,800,1232.0,110,1,n,4
1752,I1752,1500,800,800,0.0,110,0,n,4
4749,I4749,1500,800,800,1254.0,110,0,n,4
3014,I3014,1500,1000,800,0.0,110,1,n,4
2158,I2158,1500,1000,800,1089.0,110,1,n,4
1240,I1240,1500,800,800,0.0,110,0,n,4
4249,I4249,1500,1000,800,1108.0,110,1,n,4
3698,I3698,1500,800,800,0.0,110,0,n,4
3926,I3926,1500,800,800,0.0,110,0,n,4
2187,I2187,1500,1000,800,824.0,110,1,n,4
1158,I1158,1500,800,800,0.0,110,0,n,4
4344,I4344,1500,1000,800,0.0,110,1,n,4
2099,I2099,1500,800,800,0.0,110,0,n,4
1213,I1213,1500,800,800,0.0,110,0,n,4
499,I0499,1500,1000,800,0.0,110,1,n,4
3314,I3314,1500,1000,800,906.0,110,1,n,4
3878,I3878,1500,800,800,1336.0,110,0,n,4
3936,I3936,1500,800,800,1167.0,110,0,n,4
978,I0978,1500,800,800,0.0,110,0,n,4
1207,I1207,1500,800,800,1358.0,110,0,n,4
4044,I4044,1500,1000,800,0.0,110,1,n,4
3438,I3438,1500,800,800,0.0,110,0,n,4
3660,I3660,1500,1000,800,1402.0,110,1,n,4
316,I0316,1500,1000,800,1168.0,110,1,n,4
4418,I4418,1500,800,800,953.0,110,0,n,4
2097,I2097,1500,800,800,1132.0,110,0,n,4
606,I0606,1500,800,800,0.0,110,0,n,4
1044,I1044,1500,800,800,0.0,110,0,n,4
1625,I1625,1500,1000,800,0.0,110,1,n,4
2872,I2872,1500,800,800,1099.0,110,0,n,4
3608,I3608,1500,1000,800,1069.0,110,1,n,4
4219,I4219,1500,800,800,1020.0,110,0,n,4
575,I0575,1500,800,800,0.0,110,0,n,4
3257,I3257,1500,1000,800,1321.0,110,1,n,4
3876,I3876,1500,800,800,859.0,110,0,n,4
4073,I4073,1500,800,800,749.0,110,0,n,4
4822,I4822,1500,1000,800,1044.0,110,1,n,4
1347,I1347,1500,800,800,0.0,110,0,n,4
1001,I1001,1500,800,800,1122.0,110,0,n,4
610,I0610,1500,800,800,0.0,110,0,n,4
2291,I2291,1500,800,800,1158.0,110,0,n,4
302,I0302,1500,1000,800,1240.0,110,1,n,4
3049,I3049,1500,800,800,960.0,110,0,n,4
3394,I3394,1500,1000,800,0.0,110,1,n,4
1211,I1211,1500,800,800,0.0,110,0,n,4
1111,I1111,1500,800,800,1070.0,110,0,n,4
2322,I2322,1500,1000,800,0.0,110,1,n,4
4040,I4040,1500,800,800,1269.0,110,0,n,4
3175,I3175,1500,800,800,907.0,110,0,n,4
4020,I4020,1500,1000,800,1494.0,110,1,n,4
2184,I2184,1500,1000,800,1486.0,110,1,n,4
1433,I1433,1500,800,800,0.0,110,0,n,4
2882,I2882,1500,1000,800,0.0,110,1,n,4
231,I0231,1500,800,800,1237.0,110,0,n,4
1186,I1186,1500,800,800,1427.0,110,0,n,4
2214,I2214,1500,1000,800,868.0,110,1,n,4
2822,I2822,1500,800,800,1339.0,110,0,n,4
2680,I2680,1500,1000,800,0.0,110,1,n,4
3418,I3418,1500,1000,800,1095.0,110,1,n,4
350,I0350,1500,800,800,1097.0,110,0,n,4
1435,I1435,1500,800,800,1263.0,110,0,n,4
4227,I4227,1500,800,800,0.0,110,0,n,4
4083,I4083,1500,1000,800,0.0,110,1,n,4
2994,I2994,1500,1000,800,1025.0,110,1,n,4
1812,I1812,1500,800,800,0.0,110,0,n,4
2272,I2272,1500,800,800,0.0,110,0,n,4
2360,I2360,1500,800,800,1447.0,110,0,n,4
4481,I4481,1500,800,800,925.0,110,0,n,4
4543,I4543,1500,1000,800,0.0,110,1,n,4
4163,I4163,1500,1000,800,0.0,110,1,n,4
2771,I2771,1500,1000,800,872.0,110,1,n,4
4420,I4420,1500,800,800,0.0,110,0,n,4
4111,I4111,1500,1000,800,0.0,110,1,n,4
295,I0295,1500,800,800,880.0,110,0,n,4
4001,I4001,1500,1000,800,0.0,110,1,n,4
2191,I2191,1500,1000,800,0.0,110,1,n,4
210,I0210,1500,1000,800,1479.0,110,1,n,4
2254,I2254,1500,800,800,1453.0,110,0,n,4
4784,I4784,1500,1000,800,1068.0,110,1,n,4
374,I0374,1500,1000,800,0.0,110,1,n,4
2812,I2812,1500,1000,800,0.0,110,1,n,4
4184,I4184,1500,800,800,0.0,110,0,n,4
4886,I4886,1500,1000,800,0.0,110,1,n,4
4516,I4516,1500,1000,800,1047.0,110,1,n,4
2501,I2501,1500,800,800,0.0,110,0,n,4
4256,I4256,1500,800,800,0.0,110,0,n,4
1166,I1166,1500,800,800,0.0,110,0,n,4
1128,I1128,1500,800,800,0.0,110,0,n,4
3471,I3471,1500,1000,800,0.0,110,1,n,4
183,I0183,1500,1000,800,0.0,110,1,n,4
2806,I2806,1500,800,800,0.0,110,0,n,4
2521,I2521,1500,800,800,1155.0,110,0,n,4
1077,I1077,1500,800,800,958.0,110,0,n,4
33,I0033,1500,800,800,910.0,110,0,n,4
4166,I4166,1500,800,800,0.0,110,0,n,4
3549,I3549,1500,1000,800,941.0,110,1,n,4
3546,I3546,1500,800,800,0.0,110,0,n,4
2917,I2917,1500,800,800,0.0,110,0,n,4
4532,I4532,1500,800,800,1149.0,110,0,n,4
2545,I2545,1500,800,800,848.0,110,0,n,4
3315,I3315,1500,800,800,901.0,110,0,n,4
813,I0813,1500,800,800,0.0,110,0,n,4
1257,I1257,1500,1000,800,0.0,110,1,n,4
1826,I1826,1500,800,800,1183.0,110,0,n,4
39,I0039,1500,800,800,0.0,110,0,n,4
4602,I4602,1500,800,800,944.0,110,0,n,4
914,I0914,1500,1000,800,1022.0,110,1,n,4
3243,I3243,1500,800,800,1047.0,110,0,n,4
1750,I1750,1500,1000,800,1026.0,110,1,n,4
4204,I4204,1500,800,800,1243.0,110,0,n,4
4206,I4206,1500,1000,800,1138.0,110,1,n,4
4845,I4845,1500,1000,800,773.0,110,1,n,4
12,I0012,1500,1000,800,1089.0,110,1,n,4
770,I0770,1500,1000,800,0.0,110,1,n,4
736,I0736,1500,800,800,0.0,110,0,n,4
417,I0417,1500,800,800,854.0,110,0,n,4
2867,I2867,1500,800,800,0.0,110,0,n,4
3592,I3592,1500,1000,800,1411.0,110,1,n,4
2098,I2098,1500,1000,800,0.0,110,1,n,4
3290,I3290,1500,800,800,1478.0,110,0,n,4
2695,I2695,1500,800,800,1437.0,110,0,n,4
870,I0870,1500,800,800,0.0,110,0,n,4
3714,I3714,1500,1000,800,972.0,110,1,n,4
2978,I2978,1500,1000,800,1179.0,110,1,n,4
791,I0791,1500,800,800,1191.0,110,0,n,4
991,I0991,1500,1000,800,1090.0,110,1,n,4
1954,I1954,1500,800,800,0.0,110,0,n,4
236,I0236,1500,1000,800,911.0,110,1,n,4
3641,I3641,1500,1000,800,1297.0,110,1,n,4
1466,I1466,1500,800,800,0.0,110,0,n,4
331,I0331,1500,1000,800,0.0,110,1,n,4
3330,I3330,1500,1000,800,906.0,110,1,n,4
3869,I3869,1500,1000,800,0.0,110,1,n,4
2385,I2385,1500,800,800,0.0,110,0,n,4
2843,I2843,1500,800,800,0.0,110,0,n,4
2211,I2211,1500,800,800,0.0,110,0,n,4
3054,I3054,1500,1000,800,1058.0,110,1,n,4
4433,I4433,1500,800,800,1016.0,110,0,n,4
2847,I2847,1500,800,800,1432.0,110,0,n,4
3000,I3000,1500,800,800,1537.0,110,0,n,4
397,I0397,1500,1000,800,1372.0,110,1,n,4
294,I0294,1500,800,800,1042.0,110,0,n,4
3207,I3207,1500,800,800,1269.0,110,0,n,4
3237,I3237,1500,1000,800,0.0,110,1,n,4
3147,I3147,1500,800,800,0.0,110,0,n,4
1322,I1322,1500,1000,800,0.0,110,1,n,4
2546,I2546,1500,1000,800,1529.0,110,1,n,4
1398,I1398,1500,800,800,1323.0,110,0,n,4
3818,I3818,1500,1000,800,0.0,110,1,n,4
9,I0009,1500,800,800,0.0,110,0,n,4
4364,I4364,1500,1000,800,0.0,110,1,n,4
2881,I2881,1500,1000,800,1406.0,110,1,n,4
3881,I3881,1500,800,800,910.0,110,0,n,4
2760,I2760,1500,800,800,0.0,110,0,n,4
3929,I3929,1500,1000,800,1022.0,110,1,n,4
247,I0247,1500,1000,800,0.0,110,1,n,4
4103,I4103,1500,800,800,0.0,110,0,n,4
4459,I4459,1500,800,800,911.0,110,0,n,4
3899,I3899,1500,800,800,941.0,110,0,n,4
3259,I3259,1500,800,800,1259.0,110,0,n,4
3043,I3043,1500,1000,800,1113.0,110,1,n,4
4267,I4267,1500,1000,800,1439.0,110,1,n,4
3550,I3550,1500,1000,800,607.0,110,1,n,4
3827,I3827,1500,1000,800,956.0,110,1,n,4
8,I0008,1500,1000,800,1029.0,110,1,n,4
2728,I2728,1500,1000,800,0.0,110,1,n,4
4662,I4662,1500,1000,800,902.0,110,1,n,4
3873,I3873,1500,1000,800,712.0,110,1,n,4
2665,I2665,1500,1000,800,0.0,110,1,n,4
2595,I2595,1500,1000,800,0.0,110,1,n,4
592,I0592,1500,1000,800,1458.0,110,1,n,4
4864,I4864,1500,1000,800,988.0,110,1,n,4
3505,I3505,1500,1000,800,0.0,110,1,n,4
3718,I3718,1500,800,800,1275.0,110,0,n,4
3095,I3095,1500,800,800,1123.0,110,0,n,4
2032,I2032,1500,1000,800,1045.0,110,1,n,4
4656,I4656,1500,1000,800,0.0,110,1,n,4
1371,I1371,1500,800,800,0.0,110,0,n,4
1556,I1556,1500,1000,800,0.0,110,1,n,4
439,I0439,1500,800,800,1048.0,110,0,n,4
190,I0190,1500,1000,800,1087.0,110,1,n,4
4173,I4173,1500,1000,800,971.0,110,1,n,4
2319,I2319,1500,800,800,984.0,110,0,n,4
611,I0611,1500,1000,800,1008.0,110,1,n,4
250,I0250,1500,800,800,982.0,110,0,n,4
4257,I4257,1500,800,800,969.0,110,0,n,4
1836,I1836,1500,800,800,0.0,110,0,n,4
2334,I2334,1500,800,800,1177.0,110,0,n,4
300,I0300,1500,800,800,1077.0,110,0,n,4
855,I0855,1500,1000,800,1438.0,110,1,n,4
697,I0697,1500,800,800,0.0,110,0,n,4
2710,I2710,1500,800,800,948.0,110,0,n,4
535,I0535,1500,1000,800,0.0,110,1,n,4
4785,I4785,1500,800,800,1403.0,110,0,n,4
4583,I4583,1500,1000,800,0.0,110,1,n,4
1983,I1983,1500,1000,800,1354.0,110,1,n,4
2468,I2468,1500,800,800,1044.0,110,0,n,4
2607,I2607,1500,1000,800,0.0,110,1,n,4
4464,I4464,1500,1000,800,1102.0,110,1,n,4
3141,I3141,1500,800,800,1057.0,110,0,n,4
4904,I4904,1500,800,800,0.0,110,0,n,4
1766,I1766,1500,1000,800,1427.0,110,1,n,4
4402,I4402,1500,1000,800,0.0,110,1,n,4
862,I0862,1500,800,800,0.0,110,0,n,4
43,I0043,1500,800,800,1172.0,110,0,n,4
3036,I3036,1500,1000,800,0.0,110,1,n,4
3323,I3323,1500,1000,800,1382.0,110,1,n,4
2027,I2027,1500,800,800,0.0,110,0,n,4
2071,I2071,1500,1000,800,989.0,110,1,n,4
4660,I4660,1500,1000,800,0.0,110,1,n,4
3807,I3807,1500,800,800,1248.0,110,0,n,4
2317,I2317,1500,1000,800,0.0,110,1,n,4
1675,I1675,1500,1000,800,0.0,110,1,n,4
2192,I2192,1500,800,800,1480.0,110,0,n,4
3287,I3287,1500,800,800,0.0,110,0,n,4
599,I0599,1500,800,800,0.0,110,0,n,4
1794,I1794,1500,800,800,0.0,110,0,n,4
4335,I4335,1500,1000,800,0.0,110,1,n,4
1083,I1083,1500,800,800,1518.0,110,0,n,4
3122,I3122,1500,1000,800,0.0,110,1,n,4
4996,I4996,1500,800,800,0.0,110,0,n,4
473,I0473,1500,1000,800,1205.0,110,1,n,4
2467,I2467,1500,800,800,0.0,110,0,n,4
1300,I1300,1500,1000,800,1047.0,110,1,n,4
4383,I4383,1500,1000,800,0.0,110,1,n,4
85,I0085,1500,800,800,1147.0,110,0,n,4
1513,I1513,1500,800,800,1277.0,110,0,n,4
1785,I1785,1500,800,800,1132.0,110,0,n,4
4051,I4051,1500,800,800,0.0,110,0,n,4
4187,I4187,1500,800,800,1255.0,110,0,n,4
1373,I1373,1500,800,800,0.0,110,0,n,4
2488,I2488,1500,800,800,1351.0,110,0,n,4
1982,I1982,1500,800,800,1427.0,110,0,n,4
2781,I2781,1500,1000,800,1420.0,110,1,n,4
4150,I4150,1500,1000,800,0.0,110,1,n,4
2979,I2979,1500,1000,800,0.0,110,1,n,4
3168,I3168,1500,800,800,1344.0,110,0,n,4
141,I0141,1500,1000,800,0.0,110,1,n,4
3569,I3569,1500,800,800,0.0,110,0,n,4
1105,I1105,1500,800,800,1387.0,110,0,n,4
142,I0142,1500,1000,800,0.0,110,1,n,4
1308,I1308,1500,800,800,969.0,110,0,n,4
486,I0486,1500,800,800,0.0,110,0,n,4
4346,I4346,1500,800,800,1264.0,110,0,n,4
3208,I3208,1500,1000,800,1069.0,110,1,n,4
2713,I2713,1500,800,800,907.0,110,0,n,4
2485,I2485,1500,800,800,1333.0,110,0,n,4
2714,I2714,1500,800,800,887.0,110,0,n,4
4214,I4214,1500,800,800,0.0,110,0,n,4
3202,I3202,1500,1000,800,1115.0,110,1,n,4
2624,I2624,1500,800,800,1258.0,110,0,n,4
3226,I3226,1500,800,800,1035.0,110,0,n,4
1340,I1340,1500,1000,800,1137.0,110,1,n,4
3149,I3149,1500,800,800,1527.0,110,0,n,4
1232,I1232,1500,1000,800,0.0,110,1,n,4
2735,I2735,1500,800,800,0.0,110,0,n,4
2827,I2827,1500,800,800,0.0,110,0,n,4
2790,I2790,1500,800,800,1362.0,110,0,n,4
154,I0154,1500,1000,800,0.0,110,1,n,4
2800,I2800,1500,1000,800,0.0,110,1,n,4
1771,I1771,1500,1000,800,0.0,110,1,n,4
172,I0172,1500,1000,800,1088.0,110,1,n,4
4247,I4247,1500,1000,800,991.0,110,1,n,4
899,I0899,1500,800,800,0.0,110,0,n,4
1087,I1087,1500,800,800,1363.0,110,0,n,4
2083,I2083,1500,1000,800,0.0,110,1,n,4
4135,I4135,1500,1000,800,1297.0,110,1,n,4
59,I0059,1500,800,800,0.0,110,0,n,4
1283,I1283,1500,800,800,1210.0,110,0,n,4
401,I0401,1500,800,800,0.0,110,0,n,4
911,I0911,1500,1000,800,758.0,110,1,n,4
483,I0483,1500,1000,800,1016.0,110,1,n,4
1242,I1242,1500,800,800,627.0,110,0,n,4
653,I0653,1500,800,800,0.0,110,0,n,4
2311,I2311,1500,1000,800,885.0,110,1,n,4
744,I0744,1500,1000,800,0.0,110,1,n,4
2340,I2340,1500,800,800,0.0,110,0,n,4
2795,I2795,1500,800,800,1309.0,110,0,n,4
4358,I4358,1500,800,800,873.0,110,0,n,4
2923,I2923,1500,800,800,1569.0,110,0,n,4
3092,I3092,1500,1000,800,1289.0,110,1,n,4
480,I0480,1500,800,800,0.0,110,0,n,4
3530,I3530,1500,800,800,1420.0,110,0,n,4
797,I0797,1500,1000,800,0.0,110,1,n,4
3331,I3331,1500,1000,800,0.0,110,1,n,4
648,I0648,1500,800,800,0.0,110,0,n,4
238,I0238,1500,800,800,0.0,110,0,n,4
1581,I1581,1500,1000,800,997.0,110,1,n,4
4748,I4748,1500,800,800,0.0,110,0,n,4
3358,I3358,1500,1000,800,0.0,110,1,n,4
269,I0269,1500,800,800,0.0,110,0,n,4
3544,I3544,1500,1000,800,1075.0,110,1,n,4
338,I0338,1500,1000,800,1156.0,110,1,n,4
1883,I1883,1500,1000,800,0.0,110,1,n,4
3701,I3701,1500,1000,800,0.0,110,1,n,4
4971,I4971,1500,1000,800,1464.0,110,1,n,4
1465,I1465,1500,1000,800,0.0,110,1,n,4
1329,I1329,1500,1000,800,0.0,110,1,n,4
1140,I1140,1500,800,800,940.0,110,0,n,4
1599,I1599,1500,1000,800,0.0,110,1,n,4
945,I0945,1500,1000,800,1236.0,110,1,n,4
3245,I3245,1500,1000,800,0.0,110,1,n,4
1963,I1963,1500,1000,800,0.0,110,1,n,4
2611,I2611,1500,800,800,612.0,110,0,n,4
3886,I3886,1500,800,800,1463.0,110,0,n,4
81,I0081,1500,1000,800,947.0,110,1,n,4
106,I0106,1500,800,800,1131.0,110,0,n,4
3921,I3921,1500,1000,800,0.0,110,1,n,4
10,I0010,1500,1000,800,0.0,110,1,n,4
840,I0840,1500,800,800,1159.0,110,0,n,4
972,I0972,1500,1000,800,751.0,110,1,n,4
4798,I4798,1500,800,800,1047.0,110,0,n,4
4758,I4758,1500,800,800,0.0,110,0,n,4
3383,I3383,1500,800,800,802.0,110,0,n,4
4982,I4982,1500,1000,800,712.0,110,1,n,4
4322,I4322,1500,1000,800,1109.0,110,1,n,4
884,I0884,1500,1000,800,0.0,110,1,n,4
607,I0607,1500,1000,800,957.0,110,1,n,4
4846,I4846,1500,1000,800,1306.0,110,1,n,4
1502,I1502,1500,1000,800,1419.0,110,1,n,4
3025,I3025,1500,800,800,1211.0,110,0,n,4
4061,I4061,1500,1000,800,1517.0,110,1,n,4
637,I0637,1500,800,800,0.0,110,0,n,4
1937,I1937,1500,1000,800,0.0,110,1,n,4
1143,I1143,1500,800,800,0.0,110,0,n,4
3630,I3630,1500,800,800,1541.0,110,0,n,4
2072,I2072,1500,1000,800,1257.0,110,1,n,4
4129,I4129,1500,800,800,1128.0,110,0,n,4
366,I0366,1500,800,800,1269.0,110,0,n,4
3655,I3655,1500,1000,800,0.0,110,1,n,4
4661,I4661,1500,800,800,1330.0,110,0,n,4
347,I0347,1500,1000,800,0.0,110,1,n,4
3195,I3195,1500,800,800,1379.0,110,0,n,4
2273,I2273,1500,800,800,1010.0,110,0,n,4
3750,I3750,1500,1000,800,0.0,110,1,n,4
4233,I4233,1500,1000,800,0.0,110,1,n,4
651,I0651,1500,800,800,1144.0,110,0,n,4
4620,I4620,1500,1000,800,0.0,110,1,n,4
1568,I1568,1500,800,800,0.0,110,0,n,4
1770,I1770,1500,1000,800,1522.0,110,1,n,4
4443,I4443,1500,1000,800,0.0,110,1,n,4
683,I0683,1500,1000,800,1493.0,110,1,n,4
2635,I2635,1500,1000,800,1081.0,110,1,n,4
1058,I1058,1500,800,800,0.0,110,0,n,4
1209,I1209,1500,1000,800,862.0,110,1,n,4
3026,I3026,1500,1000,800,0.0,110,1,n,4
4555,I4555,1500,1000,800,937.0,110,1,n,4
1047,I1047,1500,800,800,0.0,110,0,n,4
2886,I2886,1500,1000,800,0.0,110,1,n,4
757,I0757,1500,1000,800,1353.0,110,1,n,4
969,I0969,1500,1000,800,1285.0,110,1,n,4
1151,I1151,1500,1000,800,1067.0,110,1,n,4
4005,I4005,1500,800,800,0.0,110,0,n,4
603,I0603,1500,800,800,1239.0,110,0,n,4
167,I0167,1500,800,800,1319.0,110,0,n,4
956,I0956,1500,1000,800,1537.0,110,1,n,4
886,I0886,1500,800,800,956.0,110,0,n,4
3528,I3528,1500,800,800,1174.0,110,0,n,4
2634,I2634,1500,1000,800,0.0,110,1,n,4
3908,I3908,1500,1000,800,1511.0,110,1,n,4
4636,I4636,1500,800,800,829.0,110,0,n,4
1708,I1708,1500,1000,800,0.0,110,1,n,4
681,I0681,1500,1000,800,0.0,110,1,n,4
1192,I1192,1500,1000,800,1487.0,110,1,n,4
4139,I4139,1500,1000,800,0.0,110,1,n,4
1918,I1918,1500,1000,800,1243.0,110,1,n,4
4814,I4814,1500,1000,800,0.0,110,1,n,4
467,I0467,1500,800,800,1188.0,110,0,n,4
733,I0733,1500,1000,800,0.0,110,1,n,4
2734,I2734,1500,800,800,1218.0,110,0,n,4
985,I0985,1500,800,800,1261.0,110,0,n,4
2404,I2404,1500,800,800,890.0,110,0,n,4
4771,I4771,1500,800,800,0.0,110,0,n,4
1524,I1524,1500,800,800,0.0,110,0,n,4
2935,I2935,1500,800,800,834.0,110,0,n,4
1656,I1656,1500,800,800,1346.0,110,0,n,4
1718,I1718,1500,1000,800,1115.0,110,1,n,4
4907,I4907,1500,1000,800,0.0,110,1,n,4
440,I0440,1500,800,800,0.0,110,0,n,4
4788,I4788,1500,800,800,0.0,110,0,n,4
1508,I1508,1500,1000,800,1417.0,110,1,n,4
2708,I2708,1500,1000,800,1542.0,110,1,n,4
1948,I1948,1500,1000,800,0.0,110,1,n,4
3640,I3640,1500,800,800,0.0,110,0,n,4
3560,I3560,1500,1000,800,1040.0,110,1,n,4
540,I0540,1500,800,800,0.0,110,0,n,4
2105,I2105,1500,1000,800,1368.0,110,1,n,4
4382,I4382,1500,1000,800,1439.0,110,1,n,4
3255,I3255,1500,800,800,975.0,110,0,n,4
554,I0554,1500,800,800,942.0,110,0,n,4
3051,I3051,1500,800,800,793.0,110,0,n,4
4627,I4627,1500,1000,800,1002.0,110,1,n,4
48,I0048,1500,800,800,958.0,110,0,n,4
3768,I3768,1500,1000,800,1178.0,110,1,n,4
1298,I1298,1500,1000,800,0.0,110,1,n,4
1027,I1027,1500,1000,800,750.0,110,1,n,4
4792,I4792,1500,1000,800,1007.0,110,1,n,4
385,I0385,1500,1000,800,0.0,110,1,n,4
2793,I2793,1500,1000,800,1082.0,110,1,n,4
4025,I4025,1500,800,800,1327.0,110,0,n,4
4427,I4427,1500,800,800,1097.0,110,0,n,4
4801,I4801,1500,1000,800,0.0,110,1,n,4
882,I0882,1500,1000,800,845.0,110,1,n,4
2938,I2938,1500,1000,800,0.0,110,1,n,4
3509,I3509,1500,800,800,1339.0,110,0,n,4
1523,I1523,1500,800,800,0.0,110,0,n,4
4353,I4353,1500,800,800,1378.0,110,0,n,4
3192,I3192,1500,800,800,1070.0,110,0,n,4
3318,I3318,1500,1000,800,0.0,110,1,n,4
2279,I2279,1500,1000,800,0.0,110,1,n,4
1705,I1705,1500,800,800,1172.0,110,0,n,4
1346,I1346,1500,1000,800,1079.0,110,1,n,4
3288,I3288,1500,800,800,1381.0,110,0,n,4
2511,I2511,1500,1000,800,1020.0,110,1,n,4
4684,I4684,1500,800,800,952.0,110,0,n,4
4155,I4155,1500,800,800,933.0,110,0,n,4
4805,I4805,1500,800,800,1391.0,110,0,n,4
4126,I4126,1500,800,800,0.0,110,0,n,4
3423,I3423,1500,1000,800,0.0,110,1,n,4
1683,I1683,1500,800,800,1450.0,110,0,n,4
4210,I4210,1500,800,800,0.0,110,0,n,4
4007,I4007,1500,1000,800,1388.0,110,1,n,4
3973,I3973,1500,1000,800,0.0,110,1,n,4
4106,I4106,1500,1000,800,1003.0,110,1,n,4
2111,I2111,1500,800,800,820.0,110,0,n,4
4674,I4674,1500,800,800,0.0,110,0,n,4
4728,I4728,1500,1000,800,1002.0,110,1,n,4
2869,I2869,1500,800,800,1156.0,110,0,n,4
3776,I3776,1500,800,800,0.0,110,0,n,4
4211,I4211,1500,800,800,922.0,110,0,n,4
4469,I4469,1500,1000,800,0.0,110,1,n,4
3614,I3614,1500,1000,800,1406.0,110,1,n,4
759,I0759,1500,800,800,1149.0,110,0,n,4
1057,I1057,1500,800,800,1059.0,110,0,n,4
1288,I1288,1500,800,800,0.0,110,0,n,4
1842,I1842,1500,1000,800,1375.0,110,1,n,4
4203,I4203,1500,800,800,781.0,110,0,n,4
101,I0101,1500,800,800,1170.0,110,0,n,4
3293,I3293,1500,800,800,963.0,110,0,n,4
110,I0110,1500,800,800,1359.0,110,0,n,4
2685,I2685,1500,1000,800,1442.0,110,1,n,4
3369,I3369,1500,800,800,1113.0,110,0,n,4
994,I0994,1500,1000,800,0.0,110,1,n,4
3828,I3828,1500,1000,800,1545.0,110,1,n,4
1163,I1163,1500,1000,800,0.0,110,1,n,4
4897,I4897,1500,800,800,0.0,110,0,n,4
1389,I1389,1500,800,800,0.0,110,0,n,4
4391,I4391,1500,800,800,0.0,110,0,n,4
1462,I1462,1500,1000,800,1577.0,110,1,n,4
2165,I2165,1500,1000,800,1362.0,110,1,n,4
443,I0443,1500,1000,800,1054.0,110,1,n,4
4360,I4360,1500,800,800,1489.0,110,0,n,4
942,I0942,1500,1000,800,0.0,110,1,n,4
4806,I4806,1500,1000,800,1478.0,110,1,n,4
259,I0259,1500,1000,800,1040.0,110,1,n,4
2131,I2131,1500,800,800,1157.0,110,0,n,4
2055,I2055,1500,1000,800,0.0,110,1,n,4
4619,I4619,1500,800,800,0.0,110,0,n,4
96,I0096,1500,800,800,0.0,110,0,n,4
4642,I4642,1500,1000,800,883.0,110,1,n,4
4924,I4924,1500,1000,800,958.0,110,1,n,4
3914,I3914,1500,800,800,1072.0,110,0,n,4
4154,I4154,1500,1000,800,0.0,110,1,n,4
4634,I4634,1500,800,800,0.0,110,0,n,4
4599,I4599,1500,800,800,1468.0,110,0,n,4
4368,I4368,1500,1000,800,0.0,110,1,n,4
180,I0180,1500,1000,800,1384.0,110,1,n,4
1796,I1796,1500,1000,800,1375.0,110,1,n,4
3020,I3020,1500,1000,800,1399.0,110,1,n,4
3374,I3374,1500,1000,800,1484.0,110,1,n,4
3994,I3994,1500,800,800,0.0,110,0,n,4
449,I0449,1500,1000,800,1055.0,110,1,n,4
4782,I4782,1500,800,800,1132.0,110,0,n,4
2441,I2441,1500,800,800,885.0,110,0,n,4
1554,I1554,1500,1000,800,1082.0,110,1,n,4
4406,I4406,1500,1000,800,0.0,110,1,n,4
1577,I1577,1500,1000,800,1071.0,110,1,n,4
2899,I2899,1500,800,800,1335.0,110,0,n,4
261,I0261,1500,1000,800,0.0,110,1,n,4
4774,I4774,1500,1000,800,0.0,110,1,n,4
132,I0132,1500,800,800,959.0,110,0,n,4
2287,I2287,1500,800,800,1590.0,110,0,n,4
4895,I4895,1500,800,800,0.0,110,0,n,4
1084,I1084,1500,800,800,962.0,110,0,n,4
4568,I4568,1500,800,800,962.0,110,0,n,4
1530,I1530,1500,800,800,793.0,110,0,n,4
1793,I1793,1500,1000,800,1359.0,110,1,n,4
4037,I4037,1500,800,800,943.0,110,0,n,4
4340,I4340,1500,1000,800,930.0,110,1,n,4
1549,I1549,1500,1000,800,1326.0,110,1,n,4
3760,I3760,1500,1000,800,0.0,110,1,n,4
2109,I2109,1500,800,800,1196.0,110,0,n,4
2096,I2096,1500,1000,800,906.0,110,1,n,4
36,I0036,1500,1000,800,1128.0,110,1,n,4
1328,I1328,1500,800,800,744.0,110,0,n,4
489,I0489,1500,1000,800,972.0,110,1,n,4
561,I0561,1500,1000,800,911.0,110,1,n,4
654,I0654,1500,800,800,1557.0,110,0,n,4
1494,I1494,1500,800,800,1282.0,110,0,n,4
1543,I1543,1500,1000,800,1053.0,110,1,n,4
3198,I3198,1500,800,800,914.0,110,0,n,4
1516,I1516,1500,800,800,0.0,110,0,n,4
2205,I2205,1500,1000,800,0.0,110,1,n,4
3971,I3971,1500,800,800,0.0,110,0,n,4
3119,I3119,1500,1000,800,1163.0,110,1,n,4
2408,I2408,1500,1000,800,1354.0,110,1,n,4
552,I0552,1500,1000,800,1087.0,110,1,n,4
2984,I2984,1500,800,800,0.0,110,0,n,4
2520,I2520,1500,800,800,996.0,110,0,n,4
3679,I3679,1500,1000,800,1162.0,110,1,n,4
352,I0352,1500,800,800,1371.0,110,0,n,4
2126,I2126,1500,800,800,0.0,110,0,n,4
286,I0286,1500,800,800,0.0,110,0,n,4
281,I0281,1500,1000,800,893.0,110,1,n,4
4416,I4416,1500,1000,800,0.0,110,1,n,4
305,I0305,1500,1000,800,990.0,110,1,n,4
4078,I4078,1500,1000,800,0.0,110,1,n,4
1480,I1480,1500,1000,800,0.0,110,1,n,4
4510,I4510,1500,800,800,1038.0,110,0,n,4
4613,I4613,1500,800,800,0.0,110,0,n,4
3656,I3656,1500,1000,800,1549.0,110,1,n,4
1807,I1807,1500,800,800,947.0,110,0,n,4
321,I0321,1500,1000,800,1050.0,110,1,n,4
2199,I2199,1500,800,800,0.0,110,0,n,4
4065,I4065,1500,1000,800,1395.0,110,1,n,4
2897,I2897,1500,800,800,1438.0,110,0,n,4
2208,I2208,1500,800,800,0.0,110,0,n,4
569,I0569,1500,800,800,1007.0,110,0,n,4
2057,I2057,1500,1000,800,0.0,110,1,n,4
2154,I2154,1500,1000,800,1515.0,110,1,n,4
993,I0993,1500,800,800,0.0,110,0,n,4
1199,I1199,1500,1000,800,967.0,110,1,n,4
621,I0621,1500,800,800,1054.0,110,0,n,4
2359,I2359,1500,1000,800,885.0,110,1,n,4
679,I0679,1500,1000,800,807.0,110,1,n,4
4342,I4342,1500,1000,800,997.0,110,1,n,4
4393,I4393,1500,800,800,1556.0,110,0,n,4
1897,I1897,1500,800,800,0.0,110,0,n,4
363,I0363,1500,1000,800,0.0,110,1,n,4
1997,I1997,1500,1000,800,910.0,110,1,n,4
4085,I4085,1500,800,800,0.0,110,0,n,4
4672,I4672,1500,1000,800,1047.0,110,1,n,4
966,I0966,1500,800,800,0.0,110,0,n,4
510,I0510,1500,800,800,1453.0,110,0,n,4
349,I0349,1500,800,800,0.0,110,0,n,4
3403,I3403,1500,800,800,974.0,110,0,n,4
4737,I4737,1500,800,800,1117.0,110,0,n,4
2115,I2115,1500,800,800,0.0,110,0,n,4
1021,I1021,1500,1000,800,0.0,110,1,n,4
1088,I1088,1500,800,800,1120.0,110,0,n,4
4486,I4486,1500,1000,800,979.0,110,1,n,4
2717,I2717,1500,1000,800,1482.0,110,1,n,4
4487,I4487,1500,1000,800,908.0,110,1,n,4
702,I0702,1500,800,800,1047.0,110,0,n,4
1403,I1403,1500,800,800,0.0,110,0,n,4
3295,I3295,1500,800,800,1040.0,110,0,n,4
4954,I4954,1500,1000,800,871.0,110,1,n,4
325,I0325,1500,800,800,0.0,110,0,n,4
3883,I3883,1500,800,800,939.0,110,0,n,4
2579,I2579,1500,800,800,864.0,110,0,n,4
3947,I3947,1500,1000,800,0.0,110,1,n,4
