,id_item,length,width,height,weight,nesting_height,stackability_code,forced_orientation,max_stackability
50,I0050,1500,800,800,525.0,110,0,n,4
3389,I3389,1500,800,800,1070.0,110,0,n,4
2656,I2656,1500,1000,800,0.0,110,1,n,4
2959,I2959,1500,800,800,983.0,110,0,n,4
4868,I4868,1500,1000,800,802.0,110,1,n,4
4459,I4459,1500,1000,800,547.0,110,1,n,4
4738,I4738,1500,800,800,774.0,110,0,n,4
4641,I4641,1500,800,800,0.0,110,0,n,4
4808,I4808,1500,800,800,1036.0,110,0,n,4
4863,I4863,1500,800,800,867.0,110,0,n,4
1567,I1567,1500,1000,800,782.0,110,1,n,4
423,I0423,1500,800,800,916.0,110,0,n,4
3929,I3929,1500,800,800,770.0,110,0,n,4
2152,I2152,1500,1000,800,834.0,110,1,n,4
3912,I3912,1500,800,800,577.0,110,0,n,4
4802,I4802,1500,800,800,863.0,110,0,n,4
3585,I3585,1500,1000,800,853.0,110,1,n,4
3395,I3395,1500,1000,800,0.0,110,1,n,4
3063,I3063,1500,1000,800,0.0,110,1,n,4
864,I0864,1500,1000,800,821.0,110,1,n,4
2849,I2849,1500,1000,800,525.0,110,1,n,4
1657,I1657,1500,1000,800,893.0,110,1,n,4
1192,I1192,1500,1000,800,583.0,110,1,n,4
2764,I2764,1500,800,800,791.0,110,0,n,4
2112,I2112,1500,1000,800,1131.0,110,1,n,4
2625,I2625,1500,1000,800,793.0,110,1,n,4
359,I0359,1500,800,800,723.0,110,0,n,4
4105,I4105,1500,1000,800,537.0,110,1,n,4
2364,I2364,1500,800,800,518.0,110,0,n,4
4512,I4512,1500,800,800,754.0,110,0,n,4
4622,I4622,1500,1000,800,532.0,110,1,n,4
2800,I2800,1500,800,800,1042.0,110,0,n,4
4794,I4794,1500,1000,800,637.0,110,1,n,4
2467,I2467,1500,800,800,492.0,110,0,n,4
4600,I4600,1500,800,800,605.0,110,0,n,4
932,I0932,1500,1000,800,651.0,110,1,n,4
1793,I1793,1500,800,800,884.0,110,0,n,4
4481,I4481,1500,1000,800,0.0,110,1,n,4
40,I0040,1500,800,800,966.0,110,0,n,4
4516,I4516,1500,800,800,847.0,110,0,n,4
3236,I3236,1500,1000,800,749.0,110,1,n,4
3763,I3763,1500,800,800,760.0,110,0,n,4
2310,I2310,1500,1000,800,826.0,110,1,n,4
3230,I3230,1500,1000,800,0.0,110,1,n,4
3872,I3872,1500,800,800,865.0,110,0,n,4
3744,I3744,1500,1000,800,685.0,110,1,n,4
1631,I1631,1500,800,800,754.0,110,0,n,4
122,I0122,1500,800,800,569.0,110,0,n,4
3714,I3714,1500,800,800,1024.0,110,0,n,4
1857,I1857,1500,1000,800,780.0,110,1,n,4
461,I0461,1500,800,800,543.0,110,0,n,4
3184,I3184,1500,800,800,0.0,110,0,n,4
4295,I4295,1500,800,800,1103.0,110,0,n,4
2825,I2825,1500,1000,800,744.0,110,1,n,4
3787,I3787,1500,800,800,592.0,110,0,n,4
4437,I4437,1500,800,800,673.0,110,0,n,4
3483,I3483,1500,800,800,751.0,110,0,n,4
1411,I1411,1500,1000,800,790.0,110,1,n,4
1479,I1479,1500,800,800,0.0,110,0,n,4
3020,I3020,1500,800,800,640.0,110,0,n,4
3344,I3344,1500,1000,800,0.0,110,1,n,4
566,I0566,1500,800,800,696.0,110,0,n,4
602,I0602,1500,800,800,914.0,110,0,n,4
74,I0074,1500,1000,800,821.0,110,1,n,4
2085,I2085,1500,800,800,749.0,110,0,n,4
2199,I2199,1500,800,800,1020.0,110,0,n,4
2062,I2062,1500,1000,800,721.0,110,1,n,4
482,I0482,1500,1000,800,748.0,110,1,n,4
2035,I2035,1500,800,800,763.0,110,0,n,4
2499,I2499,1500,800,800,597.0,110,0,n,4
4266,I4266,1500,1000,800,897.0,110,1,n,4
1407,I1407,1500,1000,800,844.0,110,1,n,4
3771,I3771,1500,800,800,959.0,110,0,n,4
4785,I4785,1500,1000,800,830.0,110,1,n,4
136,I0136,1500,1000,800,699.0,110,1,n,4
3580,I3580,1500,800,800,730.0,110,0,n,4
2235,I2235,1500,1000,800,733.0,110,1,n,4
4815,I4815,1500,800,800,0.0,110,0,n,4
489,I0489,1500,1000,800,459.0,110,1,n,4
3591,I3591,1500,1000,800,984.0,110,1,n,4
1614,I1614,1500,1000,800,588.0,110,1,n,4
4086,I4086,1500,800,800,1187.0,110,0,n,4
1891,I1891,1500,800,800,554.0,110,0,n,4
3310,I3310,1500,800,800,725.0,110,0,n,4
4913,I4913,1500,800,800,795.0,110,0,n,4
4153,I4153,1500,1000,800,904.0,110,1,n,4
2675,I2675,1500,800,800,755.0,110,0,n,4
2578,I2578,1500,800,800,637.0,110,0,n,4
1450,I1450,1500,800,800,831.0,110,0,n,4
3702,I3702,1500,800,800,721.0,110,0,n,4
4015,I4015,1500,1000,800,857.0,110,1,n,4
3657,I3657,1500,800,800,741.0,110,0,n,4
1267,I1267,1500,1000,800,803.0,110,1,n,4
1496,I1496,1500,1000,800,1132.0,110,1,n,4
1697,I1697,1500,1000,800,667.0,110,1,n,4
1782,I1782,1500,800,800,1016.0,110,0,n,4
2812,I2812,1500,800,800,733.0,110,0,n,4
1109,I1109,1500,800,800,0.0,110,0,n,4
1757,I1757,1500,800,800,0.0,110,0,n,4
1615,I1615,1500,1000,800,0.0,110,1,n,4
3176,I3176,1500,1000,800,0.0,110,1,n,4
1471,I1471,1500,800,800,567.0,110,0,n,4
1213,I1213,1500,800,800,539.0,110,0,n,4
2388,I2388,1500,800,800,0.0,110,0,n,4
3342,I3342,1500,1000,800,0.0,110,1,n,4
2806,I2806,1500,1000,800,556.0,110,1,n,4
2053,I2053,1500,800,800,0.0,110,0,n,4
4642,I4642,1500,800,800,819.0,110,0,n,4
419,I0419,1500,800,800,669.0,110,0,n,4
1094,I1094,1500,1000,800,755.0,110,1,n,4
2571,I2571,1500,1000,800,538.0,110,1,n,4
2157,I2157,1500,1000,800,881.0,110,1,n,4
4442,I4442,1500,1000,800,555.0,110,1,n,4
838,I0838,1500,1000,800,844.0,110,1,n,4
4604,I4604,1500,800,800,919.0,110,0,n,4
775,I0775,1500,1000,800,484.0,110,1,n,4
4378,I4378,1500,1000,800,914.0,110,1,n,4
4609,I4609,1500,1000,800,667.0,110,1,n,4
4080,I4080,1500,800,800,762.0,110,0,n,4
504,I0504,1500,1000,800,805.0,110,1,n,4
1533,I1533,1500,1000,800,521.0,110,1,n,4
3552,I3552,1500,1000,800,0.0,110,1,n,4
1987,I1987,1500,1000,800,995.0,110,1,n,4
112,I0112,1500,800,800,697.0,110,0,n,4
3767,I3767,1500,800,800,563.0,110,0,n,4
2609,I2609,1500,1000,800,765.0,110,1,n,4
643,I0643,1500,1000,800,907.0,110,1,n,4
4623,I4623,1500,1000,800,746.0,110,1,n,4
57,I0057,1500,1000,800,1223.0,110,1,n,4
1349,I1349,1500,1000,800,976.0,110,1,n,4
528,I0528,1500,1000,800,1272.0,110,1,n,4
935,I0935,1500,800,800,1008.0,110,0,n,4
2692,I2692,1500,800,800,695.0,110,0,n,4
27,I0027,1500,1000,800,570.0,110,1,n,4
2596,I2596,1500,1000,800,541.0,110,1,n,4
1280,I1280,1500,800,800,581.0,110,0,n,4
4498,I4498,1500,800,800,0.0,110,0,n,4
1366,I1366,1500,1000,800,502.0,110,1,n,4
4316,I4316,1500,800,800,1126.0,110,0,n,4
2305,I2305,1500,1000,800,1242.0,110,1,n,4
1284,I1284,1500,1000,800,1018.0,110,1,n,4
4468,I4468,1500,1000,800,729.0,110,1,n,4
1376,I1376,1500,800,800,721.0,110,0,n,4
0,I0000,1500,800,800,715.0,110,0,n,4
2265,I2265,1500,800,800,719.0,110,0,n,4
586,I0586,1500,800,800,943.0,110,0,n,4
4470,I4470,1500,800,800,813.0,110,0,n,4
4479,I4479,1500,1000,800,669.0,110,1,n,4
346,I0346,1500,800,800,1005.0,110,0,n,4
4510,I4510,1500,800,800,855.0,110,0,n,4
3815,I3815,1500,800,800,759.0,110,0,n,4
1858,I1858,1500,1000,800,0.0,110,1,n,4
3888,I3888,1500,1000,800,999.0,110,1,n,4
28,I0028,1500,800,800,0.0,110,0,n,4
668,I0668,1500,1000,800,788.0,110,1,n,4
4441,I4441,1500,800,800,739.0,110,0,n,4
916,I0916,1500,800,800,759.0,110,0,n,4
467,I0467,1500,800,800,823.0,110,0,n,4
2600,I2600,1500,800,800,671.0,110,0,n,4
3519,I3519,1500,1000,800,778.0,110,1,n,4
4544,I4544,1500,1000,800,641.0,110,1,n,4
3990,I3990,1500,800,800,747.0,110,0,n,4
3065,I3065,1500,800,800,0.0,110,0,n,4
720,I0720,1500,1000,800,747.0,110,1,n,4
4677,I4677,1500,800,800,792.0,110,0,n,4
688,I0688,1500,1000,800,652.0,110,1,n,4
2657,I2657,1500,1000,800,531.0,110,1,n,4
4628,I4628,1500,1000,800,754.0,110,1,n,4
1406,I1406,1500,1000,800,981.0,110,1,n,4
2274,I2274,1500,1000,800,995.0,110,1,n,4
781,I0781,1500,800,800,552.0,110,0,n,4
3549,I3549,1500,800,800,787.0,110,0,n,4
3183,I3183,1500,800,800,1072.0,110,0,n,4
1173,I1173,1500,800,800,0.0,110,0,n,4
1895,I1895,1500,1000,800,787.0,110,1,n,4
134,I0134,1500,800,800,825.0,110,0,n,4
4594,I4594,1500,1000,800,1279.0,110,1,n,4
858,I0858,1500,1000,800,1134.0,110,1,n,4
4661,I4661,1500,800,800,704.0,110,0,n,4
1727,I1727,1500,1000,800,865.0,110,1,n,4
1705,I1705,1500,1000,800,566.0,110,1,n,4
1175,I1175,1500,800,800,823.0,110,0,n,4
619,I0619,1500,800,800,0.0,110,0,n,4
3103,I3103,1500,800,800,0.0,110,0,n,4
1392,I1392,1500,1000,800,549.0,110,1,n,4
3172,I3172,1500,800,800,531.0,110,0,n,4
4988,I4988,1500,800,800,1037.0,110,0,n,4
1670,I1670,1500,800,800,567.0,110,0,n,4
3542,I3542,1500,1000,800,552.0,110,1,n,4
3112,I3112,1500,1000,800,0.0,110,1,n,4
583,I0583,1500,1000,800,649.0,110,1,n,4
191,I0191,1500,800,800,1062.0,110,0,n,4
2141,I2141,1500,1000,800,901.0,110,1,n,4
2266,I2266,1500,800,800,656.0,110,0,n,4
129,I0129,1500,1000,800,0.0,110,1,n,4
4296,I4296,1500,1000,800,1188.0,110,1,n,4
2032,I2032,1500,800,800,507.0,110,0,n,4
1023,I1023,1500,1000,800,1032.0,110,1,n,4
2349,I2349,1500,800,800,0.0,110,0,n,4
728,I0728,1500,1000,800,742.0,110,1,n,4
3840,I3840,1500,1000,800,645.0,110,1,n,4
115,I0115,1500,1000,800,727.0,110,1,n,4
23,I0023,1500,800,800,671.0,110,0,n,4
3860,I3860,1500,1000,800,540.0,110,1,n,4
4333,I4333,1500,1000,800,652.0,110,1,n,4
758,I0758,1500,1000,800,806.0,110,1,n,4
4037,I4037,1500,800,800,0.0,110,0,n,4
2905,I2905,1500,1000,800,855.0,110,1,n,4
4775,I4775,1500,800,800,0.0,110,0,n,4
1526,I1526,1500,800,800,1178.0,110,0,n,4
3987,I3987,1500,800,800,891.0,110,0,n,4
2427,I2427,1500,1000,800,905.0,110,1,n,4
1339,I1339,1500,800,800,664.0,110,0,n,4
1186,I1186,1500,1000,800,986.0,110,1,n,4
1217,I1217,1500,1000,800,1161.0,110,1,n,4
3257,I3257,1500,800,800,570.0,110,0,n,4
1074,I1074,1500,1000,800,708.0,110,1,n,4
1030,I1030,1500,800,800,642.0,110,0,n,4
1490,I1490,1500,800,800,0.0,110,0,n,4
2637,I2637,1500,1000,800,0.0,110,1,n,4
2447,I2447,1500,1000,800,721.0,110,1,n,4
4320,I4320,1500,800,800,742.0,110,0,n,4
4110,I4110,1500,1000,800,625.0,110,1,n,4
138,I0138,1500,1000,800,0.0,110,1,n,4
501,I0501,1500,1000,800,682.0,110,1,n,4
3064,I3064,1500,1000,800,0.0,110,1,n,4
2551,I2551,1500,1000,800,486.0,110,1,n,4
4108,I4108,1500,800,800,0.0,110,0,n,4
1128,I1128,1500,800,800,836.0,110,0,n,4
907,I0907,1500,1000,800,0.0,110,1,n,4
4147,I4147,1500,800,800,617.0,110,0,n,4
685,I0685,1500,800,800,1105.0,110,0,n,4
2507,I2507,1500,800,800,898.0,110,0,n,4
3468,I3468,1500,800,800,0.0,110,0,n,4
3018,I3018,1500,800,800,0.0,110,0,n,4
4929,I4929,1500,1000,800,769.0,110,1,n,4
3407,I3407,1500,1000,800,1215.0,110,1,n,4
3727,I3727,1500,800,800,788.0,110,0,n,4
4397,I4397,1500,800,800,896.0,110,0,n,4
943,I0943,1500,1000,800,572.0,110,1,n,4
1276,I1276,1500,1000,800,556.0,110,1,n,4
1747,I1747,1500,1000,800,0.0,110,1,n,4
245,I0245,1500,1000,800,677.0,110,1,n,4
413,I0413,1500,1000,800,1130.0,110,1,n,4
154,I0154,1500,1000,800,761.0,110,1,n,4
3675,I3675,1500,800,800,0.0,110,0,n,4
474,I0474,1500,1000,800,826.0,110,1,n,4
272,I0272,1500,800,800,837.0,110,0,n,4
4669,I4669,1500,1000,800,803.0,110,1,n,4
83,I0083,1500,800,800,767.0,110,0,n,4
2797,I2797,1500,1000,800,0.0,110,1,n,4
3548,I3548,1500,800,800,825.0,110,0,n,4
4616,I4616,1500,1000,800,761.0,110,1,n,4
1981,I1981,1500,1000,800,684.0,110,1,n,4
4944,I4944,1500,800,800,633.0,110,0,n,4
2185,I2185,1500,1000,800,814.0,110,1,n,4
4455,I4455,1500,1000,800,717.0,110,1,n,4
1711,I1711,1500,800,800,880.0,110,0,n,4
4731,I4731,1500,1000,800,538.0,110,1,n,4
4223,I4223,1500,1000,800,522.0,110,1,n,4
2005,I2005,1500,1000,800,678.0,110,1,n,4
403,I0403,1500,800,800,827.0,110,0,n,4
3594,I3594,1500,1000,800,559.0,110,1,n,4
2710,I2710,1500,1000,800,835.0,110,1,n,4
4035,I4035,1500,800,800,1057.0,110,0,n,4
2981,I2981,1500,1000,800,890.0,110,1,n,4
58,I0058,1500,800,800,1021.0,110,0,n,4
4517,I4517,1500,1000,800,730.0,110,1,n,4
152,I0152,1500,1000,800,0.0,110,1,n,4
2140,I2140,1500,1000,800,0.0,110,1,n,4
3781,I3781,1500,1000,800,1016.0,110,1,n,4
1301,I1301,1500,1000,800,0.0,110,1,n,4
3723,I3723,1500,800,800,692.0,110,0,n,4
4552,I4552,1500,1000,800,0.0,110,1,n,4
4924,I4924,1500,800,800,822.0,110,0,n,4
16,I0016,1500,800,800,800.0,110,0,n,4
1272,I1272,1500,800,800,0.0,110,0,n,4
1695,I1695,1500,1000,800,0.0,110,1,n,4
3198,I3198,1500,800,800,724.0,110,0,n,4
2002,I2002,1500,1000,800,708.0,110,1,n,4
877,I0877,1500,1000,800,544.0,110,1,n,4
1986,I1986,1500,1000,800,0.0,110,1,n,4
4172,I4172,1500,1000,800,544.0,110,1,n,4
3659,I3659,1500,1000,800,771.0,110,1,n,4
1076,I1076,1500,1000,800,1202.0,110,1,n,4
2180,I2180,1500,1000,800,597.0,110,1,n,4
2755,I2755,1500,800,800,0.0,110,0,n,4
1770,I1770,1500,800,800,665.0,110,0,n,4
3340,I3340,1500,1000,800,989.0,110,1,n,4
2811,I2811,1500,1000,800,775.0,110,1,n,4
4590,I4590,1500,1000,800,579.0,110,1,n,4
4846,I4846,1500,800,800,0.0,110,0,n,4
808,I0808,1500,800,800,614.0,110,0,n,4
1075,I1075,1500,800,800,796.0,110,0,n,4
2368,I2368,1500,1000,800,501.0,110,1,n,4
3259,I3259,1500,1000,800,786.0,110,1,n,4
366,I0366,1500,800,800,580.0,110,0,n,4
3617,I3617,1500,1000,800,1010.0,110,1,n,4
4294,I4294,1500,800,800,597.0,110,0,n,4
2477,I2477,1500,800,800,582.0,110,0,n,4
3892,I3892,1500,800,800,557.0,110,0,n,4
1464,I1464,1500,800,800,1007.0,110,0,n,4
2791,I2791,1500,800,800,1263.0,110,0,n,4
3037,I3037,1500,1000,800,0.0,110,1,n,4
315,I0315,1500,1000,800,725.0,110,1,n,4
1643,I1643,1500,1000,800,1372.0,110,1,n,4
2448,I2448,1500,800,800,0.0,110,0,n,4
3100,I3100,1500,800,800,0.0,110,0,n,4
986,I0986,1500,1000,800,946.0,110,1,n,4
4005,I4005,1500,1000,800,1037.0,110,1,n,4
3910,I3910,1500,1000,800,841.0,110,1,n,4
698,I0698,1500,800,800,743.0,110,0,n,4
1531,I1531,1500,800,800,842.0,110,0,n,4
3237,I3237,1500,800,800,907.0,110,0,n,4
1218,I1218,1500,1000,800,572.0,110,1,n,4
4410,I4410,1500,1000,800,711.0,110,1,n,4
1550,I1550,1500,800,800,655.0,110,0,n,4
611,I0611,1500,800,800,577.0,110,0,n,4
4414,I4414,1500,1000,800,912.0,110,1,n,4
3178,I3178,1500,800,800,0.0,110,0,n,4
4407,I4407,1500,800,800,896.0,110,0,n,4
2018,I2018,1500,800,800,1002.0,110,0,n,4
914,I0914,1500,800,800,1061.0,110,0,n,4
2218,I2218,1500,1000,800,653.0,110,1,n,4
1297,I1297,1500,1000,800,993.0,110,1,n,4
2666,I2666,1500,1000,800,827.0,110,1,n,4
2182,I2182,1500,1000,800,686.0,110,1,n,4
1871,I1871,1500,800,800,505.0,110,0,n,4
926,I0926,1500,1000,800,670.0,110,1,n,4
3501,I3501,1500,1000,800,598.0,110,1,n,4
3526,I3526,1500,1000,800,635.0,110,1,n,4
4923,I4923,1500,800,800,0.0,110,0,n,4
2771,I2771,1500,800,800,783.0,110,0,n,4
393,I0393,1500,800,800,579.0,110,0,n,4
1291,I1291,1500,800,800,968.0,110,0,n,4
2731,I2731,1500,1000,800,736.0,110,1,n,4
2200,I2200,1500,800,800,0.0,110,0,n,4
3859,I3859,1500,800,800,617.0,110,0,n,4
4749,I4749,1500,800,800,526.0,110,0,n,4
2552,I2552,1500,1000,800,936.0,110,1,n,4
299,I0299,1500,1000,800,651.0,110,1,n,4
373,I0373,1500,800,800,529.0,110,0,n,4
2454,I2454,1500,800,800,552.0,110,0,n,4
1091,I1091,1500,800,800,638.0,110,0,n,4
2711,I2711,1500,1000,800,814.0,110,1,n,4
3556,I3556,1500,1000,800,1321.0,110,1,n,4
1826,I1826,1500,800,800,855.0,110,0,n,4
947,I0947,1500,800,800,990.0,110,0,n,4
2601,I2601,1500,800,800,0.0,110,0,n,4
2077,I2077,1500,1000,800,732.0,110,1,n,4
4771,I4771,1500,1000,800,827.0,110,1,n,4
1947,I1947,1500,1000,800,723.0,110,1,n,4
4568,I4568,1500,1000,800,847.0,110,1,n,4
408,I0408,1500,1000,800,0.0,110,1,n,4
248,I0248,1500,1000,800,1029.0,110,1,n,4
4262,I4262,1500,1000,800,946.0,110,1,n,4
2261,I2261,1500,800,800,769.0,110,0,n,4
570,I0570,1500,800,800,722.0,110,0,n,4
2687,I2687,1500,800,800,747.0,110,0,n,4
1984,I1984,1500,1000,800,614.0,110,1,n,4
630,I0630,1500,800,800,706.0,110,0,n,4
2409,I2409,1500,800,800,508.0,110,0,n,4
785,I0785,1500,800,800,1233.0,110,0,n,4
1864,I1864,1500,800,800,692.0,110,0,n,4
1685,I1685,1500,1000,800,0.0,110,1,n,4
4181,I4181,1500,800,800,668.0,110,0,n,4
2191,I2191,1500,800,800,0.0,110,0,n,4
2161,I2161,1500,1000,800,864.0,110,1,n,4
1529,I1529,1500,1000,800,872.0,110,1,n,4
2948,I2948,1500,1000,800,638.0,110,1,n,4
335,I0335,1500,800,800,746.0,110,0,n,4
377,I0377,1500,800,800,838.0,110,0,n,4
593,I0593,1500,800,800,488.0,110,0,n,4
3249,I3249,1500,800,800,774.0,110,0,n,4
2046,I2046,1500,1000,800,971.0,110,1,n,4
603,I0603,1500,800,800,716.0,110,0,n,4
4235,I4235,1500,1000,800,848.0,110,1,n,4
863,I0863,1500,1000,800,825.0,110,1,n,4
143,I0143,1500,800,800,0.0,110,0,n,4
3200,I3200,1500,1000,800,887.0,110,1,n,4
727,I0727,1500,1000,800,690.0,110,1,n,4
2106,I2106,1500,1000,800,600.0,110,1,n,4
1922,I1922,1500,800,800,907.0,110,0,n,4
162,I0162,1500,800,800,817.0,110,0,n,4
4833,I4833,1500,800,800,629.0,110,0,n,4
657,I0657,1500,800,800,0.0,110,0,n,4
4577,I4577,1500,1000,800,1055.0,110,1,n,4
4656,I4656,1500,800,800,538.0,110,0,n,4
4975,I4975,1500,800,800,0.0,110,0,n,4
4916,I4916,1500,1000,800,568.0,110,1,n,4
97,I0097,1500,1000,800,755.0,110,1,n,4
2767,I2767,1500,800,800,1133.0,110,0,n,4
2589,I2589,1500,800,800,606.0,110,0,n,4
1356,I1356,1500,1000,800,619.0,110,1,n,4
990,I0990,1500,800,800,606.0,110,0,n,4
4705,I4705,1500,1000,800,866.0,110,1,n,4
701,I0701,1500,800,800,549.0,110,0,n,4
4106,I4106,1500,800,800,821.0,110,0,n,4
2453,I2453,1500,1000,800,875.0,110,1,n,4
929,I0929,1500,800,800,613.0,110,0,n,4
2614,I2614,1500,800,800,0.0,110,0,n,4
276,I0276,1500,800,800,920.0,110,0,n,4
7,I0007,1500,800,800,0.0,110,0,n,4
4190,I4190,1500,1000,800,799.0,110,1,n,4
1265,I1265,1500,1000,800,1155.0,110,1,n,4
3307,I3307,1500,1000,800,925.0,110,1,n,4
4874,I4874,1500,800,800,854.0,110,0,n,4
3810,I3810,1500,1000,800,828.0,110,1,n,4
99,I0099,1500,800,800,556.0,110,0,n,4
4556,I4556,1500,800,800,1045.0,110,0,n,4
2693,I2693,1500,1000,800,684.0,110,1,n,4
3072,I3072,1500,800,800,731.0,110,0,n,4
1277,I1277,1500,1000,800,962.0,110,1,n,4
3056,I3056,1500,800,800,570.0,110,0,n,4
4507,I4507,1500,1000,800,791.0,110,1,n,4
3416,I3416,1500,1000,800,710.0,110,1,n,4
4571,I4571,1500,800,800,0.0,110,0,n,4
2889,I2889,1500,1000,800,0.0,110,1,n,4
971,I0971,1500,1000,800,699.0,110,1,n,4
1552,I1552,1500,800,800,800.0,110,0,n,4
4067,I4067,1500,1000,800,876.0,110,1,n,4
1003,I1003,1500,1000,800,1248.0,110,1,n,4
1165,I1165,1500,800,800,0.0,110,0,n,4
3414,I3414,1500,800,800,805.0,110,0,n,4
3843,I3843,1500,1000,800,0.0,110,1,n,4
4298,I4298,1500,1000,800,734.0,110,1,n,4
2982,I2982,1500,800,800,454.0,110,0,n,4
4438,I4438,1500,800,800,868.0,110,0,n,4
2882,I2882,1500,800,800,674.0,110,0,n,4
2919,I2919,1500,1000,800,632.0,110,1,n,4
3319,I3319,1500,1000,800,693.0,110,1,n,4
2829,I2829,1500,1000,800,517.0,110,1,n,4
3652,I3652,1500,1000,800,917.0,110,1,n,4
1931,I1931,1500,1000,800,853.0,110,1,n,4
1330,I1330,1500,800,800,1179.0,110,0,n,4
2524,I2524,1500,800,800,946.0,110,0,n,4
2689,I2689,1500,800,800,797.0,110,0,n,4
4009,I4009,1500,800,800,0.0,110,0,n,4
2049,I2049,1500,800,800,825.0,110,0,n,4
228,I0228,1500,1000,800,806.0,110,1,n,4
1493,I1493,1500,800,800,584.0,110,0,n,4
2866,I2866,1500,1000,800,849.0,110,1,n,4
1514,I1514,1500,1000,800,582.0,110,1,n,4
760,I0760,1500,800,800,918.0,110,0,n,4
2611,I2611,1500,1000,800,1029.0,110,1,n,4
3751,I3751,1500,1000,800,777.0,110,1,n,4
658,I0658,1500,1000,800,706.0,110,1,n,4
3090,I3090,1500,800,800,648.0,110,0,n,4
713,I0713,1500,1000,800,700.0,110,1,n,4
4386,I4386,1500,800,800,614.0,110,0,n,4
2761,I2761,1500,1000,800,963.0,110,1,n,4
3013,I3013,1500,1000,800,1018.0,110,1,n,4
2518,I2518,1500,1000,800,574.0,110,1,n,4
1890,I1890,1500,1000,800,681.0,110,1,n,4
358,I0358,1500,800,800,0.0,110,0,n,4
3555,I3555,1500,1000,800,838.0,110,1,n,4
175,I0175,1500,800,800,0.0,110,0,n,4
3282,I3282,1500,800,800,0.0,110,0,n,4
436,I0436,1500,800,800,863.0,110,0,n,4
499,I0499,1500,1000,800,554.0,110,1,n,4
4774,I4774,1500,1000,800,0.0,110,1,n,4
2278,I2278,1500,1000,800,839.0,110,1,n,4
2480,I2480,1500,800,800,595.0,110,0,n,4
4122,I4122,1500,800,800,743.0,110,0,n,4
1772,I1772,1500,800,800,0.0,110,0,n,4
2493,I2493,1500,800,800,849.0,110,0,n,4
3923,I3923,1500,1000,800,0.0,110,1,n,4
3628,I3628,1500,800,800,811.0,110,0,n,4
1797,I1797,1500,800,800,1183.0,110,0,n,4
3067,I3067,1500,1000,800,601.0,110,1,n,4
2796,I2796,1500,800,800,1083.0,110,0,n,4
96,I0096,1500,1000,800,632.0,110,1,n,4
1592,I1592,1500,1000,800,0.0,110,1,n,4
2565,I2565,1500,800,800,1007.0,110,0,n,4
839,I0839,1500,800,800,707.0,110,0,n,4
3308,I3308,1500,800,800,650.0,110,0,n,4
2183,I2183,1500,1000,800,636.0,110,1,n,4
128,I0128,1500,800,800,598.0,110,0,n,4
2415,I2415,1500,800,800,705.0,110,0,n,4
552,I0552,1500,1000,800,0.0,110,1,n,4
3316,I3316,1500,800,800,608.0,110,0,n,4
4586,I4586,1500,1000,800,636.0,110,1,n,4
2716,I2716,1500,800,800,1106.0,110,0,n,4
716,I0716,1500,1000,800,551.0,110,1,n,4
2665,I2665,1500,800,800,646.0,110,0,n,4
4533,I4533,1500,800,800,539.0,110,0,n,4
3408,I3408,1500,1000,800,931.0,110,1,n,4
1962,I1962,1500,1000,800,0.0,110,1,n,4
2304,I2304,1500,800,800,628.0,110,0,n,4
4613,I4613,1500,1000,800,627.0,110,1,n,4
1824,I1824,1500,800,800,1027.0,110,0,n,4
4161,I4161,1500,1000,800,521.0,110,1,n,4
4076,I4076,1500,800,800,835.0,110,0,n,4
1726,I1726,1500,800,800,658.0,110,0,n,4
1368,I1368,1500,800,800,0.0,110,0,n,4
615,I0615,1500,800,800,0.0,110,0,n,4
252,I0252,1500,800,800,802.0,110,0,n,4
2856,I2856,1500,1000,800,1030.0,110,1,n,4
1507,I1507,1500,800,800,562.0,110,0,n,4
1812,I1812,1500,800,800,835.0,110,0,n,4
1618,I1618,1500,800,800,547.0,110,0,n,4
4212,I4212,1500,1000,800,699.0,110,1,n,4
1558,I1558,1500,1000,800,1065.0,110,1,n,4
4454,I4454,1500,800,800,551.0,110,0,n,4
4137,I4137,1500,1000,800,1000.0,110,1,n,4
3298,I3298,1500,800,800,841.0,110,0,n,4
439,I0439,1500,800,800,798.0,110,0,n,4
1798,I1798,1500,800,800,0.0,110,0,n,4
505,I0505,1500,1000,800,603.0,110,1,n,4
4436,I4436,1500,800,800,933.0,110,0,n,4
1599,I1599,1500,1000,800,868.0,110,1,n,4
4540,I4540,1500,800,800,0.0,110,0,n,4
4203,I4203,1500,1000,800,793.0,110,1,n,4
4634,I4634,1500,800,800,914.0,110,0,n,4
3489,I3489,1500,1000,800,857.0,110,1,n,4
339,I0339,1500,800,800,745.0,110,0,n,4
4706,I4706,1500,1000,800,860.0,110,1,n,4
4832,I4832,1500,800,800,733.0,110,0,n,4
202,I0202,1500,1000,800,887.0,110,1,n,4
1435,I1435,1500,800,800,882.0,110,0,n,4
4888,I4888,1500,1000,800,911.0,110,1,n,4
3850,I3850,1500,800,800,0.0,110,0,n,4
2119,I2119,1500,1000,800,842.0,110,1,n,4
696,I0696,1500,800,800,938.0,110,0,n,4
3125,I3125,1500,1000,800,981.0,110,1,n,4
3671,I3671,1500,800,800,766.0,110,0,n,4
1936,I1936,1500,800,800,687.0,110,0,n,4
3047,I3047,1500,1000,800,0.0,110,1,n,4
1324,I1324,1500,800,800,793.0,110,0,n,4
1399,I1399,1500,1000,800,718.0,110,1,n,4
3793,I3793,1500,1000,800,674.0,110,1,n,4
130,I0130,1500,1000,800,0.0,110,1,n,4
4991,I4991,1500,1000,800,795.0,110,1,n,4
1938,I1938,1500,800,800,483.0,110,0,n,4
2438,I2438,1500,800,800,1121.0,110,0,n,4
3799,I3799,1500,1000,800,679.0,110,1,n,4
320,I0320,1500,1000,800,928.0,110,1,n,4
707,I0707,1500,800,800,623.0,110,0,n,4
4825,I4825,1500,800,800,962.0,110,0,n,4
3442,I3442,1500,800,800,0.0,110,0,n,4
4208,I4208,1500,800,800,925.0,110,0,n,4
3116,I3116,1500,1000,800,783.0,110,1,n,4
1460,I1460,1500,800,800,606.0,110,0,n,4
584,I0584,1500,1000,800,666.0,110,1,n,4
2577,I2577,1500,800,800,667.0,110,0,n,4
732,I0732,1500,800,800,545.0,110,0,n,4
2398,I2398,1500,1000,800,656.0,110,1,n,4
1902,I1902,1500,800,800,0.0,110,0,n,4
4231,I4231,1500,1000,800,877.0,110,1,n,4
3291,I3291,1500,1000,800,0.0,110,1,n,4
3989,I3989,1500,1000,800,474.0,110,1,n,4
2542,I2542,1500,1000,800,0.0,110,1,n,4
4694,I4694,1500,1000,800,748.0,110,1,n,4
102,I0102,1500,800,800,850.0,110,0,n,4
817,I0817,1500,1000,800,668.0,110,1,n,4
2320,I2320,1500,1000,800,903.0,110,1,n,4
4167,I4167,1500,800,800,990.0,110,0,n,4
2753,I2753,1500,800,800,866.0,110,0,n,4
342,I0342,1500,1000,800,729.0,110,1,n,4
751,I0751,1500,1000,800,855.0,110,1,n,4
1678,I1678,1500,1000,800,717.0,110,1,n,4
4995,I4995,1500,1000,800,621.0,110,1,n,4
4018,I4018,1500,800,800,0.0,110,0,n,4
4814,I4814,1500,1000,800,1059.0,110,1,n,4
490,I0490,1500,800,800,730.0,110,0,n,4
1866,I1866,1500,800,800,1028.0,110,0,n,4
2978,I2978,1500,800,800,0.0,110,0,n,4
1586,I1586,1500,1000,800,842.0,110,1,n,4
4493,I4493,1500,1000,800,0.0,110,1,n,4
4424,I4424,1500,1000,800,0.0,110,1,n,4
3300,I3300,1500,1000,800,954.0,110,1,n,4
855,I0855,1500,800,800,1004.0,110,0,n,4
4736,I4736,1500,1000,800,0.0,110,1,n,4
2169,I2169,1500,1000,800,1000.0,110,1,n,4
1852,I1852,1500,800,800,572.0,110,0,n,4
24,I0024,1500,1000,800,817.0,110,1,n,4
2510,I2510,1500,800,800,761.0,110,0,n,4
4081,I4081,1500,1000,800,779.0,110,1,n,4
4226,I4226,1500,800,800,610.0,110,0,n,4
4796,I4796,1500,800,800,510.0,110,0,n,4
869,I0869,1500,1000,800,779.0,110,1,n,4
1087,I1087,1500,800,800,648.0,110,0,n,4
2722,I2722,1500,800,800,1001.0,110,0,n,4
3147,I3147,1500,1000,800,782.0,110,1,n,4
2341,I2341,1500,1000,800,619.0,110,1,n,4
1818,I1818,1500,800,800,0.0,110,0,n,4
1062,I1062,1500,800,800,579.0,110,0,n,4
1078,I1078,1500,800,800,888.0,110,0,n,4
2283,I2283,1500,1000,800,0.0,110,1,n,4
4352,I4352,1500,800,800,0.0,110,0,n,4
4695,I4695,1500,1000,800,0.0,110,1,n,4
4289,I4289,1500,800,800,801.0,110,0,n,4
4412,I4412,1500,1000,800,761.0,110,1,n,4
1286,I1286,1500,800,800,820.0,110,0,n,4
1830,I1830,1500,1000,800,619.0,110,1,n,4
2329,I2329,1500,800,800,0.0,110,0,n,4
2101,I2101,1500,800,800,512.0,110,0,n,4
209,I0209,1500,800,800,876.0,110,0,n,4
2149,I2149,1500,1000,800,0.0,110,1,n,4
1231,I1231,1500,1000,800,957.0,110,1,n,4
618,I0618,1500,1000,800,767.0,110,1,n,4
3189,I3189,1500,800,800,672.0,110,0,n,4
3645,I3645,1500,1000,800,567.0,110,1,n,4
1839,I1839,1500,1000,800,0.0,110,1,n,4
3284,I3284,1500,800,800,689.0,110,0,n,4
1942,I1942,1500,800,800,862.0,110,0,n,4
4657,I4657,1500,800,800,700.0,110,0,n,4
1180,I1180,1500,1000,800,1047.0,110,1,n,4
4663,I4663,1500,1000,800,961.0,110,1,n,4
2380,I2380,1500,800,800,0.0,110,0,n,4
1215,I1215,1500,1000,800,0.0,110,1,n,4
576,I0576,1500,1000,800,679.0,110,1,n,4
2607,I2607,1500,1000,800,672.0,110,1,n,4
1203,I1203,1500,1000,800,740.0,110,1,n,4
3279,I3279,1500,1000,800,699.0,110,1,n,4
4928,I4928,1500,800,800,1173.0,110,0,n,4
1715,I1715,1500,1000,800,0.0,110,1,n,4
3079,I3079,1500,800,800,0.0,110,0,n,4
4201,I4201,1500,1000,800,0.0,110,1,n,4
376,I0376,1500,1000,800,771.0,110,1,n,4
401,I0401,1500,800,800,916.0,110,0,n,4
4114,I4114,1500,1000,800,550.0,110,1,n,4
1910,I1910,1500,800,800,1001.0,110,0,n,4
2065,I2065,1500,800,800,0.0,110,0,n,4
2799,I2799,1500,800,800,724.0,110,0,n,4
1458,I1458,1500,1000,800,485.0,110,1,n,4
288,I0288,1500,1000,800,1127.0,110,1,n,4
1270,I1270,1500,1000,800,789.0,110,1,n,4
2026,I2026,1500,800,800,586.0,110,0,n,4
804,I0804,1500,800,800,1017.0,110,0,n,4
1176,I1176,1500,800,800,0.0,110,0,n,4
2290,I2290,1500,1000,800,1281.0,110,1,n,4
409,I0409,1500,800,800,0.0,110,0,n,4
3547,I3547,1500,800,800,729.0,110,0,n,4
4075,I4075,1500,1000,800,1255.0,110,1,n,4
1185,I1185,1500,800,800,0.0,110,0,n,4
660,I0660,1500,1000,800,671.0,110,1,n,4
4326,I4326,1500,1000,800,512.0,110,1,n,4
440,I0440,1500,800,800,0.0,110,0,n,4
1285,I1285,1500,800,800,856.0,110,0,n,4
1057,I1057,1500,800,800,616.0,110,0,n,4
559,I0559,1500,800,800,478.0,110,0,n,4
1033,I1033,1500,800,800,920.0,110,0,n,4
2937,I2937,1500,1000,800,1007.0,110,1,n,4
1821,I1821,1500,800,800,633.0,110,0,n,4
931,I0931,1500,1000,800,890.0,110,1,n,4
4126,I4126,1500,1000,800,669.0,110,1,n,4
821,I0821,1500,800,800,786.0,110,0,n,4
4154,I4154,1500,800,800,846.0,110,0,n,4
575,I0575,1500,1000,800,746.0,110,1,n,4
967,I0967,1500,1000,800,616.0,110,1,n,4
2458,I2458,1500,1000,800,764.0,110,1,n,4
763,I0763,1500,800,800,1036.0,110,0,n,4
894,I0894,1500,1000,800,880.0,110,1,n,4
1230,I1230,1500,1000,800,1017.0,110,1,n,4
2628,I2628,1500,1000,800,689.0,110,1,n,4
963,I0963,1500,800,800,583.0,110,0,n,4
3171,I3171,1500,800,800,726.0,110,0,n,4
927,I0927,1500,1000,800,559.0,110,1,n,4
2777,I2777,1500,800,800,996.0,110,0,n,4
3627,I3627,1500,800,800,621.0,110,0,n,4
4666,I4666,1500,1000,800,0.0,110,1,n,4
2151,I2151,1500,1000,800,743.0,110,1,n,4
2132,I2132,1500,800,800,639.0,110,0,n,4
2126,I2126,1500,1000,800,756.0,110,1,n,4
1972,I1972,1500,1000,800,0.0,110,1,n,4
2857,I2857,1500,1000,800,882.0,110,1,n,4
3453,I3453,1500,800,800,0.0,110,0,n,4
4422,I4422,1500,800,800,0.0,110,0,n,4
381,I0381,1500,800,800,666.0,110,0,n,4
1216,I1216,1500,1000,800,1069.0,110,1,n,4
4989,I4989,1500,1000,800,952.0,110,1,n,4
2037,I2037,1500,1000,800,0.0,110,1,n,4
2655,I2655,1500,800,800,761.0,110,0,n,4
149,I0149,1500,1000,800,995.0,110,1,n,4
3244,I3244,1500,1000,800,855.0,110,1,n,4
4506,I4506,1500,800,800,1069.0,110,0,n,4
426,I0426,1500,800,800,932.0,110,0,n,4
2704,I2704,1500,1000,800,0.0,110,1,n,4
4981,I4981,1500,800,800,593.0,110,0,n,4
3467,I3467,1500,1000,800,709.0,110,1,n,4
4041,I4041,1500,1000,800,0.0,110,1,n,4
292,I0292,1500,1000,800,0.0,110,1,n,4
3979,I3979,1500,800,800,661.0,110,0,n,4
639,I0639,1500,800,800,655.0,110,0,n,4
2505,I2505,1500,800,800,0.0,110,0,n,4
1948,I1948,1500,800,800,0.0,110,0,n,4
564,I0564,1500,1000,800,642.0,110,1,n,4
2462,I2462,1500,1000,800,672.0,110,1,n,4
787,I0787,1500,1000,800,851.0,110,1,n,4
1047,I1047,1500,800,800,0.0,110,0,n,4
1521,I1521,1500,800,800,724.0,110,0,n,4
1872,I1872,1500,800,800,781.0,110,0,n,4
1110,I1110,1500,800,800,519.0,110,0,n,4
3803,I3803,1500,800,800,569.0,110,0,n,4
3144,I3144,1500,800,800,692.0,110,0,n,4
1665,I1665,1500,1000,800,0.0,110,1,n,4
1606,I1606,1500,800,800,886.0,110,0,n,4
2995,I2995,1500,800,800,709.0,110,0,n,4
1959,I1959,1500,1000,800,0.0,110,1,n,4
98,I0098,1500,1000,800,639.0,110,1,n,4
4817,I4817,1500,800,800,715.0,110,0,n,4
1946,I1946,1500,1000,800,0.0,110,1,n,4
4317,I4317,1500,800,800,977.0,110,0,n,4
4970,I4970,1500,1000,800,0.0,110,1,n,4
3057,I3057,1500,800,800,744.0,110,0,n,4
3194,I3194,1500,1000,800,0.0,110,1,n,4
4273,I4273,1500,1000,800,507.0,110,1,n,4
1620,I1620,1500,800,800,725.0,110,0,n,4
2661,I2661,1500,1000,800,684.0,110,1,n,4
34,I0034,1500,800,800,865.0,110,0,n,4
2117,I2117,1500,1000,800,750.0,110,1,n,4
3666,I3666,1500,800,800,0.0,110,0,n,4
2983,I2983,1500,1000,800,645.0,110,1,n,4
4816,I4816,1500,1000,800,965.0,110,1,n,4
1189,I1189,1500,1000,800,926.0,110,1,n,4
1640,I1640,1500,1000,800,0.0,110,1,n,4
2615,I2615,1500,800,800,840.0,110,0,n,4
4482,I4482,1500,800,800,896.0,110,0,n,4
2659,I2659,1500,1000,800,571.0,110,1,n,4
883,I0883,1500,1000,800,974.0,110,1,n,4
2214,I2214,1500,800,800,583.0,110,0,n,4
4224,I4224,1500,800,800,716.0,110,0,n,4
1060,I1060,1500,800,800,1126.0,110,0,n,4
1018,I1018,1500,1000,800,0.0,110,1,n,4
1877,I1877,1500,800,800,791.0,110,0,n,4
3554,I3554,1500,1000,800,1146.0,110,1,n,4
3903,I3903,1500,1000,800,496.0,110,1,n,4
3455,I3455,1500,800,800,0.0,110,0,n,4
167,I0167,1500,800,800,999.0,110,0,n,4
1559,I1559,1500,1000,800,1244.0,110,1,n,4
4911,I4911,1500,1000,800,573.0,110,1,n,4
569,I0569,1500,800,800,1406.0,110,0,n,4
1137,I1137,1500,800,800,1040.0,110,0,n,4
2820,I2820,1500,800,800,692.0,110,0,n,4
4148,I4148,1500,1000,800,652.0,110,1,n,4
3691,I3691,1500,800,800,662.0,110,0,n,4
2138,I2138,1500,800,800,679.0,110,0,n,4
4389,I4389,1500,800,800,558.0,110,0,n,4
2515,I2515,1500,1000,800,669.0,110,1,n,4
2084,I2084,1500,800,800,942.0,110,0,n,4
543,I0543,1500,800,800,931.0,110,0,n,4
527,I0527,1500,800,800,798.0,110,0,n,4
3768,I3768,1500,800,800,519.0,110,0,n,4
3500,I3500,1500,1000,800,482.0,110,1,n,4
2674,I2674,1500,800,800,638.0,110,0,n,4
2962,I2962,1500,800,800,837.0,110,0,n,4
4210,I4210,1500,1000,800,800.0,110,1,n,4
3415,I3415,1500,1000,800,822.0,110,1,n,4
1878,I1878,1500,800,800,1216.0,110,0,n,4
2345,I2345,1500,1000,800,0.0,110,1,n,4
1766,I1766,1500,800,800,1031.0,110,0,n,4
486,I0486,1500,800,800,684.0,110,0,n,4
4207,I4207,1500,1000,800,595.0,110,1,n,4
2012,I2012,1500,1000,800,623.0,110,1,n,4
4331,I4331,1500,800,800,0.0,110,0,n,4
1338,I1338,1500,1000,800,0.0,110,1,n,4
2514,I2514,1500,800,800,851.0,110,0,n,4
1562,I1562,1500,1000,800,740.0,110,1,n,4
2476,I2476,1500,1000,800,1359.0,110,1,n,4
2484,I2484,1500,1000,800,763.0,110,1,n,4
1796,I1796,1500,800,800,1161.0,110,0,n,4
2277,I2277,1500,800,800,0.0,110,0,n,4
2684,I2684,1500,800,800,773.0,110,0,n,4
3713,I3713,1500,1000,800,1002.0,110,1,n,4
809,I0809,1500,1000,800,800.0,110,1,n,4
4620,I4620,1500,800,800,580.0,110,0,n,4
1225,I1225,1500,800,800,853.0,110,0,n,4
741,I0741,1500,800,800,846.0,110,0,n,4
222,I0222,1500,800,800,679.0,110,0,n,4
2918,I2918,1500,1000,800,887.0,110,1,n,4
4220,I4220,1500,800,800,869.0,110,0,n,4
3725,I3725,1500,800,800,779.0,110,0,n,4
283,I0283,1500,800,800,643.0,110,0,n,4
2899,I2899,1500,1000,800,515.0,110,1,n,4
1107,I1107,1500,800,800,491.0,110,0,n,4
329,I0329,1500,800,800,0.0,110,0,n,4
2592,I2592,1500,1000,800,927.0,110,1,n,4
4247,I4247,1500,1000,800,885.0,110,1,n,4
1675,I1675,1500,800,800,459.0,110,0,n,4
3696,I3696,1500,800,800,708.0,110,0,n,4
1220,I1220,1500,800,800,931.0,110,0,n,4
3418,I3418,1500,1000,800,0.0,110,1,n,4
2416,I2416,1500,800,800,900.0,110,0,n,4
608,I0608,1500,800,800,940.0,110,0,n,4
3701,I3701,1500,1000,800,1063.0,110,1,n,4
3837,I3837,1500,800,800,596.0,110,0,n,4
3002,I3002,1500,1000,800,657.0,110,1,n,4
999,I0999,1500,800,800,626.0,110,0,n,4
3460,I3460,1500,800,800,0.0,110,0,n,4
1430,I1430,1500,800,800,859.0,110,0,n,4
992,I0992,1500,800,800,575.0,110,0,n,4
2949,I2949,1500,800,800,767.0,110,0,n,4
641,I0641,1500,800,800,831.0,110,0,n,4
1611,I1611,1500,800,800,727.0,110,0,n,4
4768,I4768,1500,1000,800,593.0,110,1,n,4
3646,I3646,1500,1000,800,0.0,110,1,n,4
2401,I2401,1500,800,800,977.0,110,0,n,4
166,I0166,1500,1000,800,769.0,110,1,n,4
369,I0369,1500,1000,800,618.0,110,1,n,4
3190,I3190,1500,800,800,1016.0,110,0,n,4
4569,I4569,1500,1000,800,645.0,110,1,n,4
2629,I2629,1500,1000,800,933.0,110,1,n,4
3309,I3309,1500,800,800,1124.0,110,0,n,4
1819,I1819,1500,800,800,677.0,110,0,n,4
4678,I4678,1500,1000,800,741.0,110,1,n,4
4690,I4690,1500,800,800,0.0,110,0,n,4
3878,I3878,1500,1000,800,629.0,110,1,n,4
137,I0137,1500,1000,800,744.0,110,1,n,4
4784,I4784,1500,800,800,842.0,110,0,n,4
4170,I4170,1500,1000,800,755.0,110,1,n,4
1295,I1295,1500,800,800,671.0,110,0,n,4
966,I0966,1500,1000,800,829.0,110,1,n,4
968,I0968,1500,800,800,545.0,110,0,n,4
4751,I4751,1500,1000,800,1226.0,110,1,n,4
1122,I1122,1500,1000,800,0.0,110,1,n,4
3749,I3749,1500,1000,800,983.0,110,1,n,4
2734,I2734,1500,1000,800,0.0,110,1,n,4
4093,I4093,1500,800,800,855.0,110,0,n,4
3686,I3686,1500,800,800,1001.0,110,0,n,4
1239,I1239,1500,1000,800,901.0,110,1,n,4
4092,I4092,1500,800,800,0.0,110,0,n,4
2720,I2720,1500,1000,800,0.0,110,1,n,4
3643,I3643,1500,800,800,893.0,110,0,n,4
4204,I4204,1500,800,800,713.0,110,0,n,4
2435,I2435,1500,1000,800,0.0,110,1,n,4
3356,I3356,1500,800,800,522.0,110,0,n,4
4074,I4074,1500,1000,800,769.0,110,1,n,4
1273,I1273,1500,800,800,0.0,110,0,n,4
4611,I4611,1500,1000,800,922.0,110,1,n,4
2425,I2425,1500,800,800,875.0,110,0,n,4
1535,I1535,1500,800,800,803.0,110,0,n,4
2177,I2177,1500,800,800,584.0,110,0,n,4
1995,I1995,1500,1000,800,0.0,110,1,n,4
273,I0273,1500,800,800,768.0,110,0,n,4
21,I0021,1500,1000,800,0.0,110,1,n,4
936,I0936,1500,1000,800,1095.0,110,1,n,4
1595,I1595,1500,800,800,613.0,110,0,n,4
282,I0282,1500,800,800,0.0,110,0,n,4
2287,I2287,1500,800,800,952.0,110,0,n,4
1099,I1099,1500,1000,800,1124.0,110,1,n,4
2913,I2913,1500,1000,800,0.0,110,1,n,4
595,I0595,1500,800,800,744.0,110,0,n,4
54,I0054,1500,1000,800,953.0,110,1,n,4
3202,I3202,1500,800,800,633.0,110,0,n,4
4449,I4449,1500,1000,800,706.0,110,1,n,4
4186,I4186,1500,1000,800,661.0,110,1,n,4
4872,I4872,1500,1000,800,0.0,110,1,n,4
2203,I2203,1500,1000,800,941.0,110,1,n,4
915,I0915,1500,1000,800,703.0,110,1,n,4
3423,I3423,1500,800,800,673.0,110,0,n,4
1455,I1455,1500,800,800,0.0,110,0,n,4
1478,I1478,1500,1000,800,914.0,110,1,n,4
4879,I4879,1500,800,800,856.0,110,0,n,4
4643,I4643,1500,1000,800,650.0,110,1,n,4
3523,I3523,1500,1000,800,866.0,110,1,n,4
4327,I4327,1500,800,800,0.0,110,0,n,4
1817,I1817,1500,800,800,634.0,110,0,n,4
3041,I3041,1500,1000,800,601.0,110,1,n,4
3258,I3258,1500,800,800,1074.0,110,0,n,4
749,I0749,1500,800,800,0.0,110,0,n,4
779,I0779,1500,1000,800,631.0,110,1,n,4
624,I0624,1500,1000,800,829.0,110,1,n,4
3926,I3926,1500,800,800,1240.0,110,0,n,4
45,I0045,1500,800,800,747.0,110,0,n,4
3435,I3435,1500,1000,800,951.0,110,1,n,4
3764,I3764,1500,1000,800,1061.0,110,1,n,4
2248,I2248,1500,1000,800,860.0,110,1,n,4
101,I0101,1500,800,800,870.0,110,0,n,4
183,I0183,1500,1000,800,0.0,110,1,n,4
4097,I4097,1500,1000,800,644.0,110,1,n,4
745,I0745,1500,1000,800,464.0,110,1,n,4
3940,I3940,1500,1000,800,1017.0,110,1,n,4
2822,I2822,1500,1000,800,855.0,110,1,n,4
2618,I2618,1500,1000,800,0.0,110,1,n,4
1036,I1036,1500,800,800,0.0,110,0,n,4
2754,I2754,1500,1000,800,0.0,110,1,n,4
1785,I1785,1500,1000,800,624.0,110,1,n,4
984,I0984,1500,1000,800,762.0,110,1,n,4
1911,I1911,1500,1000,800,833.0,110,1,n,4
1401,I1401,1500,800,800,700.0,110,0,n,4
1831,I1831,1500,1000,800,911.0,110,1,n,4
1200,I1200,1500,800,800,784.0,110,0,n,4
2667,I2667,1500,1000,800,680.0,110,1,n,4
2550,I2550,1500,800,800,727.0,110,0,n,4
3525,I3525,1500,1000,800,581.0,110,1,n,4
3498,I3498,1500,1000,800,1244.0,110,1,n,4
1436,I1436,1500,1000,800,886.0,110,1,n,4
1319,I1319,1500,800,800,1024.0,110,0,n,4
2358,I2358,1500,800,800,991.0,110,0,n,4
2166,I2166,1500,1000,800,0.0,110,1,n,4
1364,I1364,1500,800,800,901.0,110,0,n,4
2342,I2342,1500,1000,800,794.0,110,1,n,4
546,I0546,1500,800,800,603.0,110,0,n,4
4783,I4783,1500,800,800,0.0,110,0,n,4
1119,I1119,1500,1000,800,546.0,110,1,n,4
208,I0208,1500,800,800,0.0,110,0,n,4
227,I0227,1500,1000,800,0.0,110,1,n,4
2735,I2735,1500,800,800,613.0,110,0,n,4
72,I0072,1500,1000,800,684.0,110,1,n,4
4883,I4883,1500,1000,800,0.0,110,1,n,4
1566,I1566,1500,800,800,915.0,110,0,n,4
4433,I4433,1500,1000,800,1232.0,110,1,n,4
4059,I4059,1500,1000,800,1019.0,110,1,n,4
3131,I3131,1500,1000,800,0.0,110,1,n,4
1957,I1957,1500,800,800,0.0,110,0,n,4
2740,I2740,1500,1000,800,488.0,110,1,n,4
2420,I2420,1500,1000,800,820.0,110,1,n,4
1207,I1207,1500,1000,800,0.0,110,1,n,4
2460,I2460,1500,1000,800,971.0,110,1,n,4
4062,I4062,1500,800,800,773.0,110,0,n,4
4557,I4557,1500,1000,800,713.0,110,1,n,4
2717,I2717,1500,1000,800,901.0,110,1,n,4
198,I0198,1500,800,800,562.0,110,0,n,4
3948,I3948,1500,800,800,609.0,110,0,n,4
4357,I4357,1500,800,800,0.0,110,0,n,4
2479,I2479,1500,800,800,500.0,110,0,n,4
4251,I4251,1500,1000,800,630.0,110,1,n,4
1130,I1130,1500,1000,800,850.0,110,1,n,4
610,I0610,1500,1000,800,734.0,110,1,n,4
311,I0311,1500,1000,800,0.0,110,1,n,4
1026,I1026,1500,800,800,872.0,110,0,n,4
2597,I2597,1500,1000,800,1026.0,110,1,n,4
2867,I2867,1500,1000,800,630.0,110,1,n,4
3267,I3267,1500,1000,800,932.0,110,1,n,4
2707,I2707,1500,800,800,579.0,110,0,n,4
3248,I3248,1500,1000,800,0.0,110,1,n,4
4940,I4940,1500,1000,800,611.0,110,1,n,4
3805,I3805,1500,1000,800,1167.0,110,1,n,4
2233,I2233,1500,800,800,489.0,110,0,n,4
360,I0360,1500,1000,800,699.0,110,1,n,4
424,I0424,1500,800,800,721.0,110,0,n,4
2744,I2744,1500,800,800,642.0,110,0,n,4
991,I0991,1500,800,800,597.0,110,0,n,4
4648,I4648,1500,800,800,857.0,110,0,n,4
3052,I3052,1500,1000,800,700.0,110,1,n,4
3565,I3565,1500,800,800,679.0,110,0,n,4
35,I0035,1500,1000,800,645.0,110,1,n,4
1053,I1053,1500,1000,800,715.0,110,1,n,4
3954,I3954,1500,800,800,710.0,110,0,n,4
2529,I2529,1500,800,800,0.0,110,0,n,4
2485,I2485,1500,1000,800,579.0,110,1,n,4
1934,I1934,1500,800,800,804.0,110,0,n,4
2775,I2775,1500,1000,800,701.0,110,1,n,4
3944,I3944,1500,1000,800,706.0,110,1,n,4
4061,I4061,1500,800,800,1113.0,110,0,n,4
2142,I2142,1500,1000,800,790.0,110,1,n,4
1124,I1124,1500,800,800,857.0,110,0,n,4
1149,I1149,1500,800,800,739.0,110,0,n,4
318,I0318,1500,800,800,900.0,110,0,n,4
1909,I1909,1500,800,800,876.0,110,0,n,4
1093,I1093,1500,800,800,0.0,110,0,n,4
1630,I1630,1500,1000,800,638.0,110,1,n,4
3240,I3240,1500,1000,800,1071.0,110,1,n,4
3821,I3821,1500,1000,800,0.0,110,1,n,4
3950,I3950,1500,1000,800,512.0,110,1,n,4
4150,I4150,1500,800,800,0.0,110,0,n,4
2210,I2210,1500,1000,800,541.0,110,1,n,4
3271,I3271,1500,800,800,657.0,110,0,n,4
1250,I1250,1500,1000,800,617.0,110,1,n,4
2783,I2783,1500,800,800,750.0,110,0,n,4
1238,I1238,1500,1000,800,542.0,110,1,n,4
866,I0866,1500,800,800,582.0,110,0,n,4
4708,I4708,1500,800,800,1362.0,110,0,n,4
1807,I1807,1500,800,800,735.0,110,0,n,4
596,I0596,1500,800,800,564.0,110,0,n,4
2745,I2745,1500,1000,800,1014.0,110,1,n,4
1930,I1930,1500,800,800,0.0,110,0,n,4
4998,I4998,1500,800,800,1021.0,110,0,n,4
2297,I2297,1500,800,800,796.0,110,0,n,4
4680,I4680,1500,1000,800,836.0,110,1,n,4
4573,I4573,1500,800,800,1019.0,110,0,n,4
2570,I2570,1500,800,800,751.0,110,0,n,4
3994,I3994,1500,800,800,1055.0,110,0,n,4
4157,I4157,1500,1000,800,0.0,110,1,n,4
1712,I1712,1500,800,800,515.0,110,0,n,4
62,I0062,1500,800,800,747.0,110,0,n,4
2631,I2631,1500,800,800,0.0,110,0,n,4
2240,I2240,1500,800,800,684.0,110,0,n,4
1311,I1311,1500,800,800,0.0,110,0,n,4
3424,I3424,1500,800,800,0.0,110,0,n,4
800,I0800,1500,800,800,645.0,110,0,n,4
3558,I3558,1500,800,800,0.0,110,0,n,4
120,I0120,1500,800,800,984.0,110,0,n,4
4875,I4875,1500,1000,800,904.0,110,1,n,4
3841,I3841,1500,800,800,861.0,110,0,n,4
3945,I3945,1500,1000,800,1173.0,110,1,n,4
434,I0434,1500,1000,800,720.0,110,1,n,4
1885,I1885,1500,1000,800,801.0,110,1,n,4
10,I0010,1500,1000,800,923.0,110,1,n,4
4822,I4822,1500,1000,800,1181.0,110,1,n,4
2939,I2939,1500,1000,800,682.0,110,1,n,4
3348,I3348,1500,800,800,635.0,110,0,n,4
2682,I2682,1500,800,800,1126.0,110,0,n,4
3054,I3054,1500,800,800,595.0,110,0,n,4
4562,I4562,1500,1000,800,564.0,110,1,n,4
1863,I1863,1500,1000,800,632.0,110,1,n,4
2904,I2904,1500,800,800,999.0,110,0,n,4
953,I0953,1500,1000,800,912.0,110,1,n,4
951,I0951,1500,800,800,864.0,110,0,n,4
4393,I4393,1500,800,800,764.0,110,0,n,4
4413,I4413,1500,1000,800,803.0,110,1,n,4
1691,I1691,1500,1000,800,668.0,110,1,n,4
1335,I1335,1500,1000,800,705.0,110,1,n,4
4401,I4401,1500,1000,800,824.0,110,1,n,4
547,I0547,1500,1000,800,681.0,110,1,n,4
1806,I1806,1500,800,800,1021.0,110,0,n,4
2738,I2738,1500,800,800,0.0,110,0,n,4
2850,I2850,1500,1000,800,588.0,110,1,n,4
2419,I2419,1500,800,800,900.0,110,0,n,4
2650,I2650,1500,800,800,0.0,110,0,n,4
4337,I4337,1500,1000,800,0.0,110,1,n,4
537,I0537,1500,1000,800,616.0,110,1,n,4
2097,I2097,1500,800,800,658.0,110,0,n,4
3851,I3851,1500,1000,800,0.0,110,1,n,4
2224,I2224,1500,800,800,0.0,110,0,n,4
1896,I1896,1500,1000,800,646.0,110,1,n,4
104,I0104,1500,800,800,0.0,110,0,n,4
2683,I2683,1500,1000,800,951.0,110,1,n,4
3569,I3569,1500,1000,800,1089.0,110,1,n,4
1870,I1870,1500,1000,800,0.0,110,1,n,4
3358,I3358,1500,1000,800,596.0,110,1,n,4
1662,I1662,1500,1000,800,993.0,110,1,n,4
4304,I4304,1500,800,800,0.0,110,0,n,4
4421,I4421,1500,800,800,889.0,110,0,n,4
3213,I3213,1500,800,800,553.0,110,0,n,4
391,I0391,1500,800,800,717.0,110,0,n,4
3532,I3532,1500,800,800,975.0,110,0,n,4
1367,I1367,1500,1000,800,689.0,110,1,n,4
4698,I4698,1500,800,800,991.0,110,0,n,4
110,I0110,1500,1000,800,848.0,110,1,n,4
2746,I2746,1500,800,800,698.0,110,0,n,4
430,I0430,1500,800,800,756.0,110,0,n,4
131,I0131,1500,1000,800,786.0,110,1,n,4
665,I0665,1500,800,800,1001.0,110,0,n,4
3711,I3711,1500,800,800,0.0,110,0,n,4
3180,I3180,1500,800,800,635.0,110,0,n,4
4016,I4016,1500,800,800,0.0,110,0,n,4
1197,I1197,1500,1000,800,495.0,110,1,n,4
2759,I2759,1500,1000,800,742.0,110,1,n,4
201,I0201,1500,800,800,682.0,110,0,n,4
4904,I4904,1500,1000,800,1038.0,110,1,n,4
1382,I1382,1500,1000,800,803.0,110,1,n,4
3008,I3008,1500,800,800,665.0,110,0,n,4
2098,I2098,1500,800,800,785.0,110,0,n,4
4169,I4169,1500,800,800,906.0,110,0,n,4
165,I0165,1500,800,800,920.0,110,0,n,4
1182,I1182,1500,800,800,550.0,110,0,n,4
1329,I1329,1500,1000,800,644.0,110,1,n,4
4372,I4372,1500,1000,800,0.0,110,1,n,4
2801,I2801,1500,1000,800,1079.0,110,1,n,4
3497,I3497,1500,800,800,0.0,110,0,n,4
3557,I3557,1500,800,800,538.0,110,0,n,4
2196,I2196,1500,1000,800,1003.0,110,1,n,4
3626,I3626,1500,1000,800,649.0,110,1,n,4
3355,I3355,1500,1000,800,776.0,110,1,n,4
3113,I3113,1500,1000,800,866.0,110,1,n,4
2961,I2961,1500,1000,800,682.0,110,1,n,4
4707,I4707,1500,1000,800,1154.0,110,1,n,4
4618,I4618,1500,800,800,1023.0,110,0,n,4
3602,I3602,1500,800,800,639.0,110,0,n,4
1637,I1637,1500,1000,800,703.0,110,1,n,4
1202,I1202,1500,800,800,771.0,110,0,n,4
1709,I1709,1500,1000,800,649.0,110,1,n,4
2220,I2220,1500,1000,800,0.0,110,1,n,4
140,I0140,1500,1000,800,1079.0,110,1,n,4
4286,I4286,1500,800,800,0.0,110,0,n,4
1593,I1593,1500,1000,800,835.0,110,1,n,4
1097,I1097,1500,1000,800,1038.0,110,1,n,4
2316,I2316,1500,800,800,919.0,110,0,n,4
4332,I4332,1500,1000,800,0.0,110,1,n,4
4395,I4395,1500,1000,800,800.0,110,1,n,4
2610,I2610,1500,800,800,578.0,110,0,n,4
1058,I1058,1500,800,800,698.0,110,0,n,4
730,I0730,1500,800,800,748.0,110,0,n,4
2936,I2936,1500,1000,800,920.0,110,1,n,4
3629,I3629,1500,800,800,942.0,110,0,n,4
2393,I2393,1500,1000,800,0.0,110,1,n,4
4451,I4451,1500,800,800,903.0,110,0,n,4
591,I0591,1500,800,800,587.0,110,0,n,4
2372,I2372,1500,800,800,877.0,110,0,n,4
3709,I3709,1500,1000,800,0.0,110,1,n,4
3882,I3882,1500,1000,800,0.0,110,1,n,4
2932,I2932,1500,1000,800,923.0,110,1,n,4
2841,I2841,1500,1000,800,623.0,110,1,n,4
4287,I4287,1500,1000,800,986.0,110,1,n,4
4365,I4365,1500,1000,800,0.0,110,1,n,4
362,I0362,1500,1000,800,872.0,110,1,n,4
921,I0921,1500,800,800,727.0,110,0,n,4
913,I0913,1500,800,800,651.0,110,0,n,4
1004,I1004,1500,1000,800,485.0,110,1,n,4
4475,I4475,1500,800,800,555.0,110,0,n,4
4189,I4189,1500,1000,800,478.0,110,1,n,4
2845,I2845,1500,800,800,0.0,110,0,n,4
2483,I2483,1500,800,800,934.0,110,0,n,4
3205,I3205,1500,1000,800,612.0,110,1,n,4
2929,I2929,1500,1000,800,613.0,110,1,n,4
4269,I4269,1500,800,800,661.0,110,0,n,4
4564,I4564,1500,1000,800,867.0,110,1,n,4
4100,I4100,1500,800,800,1048.0,110,0,n,4
3694,I3694,1500,800,800,973.0,110,0,n,4
4095,I4095,1500,1000,800,817.0,110,1,n,4
1668,I1668,1500,800,800,893.0,110,0,n,4
4144,I4144,1500,800,800,609.0,110,0,n,4
1066,I1066,1500,1000,800,553.0,110,1,n,4
2429,I2429,1500,800,800,1166.0,110,0,n,4
568,I0568,1500,800,800,825.0,110,0,n,4
1601,I1601,1500,800,800,712.0,110,0,n,4
179,I0179,1500,1000,800,992.0,110,1,n,4
3071,I3071,1500,800,800,922.0,110,0,n,4
2328,I2328,1500,800,800,600.0,110,0,n,4
1061,I1061,1500,800,800,481.0,110,0,n,4
617,I0617,1500,1000,800,0.0,110,1,n,4
3404,I3404,1500,800,800,988.0,110,0,n,4
2546,I2546,1500,800,800,0.0,110,0,n,4
515,I0515,1500,1000,800,0.0,110,1,n,4
2772,I2772,1500,800,800,735.0,110,0,n,4
4964,I4964,1500,1000,800,885.0,110,1,n,4
469,I0469,1500,1000,800,739.0,110,1,n,4
3800,I3800,1500,800,800,679.0,110,0,n,4
2395,I2395,1500,800,800,1221.0,110,0,n,4
3807,I3807,1500,1000,800,765.0,110,1,n,4
3175,I3175,1500,1000,800,935.0,110,1,n,4
2784,I2784,1500,1000,800,997.0,110,1,n,4
1679,I1679,1500,1000,800,660.0,110,1,n,4
715,I0715,1500,1000,800,0.0,110,1,n,4
729,I0729,1500,1000,800,0.0,110,1,n,4
4371,I4371,1500,1000,800,769.0,110,1,n,4
4241,I4241,1500,800,800,743.0,110,0,n,4
3596,I3596,1500,1000,800,596.0,110,1,n,4
397,I0397,1500,800,800,831.0,110,0,n,4
3354,I3354,1500,1000,800,593.0,110,1,n,4
2340,I2340,1500,800,800,1033.0,110,0,n,4
4363,I4363,1500,800,800,801.0,110,0,n,4
2272,I2272,1500,800,800,1068.0,110,0,n,4
2691,I2691,1500,1000,800,832.0,110,1,n,4
3635,I3635,1500,800,800,0.0,110,0,n,4
1786,I1786,1500,800,800,579.0,110,0,n,4
3050,I3050,1500,1000,800,667.0,110,1,n,4
1015,I1015,1500,800,800,1000.0,110,0,n,4
1005,I1005,1500,1000,800,685.0,110,1,n,4
1167,I1167,1500,800,800,0.0,110,0,n,4
788,I0788,1500,800,800,604.0,110,0,n,4
4993,I4993,1500,1000,800,1259.0,110,1,n,4
3917,I3917,1500,800,800,1051.0,110,0,n,4
1555,I1555,1500,1000,800,899.0,110,1,n,4
2411,I2411,1500,1000,800,0.0,110,1,n,4
1500,I1500,1500,800,800,649.0,110,0,n,4
686,I0686,1500,1000,800,806.0,110,1,n,4
3937,I3937,1500,1000,800,927.0,110,1,n,4
677,I0677,1500,1000,800,782.0,110,1,n,4
3440,I3440,1500,800,800,1103.0,110,0,n,4
1138,I1138,1500,800,800,680.0,110,0,n,4
2402,I2402,1500,800,800,1242.0,110,0,n,4
1016,I1016,1500,800,800,977.0,110,0,n,4
2608,I2608,1500,800,800,587.0,110,0,n,4
3516,I3516,1500,800,800,715.0,110,0,n,4
4873,I4873,1500,800,800,835.0,110,0,n,4
4077,I4077,1500,800,800,736.0,110,0,n,4
2299,I2299,1500,1000,800,722.0,110,1,n,4
3129,I3129,1500,800,800,1220.0,110,0,n,4
411,I0411,1500,800,800,1049.0,110,0,n,4
330,I0330,1500,800,800,0.0,110,0,n,4
3890,I3890,1500,1000,800,667.0,110,1,n,4
163,I0163,1500,1000,800,634.0,110,1,n,4
95,I0095,1500,800,800,613.0,110,0,n,4
3330,I3330,1500,800,800,635.0,110,0,n,4
3158,I3158,1500,800,800,934.0,110,0,n,4
2828,I2828,1500,800,800,0.0,110,0,n,4
4900,I4900,1500,1000,800,505.0,110,1,n,4
1183,I1183,1500,800,800,995.0,110,0,n,4
1090,I1090,1500,800,800,564.0,110,0,n,4
1635,I1635,1500,1000,800,980.0,110,1,n,4
524,I0524,1500,800,800,882.0,110,0,n,4
4434,I4434,1500,800,800,627.0,110,0,n,4
1083,I1083,1500,800,800,0.0,110,0,n,4
3187,I3187,1500,800,800,650.0,110,0,n,4
4149,I4149,1500,1000,800,742.0,110,1,n,4
1901,I1901,1500,1000,800,0.0,110,1,n,4
3146,I3146,1500,800,800,471.0,110,0,n,4
4922,I4922,1500,800,800,604.0,110,0,n,4
2933,I2933,1500,800,800,0.0,110,0,n,4
2706,I2706,1500,1000,800,631.0,110,1,n,4
3278,I3278,1500,1000,800,1006.0,110,1,n,4
2912,I2912,1500,1000,800,1133.0,110,1,n,4
1279,I1279,1500,1000,800,641.0,110,1,n,4
3199,I3199,1500,800,800,824.0,110,0,n,4
1969,I1969,1500,1000,800,777.0,110,1,n,4
3856,I3856,1500,1000,800,544.0,110,1,n,4
4132,I4132,1500,1000,800,865.0,110,1,n,4
1572,I1572,1500,800,800,498.0,110,0,n,4
4990,I4990,1500,800,800,715.0,110,0,n,4
333,I0333,1500,1000,800,509.0,110,1,n,4
11,I0011,1500,800,800,0.0,110,0,n,4
3718,I3718,1500,1000,800,0.0,110,1,n,4
4313,I4313,1500,1000,800,0.0,110,1,n,4
4230,I4230,1500,1000,800,912.0,110,1,n,4
3167,I3167,1500,800,800,1126.0,110,0,n,4
2805,I2805,1500,800,800,654.0,110,0,n,4
4700,I4700,1500,1000,800,1023.0,110,1,n,4
1884,I1884,1500,1000,800,1063.0,110,1,n,4
2563,I2563,1500,800,800,832.0,110,0,n,4
3333,I3333,1500,1000,800,850.0,110,1,n,4
4185,I4185,1500,800,800,852.0,110,0,n,4
4109,I4109,1500,1000,800,643.0,110,1,n,4
86,I0086,1500,1000,800,0.0,110,1,n,4
1463,I1463,1500,800,800,506.0,110,0,n,4
12,I0012,1500,800,800,1151.0,110,0,n,4
4692,I4692,1500,1000,800,850.0,110,1,n,4
1191,I1191,1500,800,800,0.0,110,0,n,4
2195,I2195,1500,1000,800,992.0,110,1,n,4
4960,I4960,1500,1000,800,877.0,110,1,n,4
2854,I2854,1500,1000,800,720.0,110,1,n,4
4263,I4263,1500,800,800,0.0,110,0,n,4
2838,I2838,1500,1000,800,574.0,110,1,n,4
2699,I2699,1500,1000,800,647.0,110,1,n,4
3504,I3504,1500,800,800,0.0,110,0,n,4
4576,I4576,1500,1000,800,952.0,110,1,n,4
3087,I3087,1500,800,800,791.0,110,0,n,4
4637,I4637,1500,1000,800,1010.0,110,1,n,4
3595,I3595,1500,1000,800,1294.0,110,1,n,4
1141,I1141,1500,800,800,551.0,110,0,n,4
2985,I2985,1500,1000,800,541.0,110,1,n,4
1869,I1869,1500,800,800,902.0,110,0,n,4
3162,I3162,1500,800,800,777.0,110,0,n,4
289,I0289,1500,1000,800,0.0,110,1,n,4
553,I0553,1500,1000,800,709.0,110,1,n,4
4347,I4347,1500,800,800,615.0,110,0,n,4
4550,I4550,1500,800,800,744.0,110,0,n,4
4010,I4010,1500,800,800,667.0,110,0,n,4
3729,I3729,1500,1000,800,0.0,110,1,n,4
4314,I4314,1500,1000,800,740.0,110,1,n,4
1425,I1425,1500,800,800,1144.0,110,0,n,4
4054,I4054,1500,800,800,509.0,110,0,n,4
3786,I3786,1500,1000,800,783.0,110,1,n,4
1314,I1314,1500,800,800,0.0,110,0,n,4
2906,I2906,1500,1000,800,0.0,110,1,n,4
1385,I1385,1500,1000,800,465.0,110,1,n,4
3985,I3985,1500,800,800,624.0,110,0,n,4
2968,I2968,1500,1000,800,1101.0,110,1,n,4
4789,I4789,1500,1000,800,615.0,110,1,n,4
4769,I4769,1500,800,800,795.0,110,0,n,4
2619,I2619,1500,1000,800,0.0,110,1,n,4
4232,I4232,1500,800,800,584.0,110,0,n,4
4819,I4819,1500,800,800,843.0,110,0,n,4
1600,I1600,1500,800,800,1024.0,110,0,n,4
3,I0003,1500,1000,800,744.0,110,1,n,4
2688,I2688,1500,800,800,682.0,110,0,n,4
1689,I1689,1500,800,800,672.0,110,0,n,4
3231,I3231,1500,1000,800,1099.0,110,1,n,4
2311,I2311,1500,800,800,614.0,110,0,n,4
4162,I4162,1500,800,800,539.0,110,0,n,4
1206,I1206,1500,1000,800,1054.0,110,1,n,4
2858,I2858,1500,1000,800,496.0,110,1,n,4
3157,I3157,1500,800,800,838.0,110,0,n,4
2869,I2869,1500,800,800,796.0,110,0,n,4
3754,I3754,1500,1000,800,0.0,110,1,n,4
1927,I1927,1500,1000,800,719.0,110,1,n,4
798,I0798,1500,800,800,0.0,110,0,n,4
4561,I4561,1500,800,800,805.0,110,0,n,4
1696,I1696,1500,800,800,923.0,110,0,n,4
985,I0985,1500,800,800,939.0,110,0,n,4
506,I0506,1500,1000,800,0.0,110,1,n,4
3270,I3270,1500,800,800,805.0,110,0,n,4
4668,I4668,1500,1000,800,820.0,110,1,n,4
1924,I1924,1500,1000,800,819.0,110,1,n,4
3864,I3864,1500,1000,800,612.0,110,1,n,4
3644,I3644,1500,1000,800,0.0,110,1,n,4
689,I0689,1500,1000,800,0.0,110,1,n,4
4593,I4593,1500,800,800,968.0,110,0,n,4
2459,I2459,1500,800,800,1131.0,110,0,n,4
3877,I3877,1500,800,800,804.0,110,0,n,4
2874,I2874,1500,1000,800,0.0,110,1,n,4
2868,I2868,1500,1000,800,643.0,110,1,n,4
1943,I1943,1500,1000,800,524.0,110,1,n,4
3883,I3883,1500,1000,800,511.0,110,1,n,4
2851,I2851,1500,1000,800,0.0,110,1,n,4
3082,I3082,1500,1000,800,0.0,110,1,n,4
305,I0305,1500,800,800,1373.0,110,0,n,4
455,I0455,1500,800,800,1242.0,110,0,n,4
3670,I3670,1500,1000,800,608.0,110,1,n,4
1963,I1963,1500,1000,800,800.0,110,1,n,4
4558,I4558,1500,800,800,764.0,110,0,n,4
1580,I1580,1500,1000,800,1098.0,110,1,n,4
3825,I3825,1500,800,800,788.0,110,0,n,4
2622,I2622,1500,800,800,1037.0,110,0,n,4
4862,I4862,1500,1000,800,637.0,110,1,n,4
89,I0089,1500,1000,800,939.0,110,1,n,4
3256,I3256,1500,1000,800,0.0,110,1,n,4
2938,I2938,1500,1000,800,0.0,110,1,n,4
1653,I1653,1500,1000,800,923.0,110,1,n,4
4937,I4937,1500,800,800,740.0,110,0,n,4
3588,I3588,1500,800,800,639.0,110,0,n,4
3942,I3942,1500,1000,800,776.0,110,1,n,4
2241,I2241,1500,1000,800,891.0,110,1,n,4
4293,I4293,1500,800,800,648.0,110,0,n,4
2362,I2362,1500,1000,800,713.0,110,1,n,4
3229,I3229,1500,1000,800,893.0,110,1,n,4
1853,I1853,1500,800,800,494.0,110,0,n,4
912,I0912,1500,800,800,704.0,110,0,n,4
2387,I2387,1500,800,800,709.0,110,0,n,4
940,I0940,1500,800,800,528.0,110,0,n,4
3576,I3576,1500,1000,800,620.0,110,1,n,4
801,I0801,1500,800,800,704.0,110,0,n,4
417,I0417,1500,1000,800,0.0,110,1,n,4
3724,I3724,1500,800,800,967.0,110,0,n,4
331,I0331,1500,1000,800,694.0,110,1,n,4
437,I0437,1500,1000,800,730.0,110,1,n,4
1546,I1546,1500,1000,800,0.0,110,1,n,4
31,I0031,1500,800,800,983.0,110,0,n,4
2976,I2976,1500,1000,800,517.0,110,1,n,4
2428,I2428,1500,1000,800,718.0,110,1,n,4
4477,I4477,1500,1000,800,640.0,110,1,n,4
1140,I1140,1500,800,800,613.0,110,0,n,4
3225,I3225,1500,800,800,631.0,110,0,n,4
3692,I3692,1500,800,800,586.0,110,0,n,4
3212,I3212,1500,1000,800,0.0,110,1,n,4
4171,I4171,1500,1000,800,730.0,110,1,n,4
2721,I2721,1500,1000,800,642.0,110,1,n,4
4138,I4138,1500,800,800,0.0,110,0,n,4
1014,I1014,1500,1000,800,674.0,110,1,n,4
717,I0717,1500,800,800,681.0,110,0,n,4
1610,I1610,1500,1000,800,661.0,110,1,n,4
4901,I4901,1500,1000,800,742.0,110,1,n,4
2378,I2378,1500,1000,800,1010.0,110,1,n,4
4120,I4120,1500,800,800,0.0,110,0,n,4
4747,I4747,1500,800,800,0.0,110,0,n,4
3447,I3447,1500,800,800,652.0,110,0,n,4
2649,I2649,1500,800,800,0.0,110,0,n,4
4391,I4391,1500,800,800,1003.0,110,0,n,4
1893,I1893,1500,800,800,747.0,110,0,n,4
4368,I4368,1500,1000,800,877.0,110,1,n,4
1184,I1184,1500,1000,800,736.0,110,1,n,4
3719,I3719,1500,1000,800,741.0,110,1,n,4
767,I0767,1500,800,800,770.0,110,0,n,4
3148,I3148,1500,1000,800,765.0,110,1,n,4
2794,I2794,1500,800,800,0.0,110,0,n,4
1042,I1042,1500,1000,800,927.0,110,1,n,4
2647,I2647,1500,800,800,777.0,110,0,n,4
270,I0270,1500,1000,800,1051.0,110,1,n,4
3265,I3265,1500,1000,800,1147.0,110,1,n,4
2260,I2260,1500,1000,800,804.0,110,1,n,4
521,I0521,1500,800,800,770.0,110,0,n,4
3609,I3609,1500,800,800,761.0,110,0,n,4
3852,I3852,1500,1000,800,712.0,110,1,n,4
1508,I1508,1500,1000,800,1064.0,110,1,n,4
4974,I4974,1500,1000,800,811.0,110,1,n,4
3796,I3796,1500,1000,800,1054.0,110,1,n,4
993,I0993,1500,800,800,750.0,110,0,n,4
3383,I3383,1500,800,800,685.0,110,0,n,4
620,I0620,1500,800,800,1063.0,110,0,n,4
4119,I4119,1500,800,800,660.0,110,0,n,4
1776,I1776,1500,1000,800,592.0,110,1,n,4
4244,I4244,1500,1000,800,534.0,110,1,n,4
2807,I2807,1500,800,800,885.0,110,0,n,4
1743,I1743,1500,800,800,539.0,110,0,n,4
2044,I2044,1500,1000,800,827.0,110,1,n,4
1888,I1888,1500,800,800,965.0,110,0,n,4
1378,I1378,1500,800,800,511.0,110,0,n,4
2366,I2366,1500,800,800,713.0,110,0,n,4
1771,I1771,1500,1000,800,0.0,110,1,n,4
251,I0251,1500,1000,800,808.0,110,1,n,4
2920,I2920,1500,1000,800,0.0,110,1,n,4
2652,I2652,1500,1000,800,0.0,110,1,n,4
4619,I4619,1500,1000,800,0.0,110,1,n,4
1438,I1438,1500,1000,800,0.0,110,1,n,4
223,I0223,1500,1000,800,697.0,110,1,n,4
2256,I2256,1500,1000,800,872.0,110,1,n,4
2528,I2528,1500,800,800,923.0,110,0,n,4
2134,I2134,1500,1000,800,0.0,110,1,n,4
2247,I2247,1500,1000,800,0.0,110,1,n,4
1534,I1534,1500,1000,800,455.0,110,1,n,4
558,I0558,1500,800,800,689.0,110,0,n,4
4592,I4592,1500,1000,800,623.0,110,1,n,4
1354,I1354,1500,800,800,764.0,110,0,n,4
4549,I4549,1500,1000,800,621.0,110,1,n,4
51,I0051,1500,800,800,804.0,110,0,n,4
1421,I1421,1500,1000,800,853.0,110,1,n,4
2353,I2353,1500,800,800,568.0,110,0,n,4
961,I0961,1500,800,800,0.0,110,0,n,4
832,I0832,1500,800,800,856.0,110,0,n,4
4809,I4809,1500,800,800,1136.0,110,0,n,4
1111,I1111,1500,1000,800,0.0,110,1,n,4
3905,I3905,1500,1000,800,790.0,110,1,n,4
2697,I2697,1500,1000,800,857.0,110,1,n,4
3073,I3073,1500,1000,800,479.0,110,1,n,4
1569,I1569,1500,800,800,699.0,110,0,n,4
3058,I3058,1500,800,800,803.0,110,0,n,4
2888,I2888,1500,800,800,838.0,110,0,n,4
2357,I2357,1500,1000,800,0.0,110,1,n,4
3858,I3858,1500,1000,800,552.0,110,1,n,4
1129,I1129,1500,800,800,753.0,110,0,n,4
4310,I4310,1500,1000,800,606.0,110,1,n,4
2883,I2883,1500,800,800,870.0,110,0,n,4
4760,I4760,1500,800,800,0.0,110,0,n,4
2927,I2927,1500,800,800,0.0,110,0,n,4
375,I0375,1500,1000,800,0.0,110,1,n,4
4724,I4724,1500,1000,800,624.0,110,1,n,4
3084,I3084,1500,1000,800,735.0,110,1,n,4
3830,I3830,1500,1000,800,509.0,110,1,n,4
1584,I1584,1500,1000,800,977.0,110,1,n,4
2903,I2903,1500,1000,800,987.0,110,1,n,4
2063,I2063,1500,800,800,659.0,110,0,n,4
2750,I2750,1500,800,800,801.0,110,0,n,4
742,I0742,1500,800,800,719.0,110,0,n,4
1113,I1113,1500,1000,800,799.0,110,1,n,4
2060,I2060,1500,1000,800,0.0,110,1,n,4
2751,I2751,1500,1000,800,0.0,110,1,n,4
4958,I4958,1500,800,800,725.0,110,0,n,4
1241,I1241,1500,1000,800,0.0,110,1,n,4
4766,I4766,1500,1000,800,662.0,110,1,n,4
4584,I4584,1500,800,800,670.0,110,0,n,4
4229,I4229,1500,800,800,693.0,110,0,n,4
2492,I2492,1500,1000,800,577.0,110,1,n,4
4905,I4905,1500,1000,800,796.0,110,1,n,4
3204,I3204,1500,800,800,1012.0,110,0,n,4
1505,I1505,1500,1000,800,772.0,110,1,n,4
1494,I1494,1500,1000,800,668.0,110,1,n,4
1816,I1816,1500,800,800,750.0,110,0,n,4
4893,I4893,1500,1000,800,733.0,110,1,n,4
1209,I1209,1500,1000,800,808.0,110,1,n,4
2397,I2397,1500,1000,800,801.0,110,1,n,4
3332,I3332,1500,800,800,1017.0,110,0,n,4
4088,I4088,1500,800,800,634.0,110,0,n,4
1017,I1017,1500,800,800,0.0,110,0,n,4
3371,I3371,1500,1000,800,538.0,110,1,n,4
4529,I4529,1500,1000,800,737.0,110,1,n,4
1453,I1453,1500,800,800,741.0,110,0,n,4
3149,I3149,1500,800,800,536.0,110,0,n,4
1055,I1055,1500,1000,800,651.0,110,1,n,4
4530,I4530,1500,800,800,949.0,110,0,n,4
371,I0371,1500,1000,800,1111.0,110,1,n,4
1402,I1402,1500,800,800,784.0,110,0,n,4
87,I0087,1500,1000,800,691.0,110,1,n,4
2048,I2048,1500,1000,800,750.0,110,1,n,4
2321,I2321,1500,800,800,858.0,110,0,n,4
4793,I4793,1500,1000,800,502.0,110,1,n,4
4341,I4341,1500,1000,800,0.0,110,1,n,4
4116,I4116,1500,800,800,892.0,110,0,n,4
496,I0496,1500,800,800,963.0,110,0,n,4
4024,I4024,1500,1000,800,0.0,110,1,n,4
1187,I1187,1500,800,800,546.0,110,0,n,4
4491,I4491,1500,1000,800,1243.0,110,1,n,4
2809,I2809,1500,1000,800,0.0,110,1,n,4
4542,I4542,1500,800,800,720.0,110,0,n,4
1307,I1307,1500,800,800,551.0,110,0,n,4
2815,I2815,1500,800,800,811.0,110,0,n,4
1737,I1737,1500,1000,800,795.0,110,1,n,4
2015,I2015,1500,1000,800,556.0,110,1,n,4
4047,I4047,1500,1000,800,689.0,110,1,n,4
3088,I3088,1500,1000,800,832.0,110,1,n,4
957,I0957,1500,800,800,646.0,110,0,n,4
3743,I3743,1500,800,800,568.0,110,0,n,4
1805,I1805,1500,1000,800,0.0,110,1,n,4
3405,I3405,1500,800,800,1195.0,110,0,n,4
1862,I1862,1500,800,800,1134.0,110,0,n,4
4200,I4200,1500,800,800,790.0,110,0,n,4
2318,I2318,1500,800,800,744.0,110,0,n,4
4069,I4069,1500,1000,800,922.0,110,1,n,4
1778,I1778,1500,800,800,1041.0,110,0,n,4
3534,I3534,1500,800,800,626.0,110,0,n,4
1341,I1341,1500,800,800,893.0,110,0,n,4
4626,I4626,1500,800,800,606.0,110,0,n,4
3349,I3349,1500,1000,800,532.0,110,1,n,4
1190,I1190,1500,1000,800,583.0,110,1,n,4
4384,I4384,1500,800,800,1194.0,110,0,n,4
585,I0585,1500,1000,800,0.0,110,1,n,4
161,I0161,1500,800,800,963.0,110,0,n,4
4640,I4640,1500,1000,800,0.0,110,1,n,4
1229,I1229,1500,1000,800,505.0,110,1,n,4
1194,I1194,1500,800,800,799.0,110,0,n,4
4938,I4938,1500,1000,800,0.0,110,1,n,4
3822,I3822,1500,800,800,1108.0,110,0,n,4
4155,I4155,1500,800,800,712.0,110,0,n,4
2768,I2768,1500,800,800,995.0,110,0,n,4
4152,I4152,1500,800,800,1237.0,110,0,n,4
3704,I3704,1500,1000,800,605.0,110,1,n,4
887,I0887,1500,1000,800,0.0,110,1,n,4
1253,I1253,1500,800,800,501.0,110,0,n,4
1135,I1135,1500,1000,800,0.0,110,1,n,4
1143,I1143,1500,1000,800,739.0,110,1,n,4
1604,I1604,1500,800,800,708.0,110,0,n,4
2327,I2327,1500,1000,800,745.0,110,1,n,4
2739,I2739,1500,1000,800,767.0,110,1,n,4
3003,I3003,1500,800,800,749.0,110,0,n,4
1155,I1155,1500,1000,800,784.0,110,1,n,4
1570,I1570,1500,800,800,795.0,110,0,n,4
2490,I2490,1500,1000,800,801.0,110,1,n,4
3971,I3971,1500,800,800,792.0,110,0,n,4
4779,I4779,1500,800,800,980.0,110,0,n,4
3970,I3970,1500,1000,800,648.0,110,1,n,4
1103,I1103,1500,1000,800,702.0,110,1,n,4
823,I0823,1500,800,800,915.0,110,0,n,4
4466,I4466,1500,1000,800,494.0,110,1,n,4
2581,I2581,1500,1000,800,755.0,110,1,n,4
1897,I1897,1500,1000,800,875.0,110,1,n,4
3081,I3081,1500,1000,800,847.0,110,1,n,4
4012,I4012,1500,1000,800,672.0,110,1,n,4
3664,I3664,1500,1000,800,1359.0,110,1,n,4
2216,I2216,1500,800,800,755.0,110,0,n,4
4855,I4855,1500,800,800,824.0,110,0,n,4
3168,I3168,1500,1000,800,961.0,110,1,n,4
4500,I4500,1500,800,800,0.0,110,0,n,4
2017,I2017,1500,800,800,526.0,110,0,n,4
757,I0757,1500,1000,800,1051.0,110,1,n,4
782,I0782,1500,800,800,629.0,110,0,n,4
1974,I1974,1500,1000,800,542.0,110,1,n,4
4448,I4448,1500,1000,800,0.0,110,1,n,4
2205,I2205,1500,1000,800,972.0,110,1,n,4
4591,I4591,1500,800,800,693.0,110,0,n,4
1845,I1845,1500,800,800,684.0,110,0,n,4
3221,I3221,1500,1000,800,793.0,110,1,n,4
4772,I4772,1500,800,800,769.0,110,0,n,4
2606,I2606,1500,800,800,1005.0,110,0,n,4
3831,I3831,1500,800,800,671.0,110,0,n,4
2014,I2014,1500,800,800,837.0,110,0,n,4
4821,I4821,1500,800,800,798.0,110,0,n,4
321,I0321,1500,800,800,1022.0,110,0,n,4
1823,I1823,1500,800,800,884.0,110,0,n,4
3269,I3269,1500,800,800,841.0,110,0,n,4
1434,I1434,1500,1000,800,1040.0,110,1,n,4
4487,I4487,1500,1000,800,618.0,110,1,n,4
4926,I4926,1500,800,800,635.0,110,0,n,4
296,I0296,1500,800,800,541.0,110,0,n,4
1634,I1634,1500,1000,800,939.0,110,1,n,4
684,I0684,1500,1000,800,1160.0,110,1,n,4
567,I0567,1500,800,800,0.0,110,0,n,4
3422,I3422,1500,800,800,668.0,110,0,n,4
3463,I3463,1500,800,800,1129.0,110,0,n,4
1310,I1310,1500,800,800,0.0,110,0,n,4
2643,I2643,1500,800,800,650.0,110,0,n,4
2192,I2192,1500,1000,800,0.0,110,1,n,4
503,I0503,1500,800,800,927.0,110,0,n,4
3216,I3216,1500,800,800,716.0,110,0,n,4
1465,I1465,1500,1000,800,869.0,110,1,n,4
601,I0601,1500,800,800,940.0,110,0,n,4
2816,I2816,1500,800,800,647.0,110,0,n,4
3833,I3833,1500,800,800,538.0,110,0,n,4
3368,I3368,1500,1000,800,579.0,110,1,n,4
889,I0889,1500,1000,800,734.0,110,1,n,4
3605,I3605,1500,800,800,534.0,110,0,n,4
4042,I4042,1500,1000,800,741.0,110,1,n,4
3242,I3242,1500,1000,800,706.0,110,1,n,4
1632,I1632,1500,800,800,801.0,110,0,n,4
3783,I3783,1500,1000,800,732.0,110,1,n,4
3934,I3934,1500,800,800,0.0,110,0,n,4
1160,I1160,1500,800,800,657.0,110,0,n,4
4439,I4439,1500,800,800,0.0,110,0,n,4
4831,I4831,1500,800,800,713.0,110,0,n,4
4367,I4367,1500,800,800,700.0,110,0,n,4
1515,I1515,1500,800,800,557.0,110,0,n,4
478,I0478,1500,1000,800,0.0,110,1,n,4
2251,I2251,1500,800,800,896.0,110,0,n,4
1326,I1326,1500,800,800,718.0,110,0,n,4
2051,I2051,1500,800,800,707.0,110,0,n,4
4048,I4048,1500,1000,800,842.0,110,1,n,4
933,I0933,1500,1000,800,579.0,110,1,n,4
4400,I4400,1500,1000,800,489.0,110,1,n,4
3299,I3299,1500,800,800,888.0,110,0,n,4
3382,I3382,1500,800,800,904.0,110,0,n,4
472,I0472,1500,800,800,0.0,110,0,n,4
3887,I3887,1500,1000,800,771.0,110,1,n,4
477,I0477,1500,800,800,0.0,110,0,n,4
1820,I1820,1500,800,800,0.0,110,0,n,4
4997,I4997,1500,1000,800,921.0,110,1,n,4
379,I0379,1500,800,800,0.0,110,0,n,4
1451,I1451,1500,1000,800,829.0,110,1,n,4
247,I0247,1500,800,800,758.0,110,0,n,4
1133,I1133,1500,800,800,515.0,110,0,n,4
2443,I2443,1500,1000,800,1055.0,110,1,n,4
1900,I1900,1500,1000,800,653.0,110,1,n,4
2293,I2293,1500,1000,800,809.0,110,1,n,4
2219,I2219,1500,800,800,633.0,110,0,n,4
2694,I2694,1500,1000,800,678.0,110,1,n,4
4890,I4890,1500,800,800,658.0,110,0,n,4
2225,I2225,1500,800,800,950.0,110,0,n,4
780,I0780,1500,800,800,0.0,110,0,n,4
2394,I2394,1500,1000,800,1067.0,110,1,n,4
3161,I3161,1500,1000,800,673.0,110,1,n,4
2999,I2999,1500,1000,800,680.0,110,1,n,4
1633,I1633,1500,1000,800,862.0,110,1,n,4
1294,I1294,1500,800,800,819.0,110,0,n,4
1001,I1001,1500,800,800,579.0,110,0,n,4
853,I0853,1500,800,800,686.0,110,0,n,4
539,I0539,1500,1000,800,0.0,110,1,n,4
4261,I4261,1500,800,800,613.0,110,0,n,4
3114,I3114,1500,800,800,1180.0,110,0,n,4
125,I0125,1500,1000,800,0.0,110,1,n,4
1649,I1649,1500,800,800,778.0,110,0,n,4
2343,I2343,1500,800,800,629.0,110,0,n,4
1682,I1682,1500,1000,800,700.0,110,1,n,4
1673,I1673,1500,800,800,781.0,110,0,n,4
1939,I1939,1500,800,800,649.0,110,0,n,4
2500,I2500,1500,800,800,703.0,110,0,n,4
3908,I3908,1500,800,800,1024.0,110,0,n,4
2125,I2125,1500,1000,800,681.0,110,1,n,4
4845,I4845,1500,1000,800,865.0,110,1,n,4
2645,I2645,1500,1000,800,891.0,110,1,n,4
748,I0748,1500,1000,800,0.0,110,1,n,4
281,I0281,1500,1000,800,593.0,110,1,n,4
2440,I2440,1500,800,800,752.0,110,0,n,4
2580,I2580,1500,800,800,895.0,110,0,n,4
1563,I1563,1500,1000,800,798.0,110,1,n,4
2554,I2554,1500,800,800,648.0,110,0,n,4
4369,I4369,1500,1000,800,0.0,110,1,n,4
2475,I2475,1500,1000,800,0.0,110,1,n,4
1923,I1923,1500,800,800,916.0,110,0,n,4
1079,I1079,1500,800,800,512.0,110,0,n,4
3678,I3678,1500,1000,800,521.0,110,1,n,4
2892,I2892,1500,800,800,497.0,110,0,n,4
4131,I4131,1500,1000,800,782.0,110,1,n,4
4240,I4240,1500,800,800,895.0,110,0,n,4
1749,I1749,1500,1000,800,543.0,110,1,n,4
4139,I4139,1500,800,800,693.0,110,0,n,4
1334,I1334,1500,800,800,817.0,110,0,n,4
3009,I3009,1500,1000,800,676.0,110,1,n,4
142,I0142,1500,1000,800,716.0,110,1,n,4
2766,I2766,1500,800,800,514.0,110,0,n,4
4850,I4850,1500,1000,800,773.0,110,1,n,4
4560,I4560,1500,800,800,0.0,110,0,n,4
2259,I2259,1500,800,800,0.0,110,0,n,4
831,I0831,1500,800,800,0.0,110,0,n,4
3975,I3975,1500,800,800,678.0,110,0,n,4
4239,I4239,1500,800,800,783.0,110,0,n,4
2770,I2770,1500,1000,800,1024.0,110,1,n,4
2075,I2075,1500,800,800,548.0,110,0,n,4
3286,I3286,1500,1000,800,639.0,110,1,n,4
2541,I2541,1500,800,800,941.0,110,0,n,4
642,I0642,1500,1000,800,0.0,110,1,n,4
4682,I4682,1500,800,800,610.0,110,0,n,4
2511,I2511,1500,1000,800,1342.0,110,1,n,4
4383,I4383,1500,1000,800,799.0,110,1,n,4
3919,I3919,1500,800,800,565.0,110,0,n,4
3290,I3290,1500,1000,800,1223.0,110,1,n,4
1260,I1260,1500,800,800,837.0,110,0,n,4
3400,I3400,1500,1000,800,0.0,110,1,n,4
4278,I4278,1500,1000,800,845.0,110,1,n,4
370,I0370,1500,800,800,707.0,110,0,n,4
962,I0962,1500,1000,800,695.0,110,1,n,4
3464,I3464,1500,1000,800,736.0,110,1,n,4
647,I0647,1500,800,800,554.0,110,0,n,4
4746,I4746,1500,800,800,673.0,110,0,n,4
937,I0937,1500,800,800,884.0,110,0,n,4
2061,I2061,1500,800,800,985.0,110,0,n,4
302,I0302,1500,1000,800,841.0,110,1,n,4
4376,I4376,1500,1000,800,742.0,110,1,n,4
3838,I3838,1500,800,800,1143.0,110,0,n,4
2662,I2662,1500,1000,800,513.0,110,1,n,4
1365,I1365,1500,1000,800,651.0,110,1,n,4
4870,I4870,1500,800,800,0.0,110,0,n,4
3370,I3370,1500,1000,800,733.0,110,1,n,4
2294,I2294,1500,800,800,921.0,110,0,n,4
1054,I1054,1500,800,800,724.0,110,0,n,4
3655,I3655,1500,800,800,0.0,110,0,n,4
4578,I4578,1500,800,800,0.0,110,0,n,4
4063,I4063,1500,800,800,1009.0,110,0,n,4
3452,I3452,1500,800,800,810.0,110,0,n,4
4854,I4854,1500,1000,800,1027.0,110,1,n,4
207,I0207,1500,800,800,841.0,110,0,n,4
1577,I1577,1500,1000,800,0.0,110,1,n,4
4514,I4514,1500,800,800,854.0,110,0,n,4
1999,I1999,1500,1000,800,636.0,110,1,n,4
78,I0078,1500,800,800,743.0,110,0,n,4
2253,I2253,1500,1000,800,642.0,110,1,n,4
199,I0199,1500,1000,800,0.0,110,1,n,4
4583,I4583,1500,1000,800,726.0,110,1,n,4
304,I0304,1500,800,800,898.0,110,0,n,4
3746,I3746,1500,1000,800,691.0,110,1,n,4
3874,I3874,1500,800,800,0.0,110,0,n,4
2587,I2587,1500,1000,800,1091.0,110,1,n,4
1179,I1179,1500,800,800,0.0,110,0,n,4
2209,I2209,1500,1000,800,1028.0,110,1,n,4
1979,I1979,1500,1000,800,809.0,110,1,n,4
1480,I1480,1500,800,800,729.0,110,0,n,4
1660,I1660,1500,1000,800,581.0,110,1,n,4
3956,I3956,1500,1000,800,597.0,110,1,n,4
2900,I2900,1500,1000,800,779.0,110,1,n,4
1625,I1625,1500,800,800,699.0,110,0,n,4
1271,I1271,1500,800,800,0.0,110,0,n,4
910,I0910,1500,800,800,560.0,110,0,n,4
3865,I3865,1500,800,800,0.0,110,0,n,4
1669,I1669,1500,800,800,682.0,110,0,n,4
2148,I2148,1500,1000,800,0.0,110,1,n,4
3470,I3470,1500,800,800,933.0,110,0,n,4
2773,I2773,1500,1000,800,681.0,110,1,n,4
2282,I2282,1500,800,800,0.0,110,0,n,4
4932,I4932,1500,1000,800,754.0,110,1,n,4
3684,I3684,1500,800,800,961.0,110,0,n,4
587,I0587,1500,1000,800,828.0,110,1,n,4
4943,I4943,1500,800,800,459.0,110,0,n,4
959,I0959,1500,1000,800,1153.0,110,1,n,4
4055,I4055,1500,800,800,759.0,110,0,n,4
2910,I2910,1500,800,800,634.0,110,0,n,4
1258,I1258,1500,800,800,632.0,110,0,n,4
2804,I2804,1500,800,800,0.0,110,0,n,4
700,I0700,1500,1000,800,557.0,110,1,n,4
3589,I3589,1500,800,800,721.0,110,0,n,4
2701,I2701,1500,800,800,788.0,110,0,n,4
2188,I2188,1500,1000,800,486.0,110,1,n,4
132,I0132,1500,1000,800,611.0,110,1,n,4
4780,I4780,1500,1000,800,0.0,110,1,n,4
3327,I3327,1500,800,800,510.0,110,0,n,4
2732,I2732,1500,1000,800,934.0,110,1,n,4
4658,I4658,1500,1000,800,671.0,110,1,n,4
1886,I1886,1500,1000,800,806.0,110,1,n,4
2418,I2418,1500,800,800,894.0,110,0,n,4
1671,I1671,1500,800,800,715.0,110,0,n,4
2249,I2249,1500,800,800,814.0,110,0,n,4
2215,I2215,1500,1000,800,561.0,110,1,n,4
451,I0451,1500,800,800,0.0,110,0,n,4
588,I0588,1500,1000,800,878.0,110,1,n,4
2960,I2960,1500,800,800,0.0,110,0,n,4
2064,I2064,1500,1000,800,1001.0,110,1,n,4
2407,I2407,1500,1000,800,888.0,110,1,n,4
1707,I1707,1500,1000,800,509.0,110,1,n,4
1174,I1174,1500,800,800,935.0,110,0,n,4
1059,I1059,1500,800,800,512.0,110,0,n,4
3173,I3173,1500,1000,800,767.0,110,1,n,4
4130,I4130,1500,800,800,0.0,110,0,n,4
452,I0452,1500,800,800,554.0,110,0,n,4
3373,I3373,1500,1000,800,975.0,110,1,n,4
598,I0598,1500,800,800,0.0,110,0,n,4
2864,I2864,1500,1000,800,629.0,110,1,n,4
1587,I1587,1500,800,800,525.0,110,0,n,4
545,I0545,1500,800,800,867.0,110,0,n,4
4083,I4083,1500,800,800,0.0,110,0,n,4
3698,I3698,1500,1000,800,1142.0,110,1,n,4
2896,I2896,1500,800,800,721.0,110,0,n,4
2566,I2566,1500,1000,800,845.0,110,1,n,4
1046,I1046,1500,800,800,0.0,110,0,n,4
2436,I2436,1500,800,800,1144.0,110,0,n,4
2001,I2001,1500,1000,800,0.0,110,1,n,4
4838,I4838,1500,1000,800,0.0,110,1,n,4
2952,I2952,1500,800,800,1066.0,110,0,n,4
1944,I1944,1500,1000,800,723.0,110,1,n,4
4575,I4575,1500,800,800,971.0,110,0,n,4
3295,I3295,1500,1000,800,1219.0,110,1,n,4
1012,I1012,1500,1000,800,0.0,110,1,n,4
3537,I3537,1500,1000,800,789.0,110,1,n,4
4565,I4565,1500,1000,800,1024.0,110,1,n,4
1597,I1597,1500,1000,800,749.0,110,1,n,4
3610,I3610,1500,800,800,558.0,110,0,n,4
989,I0989,1500,800,800,0.0,110,0,n,4
3345,I3345,1500,1000,800,1089.0,110,1,n,4
4673,I4673,1500,1000,800,0.0,110,1,n,4
4163,I4163,1500,800,800,977.0,110,0,n,4
1475,I1475,1500,800,800,792.0,110,0,n,4
3820,I3820,1500,800,800,0.0,110,0,n,4
672,I0672,1500,1000,800,650.0,110,1,n,4
1145,I1145,1500,800,800,762.0,110,0,n,4
2835,I2835,1500,1000,800,1044.0,110,1,n,4
4848,I4848,1500,800,800,0.0,110,0,n,4
3899,I3899,1500,1000,800,0.0,110,1,n,4
1409,I1409,1500,1000,800,1024.0,110,1,n,4
572,I0572,1500,1000,800,658.0,110,1,n,4
3339,I3339,1500,1000,800,629.0,110,1,n,4
4085,I4085,1500,1000,800,0.0,110,1,n,4
4876,I4876,1500,800,800,1028.0,110,0,n,4
1799,I1799,1500,800,800,617.0,110,0,n,4
3170,I3170,1500,800,800,1038.0,110,0,n,4
243,I0243,1500,1000,800,0.0,110,1,n,4
1992,I1992,1500,1000,800,695.0,110,1,n,4
3668,I3668,1500,800,800,860.0,110,0,n,4
4002,I4002,1500,800,800,0.0,110,0,n,4
306,I0306,1500,800,800,513.0,110,0,n,4
4704,I4704,1500,800,800,591.0,110,0,n,4
1585,I1585,1500,800,800,651.0,110,0,n,4
3530,I3530,1500,1000,800,479.0,110,1,n,4
3648,I3648,1500,1000,800,0.0,110,1,n,4
2367,I2367,1500,800,800,481.0,110,0,n,4
147,I0147,1500,800,800,833.0,110,0,n,4
4869,I4869,1500,800,800,863.0,110,0,n,4
1813,I1813,1500,800,800,715.0,110,0,n,4
230,I0230,1500,800,800,0.0,110,0,n,4
271,I0271,1500,800,800,0.0,110,0,n,4
3801,I3801,1500,1000,800,827.0,110,1,n,4
1789,I1789,1500,1000,800,666.0,110,1,n,4
3918,I3918,1500,1000,800,0.0,110,1,n,4
1658,I1658,1500,800,800,776.0,110,0,n,4
2255,I2255,1500,1000,800,702.0,110,1,n,4
1146,I1146,1500,800,800,871.0,110,0,n,4
354,I0354,1500,1000,800,0.0,110,1,n,4
3507,I3507,1500,800,800,806.0,110,0,n,4
4969,I4969,1500,1000,800,934.0,110,1,n,4
2537,I2537,1500,800,800,1198.0,110,0,n,4
770,I0770,1500,800,800,849.0,110,0,n,4
2082,I2082,1500,1000,800,510.0,110,1,n,4
2644,I2644,1500,800,800,831.0,110,0,n,4
2338,I2338,1500,800,800,0.0,110,0,n,4
3832,I3832,1500,800,800,510.0,110,0,n,4
3420,I3420,1500,1000,800,1105.0,110,1,n,4
2989,I2989,1500,800,800,643.0,110,0,n,4
2876,I2876,1500,1000,800,0.0,110,1,n,4
4495,I4495,1500,800,800,644.0,110,0,n,4
561,I0561,1500,800,800,735.0,110,0,n,4
4282,I4282,1500,1000,800,753.0,110,1,n,4
2942,I2942,1500,800,800,754.0,110,0,n,4
509,I0509,1500,800,800,0.0,110,0,n,4
3233,I3233,1500,800,800,1243.0,110,0,n,4
396,I0396,1500,1000,800,670.0,110,1,n,4
2314,I2314,1500,1000,800,749.0,110,1,n,4
266,I0266,1500,800,800,1168.0,110,0,n,4
428,I0428,1500,800,800,830.0,110,0,n,4
3243,I3243,1500,1000,800,737.0,110,1,n,4
580,I0580,1500,1000,800,822.0,110,1,n,4
3032,I3032,1500,800,800,735.0,110,0,n,4
1439,I1439,1500,800,800,777.0,110,0,n,4
2352,I2352,1500,1000,800,0.0,110,1,n,4
1879,I1879,1500,800,800,778.0,110,0,n,4
4755,I4755,1500,800,800,949.0,110,0,n,4
264,I0264,1500,1000,800,627.0,110,1,n,4
2414,I2414,1500,1000,800,831.0,110,1,n,4
4354,I4354,1500,800,800,0.0,110,0,n,4
2616,I2616,1500,1000,800,671.0,110,1,n,4
2154,I2154,1500,1000,800,682.0,110,1,n,4
1461,I1461,1500,800,800,511.0,110,0,n,4
2452,I2452,1500,800,800,579.0,110,0,n,4
1283,I1283,1500,1000,800,620.0,110,1,n,4
1051,I1051,1500,800,800,520.0,110,0,n,4
3305,I3305,1500,800,800,897.0,110,0,n,4
3829,I3829,1500,1000,800,733.0,110,1,n,4
3137,I3137,1500,800,800,0.0,110,0,n,4
3570,I3570,1500,1000,800,997.0,110,1,n,4
4503,I4503,1500,800,800,867.0,110,0,n,4
2973,I2973,1500,1000,800,0.0,110,1,n,4
1305,I1305,1500,1000,800,606.0,110,1,n,4
1921,I1921,1500,800,800,737.0,110,0,n,4
2400,I2400,1500,1000,800,877.0,110,1,n,4
2096,I2096,1500,1000,800,550.0,110,1,n,4
1792,I1792,1500,800,800,568.0,110,0,n,4
2231,I2231,1500,1000,800,810.0,110,1,n,4
3142,I3142,1500,1000,800,692.0,110,1,n,4
1574,I1574,1500,800,800,775.0,110,0,n,4
2121,I2121,1500,1000,800,575.0,110,1,n,4
510,I0510,1500,1000,800,1015.0,110,1,n,4
609,I0609,1500,800,800,0.0,110,0,n,4
3745,I3745,1500,1000,800,685.0,110,1,n,4
623,I0623,1500,1000,800,564.0,110,1,n,4
3311,I3311,1500,800,800,641.0,110,0,n,4
4338,I4338,1500,1000,800,578.0,110,1,n,4
3650,I3650,1500,1000,800,0.0,110,1,n,4
987,I0987,1500,1000,800,937.0,110,1,n,4
3252,I3252,1500,1000,800,1070.0,110,1,n,4
4168,I4168,1500,1000,800,1007.0,110,1,n,4
692,I0692,1500,800,800,652.0,110,0,n,4
4718,I4718,1500,1000,800,638.0,110,1,n,4
2673,I2673,1500,1000,800,1125.0,110,1,n,4
4194,I4194,1500,800,800,0.0,110,0,n,4
4423,I4423,1500,1000,800,1124.0,110,1,n,4
4939,I4939,1500,1000,800,811.0,110,1,n,4
3097,I3097,1500,800,800,684.0,110,0,n,4
4513,I4513,1500,1000,800,0.0,110,1,n,4
1052,I1052,1500,1000,800,0.0,110,1,n,4
3885,I3885,1500,1000,800,0.0,110,1,n,4
3224,I3224,1500,800,800,0.0,110,0,n,4
4227,I4227,1500,800,800,801.0,110,0,n,4
2853,I2853,1500,1000,800,589.0,110,1,n,4
3419,I3419,1500,800,800,748.0,110,0,n,4
1504,I1504,1500,1000,800,864.0,110,1,n,4
2335,I2335,1500,800,800,912.0,110,0,n,4
3812,I3812,1500,1000,800,823.0,110,1,n,4
590,I0590,1500,800,800,1061.0,110,0,n,4
3325,I3325,1500,800,800,753.0,110,0,n,4
4715,I4715,1500,800,800,891.0,110,0,n,4
2987,I2987,1500,800,800,758.0,110,0,n,4
3906,I3906,1500,1000,800,708.0,110,1,n,4
1105,I1105,1500,1000,800,777.0,110,1,n,4
4463,I4463,1500,800,800,480.0,110,0,n,4
3955,I3955,1500,1000,800,1117.0,110,1,n,4
4135,I4135,1500,800,800,599.0,110,0,n,4
2348,I2348,1500,800,800,588.0,110,0,n,4
4259,I4259,1500,800,800,826.0,110,0,n,4
4630,I4630,1500,1000,800,785.0,110,1,n,4
3568,I3568,1500,800,800,634.0,110,0,n,4
695,I0695,1500,800,800,0.0,110,0,n,4
1755,I1755,1500,800,800,870.0,110,0,n,4
4274,I4274,1500,1000,800,667.0,110,1,n,4
1474,I1474,1500,800,800,0.0,110,0,n,4
2538,I2538,1500,1000,800,843.0,110,1,n,4
2895,I2895,1500,1000,800,1095.0,110,1,n,4
2636,I2636,1500,1000,800,577.0,110,1,n,4
942,I0942,1500,800,800,484.0,110,0,n,4
1724,I1724,1500,1000,800,0.0,110,1,n,4
2029,I2029,1500,800,800,473.0,110,0,n,4
402,I0402,1500,800,800,0.0,110,0,n,4
2951,I2951,1500,1000,800,1040.0,110,1,n,4
3703,I3703,1500,800,800,951.0,110,0,n,4
1537,I1537,1500,1000,800,1117.0,110,1,n,4
1773,I1773,1500,800,800,819.0,110,0,n,4
4430,I4430,1500,1000,800,708.0,110,1,n,4
1350,I1350,1500,800,800,629.0,110,0,n,4
2871,I2871,1500,800,800,556.0,110,0,n,4
629,I0629,1500,800,800,0.0,110,0,n,4
3433,I3433,1500,800,800,883.0,110,0,n,4
2504,I2504,1500,800,800,641.0,110,0,n,4
301,I0301,1500,800,800,547.0,110,0,n,4
77,I0077,1500,1000,800,975.0,110,1,n,4
2848,I2848,1500,1000,800,566.0,110,1,n,4
4909,I4909,1500,1000,800,0.0,110,1,n,4
3092,I3092,1500,1000,800,1002.0,110,1,n,4
2332,I2332,1500,1000,800,0.0,110,1,n,4
542,I0542,1500,800,800,767.0,110,0,n,4
1331,I1331,1500,1000,800,575.0,110,1,n,4
4388,I4388,1500,800,800,694.0,110,0,n,4
4602,I4602,1500,800,800,606.0,110,0,n,4
1302,I1302,1500,800,800,505.0,110,0,n,4
429,I0429,1500,1000,800,789.0,110,1,n,4
3459,I3459,1500,1000,800,881.0,110,1,n,4
3772,I3772,1500,1000,800,637.0,110,1,n,4
2591,I2591,1500,800,800,0.0,110,0,n,4
517,I0517,1500,1000,800,0.0,110,1,n,4
3586,I3586,1500,1000,800,799.0,110,1,n,4
3676,I3676,1500,1000,800,674.0,110,1,n,4
3372,I3372,1500,1000,800,542.0,110,1,n,4
303,I0303,1500,1000,800,537.0,110,1,n,4
4598,I4598,1500,1000,800,0.0,110,1,n,4
2986,I2986,1500,1000,800,0.0,110,1,n,4
3611,I3611,1500,1000,800,0.0,110,1,n,4
2370,I2370,1500,1000,800,971.0,110,1,n,4
3195,I3195,1500,800,800,690.0,110,0,n,4
2227,I2227,1500,800,800,1121.0,110,0,n,4
4546,I4546,1500,1000,800,619.0,110,1,n,4
697,I0697,1500,1000,800,1033.0,110,1,n,4
4885,I4885,1500,800,800,744.0,110,0,n,4
61,I0061,1500,1000,800,765.0,110,1,n,4
2045,I2045,1500,1000,800,685.0,110,1,n,4
904,I0904,1500,1000,800,1190.0,110,1,n,4
4728,I4728,1500,800,800,0.0,110,0,n,4
581,I0581,1500,1000,800,1006.0,110,1,n,4
802,I0802,1500,800,800,935.0,110,0,n,4
3015,I3015,1500,1000,800,0.0,110,1,n,4
471,I0471,1500,800,800,1279.0,110,0,n,4
3876,I3876,1500,800,800,713.0,110,0,n,4
3543,I3543,1500,800,800,643.0,110,0,n,4
4057,I4057,1500,1000,800,0.0,110,1,n,4
600,I0600,1500,800,800,712.0,110,0,n,4
3426,I3426,1500,800,800,827.0,110,0,n,4
4315,I4315,1500,1000,800,947.0,110,1,n,4
3785,I3785,1500,1000,800,929.0,110,1,n,4
3734,I3734,1500,1000,800,0.0,110,1,n,4
3086,I3086,1500,800,800,0.0,110,0,n,4
350,I0350,1500,1000,800,726.0,110,1,n,4
1337,I1337,1500,1000,800,814.0,110,1,n,4
2317,I2317,1500,1000,800,1104.0,110,1,n,4
4857,I4857,1500,800,800,0.0,110,0,n,4
498,I0498,1500,800,800,726.0,110,0,n,4
2361,I2361,1500,1000,800,702.0,110,1,n,4
4418,I4418,1500,1000,800,0.0,110,1,n,4
2237,I2237,1500,800,800,0.0,110,0,n,4
3336,I3336,1500,800,800,742.0,110,0,n,4
327,I0327,1500,1000,800,1111.0,110,1,n,4
836,I0836,1500,1000,800,745.0,110,1,n,4
2598,I2598,1500,1000,800,0.0,110,1,n,4
487,I0487,1500,1000,800,599.0,110,1,n,4
1150,I1150,1500,1000,800,0.0,110,1,n,4
2861,I2861,1500,800,800,0.0,110,0,n,4
4548,I4548,1500,1000,800,1102.0,110,1,n,4
4364,I4364,1500,1000,800,655.0,110,1,n,4
2264,I2264,1500,1000,800,700.0,110,1,n,4
2495,I2495,1500,800,800,850.0,110,0,n,4
463,I0463,1500,1000,800,839.0,110,1,n,4
394,I0394,1500,1000,800,813.0,110,1,n,4
2517,I2517,1500,800,800,774.0,110,0,n,4
4895,I4895,1500,1000,800,0.0,110,1,n,4
3862,I3862,1500,1000,800,674.0,110,1,n,4
2915,I2915,1500,1000,800,896.0,110,1,n,4
3321,I3321,1500,1000,800,0.0,110,1,n,4
1687,I1687,1500,1000,800,0.0,110,1,n,4
2547,I2547,1500,1000,800,673.0,110,1,n,4
2468,I2468,1500,1000,800,1007.0,110,1,n,4
3476,I3476,1500,800,800,659.0,110,0,n,4
2676,I2676,1500,800,800,719.0,110,0,n,4
4183,I4183,1500,1000,800,0.0,110,1,n,4
3191,I3191,1500,800,800,1375.0,110,0,n,4
4160,I4160,1500,1000,800,916.0,110,1,n,4
3503,I3503,1500,800,800,0.0,110,0,n,4
2023,I2023,1500,800,800,615.0,110,0,n,4
2072,I2072,1500,1000,800,0.0,110,1,n,4
3867,I3867,1500,1000,800,582.0,110,1,n,4
1971,I1971,1500,800,800,831.0,110,0,n,4
705,I0705,1500,1000,800,683.0,110,1,n,4
4788,I4788,1500,1000,800,0.0,110,1,n,4
4744,I4744,1500,800,800,690.0,110,0,n,4
3900,I3900,1500,800,800,873.0,110,0,n,4
2273,I2273,1500,800,800,0.0,110,0,n,4
876,I0876,1500,800,800,664.0,110,0,n,4
2089,I2089,1500,1000,800,1101.0,110,1,n,4
4917,I4917,1500,800,800,664.0,110,0,n,4
1132,I1132,1500,800,800,787.0,110,0,n,4
3697,I3697,1500,800,800,0.0,110,0,n,4
278,I0278,1500,800,800,983.0,110,0,n,4
2238,I2238,1500,800,800,873.0,110,0,n,4
4390,I4390,1500,800,800,577.0,110,0,n,4
2312,I2312,1500,1000,800,902.0,110,1,n,4
1351,I1351,1500,800,800,868.0,110,0,n,4
1257,I1257,1500,1000,800,472.0,110,1,n,4
356,I0356,1500,800,800,0.0,110,0,n,4
2741,I2741,1500,1000,800,831.0,110,1,n,4
203,I0203,1500,800,800,970.0,110,0,n,4
1292,I1292,1500,800,800,1098.0,110,0,n,4
3138,I3138,1500,1000,800,686.0,110,1,n,4
4861,I4861,1500,1000,800,493.0,110,1,n,4
221,I0221,1500,800,800,0.0,110,0,n,4
845,I0845,1500,1000,800,0.0,110,1,n,4
790,I0790,1500,1000,800,675.0,110,1,n,4
182,I0182,1500,1000,800,894.0,110,1,n,4
3292,I3292,1500,800,800,589.0,110,0,n,4
1154,I1154,1500,800,800,0.0,110,0,n,4
1304,I1304,1500,1000,800,562.0,110,1,n,4
3499,I3499,1500,800,800,1112.0,110,0,n,4
4323,I4323,1500,800,800,662.0,110,0,n,4
3654,I3654,1500,1000,800,673.0,110,1,n,4
213,I0213,1500,1000,800,878.0,110,1,n,4
328,I0328,1500,800,800,522.0,110,0,n,4
2509,I2509,1500,1000,800,569.0,110,1,n,4
169,I0169,1500,1000,800,0.0,110,1,n,4
854,I0854,1500,800,800,790.0,110,0,n,4
662,I0662,1500,1000,800,617.0,110,1,n,4
47,I0047,1500,800,800,1178.0,110,0,n,4
3577,I3577,1500,800,800,863.0,110,0,n,4
2827,I2827,1500,800,800,952.0,110,0,n,4
1815,I1815,1500,1000,800,628.0,110,1,n,4
405,I0405,1500,1000,800,777.0,110,1,n,4
1638,I1638,1500,800,800,686.0,110,0,n,4
1517,I1517,1500,1000,800,888.0,110,1,n,4
1410,I1410,1500,1000,800,807.0,110,1,n,4
2456,I2456,1500,800,800,660.0,110,0,n,4
4696,I4696,1500,800,800,830.0,110,0,n,4
4450,I4450,1500,1000,800,635.0,110,1,n,4
4726,I4726,1500,1000,800,511.0,110,1,n,4
965,I0965,1500,800,800,677.0,110,0,n,4
4066,I4066,1500,800,800,539.0,110,0,n,4
126,I0126,1500,800,800,0.0,110,0,n,4
2494,I2494,1500,800,800,748.0,110,0,n,4
4740,I4740,1500,1000,800,785.0,110,1,n,4
1628,I1628,1500,1000,800,0.0,110,1,n,4
1422,I1422,1500,800,800,586.0,110,0,n,4
1516,I1516,1500,1000,800,777.0,110,1,n,4
2977,I2977,1500,1000,800,0.0,110,1,n,4
3251,I3251,1500,800,800,1151.0,110,0,n,4
4452,I4452,1500,1000,800,908.0,110,1,n,4
3074,I3074,1500,800,800,885.0,110,0,n,4
818,I0818,1500,1000,800,1026.0,110,1,n,4
2742,I2742,1500,1000,800,985.0,110,1,n,4
150,I0150,1500,800,800,878.0,110,0,n,4
4471,I4471,1500,800,800,0.0,110,0,n,4
3263,I3263,1500,800,800,847.0,110,0,n,4
466,I0466,1500,800,800,696.0,110,0,n,4
1340,I1340,1500,1000,800,0.0,110,1,n,4
388,I0388,1500,800,800,726.0,110,0,n,4
1361,I1361,1500,800,800,762.0,110,0,n,4
2073,I2073,1500,800,800,834.0,110,0,n,4
3276,I3276,1500,1000,800,607.0,110,1,n,4
69,I0069,1500,800,800,721.0,110,0,n,4
448,I0448,1500,800,800,0.0,110,0,n,4
1683,I1683,1500,1000,800,743.0,110,1,n,4
4361,I4361,1500,800,800,820.0,110,0,n,4
2788,I2788,1500,800,800,0.0,110,0,n,4
3997,I3997,1500,800,800,839.0,110,0,n,4
3326,I3326,1500,1000,800,599.0,110,1,n,4
4499,I4499,1500,1000,800,740.0,110,1,n,4
691,I0691,1500,800,800,1055.0,110,0,n,4
1019,I1019,1500,1000,800,633.0,110,1,n,4
2186,I2186,1500,1000,800,1180.0,110,1,n,4
2202,I2202,1500,800,800,0.0,110,0,n,4
4199,I4199,1500,800,800,1072.0,110,0,n,4
70,I0070,1500,1000,800,0.0,110,1,n,4
3748,I3748,1500,1000,800,0.0,110,1,n,4
2115,I2115,1500,800,800,854.0,110,0,n,4
1578,I1578,1500,800,800,784.0,110,0,n,4
1234,I1234,1500,1000,800,740.0,110,1,n,4
3823,I3823,1500,1000,800,691.0,110,1,n,4
456,I0456,1500,1000,800,0.0,110,1,n,4
1405,I1405,1500,1000,800,662.0,110,1,n,4
309,I0309,1500,1000,800,798.0,110,1,n,4
1278,I1278,1500,1000,800,592.0,110,1,n,4
2324,I2324,1500,1000,800,877.0,110,1,n,4
3553,I3553,1500,800,800,697.0,110,0,n,4
4049,I4049,1500,1000,800,0.0,110,1,n,4
4252,I4252,1500,800,800,860.0,110,0,n,4
3331,I3331,1500,1000,800,534.0,110,1,n,4
344,I0344,1500,800,800,730.0,110,0,n,4
972,I0972,1500,800,800,766.0,110,0,n,4
4844,I4844,1500,1000,800,605.0,110,1,n,4
3014,I3014,1500,1000,800,502.0,110,1,n,4
4215,I4215,1500,800,800,673.0,110,0,n,4
1041,I1041,1500,800,800,649.0,110,0,n,4
4303,I4303,1500,1000,800,616.0,110,1,n,4
4962,I4962,1500,1000,800,826.0,110,1,n,4
488,I0488,1500,800,800,866.0,110,0,n,4
1296,I1296,1500,800,800,822.0,110,0,n,4
2110,I2110,1500,800,800,808.0,110,0,n,4
4563,I4563,1500,800,800,823.0,110,0,n,4
2708,I2708,1500,800,800,824.0,110,0,n,4
4311,I4311,1500,800,800,1194.0,110,0,n,4
2988,I2988,1500,1000,800,642.0,110,1,n,4
670,I0670,1500,1000,800,0.0,110,1,n,4
3274,I3274,1500,1000,800,687.0,110,1,n,4
2355,I2355,1500,800,800,807.0,110,0,n,4
867,I0867,1500,1000,800,1003.0,110,1,n,4
774,I0774,1500,1000,800,1070.0,110,1,n,4
3775,I3775,1500,800,800,1143.0,110,0,n,4
882,I0882,1500,1000,800,696.0,110,1,n,4
1499,I1499,1500,1000,800,642.0,110,1,n,4
3857,I3857,1500,1000,800,615.0,110,1,n,4
229,I0229,1500,1000,800,661.0,110,1,n,4
3819,I3819,1500,1000,800,893.0,110,1,n,4
2872,I2872,1500,1000,800,949.0,110,1,n,4
737,I0737,1500,800,800,531.0,110,0,n,4
4079,I4079,1500,800,800,883.0,110,0,n,4
3488,I3488,1500,800,800,0.0,110,0,n,4
3538,I3538,1500,1000,800,1153.0,110,1,n,4
17,I0017,1500,800,800,915.0,110,0,n,4
1312,I1312,1500,1000,800,975.0,110,1,n,4
1976,I1976,1500,1000,800,756.0,110,1,n,4
2690,I2690,1500,1000,800,729.0,110,1,n,4
1883,I1883,1500,1000,800,735.0,110,1,n,4
3443,I3443,1500,1000,800,539.0,110,1,n,4
2071,I2071,1500,800,800,993.0,110,0,n,4
4307,I4307,1500,800,800,645.0,110,0,n,4
3102,I3102,1500,800,800,592.0,110,0,n,4
93,I0093,1500,1000,800,863.0,110,1,n,4
3753,I3753,1500,1000,800,1296.0,110,1,n,4
4689,I4689,1500,800,800,1090.0,110,0,n,4
2143,I2143,1500,1000,800,741.0,110,1,n,4
1353,I1353,1500,1000,800,567.0,110,1,n,4
4555,I4555,1500,800,800,502.0,110,0,n,4
4965,I4965,1500,800,800,982.0,110,0,n,4
4090,I4090,1500,1000,800,0.0,110,1,n,4
20,I0020,1500,800,800,465.0,110,0,n,4
3895,I3895,1500,1000,800,0.0,110,1,n,4
1502,I1502,1500,800,800,957.0,110,0,n,4
1065,I1065,1500,1000,800,868.0,110,1,n,4
2885,I2885,1500,1000,800,0.0,110,1,n,4
1801,I1801,1500,1000,800,1172.0,110,1,n,4
3769,I3769,1500,800,800,965.0,110,0,n,4
1978,I1978,1500,800,800,673.0,110,0,n,4
197,I0197,1500,1000,800,481.0,110,1,n,4
4484,I4484,1500,800,800,504.0,110,0,n,4
1342,I1342,1500,800,800,1117.0,110,0,n,4
2553,I2553,1500,800,800,0.0,110,0,n,4
3539,I3539,1500,800,800,720.0,110,0,n,4
1223,I1223,1500,1000,800,0.0,110,1,n,4
1588,I1588,1500,1000,800,508.0,110,1,n,4
2569,I2569,1500,1000,800,552.0,110,1,n,4
902,I0902,1500,1000,800,622.0,110,1,n,4
3379,I3379,1500,1000,800,614.0,110,1,n,4
667,I0667,1500,1000,800,708.0,110,1,n,4
1251,I1251,1500,1000,800,687.0,110,1,n,4
1527,I1527,1500,1000,800,889.0,110,1,n,4
1775,I1775,1500,1000,800,619.0,110,1,n,4
4141,I4141,1500,1000,800,0.0,110,1,n,4
2498,I2498,1500,800,800,748.0,110,0,n,4
4017,I4017,1500,800,800,0.0,110,0,n,4
3909,I3909,1500,800,800,0.0,110,0,n,4
4072,I4072,1500,1000,800,719.0,110,1,n,4
3913,I3913,1500,800,800,634.0,110,0,n,4
1247,I1247,1500,800,800,1014.0,110,0,n,4
1444,I1444,1500,1000,800,1049.0,110,1,n,4
4102,I4102,1500,1000,800,1194.0,110,1,n,4
3441,I3441,1500,800,800,1108.0,110,0,n,4
1289,I1289,1500,800,800,0.0,110,0,n,4
1205,I1205,1500,1000,800,641.0,110,1,n,4
3469,I3469,1500,800,800,876.0,110,0,n,4
4839,I4839,1500,1000,800,731.0,110,1,n,4
3192,I3192,1500,1000,800,0.0,110,1,n,4
4404,I4404,1500,800,800,791.0,110,0,n,4
2595,I2595,1500,800,800,0.0,110,0,n,4
2054,I2054,1500,1000,800,999.0,110,1,n,4
4994,I4994,1500,800,800,466.0,110,0,n,4
3791,I3791,1500,800,800,686.0,110,0,n,4
2175,I2175,1500,1000,800,520.0,110,1,n,4
2158,I2158,1500,1000,800,1175.0,110,1,n,4
2991,I2991,1500,800,800,0.0,110,0,n,4
1656,I1656,1500,1000,800,511.0,110,1,n,4
2109,I2109,1500,1000,800,730.0,110,1,n,4
3474,I3474,1500,800,800,623.0,110,0,n,4
1925,I1925,1500,800,800,750.0,110,0,n,4
2315,I2315,1500,1000,800,914.0,110,1,n,4
1847,I1847,1500,1000,800,693.0,110,1,n,4
1589,I1589,1500,1000,800,912.0,110,1,n,4
3471,I3471,1500,800,800,868.0,110,0,n,4
1791,I1791,1500,1000,800,573.0,110,1,n,4
1575,I1575,1500,1000,800,703.0,110,1,n,4
2133,I2133,1500,1000,800,0.0,110,1,n,4
4374,I4374,1500,800,800,793.0,110,0,n,4
4228,I4228,1500,800,800,0.0,110,0,n,4
1274,I1274,1500,1000,800,0.0,110,1,n,4
2737,I2737,1500,1000,800,1006.0,110,1,n,4
4177,I4177,1500,1000,800,740.0,110,1,n,4
1169,I1169,1500,1000,800,0.0,110,1,n,4
938,I0938,1500,1000,800,846.0,110,1,n,4
3053,I3053,1500,800,800,687.0,110,0,n,4
4217,I4217,1500,1000,800,1183.0,110,1,n,4
4198,I4198,1500,1000,800,1003.0,110,1,n,4
4040,I4040,1500,800,800,789.0,110,0,n,4
3381,I3381,1500,1000,800,705.0,110,1,n,4
3728,I3728,1500,800,800,823.0,110,0,n,4
1131,I1131,1500,1000,800,512.0,110,1,n,4
4947,I4947,1500,1000,800,537.0,110,1,n,4
2288,I2288,1500,1000,800,745.0,110,1,n,4
119,I0119,1500,800,800,779.0,110,0,n,4
2924,I2924,1500,1000,800,591.0,110,1,n,4
3377,I3377,1500,800,800,496.0,110,0,n,4
1102,I1102,1500,800,800,561.0,110,0,n,4
3075,I3075,1500,1000,800,629.0,110,1,n,4
3849,I3849,1500,800,800,1036.0,110,0,n,4
3522,I3522,1500,800,800,1200.0,110,0,n,4
2686,I2686,1500,1000,800,906.0,110,1,n,4
2187,I2187,1500,1000,800,673.0,110,1,n,4
4776,I4776,1500,1000,800,682.0,110,1,n,4
2781,I2781,1500,800,800,876.0,110,0,n,4
293,I0293,1500,800,800,0.0,110,0,n,4
64,I0064,1500,800,800,956.0,110,0,n,4
2150,I2150,1500,1000,800,768.0,110,1,n,4
3366,I3366,1500,800,800,709.0,110,0,n,4
1413,I1413,1500,800,800,746.0,110,0,n,4
3991,I3991,1500,1000,800,753.0,110,1,n,4
3156,I3156,1500,800,800,1188.0,110,0,n,4
4843,I4843,1500,1000,800,841.0,110,1,n,4
1371,I1371,1500,1000,800,700.0,110,1,n,4
1049,I1049,1500,1000,800,899.0,110,1,n,4
3621,I3621,1500,1000,800,786.0,110,1,n,4
2626,I2626,1500,1000,800,486.0,110,1,n,4
4612,I4612,1500,1000,800,799.0,110,1,n,4
263,I0263,1500,800,800,0.0,110,0,n,4
954,I0954,1500,800,800,963.0,110,0,n,4
4292,I4292,1500,1000,800,776.0,110,1,n,4
2881,I2881,1500,800,800,856.0,110,0,n,4
3732,I3732,1500,1000,800,629.0,110,1,n,4
4525,I4525,1500,800,800,735.0,110,0,n,4
612,I0612,1500,1000,800,999.0,110,1,n,4
824,I0824,1500,1000,800,1199.0,110,1,n,4
3035,I3035,1500,1000,800,0.0,110,1,n,4
4084,I4084,1500,800,800,537.0,110,0,n,4
834,I0834,1500,800,800,592.0,110,0,n,4
3512,I3512,1500,1000,800,0.0,110,1,n,4
3730,I3730,1500,800,800,649.0,110,0,n,4
924,I0924,1500,800,800,781.0,110,0,n,4
127,I0127,1500,800,800,568.0,110,0,n,4
2067,I2067,1500,800,800,758.0,110,0,n,4
4887,I4887,1500,1000,800,0.0,110,1,n,4
3466,I3466,1500,800,800,565.0,110,0,n,4
1346,I1346,1500,1000,800,0.0,110,1,n,4
2769,I2769,1500,1000,800,703.0,110,1,n,4
3130,I3130,1500,800,800,1042.0,110,0,n,4
2496,I2496,1500,1000,800,668.0,110,1,n,4
4098,I4098,1500,800,800,645.0,110,0,n,4
1163,I1163,1500,800,800,1109.0,110,0,n,4
2003,I2003,1500,1000,800,942.0,110,1,n,4
1865,I1865,1500,800,800,930.0,110,0,n,4
3491,I3491,1500,800,800,648.0,110,0,n,4
1843,I1843,1500,800,800,937.0,110,0,n,4
3223,I3223,1500,1000,800,0.0,110,1,n,4
1539,I1539,1500,800,800,541.0,110,0,n,4
3601,I3601,1500,1000,800,575.0,110,1,n,4
556,I0556,1500,800,800,1004.0,110,0,n,4
3430,I3430,1500,1000,800,0.0,110,1,n,4
1259,I1259,1500,1000,800,843.0,110,1,n,4
3313,I3313,1500,800,800,566.0,110,0,n,4
4660,I4660,1500,800,800,0.0,110,0,n,4
3689,I3689,1500,1000,800,802.0,110,1,n,4
2641,I2641,1500,800,800,0.0,110,0,n,4
1222,I1222,1500,800,800,0.0,110,0,n,4
3889,I3889,1500,1000,800,1201.0,110,1,n,4
43,I0043,1500,800,800,0.0,110,0,n,4
3294,I3294,1500,1000,800,746.0,110,1,n,4
3338,I3338,1500,800,800,763.0,110,0,n,4
4810,I4810,1500,800,800,793.0,110,0,n,4
268,I0268,1500,1000,800,1026.0,110,1,n,4
33,I0033,1500,800,800,813.0,110,0,n,4
4480,I4480,1500,800,800,737.0,110,0,n,4
4044,I4044,1500,800,800,0.0,110,0,n,4
2412,I2412,1500,1000,800,627.0,110,1,n,4
1524,I1524,1500,1000,800,0.0,110,1,n,4
1240,I1240,1500,1000,800,850.0,110,1,n,4
2539,I2539,1500,1000,800,0.0,110,1,n,4
4781,I4781,1500,1000,800,1192.0,110,1,n,4
2279,I2279,1500,800,800,907.0,110,0,n,4
2561,I2561,1500,800,800,804.0,110,0,n,4
4743,I4743,1500,1000,800,0.0,110,1,n,4
794,I0794,1500,800,800,755.0,110,0,n,4
3411,I3411,1500,1000,800,574.0,110,1,n,4
3011,I3011,1500,800,800,990.0,110,0,n,4
1645,I1645,1500,1000,800,726.0,110,1,n,4
1509,I1509,1500,800,800,0.0,110,0,n,4
777,I0777,1500,800,800,758.0,110,0,n,4
2925,I2925,1500,800,800,948.0,110,0,n,4
319,I0319,1500,1000,800,789.0,110,1,n,4
835,I0835,1500,1000,800,863.0,110,1,n,4
1162,I1162,1500,1000,800,547.0,110,1,n,4
2437,I2437,1500,1000,800,771.0,110,1,n,4
2258,I2258,1500,800,800,753.0,110,0,n,4
1950,I1950,1500,1000,800,0.0,110,1,n,4
4000,I4000,1500,800,800,758.0,110,0,n,4
2582,I2582,1500,800,800,573.0,110,0,n,4
4027,I4027,1500,800,800,664.0,110,0,n,4
3392,I3392,1500,800,800,803.0,110,0,n,4
453,I0453,1500,800,800,534.0,110,0,n,4
4791,I4791,1500,1000,800,1259.0,110,1,n,4
2286,I2286,1500,1000,800,876.0,110,1,n,4
4841,I4841,1500,1000,800,846.0,110,1,n,4
3021,I3021,1500,1000,800,864.0,110,1,n,4
4381,I4381,1500,800,800,688.0,110,0,n,4
2633,I2633,1500,1000,800,575.0,110,1,n,4
3260,I3260,1500,1000,800,573.0,110,1,n,4
4631,I4631,1500,1000,800,0.0,110,1,n,4
4717,I4717,1500,1000,800,479.0,110,1,n,4
438,I0438,1500,1000,800,0.0,110,1,n,4
3451,I3451,1500,800,800,1309.0,110,0,n,4
1199,I1199,1500,800,800,560.0,110,0,n,4
2810,I2810,1500,1000,800,720.0,110,1,n,4
3508,I3508,1500,1000,800,747.0,110,1,n,4
4460,I4460,1500,1000,800,1097.0,110,1,n,4
1716,I1716,1500,1000,800,848.0,110,1,n,4
3335,I3335,1500,800,800,0.0,110,0,n,4
332,I0332,1500,1000,800,780.0,110,1,n,4
2385,I2385,1500,1000,800,545.0,110,1,n,4
759,I0759,1500,800,800,0.0,110,0,n,4
3253,I3253,1500,800,800,840.0,110,0,n,4
1624,I1624,1500,800,800,537.0,110,0,n,4
3141,I3141,1500,800,800,0.0,110,0,n,4
3099,I3099,1500,1000,800,726.0,110,1,n,4
2685,I2685,1500,800,800,1021.0,110,0,n,4
4403,I4403,1500,1000,800,0.0,110,1,n,4
3472,I3472,1500,1000,800,796.0,110,1,n,4
297,I0297,1500,800,800,894.0,110,0,n,4
2516,I2516,1500,800,800,976.0,110,0,n,4
94,I0094,1500,1000,800,594.0,110,1,n,4
4685,I4685,1500,1000,800,1135.0,110,1,n,4
494,I0494,1500,800,800,498.0,110,0,n,4
3388,I3388,1500,1000,800,0.0,110,1,n,4
2776,I2776,1500,1000,800,619.0,110,1,n,4
523,I0523,1500,800,800,1063.0,110,0,n,4
4607,I4607,1500,800,800,0.0,110,0,n,4
2410,I2410,1500,1000,800,588.0,110,1,n,4
3374,I3374,1500,800,800,687.0,110,0,n,4
1344,I1344,1500,1000,800,672.0,110,1,n,4
2765,I2765,1500,800,800,0.0,110,0,n,4
4675,I4675,1500,800,800,567.0,110,0,n,4
4440,I4440,1500,1000,800,911.0,110,1,n,4
4023,I4023,1500,1000,800,961.0,110,1,n,4
139,I0139,1500,1000,800,763.0,110,1,n,4
755,I0755,1500,1000,800,0.0,110,1,n,4
2901,I2901,1500,800,800,790.0,110,0,n,4
3029,I3029,1500,800,800,558.0,110,0,n,4
363,I0363,1500,1000,800,749.0,110,1,n,4
819,I0819,1500,800,800,1314.0,110,0,n,4
3941,I3941,1500,800,800,1001.0,110,0,n,4
1248,I1248,1500,1000,800,754.0,110,1,n,4
3762,I3762,1500,800,800,0.0,110,0,n,4
3760,I3760,1500,1000,800,629.0,110,1,n,4
2638,I2638,1500,1000,800,665.0,110,1,n,4
1582,I1582,1500,800,800,1177.0,110,0,n,4
4504,I4504,1500,800,800,0.0,110,0,n,4
4580,I4580,1500,800,800,0.0,110,0,n,4
3055,I3055,1500,1000,800,587.0,110,1,n,4
2431,I2431,1500,800,800,473.0,110,0,n,4
39,I0039,1500,800,800,479.0,110,0,n,4
90,I0090,1500,800,800,789.0,110,0,n,4
2208,I2208,1500,1000,800,801.0,110,1,n,4
4243,I4243,1500,1000,800,1004.0,110,1,n,4
4639,I4639,1500,800,800,0.0,110,0,n,4
2612,I2612,1500,800,800,0.0,110,0,n,4
3637,I3637,1500,800,800,766.0,110,0,n,4
194,I0194,1500,1000,800,539.0,110,1,n,4
4777,I4777,1500,800,800,724.0,110,0,n,4
148,I0148,1500,800,800,719.0,110,0,n,4
4920,I4920,1500,800,800,791.0,110,0,n,4
2703,I2703,1500,1000,800,0.0,110,1,n,4
3642,I3642,1500,800,800,910.0,110,0,n,4
4362,I4362,1500,800,800,681.0,110,0,n,4
1359,I1359,1500,1000,800,750.0,110,1,n,4
846,I0846,1500,1000,800,730.0,110,1,n,4
738,I0738,1500,1000,800,645.0,110,1,n,4
3699,I3699,1500,800,800,815.0,110,0,n,4
541,I0541,1500,800,800,749.0,110,0,n,4
1347,I1347,1500,1000,800,747.0,110,1,n,4
2979,I2979,1500,1000,800,0.0,110,1,n,4
2836,I2836,1500,800,800,1033.0,110,0,n,4
4104,I4104,1500,1000,800,476.0,110,1,n,4
3454,I3454,1500,1000,800,657.0,110,1,n,4
4581,I4581,1500,800,800,865.0,110,0,n,4
255,I0255,1500,800,800,773.0,110,0,n,4
3109,I3109,1500,800,800,0.0,110,0,n,4
2270,I2270,1500,800,800,1001.0,110,0,n,4
1495,I1495,1500,1000,800,0.0,110,1,n,4
1512,I1512,1500,800,800,882.0,110,0,n,4
829,I0829,1500,1000,800,645.0,110,1,n,4
2506,I2506,1500,800,800,0.0,110,0,n,4
3875,I3875,1500,800,800,974.0,110,0,n,4
4355,I4355,1500,800,800,904.0,110,0,n,4
4849,I4849,1500,1000,800,0.0,110,1,n,4
4173,I4173,1500,800,800,570.0,110,0,n,4
66,I0066,1500,1000,800,617.0,110,1,n,4
364,I0364,1500,1000,800,683.0,110,1,n,4
4429,I4429,1500,800,800,799.0,110,0,n,4
4767,I4767,1500,800,800,0.0,110,0,n,4
2760,I2760,1500,800,800,844.0,110,0,n,4
1975,I1975,1500,800,800,979.0,110,0,n,4
1325,I1325,1500,800,800,544.0,110,0,n,4
3886,I3886,1500,1000,800,473.0,110,1,n,4
3124,I3124,1500,800,800,691.0,110,0,n,4
3536,I3536,1500,800,800,833.0,110,0,n,4
4353,I4353,1500,1000,800,0.0,110,1,n,4
1070,I1070,1500,1000,800,874.0,110,1,n,4
2042,I2042,1500,800,800,672.0,110,0,n,4
3239,I3239,1500,1000,800,0.0,110,1,n,4
307,I0307,1500,800,800,0.0,110,0,n,4
2603,I2603,1500,800,800,813.0,110,0,n,4
1345,I1345,1500,800,800,742.0,110,0,n,4
4632,I4632,1500,1000,800,1145.0,110,1,n,4
822,I0822,1500,800,800,550.0,110,0,n,4
2593,I2593,1500,800,800,711.0,110,0,n,4
4765,I4765,1500,800,800,625.0,110,0,n,4
351,I0351,1500,800,800,0.0,110,0,n,4
3715,I3715,1500,800,800,1189.0,110,0,n,4
1768,I1768,1500,1000,800,687.0,110,1,n,4
3155,I3155,1500,800,800,996.0,110,0,n,4
3733,I3733,1500,1000,800,537.0,110,1,n,4
1358,I1358,1500,800,800,0.0,110,0,n,4
1360,I1360,1500,800,800,633.0,110,0,n,4
4359,I4359,1500,800,800,537.0,110,0,n,4
3988,I3988,1500,1000,800,0.0,110,1,n,4
3222,I3222,1500,1000,800,693.0,110,1,n,4
1317,I1317,1500,1000,800,967.0,110,1,n,4
1918,I1918,1500,1000,800,746.0,110,1,n,4
3651,I3651,1500,1000,800,517.0,110,1,n,4
2059,I2059,1500,800,800,1026.0,110,0,n,4
4300,I4300,1500,800,800,509.0,110,0,n,4
2891,I2891,1500,1000,800,872.0,110,1,n,4
1905,I1905,1500,1000,800,679.0,110,1,n,4
3758,I3758,1500,800,800,600.0,110,0,n,4
3132,I3132,1500,800,800,489.0,110,0,n,4
1655,I1655,1500,800,800,717.0,110,0,n,4
4528,I4528,1500,800,800,0.0,110,0,n,4
446,I0446,1500,800,800,0.0,110,0,n,4
1414,I1414,1500,1000,800,978.0,110,1,n,4
4664,I4664,1500,800,800,617.0,110,0,n,4
4538,I4538,1500,1000,800,578.0,110,1,n,4
1100,I1100,1500,800,800,0.0,110,0,n,4
171,I0171,1500,800,800,940.0,110,0,n,4
3604,I3604,1500,800,800,709.0,110,0,n,4
859,I0859,1500,800,800,612.0,110,0,n,4
861,I0861,1500,1000,800,678.0,110,1,n,4
4050,I4050,1500,1000,800,555.0,110,1,n,4
1881,I1881,1500,800,800,739.0,110,0,n,4
881,I0881,1500,1000,800,784.0,110,1,n,4
1037,I1037,1500,800,800,522.0,110,0,n,4
4237,I4237,1500,800,800,476.0,110,0,n,4
1774,I1774,1500,1000,800,0.0,110,1,n,4
1212,I1212,1500,800,800,0.0,110,0,n,4
3214,I3214,1500,800,800,667.0,110,0,n,4
2908,I2908,1500,1000,800,1005.0,110,1,n,4
495,I0495,1500,800,800,533.0,110,0,n,4
3399,I3399,1500,1000,800,667.0,110,1,n,4
1926,I1926,1500,800,800,765.0,110,0,n,4
4806,I4806,1500,1000,800,788.0,110,1,n,4
687,I0687,1500,1000,800,696.0,110,1,n,4
2178,I2178,1500,800,800,890.0,110,0,n,4
2945,I2945,1500,1000,800,857.0,110,1,n,4
1211,I1211,1500,1000,800,0.0,110,1,n,4
3848,I3848,1500,1000,800,923.0,110,1,n,4
3755,I3755,1500,800,800,0.0,110,0,n,4
2382,I2382,1500,800,800,577.0,110,0,n,4
1759,I1759,1500,1000,800,607.0,110,1,n,4
3690,I3690,1500,800,800,798.0,110,0,n,4
277,I0277,1500,1000,800,586.0,110,1,n,4
4205,I4205,1500,800,800,1171.0,110,0,n,4
2970,I2970,1500,1000,800,748.0,110,1,n,4
761,I0761,1500,800,800,841.0,110,0,n,4
4835,I4835,1500,1000,800,0.0,110,1,n,4
837,I0837,1500,1000,800,609.0,110,1,n,4
3661,I3661,1500,1000,800,0.0,110,1,n,4
784,I0784,1500,800,800,1019.0,110,0,n,4
2536,I2536,1500,1000,800,632.0,110,1,n,4
1403,I1403,1500,800,800,810.0,110,0,n,4
3824,I3824,1500,1000,800,840.0,110,1,n,4
3551,I3551,1500,800,800,1001.0,110,0,n,4
3062,I3062,1500,800,800,626.0,110,0,n,4
2019,I2019,1500,1000,800,0.0,110,1,n,4
1142,I1142,1500,1000,800,0.0,110,1,n,4
3359,I3359,1500,1000,800,0.0,110,1,n,4
1327,I1327,1500,800,800,555.0,110,0,n,4
3150,I3150,1500,1000,800,703.0,110,1,n,4
1233,I1233,1500,800,800,528.0,110,0,n,4
3631,I3631,1500,800,800,531.0,110,0,n,4
3151,I3151,1500,1000,800,519.0,110,1,n,4
994,I0994,1500,800,800,0.0,110,0,n,4
1415,I1415,1500,800,800,841.0,110,0,n,4
4644,I4644,1500,800,800,817.0,110,0,n,4
4276,I4276,1500,800,800,835.0,110,0,n,4
605,I0605,1500,1000,800,1091.0,110,1,n,4
22,I0022,1500,800,800,0.0,110,0,n,4
4701,I4701,1500,800,800,0.0,110,0,n,4
3117,I3117,1500,800,800,0.0,110,0,n,4
920,I0920,1500,1000,800,0.0,110,1,n,4
4520,I4520,1500,1000,800,0.0,110,1,n,4
4798,I4798,1500,800,800,936.0,110,0,n,4
42,I0042,1500,1000,800,794.0,110,1,n,4
681,I0681,1500,800,800,0.0,110,0,n,4
63,I0063,1500,800,800,0.0,110,0,n,4
2583,I2583,1500,800,800,759.0,110,0,n,4
2022,I2022,1500,800,800,787.0,110,0,n,4
2306,I2306,1500,1000,800,705.0,110,1,n,4
995,I0995,1500,1000,800,658.0,110,1,n,4
3449,I3449,1500,1000,800,1081.0,110,1,n,4
3518,I3518,1500,1000,800,583.0,110,1,n,4
4306,I4306,1500,800,800,864.0,110,0,n,4
4156,I4156,1500,1000,800,626.0,110,1,n,4
923,I0923,1500,800,800,744.0,110,0,n,4
3456,I3456,1500,800,800,0.0,110,0,n,4
3778,I3778,1500,1000,800,769.0,110,1,n,4
2844,I2844,1500,1000,800,1017.0,110,1,n,4
1454,I1454,1500,800,800,0.0,110,0,n,4
399,I0399,1500,800,800,912.0,110,0,n,4
3968,I3968,1500,1000,800,0.0,110,1,n,4
3896,I3896,1500,800,800,701.0,110,0,n,4
3700,I3700,1500,1000,800,621.0,110,1,n,4
1431,I1431,1500,1000,800,562.0,110,1,n,4
4305,I4305,1500,1000,800,944.0,110,1,n,4
4984,I4984,1500,800,800,1095.0,110,0,n,4
2257,I2257,1500,800,800,0.0,110,0,n,4
1639,I1639,1500,1000,800,0.0,110,1,n,4
3902,I3902,1500,800,800,826.0,110,0,n,4
3496,I3496,1500,800,800,959.0,110,0,n,4
4043,I4043,1500,800,800,1019.0,110,0,n,4
4972,I4972,1500,800,800,0.0,110,0,n,4
1092,I1092,1500,1000,800,720.0,110,1,n,4
4253,I4253,1500,800,800,0.0,110,0,n,4
2941,I2941,1500,800,800,676.0,110,0,n,4
747,I0747,1500,800,800,1134.0,110,0,n,4
3005,I3005,1500,800,800,881.0,110,0,n,4
594,I0594,1500,800,800,829.0,110,0,n,4
4748,I4748,1500,1000,800,667.0,110,1,n,4
3160,I3160,1500,800,800,821.0,110,0,n,4
4053,I4053,1500,800,800,787.0,110,0,n,4
4257,I4257,1500,800,800,636.0,110,0,n,4
4526,I4526,1500,800,800,0.0,110,0,n,4
1714,I1714,1500,800,800,551.0,110,0,n,4
3502,I3502,1500,1000,800,670.0,110,1,n,4
46,I0046,1500,800,800,569.0,110,0,n,4
4211,I4211,1500,800,800,595.0,110,0,n,4
2786,I2786,1500,1000,800,836.0,110,1,n,4
4956,I4956,1500,1000,800,872.0,110,1,n,4
2897,I2897,1500,800,800,893.0,110,0,n,4
107,I0107,1500,800,800,749.0,110,0,n,4
3836,I3836,1500,1000,800,575.0,110,1,n,4
922,I0922,1500,800,800,742.0,110,0,n,4
4536,I4536,1500,800,800,791.0,110,0,n,4
2291,I2291,1500,800,800,611.0,110,0,n,4
1781,I1781,1500,1000,800,0.0,110,1,n,4
3040,I3040,1500,1000,800,649.0,110,1,n,4
3794,I3794,1500,1000,800,0.0,110,1,n,4
644,I0644,1500,800,800,823.0,110,0,n,4
2236,I2236,1500,1000,800,0.0,110,1,n,4
673,I0673,1500,800,800,852.0,110,0,n,4
1039,I1039,1500,800,800,910.0,110,0,n,4
3766,I3766,1500,1000,800,0.0,110,1,n,4
2111,I2111,1500,800,800,713.0,110,0,n,4
2779,I2779,1500,1000,800,649.0,110,1,n,4
3946,I3946,1500,1000,800,814.0,110,1,n,4
1913,I1913,1500,800,800,0.0,110,0,n,4
3179,I3179,1500,1000,800,718.0,110,1,n,4
949,I0949,1500,800,800,0.0,110,0,n,4
3494,I3494,1500,1000,800,590.0,110,1,n,4
2021,I2021,1500,1000,800,509.0,110,1,n,4
2956,I2956,1500,800,800,0.0,110,0,n,4
1728,I1728,1500,800,800,589.0,110,0,n,4
314,I0314,1500,1000,800,746.0,110,1,n,4
4770,I4770,1500,1000,800,837.0,110,1,n,4
3177,I3177,1500,800,800,594.0,110,0,n,4
982,I0982,1500,800,800,0.0,110,0,n,4
2893,I2893,1500,1000,800,0.0,110,1,n,4
1437,I1437,1500,1000,800,900.0,110,1,n,4
2923,I2923,1500,1000,800,767.0,110,1,n,4
2129,I2129,1500,800,800,0.0,110,0,n,4
2916,I2916,1500,800,800,0.0,110,0,n,4
3866,I3866,1500,1000,800,0.0,110,1,n,4
712,I0712,1500,1000,800,872.0,110,1,n,4
3077,I3077,1500,1000,800,834.0,110,1,n,4
4346,I4346,1500,800,800,551.0,110,0,n,4
3235,I3235,1500,1000,800,539.0,110,1,n,4
157,I0157,1500,800,800,0.0,110,0,n,4
1298,I1298,1500,800,800,630.0,110,0,n,4
2189,I2189,1500,1000,800,1041.0,110,1,n,4
32,I0032,1500,1000,800,963.0,110,1,n,4
3625,I3625,1500,800,800,0.0,110,0,n,4
844,I0844,1500,1000,800,614.0,110,1,n,4
4221,I4221,1500,1000,800,588.0,110,1,n,4
2555,I2555,1500,1000,800,743.0,110,1,n,4
188,I0188,1500,1000,800,669.0,110,1,n,4
805,I0805,1500,1000,800,695.0,110,1,n,4
246,I0246,1500,800,800,0.0,110,0,n,4
3369,I3369,1500,800,800,734.0,110,0,n,4
3738,I3738,1500,800,800,0.0,110,0,n,4
3293,I3293,1500,800,800,760.0,110,0,n,4
348,I0348,1500,800,800,0.0,110,0,n,4
81,I0081,1500,1000,800,578.0,110,1,n,4
4985,I4985,1500,800,800,817.0,110,0,n,4
4599,I4599,1500,1000,800,1065.0,110,1,n,4
2374,I2374,1500,800,800,903.0,110,0,n,4
1370,I1370,1500,800,800,0.0,110,0,n,4
1261,I1261,1500,1000,800,0.0,110,1,n,4
2890,I2890,1500,1000,800,0.0,110,1,n,4
4554,I4554,1500,1000,800,805.0,110,1,n,4
2146,I2146,1500,1000,800,719.0,110,1,n,4
4402,I4402,1500,800,800,0.0,110,0,n,4
3695,I3695,1500,800,800,0.0,110,0,n,4
4739,I4739,1500,1000,800,606.0,110,1,n,4
4398,I4398,1500,1000,800,796.0,110,1,n,4
1299,I1299,1500,800,800,670.0,110,0,n,4
4534,I4534,1500,1000,800,873.0,110,1,n,4
1343,I1343,1500,800,800,0.0,110,0,n,4
4329,I4329,1500,1000,800,0.0,110,1,n,4
3623,I3623,1500,1000,800,864.0,110,1,n,4
193,I0193,1500,800,800,806.0,110,0,n,4
4858,I4858,1500,1000,800,0.0,110,1,n,4
2080,I2080,1500,1000,800,659.0,110,1,n,4
925,I0925,1500,800,800,801.0,110,0,n,4
669,I0669,1500,800,800,637.0,110,0,n,4
178,I0178,1500,800,800,0.0,110,0,n,4
2424,I2424,1500,1000,800,928.0,110,1,n,4
4983,I4983,1500,1000,800,1031.0,110,1,n,4
3972,I3972,1500,800,800,616.0,110,0,n,4
3834,I3834,1500,1000,800,845.0,110,1,n,4
4283,I4283,1500,800,800,1158.0,110,0,n,4
3949,I3949,1500,800,800,0.0,110,0,n,4
340,I0340,1500,800,800,826.0,110,0,n,4
3722,I3722,1500,800,800,968.0,110,0,n,4
2935,I2935,1500,800,800,536.0,110,0,n,4
3061,I3061,1500,1000,800,708.0,110,1,n,4
1313,I1313,1500,1000,800,873.0,110,1,n,4
1983,I1983,1500,1000,800,0.0,110,1,n,4
3962,I3962,1500,800,800,901.0,110,0,n,4
133,I0133,1500,1000,800,0.0,110,1,n,4
4650,I4650,1500,1000,800,767.0,110,1,n,4
4191,I4191,1500,1000,800,625.0,110,1,n,4
4896,I4896,1500,1000,800,637.0,110,1,n,4
1328,I1328,1500,800,800,1249.0,110,0,n,4
549,I0549,1500,800,800,560.0,110,0,n,4
105,I0105,1500,800,800,680.0,110,0,n,4
4019,I4019,1500,1000,800,983.0,110,1,n,4
3742,I3742,1500,800,800,821.0,110,0,n,4
888,I0888,1500,800,800,552.0,110,0,n,4
2155,I2155,1500,1000,800,0.0,110,1,n,4
900,I0900,1500,800,800,909.0,110,0,n,4
565,I0565,1500,800,800,0.0,110,0,n,4
4233,I4233,1500,1000,800,472.0,110,1,n,4
1024,I1024,1500,1000,800,857.0,110,1,n,4
367,I0367,1500,800,800,0.0,110,0,n,4
4281,I4281,1500,800,800,0.0,110,0,n,4
956,I0956,1500,800,800,513.0,110,0,n,4
3615,I3615,1500,1000,800,785.0,110,1,n,4
1694,I1694,1500,800,800,0.0,110,0,n,4
3603,I3603,1500,1000,800,727.0,110,1,n,4
3980,I3980,1500,800,800,694.0,110,0,n,4
4589,I4589,1500,800,800,791.0,110,0,n,4
1384,I1384,1500,1000,800,0.0,110,1,n,4
1166,I1166,1500,800,800,993.0,110,0,n,4
1029,I1029,1500,800,800,1089.0,110,0,n,4
652,I0652,1500,1000,800,622.0,110,1,n,4
3493,I3493,1500,1000,800,579.0,110,1,n,4
480,I0480,1500,800,800,493.0,110,0,n,4
4811,I4811,1500,1000,800,759.0,110,1,n,4
3296,I3296,1500,800,800,617.0,110,0,n,4
3078,I3078,1500,1000,800,539.0,110,1,n,4
3804,I3804,1500,1000,800,648.0,110,1,n,4
4219,I4219,1500,800,800,1057.0,110,0,n,4
4954,I4954,1500,1000,800,765.0,110,1,n,4
4757,I4757,1500,800,800,887.0,110,0,n,4
4096,I4096,1500,1000,800,870.0,110,1,n,4
1082,I1082,1500,1000,800,0.0,110,1,n,4
2444,I2444,1500,800,800,589.0,110,0,n,4
4099,I4099,1500,1000,800,800.0,110,1,n,4
1013,I1013,1500,1000,800,969.0,110,1,n,4
217,I0217,1500,800,800,736.0,110,0,n,4
164,I0164,1500,800,800,1039.0,110,0,n,4
534,I0534,1500,800,800,845.0,110,0,n,4
646,I0646,1500,1000,800,724.0,110,1,n,4
1501,I1501,1500,1000,800,656.0,110,1,n,4
1484,I1484,1500,800,800,528.0,110,0,n,4
1967,I1967,1500,800,800,505.0,110,0,n,4
3638,I3638,1500,800,800,597.0,110,0,n,4
2678,I2678,1500,800,800,535.0,110,0,n,4
3268,I3268,1500,1000,800,829.0,110,1,n,4
13,I0013,1500,800,800,653.0,110,0,n,4
385,I0385,1500,800,800,669.0,110,0,n,4
690,I0690,1500,1000,800,0.0,110,1,n,4
8,I0008,1500,800,800,811.0,110,0,n,4
3673,I3673,1500,1000,800,758.0,110,1,n,4
1874,I1874,1500,800,800,485.0,110,0,n,4
3432,I3432,1500,1000,800,786.0,110,1,n,4
2103,I2103,1500,800,800,846.0,110,0,n,4
2174,I2174,1500,800,800,638.0,110,0,n,4
622,I0622,1500,1000,800,1249.0,110,1,n,4
3509,I3509,1500,800,800,1160.0,110,0,n,4
4624,I4624,1500,800,800,1017.0,110,0,n,4
1667,I1667,1500,800,800,767.0,110,0,n,4
3904,I3904,1500,800,800,0.0,110,0,n,4
2813,I2813,1500,800,800,734.0,110,0,n,4
4973,I4973,1500,800,800,1008.0,110,0,n,4
313,I0313,1500,800,800,859.0,110,0,n,4
731,I0731,1500,1000,800,0.0,110,1,n,4
2128,I2128,1500,1000,800,508.0,110,1,n,4
3658,I3658,1500,800,800,0.0,110,0,n,4
773,I0773,1500,800,800,678.0,110,0,n,4
323,I0323,1500,1000,800,0.0,110,1,n,4
3255,I3255,1500,800,800,1045.0,110,0,n,4
679,I0679,1500,1000,800,0.0,110,1,n,4
4265,I4265,1500,800,800,650.0,110,0,n,4
4829,I4829,1500,1000,800,0.0,110,1,n,4
4859,I4859,1500,1000,800,810.0,110,1,n,4
4127,I4127,1500,800,800,0.0,110,0,n,4
843,I0843,1500,800,800,0.0,110,0,n,4
84,I0084,1500,800,800,926.0,110,0,n,4
2928,I2928,1500,1000,800,0.0,110,1,n,4
3868,I3868,1500,800,800,0.0,110,0,n,4
3590,I3590,1500,800,800,983.0,110,0,n,4
1681,I1681,1500,1000,800,758.0,110,1,n,4
3566,I3566,1500,1000,800,581.0,110,1,n,4
4787,I4787,1500,800,800,1300.0,110,0,n,4
1736,I1736,1500,800,800,1179.0,110,0,n,4
4489,I4489,1500,800,800,0.0,110,0,n,4
4579,I4579,1500,1000,800,712.0,110,1,n,4
2671,I2671,1500,1000,800,541.0,110,1,n,4
1622,I1622,1500,1000,800,825.0,110,1,n,4
3304,I3304,1500,800,800,743.0,110,0,n,4
1379,I1379,1500,800,800,1092.0,110,0,n,4
3484,I3484,1500,800,800,0.0,110,0,n,4
4980,I4980,1500,800,800,917.0,110,0,n,4
2823,I2823,1500,1000,800,731.0,110,1,n,4
1784,I1784,1500,800,800,0.0,110,0,n,4
865,I0865,1500,800,800,668.0,110,0,n,4
631,I0631,1500,1000,800,1032.0,110,1,n,4
1960,I1960,1500,1000,800,640.0,110,1,n,4
3943,I3943,1500,800,800,0.0,110,0,n,4
4377,I4377,1500,1000,800,801.0,110,1,n,4
4328,I4328,1500,800,800,784.0,110,0,n,4
735,I0735,1500,800,800,616.0,110,0,n,4
3839,I3839,1500,800,800,908.0,110,0,n,4
4912,I4912,1500,1000,800,0.0,110,1,n,4
2886,I2886,1500,800,800,682.0,110,0,n,4
220,I0220,1500,1000,800,0.0,110,1,n,4
4735,I4735,1500,800,800,741.0,110,0,n,4
3828,I3828,1500,800,800,500.0,110,0,n,4
1928,I1928,1500,800,800,716.0,110,0,n,4
4121,I4121,1500,1000,800,718.0,110,1,n,4
3353,I3353,1500,800,800,900.0,110,0,n,4
1644,I1644,1500,800,800,726.0,110,0,n,4
4465,I4465,1500,800,800,713.0,110,0,n,4
2289,I2289,1500,1000,800,0.0,110,1,n,4
1262,I1262,1500,1000,800,674.0,110,1,n,4
1101,I1101,1500,800,800,901.0,110,0,n,4
2030,I2030,1500,800,800,677.0,110,0,n,4
1873,I1873,1500,800,800,0.0,110,0,n,4
2860,I2860,1500,800,800,671.0,110,0,n,4
4826,I4826,1500,1000,800,586.0,110,1,n,4
3403,I3403,1500,800,800,626.0,110,0,n,4
4671,I4671,1500,800,800,929.0,110,0,n,4
710,I0710,1500,800,800,843.0,110,0,n,4
4522,I4522,1500,1000,800,0.0,110,1,n,4
2212,I2212,1500,1000,800,0.0,110,1,n,4
769,I0769,1500,1000,800,0.0,110,1,n,4
2024,I2024,1500,1000,800,972.0,110,1,n,4
4813,I4813,1500,800,800,0.0,110,0,n,4
1394,I1394,1500,800,800,963.0,110,0,n,4
917,I0917,1500,800,800,879.0,110,0,n,4
4830,I4830,1500,800,800,0.0,110,0,n,4
1416,I1416,1500,800,800,598.0,110,0,n,4
4394,I4394,1500,1000,800,948.0,110,1,n,4
2131,I2131,1500,800,800,758.0,110,0,n,4
941,I0941,1500,1000,800,671.0,110,1,n,4
404,I0404,1500,1000,800,788.0,110,1,n,4
4396,I4396,1500,1000,800,588.0,110,1,n,4
2789,I2789,1500,1000,800,651.0,110,1,n,4
3520,I3520,1500,800,800,592.0,110,0,n,4
1917,I1917,1500,800,800,0.0,110,0,n,4
4299,I4299,1500,800,800,1223.0,110,0,n,4
4918,I4918,1500,800,800,847.0,110,0,n,4
895,I0895,1500,1000,800,910.0,110,1,n,4
2502,I2502,1500,1000,800,0.0,110,1,n,4
4492,I4492,1500,800,800,1046.0,110,0,n,4
238,I0238,1500,1000,800,856.0,110,1,n,4
678,I0678,1500,1000,800,0.0,110,1,n,4
1880,I1880,1500,1000,800,609.0,110,1,n,4
4801,I4801,1500,800,800,808.0,110,0,n,4
4502,I4502,1500,1000,800,804.0,110,1,n,4
65,I0065,1500,1000,800,713.0,110,1,n,4
6,I0006,1500,1000,800,1048.0,110,1,n,4
2426,I2426,1500,1000,800,708.0,110,1,n,4
2201,I2201,1500,1000,800,0.0,110,1,n,4
3533,I3533,1500,1000,800,780.0,110,1,n,4
2677,I2677,1500,1000,800,711.0,110,1,n,4
1915,I1915,1500,1000,800,722.0,110,1,n,4
2540,I2540,1500,800,800,676.0,110,0,n,4
4608,I4608,1500,1000,800,701.0,110,1,n,4
3317,I3317,1500,1000,800,893.0,110,1,n,4
4851,I4851,1500,1000,800,1238.0,110,1,n,4
3314,I3314,1500,1000,800,1134.0,110,1,n,4
3218,I3218,1500,800,800,625.0,110,0,n,4
4867,I4867,1500,1000,800,914.0,110,1,n,4
3667,I3667,1500,1000,800,886.0,110,1,n,4
4089,I4089,1500,800,800,704.0,110,0,n,4
1710,I1710,1500,800,800,868.0,110,0,n,4
1067,I1067,1500,1000,800,717.0,110,1,n,4
2917,I2917,1500,800,800,760.0,110,0,n,4
2785,I2785,1500,1000,800,0.0,110,1,n,4
176,I0176,1500,1000,800,672.0,110,1,n,4
1144,I1144,1500,1000,800,879.0,110,1,n,4
3809,I3809,1500,1000,800,510.0,110,1,n,4
1210,I1210,1500,800,800,630.0,110,0,n,4
512,I0512,1500,1000,800,732.0,110,1,n,4
1363,I1363,1500,800,800,892.0,110,0,n,4
159,I0159,1500,800,800,599.0,110,0,n,4
4820,I4820,1500,800,800,932.0,110,0,n,4
1429,I1429,1500,800,800,652.0,110,0,n,4
1395,I1395,1500,1000,800,0.0,110,1,n,4
2940,I2940,1500,800,800,669.0,110,0,n,4
4670,I4670,1500,800,800,779.0,110,0,n,4
2434,I2434,1500,800,800,0.0,110,0,n,4
3343,I3343,1500,800,800,561.0,110,0,n,4
4515,I4515,1500,800,800,592.0,110,0,n,4
2267,I2267,1500,800,800,749.0,110,0,n,4
1477,I1477,1500,1000,800,651.0,110,1,n,4
871,I0871,1500,1000,800,986.0,110,1,n,4
1486,I1486,1500,1000,800,0.0,110,1,n,4
980,I0980,1500,1000,800,637.0,110,1,n,4
4034,I4034,1500,800,800,860.0,110,0,n,4
2056,I2056,1500,800,800,546.0,110,0,n,4
1045,I1045,1500,1000,800,605.0,110,1,n,4
1953,I1953,1500,1000,800,1297.0,110,1,n,4
3936,I3936,1500,1000,800,702.0,110,1,n,4
2679,I2679,1500,800,800,686.0,110,0,n,4
211,I0211,1500,800,800,743.0,110,0,n,4
345,I0345,1500,1000,800,614.0,110,1,n,4
2749,I2749,1500,1000,800,845.0,110,1,n,4
2206,I2206,1500,1000,800,506.0,110,1,n,4
1170,I1170,1500,800,800,884.0,110,0,n,4
4409,I4409,1500,1000,800,0.0,110,1,n,4
2031,I2031,1500,1000,800,604.0,110,1,n,4
4795,I4795,1500,800,800,0.0,110,0,n,4
4379,I4379,1500,800,800,703.0,110,0,n,4
1214,I1214,1500,1000,800,553.0,110,1,n,4
4302,I4302,1500,800,800,822.0,110,0,n,4
1836,I1836,1500,800,800,914.0,110,0,n,4
3535,I3535,1500,800,800,638.0,110,0,n,4
2159,I2159,1500,1000,800,525.0,110,1,n,4
1266,I1266,1500,1000,800,802.0,110,1,n,4
416,I0416,1500,1000,800,0.0,110,1,n,4
1549,I1549,1500,800,800,1055.0,110,0,n,4
4427,I4427,1500,1000,800,706.0,110,1,n,4
3016,I3016,1500,800,800,533.0,110,0,n,4
2998,I2998,1500,800,800,0.0,110,0,n,4
2843,I2843,1500,800,800,687.0,110,0,n,4
3396,I3396,1500,1000,800,957.0,110,1,n,4
1964,I1964,1500,1000,800,740.0,110,1,n,4
3974,I3974,1500,800,800,690.0,110,0,n,4
3599,I3599,1500,800,800,663.0,110,0,n,4
3564,I3564,1500,800,800,820.0,110,0,n,4
960,I0960,1500,800,800,773.0,110,0,n,4
1125,I1125,1500,1000,800,591.0,110,1,n,4
671,I0671,1500,1000,800,873.0,110,1,n,4
793,I0793,1500,800,800,478.0,110,0,n,4
3234,I3234,1500,800,800,660.0,110,0,n,4
3413,I3413,1500,1000,800,0.0,110,1,n,4
4633,I4633,1500,800,800,1038.0,110,0,n,4
4065,I4065,1500,1000,800,696.0,110,1,n,4
1985,I1985,1500,1000,800,662.0,110,1,n,4
4992,I4992,1500,1000,800,831.0,110,1,n,4
2568,I2568,1500,800,800,0.0,110,0,n,4
3118,I3118,1500,1000,800,652.0,110,1,n,4
1318,I1318,1500,1000,800,807.0,110,1,n,4
540,I0540,1500,800,800,0.0,110,0,n,4
2624,I2624,1500,800,800,813.0,110,0,n,4
1293,I1293,1500,800,800,595.0,110,0,n,4
2296,I2296,1500,800,800,0.0,110,0,n,4
5,I0005,1500,1000,800,878.0,110,1,n,4
2757,I2757,1500,800,800,950.0,110,0,n,4
1557,I1557,1500,800,800,756.0,110,0,n,4
186,I0186,1500,800,800,479.0,110,0,n,4
234,I0234,1500,800,800,885.0,110,0,n,4
4464,I4464,1500,1000,800,726.0,110,1,n,4
3790,I3790,1500,800,800,1130.0,110,0,n,4
1021,I1021,1500,1000,800,1027.0,110,1,n,4
2907,I2907,1500,800,800,844.0,110,0,n,4
4653,I4653,1500,800,800,782.0,110,0,n,4
975,I0975,1500,1000,800,528.0,110,1,n,4
3592,I3592,1500,800,800,887.0,110,0,n,4
168,I0168,1500,1000,800,0.0,110,1,n,4
1929,I1929,1500,800,800,0.0,110,0,n,4
1488,I1488,1500,1000,800,888.0,110,1,n,4
3134,I3134,1500,1000,800,499.0,110,1,n,4
2532,I2532,1500,1000,800,654.0,110,1,n,4
1764,I1764,1500,1000,800,0.0,110,1,n,4
979,I0979,1500,800,800,810.0,110,0,n,4
1547,I1547,1500,800,800,685.0,110,0,n,4
459,I0459,1500,1000,800,784.0,110,1,n,4
4665,I4665,1500,800,800,0.0,110,0,n,4
4651,I4651,1500,1000,800,561.0,110,1,n,4
4268,I4268,1500,800,800,1022.0,110,0,n,4
357,I0357,1500,800,800,675.0,110,0,n,4
513,I0513,1500,1000,800,701.0,110,1,n,4
563,I0563,1500,800,800,0.0,110,0,n,4
249,I0249,1500,800,800,780.0,110,0,n,4
3083,I3083,1500,1000,800,0.0,110,1,n,4
3001,I3001,1500,1000,800,0.0,110,1,n,4
1428,I1428,1500,1000,800,567.0,110,1,n,4
634,I0634,1500,1000,800,901.0,110,1,n,4
2337,I2337,1500,1000,800,1116.0,110,1,n,4
1730,I1730,1500,800,800,0.0,110,0,n,4
3188,I3188,1500,1000,800,868.0,110,1,n,4
3911,I3911,1500,1000,800,751.0,110,1,n,4
2832,I2832,1500,1000,800,686.0,110,1,n,4
1221,I1221,1500,800,800,1307.0,110,0,n,4
2123,I2123,1500,1000,800,810.0,110,1,n,4
532,I0532,1500,800,800,0.0,110,0,n,4
1056,I1056,1500,1000,800,879.0,110,1,n,4
4741,I4741,1500,800,800,722.0,110,0,n,4
2331,I2331,1500,800,800,648.0,110,0,n,4
4955,I4955,1500,1000,800,748.0,110,1,n,4
312,I0312,1500,1000,800,635.0,110,1,n,4
1,I0001,1500,1000,800,475.0,110,1,n,4
2347,I2347,1500,1000,800,0.0,110,1,n,4
4028,I4028,1500,800,800,706.0,110,0,n,4
2787,I2787,1500,1000,800,690.0,110,1,n,4
2334,I2334,1500,800,800,0.0,110,0,n,4
562,I0562,1500,1000,800,714.0,110,1,n,4
4297,I4297,1500,800,800,859.0,110,0,n,4
4655,I4655,1500,800,800,1130.0,110,0,n,4
1754,I1754,1500,1000,800,768.0,110,1,n,4
2831,I2831,1500,1000,800,705.0,110,1,n,4
1745,I1745,1500,800,800,0.0,110,0,n,4
919,I0919,1500,800,800,611.0,110,0,n,4
2276,I2276,1500,1000,800,777.0,110,1,n,4
361,I0361,1500,800,800,667.0,110,0,n,4
447,I0447,1500,800,800,966.0,110,0,n,4
2263,I2263,1500,800,800,778.0,110,0,n,4
56,I0056,1500,1000,800,506.0,110,1,n,4
676,I0676,1500,1000,800,1101.0,110,1,n,4
3777,I3777,1500,1000,800,0.0,110,1,n,4
3246,I3246,1500,1000,800,903.0,110,1,n,4
2473,I2473,1500,1000,800,745.0,110,1,n,4
516,I0516,1500,800,800,676.0,110,0,n,4
1195,I1195,1500,1000,800,782.0,110,1,n,4
210,I0210,1500,800,800,0.0,110,0,n,4
2525,I2525,1500,1000,800,583.0,110,1,n,4
4535,I4535,1500,800,800,824.0,110,0,n,4
4415,I4415,1500,800,800,0.0,110,0,n,4
4309,I4309,1500,1000,800,913.0,110,1,n,4
3445,I3445,1500,800,800,750.0,110,0,n,4
1511,I1511,1500,1000,800,861.0,110,1,n,4
2642,I2642,1500,800,800,632.0,110,0,n,4
1256,I1256,1500,800,800,1006.0,110,0,n,4
1244,I1244,1500,800,800,798.0,110,0,n,4
3007,I3007,1500,800,800,740.0,110,0,n,4
599,I0599,1500,1000,800,593.0,110,1,n,4
2819,I2819,1500,800,800,544.0,110,0,n,4
4945,I4945,1500,1000,800,648.0,110,1,n,4
514,I0514,1500,800,800,744.0,110,0,n,4
1492,I1492,1500,1000,800,1106.0,110,1,n,4
3080,I3080,1500,1000,800,726.0,110,1,n,4
4184,I4184,1500,1000,800,923.0,110,1,n,4
2549,I2549,1500,1000,800,663.0,110,1,n,4
2482,I2482,1500,800,800,799.0,110,0,n,4
796,I0796,1500,1000,800,0.0,110,1,n,4
1440,I1440,1500,1000,800,0.0,110,1,n,4
2605,I2605,1500,800,800,0.0,110,0,n,4
511,I0511,1500,800,800,834.0,110,0,n,4
1432,I1432,1500,800,800,756.0,110,0,n,4
1720,I1720,1500,1000,800,591.0,110,1,n,4
3410,I3410,1500,1000,800,875.0,110,1,n,4
3266,I3266,1500,800,800,962.0,110,0,n,4
4187,I4187,1500,1000,800,0.0,110,1,n,4
4254,I4254,1500,800,800,728.0,110,0,n,4
2898,I2898,1500,1000,800,577.0,110,1,n,4
2747,I2747,1500,1000,800,705.0,110,1,n,4
1120,I1120,1500,1000,800,856.0,110,1,n,4
719,I0719,1500,1000,800,646.0,110,1,n,4
4886,I4886,1500,800,800,688.0,110,0,n,4
3110,I3110,1500,800,800,0.0,110,0,n,4
906,I0906,1500,1000,800,0.0,110,1,n,4
1551,I1551,1500,800,800,840.0,110,0,n,4
1794,I1794,1500,800,800,781.0,110,0,n,4
4910,I4910,1500,1000,800,924.0,110,1,n,4
1491,I1491,1500,1000,800,0.0,110,1,n,4
651,I0651,1500,800,800,1134.0,110,0,n,4
4011,I4011,1500,800,800,0.0,110,0,n,4
347,I0347,1500,800,800,1187.0,110,0,n,4
3390,I3390,1500,800,800,590.0,110,0,n,4
1098,I1098,1500,1000,800,0.0,110,1,n,4
1903,I1903,1500,800,800,678.0,110,0,n,4
3897,I3897,1500,1000,800,790.0,110,1,n,4
1780,I1780,1500,1000,800,0.0,110,1,n,4
3480,I3480,1500,800,800,622.0,110,0,n,4
2439,I2439,1500,800,800,972.0,110,0,n,4
1740,I1740,1500,1000,800,627.0,110,1,n,4
460,I0460,1500,1000,800,690.0,110,1,n,4
2373,I2373,1500,800,800,601.0,110,0,n,4
2301,I2301,1500,800,800,687.0,110,0,n,4
