,id_item,length,width,height,weight,nesting_height,stackability_code,forced_orientation,max_stackability
1228,I1228,1500,1000,800,0.0,110,1,n,4
3650,I3650,1500,1000,800,0.0,110,1,n,4
1983,I1983,1500,1000,800,1354.0,110,1,n,4
153,I0153,1500,1000,800,1529.0,110,1,n,4
912,I0912,1500,1000,800,961.0,110,1,n,4
2846,I2846,1500,1000,800,1203.0,110,1,n,4
2193,I2193,1500,1000,800,969.0,110,1,n,4
4010,I4010,1500,800,800,0.0,110,0,n,4
1359,I1359,1500,800,800,0.0,110,0,n,4
1631,I1631,1500,1000,800,0.0,110,1,n,4
1094,I1094,1500,1000,800,1313.0,110,1,n,4
2118,I2118,1500,1000,800,920.0,110,1,n,4
4510,I4510,1500,800,800,1038.0,110,0,n,4
2666,I2666,1500,800,800,0.0,110,0,n,4
2373,I2373,1500,800,800,1034.0,110,0,n,4
2103,I2103,1500,800,800,1190.0,110,0,n,4
3167,I3167,1500,1000,800,0.0,110,1,n,4
13,I0013,1500,800,800,0.0,110,0,n,4
1495,I1495,1500,800,800,1040.0,110,0,n,4
87,I0087,1500,800,800,0.0,110,0,n,4
2659,I2659,1500,800,800,857.0,110,0,n,4
3248,I3248,1500,800,800,0.0,110,0,n,4
625,I0625,1500,800,800,0.0,110,0,n,4
515,I0515,1500,1000,800,1056.0,110,1,n,4
1887,I1887,1500,800,800,1314.0,110,0,n,4
3006,I3006,1500,800,800,0.0,110,0,n,4
1244,I1244,1500,800,800,1283.0,110,0,n,4
2315,I2315,1500,800,800,909.0,110,0,n,4
4785,I4785,1500,800,800,1403.0,110,0,n,4
3493,I3493,1500,800,800,1560.0,110,0,n,4
4877,I4877,1500,800,800,1298.0,110,0,n,4
3469,I3469,1500,800,800,1502.0,110,0,n,4
2072,I2072,1500,1000,800,1257.0,110,1,n,4
2364,I2364,1500,800,800,1012.0,110,0,n,4
248,I0248,1500,800,800,0.0,110,0,n,4
843,I0843,1500,800,800,1033.0,110,0,n,4
519,I0519,1500,1000,800,1366.0,110,1,n,4
1692,I1692,1500,800,800,1409.0,110,0,n,4
2699,I2699,1500,800,800,0.0,110,0,n,4
2529,I2529,1500,1000,800,0.0,110,1,n,4
4993,I4993,1500,800,800,942.0,110,0,n,4
2284,I2284,1500,800,800,0.0,110,0,n,4
280,I0280,1500,800,800,1392.0,110,0,n,4
1311,I1311,1500,1000,800,0.0,110,1,n,4
1223,I1223,1500,1000,800,0.0,110,1,n,4
3803,I3803,1500,1000,800,0.0,110,1,n,4
2271,I2271,1500,800,800,1413.0,110,0,n,4
2021,I2021,1500,800,800,968.0,110,0,n,4
3950,I3950,1500,800,800,1018.0,110,0,n,4
1716,I1716,1500,1000,800,0.0,110,1,n,4
2436,I2436,1500,1000,800,0.0,110,1,n,4
4166,I4166,1500,800,800,0.0,110,0,n,4
4504,I4504,1500,1000,800,1347.0,110,1,n,4
3692,I3692,1500,1000,800,1058.0,110,1,n,4
3192,I3192,1500,800,800,1070.0,110,0,n,4
3552,I3552,1500,1000,800,1272.0,110,1,n,4
4087,I4087,1500,800,800,0.0,110,0,n,4
2924,I2924,1500,1000,800,0.0,110,1,n,4
1711,I1711,1500,1000,800,1191.0,110,1,n,4
1425,I1425,1500,800,800,1253.0,110,0,n,4
370,I0370,1500,800,800,1157.0,110,0,n,4
4036,I4036,1500,800,800,1267.0,110,0,n,4
3759,I3759,1500,800,800,0.0,110,0,n,4
2458,I2458,1500,800,800,1046.0,110,0,n,4
4292,I4292,1500,1000,800,698.0,110,1,n,4
1349,I1349,1500,800,800,0.0,110,0,n,4
2698,I2698,1500,800,800,1391.0,110,0,n,4
1086,I1086,1500,800,800,0.0,110,0,n,4
3787,I3787,1500,1000,800,970.0,110,1,n,4
3256,I3256,1500,800,800,1395.0,110,0,n,4
2627,I2627,1500,800,800,858.0,110,0,n,4
1027,I1027,1500,1000,800,750.0,110,1,n,4
1743,I1743,1500,800,800,0.0,110,0,n,4
868,I0868,1500,1000,800,1481.0,110,1,n,4
814,I0814,1500,1000,800,1256.0,110,1,n,4
4833,I4833,1500,1000,800,1274.0,110,1,n,4
2852,I2852,1500,800,800,0.0,110,0,n,4
4051,I4051,1500,800,800,0.0,110,0,n,4
4526,I4526,1500,800,800,1376.0,110,0,n,4
1664,I1664,1500,1000,800,1112.0,110,1,n,4
978,I0978,1500,800,800,0.0,110,0,n,4
799,I0799,1500,800,800,0.0,110,0,n,4
4957,I4957,1500,1000,800,1009.0,110,1,n,4
1990,I1990,1500,800,800,1211.0,110,0,n,4
1005,I1005,1500,800,800,0.0,110,0,n,4
3376,I3376,1500,800,800,974.0,110,0,n,4
3012,I3012,1500,1000,800,1288.0,110,1,n,4
4620,I4620,1500,1000,800,0.0,110,1,n,4
2250,I2250,1500,800,800,909.0,110,0,n,4
2966,I2966,1500,800,800,1500.0,110,0,n,4
2290,I2290,1500,800,800,1107.0,110,0,n,4
4314,I4314,1500,1000,800,807.0,110,1,n,4
133,I0133,1500,800,800,960.0,110,0,n,4
842,I0842,1500,800,800,1552.0,110,0,n,4
282,I0282,1500,1000,800,1458.0,110,1,n,4
2945,I2945,1500,800,800,0.0,110,0,n,4
2629,I2629,1500,800,800,1138.0,110,0,n,4
117,I0117,1500,800,800,1276.0,110,0,n,4
4802,I4802,1500,800,800,923.0,110,0,n,4
949,I0949,1500,800,800,925.0,110,0,n,4
1670,I1670,1500,800,800,1055.0,110,0,n,4
3310,I3310,1500,800,800,1197.0,110,0,n,4
2433,I2433,1500,800,800,0.0,110,0,n,4
1457,I1457,1500,800,800,0.0,110,0,n,4
3947,I3947,1500,1000,800,0.0,110,1,n,4
2714,I2714,1500,800,800,887.0,110,0,n,4
899,I0899,1500,800,800,0.0,110,0,n,4
991,I0991,1500,1000,800,1090.0,110,1,n,4
3412,I3412,1500,1000,800,0.0,110,1,n,4
3785,I3785,1500,800,800,0.0,110,0,n,4
2078,I2078,1500,1000,800,0.0,110,1,n,4
2599,I2599,1500,800,800,0.0,110,0,n,4
2465,I2465,1500,1000,800,0.0,110,1,n,4
1503,I1503,1500,1000,800,0.0,110,1,n,4
938,I0938,1500,800,800,0.0,110,0,n,4
1423,I1423,1500,800,800,1392.0,110,0,n,4
1215,I1215,1500,1000,800,0.0,110,1,n,4
3854,I3854,1500,1000,800,1156.0,110,1,n,4
3794,I3794,1500,1000,800,0.0,110,1,n,4
3891,I3891,1500,800,800,0.0,110,0,n,4
4801,I4801,1500,1000,800,0.0,110,1,n,4
2035,I2035,1500,800,800,1004.0,110,0,n,4
4044,I4044,1500,1000,800,0.0,110,1,n,4
763,I0763,1500,800,800,1225.0,110,0,n,4
808,I0808,1500,1000,800,0.0,110,1,n,4
4560,I4560,1500,800,800,1550.0,110,0,n,4
3017,I3017,1500,1000,800,828.0,110,1,n,4
2839,I2839,1500,800,800,0.0,110,0,n,4
3603,I3603,1500,800,800,0.0,110,0,n,4
2051,I2051,1500,800,800,1436.0,110,0,n,4
4708,I4708,1500,800,800,0.0,110,0,n,4
732,I0732,1500,1000,800,0.0,110,1,n,4
4599,I4599,1500,800,800,1468.0,110,0,n,4
2597,I2597,1500,800,800,1003.0,110,0,n,4
4664,I4664,1500,800,800,0.0,110,0,n,4
1353,I1353,1500,800,800,0.0,110,0,n,4
3800,I3800,1500,800,800,779.0,110,0,n,4
1004,I1004,1500,800,800,0.0,110,0,n,4
4699,I4699,1500,800,800,817.0,110,0,n,4
762,I0762,1500,800,800,910.0,110,0,n,4
4464,I4464,1500,1000,800,1102.0,110,1,n,4
3351,I3351,1500,1000,800,0.0,110,1,n,4
4154,I4154,1500,1000,800,0.0,110,1,n,4
2104,I2104,1500,1000,800,1400.0,110,1,n,4
4093,I4093,1500,1000,800,0.0,110,1,n,4
565,I0565,1500,800,800,1401.0,110,0,n,4
2119,I2119,1500,800,800,0.0,110,0,n,4
450,I0450,1500,800,800,1005.0,110,0,n,4
2123,I2123,1500,1000,800,0.0,110,1,n,4
1713,I1713,1500,800,800,980.0,110,0,n,4
2930,I2930,1500,1000,800,0.0,110,1,n,4
3449,I3449,1500,1000,800,0.0,110,1,n,4
2969,I2969,1500,1000,800,1050.0,110,1,n,4
1171,I1171,1500,800,800,0.0,110,0,n,4
3344,I3344,1500,800,800,1139.0,110,0,n,4
1714,I1714,1500,1000,800,1127.0,110,1,n,4
4440,I4440,1500,800,800,976.0,110,0,n,4
3197,I3197,1500,800,800,891.0,110,0,n,4
3254,I3254,1500,800,800,988.0,110,0,n,4
2626,I2626,1500,800,800,1349.0,110,0,n,4
3943,I3943,1500,1000,800,963.0,110,1,n,4
2757,I2757,1500,1000,800,0.0,110,1,n,4
1732,I1732,1500,1000,800,1161.0,110,1,n,4
4606,I4606,1500,800,800,1071.0,110,0,n,4
2831,I2831,1500,800,800,0.0,110,0,n,4
368,I0368,1500,800,800,1076.0,110,0,n,4
2025,I2025,1500,800,800,0.0,110,0,n,4
4273,I4273,1500,1000,800,801.0,110,1,n,4
3426,I3426,1500,1000,800,0.0,110,1,n,4
4469,I4469,1500,1000,800,0.0,110,1,n,4
2206,I2206,1500,800,800,1378.0,110,0,n,4
1586,I1586,1500,800,800,1074.0,110,0,n,4
2601,I2601,1500,1000,800,972.0,110,1,n,4
4079,I4079,1500,1000,800,1082.0,110,1,n,4
3090,I3090,1500,800,800,1399.0,110,0,n,4
344,I0344,1500,1000,800,1028.0,110,1,n,4
3273,I3273,1500,1000,800,0.0,110,1,n,4
3354,I3354,1500,1000,800,1107.0,110,1,n,4
2658,I2658,1500,800,800,1402.0,110,0,n,4
278,I0278,1500,800,800,0.0,110,0,n,4
4059,I4059,1500,1000,800,1340.0,110,1,n,4
4645,I4645,1500,800,800,1158.0,110,0,n,4
3567,I3567,1500,1000,800,0.0,110,1,n,4
4695,I4695,1500,800,800,0.0,110,0,n,4
4482,I4482,1500,800,800,1074.0,110,0,n,4
4401,I4401,1500,1000,800,0.0,110,1,n,4
3555,I3555,1500,1000,800,0.0,110,1,n,4
4336,I4336,1500,800,800,0.0,110,0,n,4
704,I0704,1500,1000,800,1465.0,110,1,n,4
983,I0983,1500,1000,800,0.0,110,1,n,4
586,I0586,1500,1000,800,1037.0,110,1,n,4
34,I0034,1500,800,800,1013.0,110,0,n,4
4018,I4018,1500,1000,800,0.0,110,1,n,4
940,I0940,1500,1000,800,1487.0,110,1,n,4
4925,I4925,1500,800,800,0.0,110,0,n,4
312,I0312,1500,800,800,0.0,110,0,n,4
4942,I4942,1500,800,800,986.0,110,0,n,4
2979,I2979,1500,1000,800,0.0,110,1,n,4
4931,I4931,1500,1000,800,1001.0,110,1,n,4
4207,I4207,1500,1000,800,0.0,110,1,n,4
494,I0494,1500,800,800,870.0,110,0,n,4
3606,I3606,1500,1000,800,0.0,110,1,n,4
1460,I1460,1500,800,800,0.0,110,0,n,4
2184,I2184,1500,1000,800,1486.0,110,1,n,4
1346,I1346,1500,1000,800,1079.0,110,1,n,4
1370,I1370,1500,800,800,1310.0,110,0,n,4
4630,I4630,1500,1000,800,0.0,110,1,n,4
699,I0699,1500,800,800,1023.0,110,0,n,4
3754,I3754,1500,1000,800,969.0,110,1,n,4
4764,I4764,1500,1000,800,1306.0,110,1,n,4
3565,I3565,1500,800,800,1010.0,110,0,n,4
4800,I4800,1500,1000,800,0.0,110,1,n,4
3793,I3793,1500,800,800,1083.0,110,0,n,4
1993,I1993,1500,800,800,891.0,110,0,n,4
64,I0064,1500,1000,800,0.0,110,1,n,4
2737,I2737,1500,1000,800,1142.0,110,1,n,4
199,I0199,1500,1000,800,0.0,110,1,n,4
3286,I3286,1500,800,800,860.0,110,0,n,4
2068,I2068,1500,1000,800,825.0,110,1,n,4
4246,I4246,1500,1000,800,1571.0,110,1,n,4
3456,I3456,1500,1000,800,0.0,110,1,n,4
3788,I3788,1500,800,800,1505.0,110,0,n,4
943,I0943,1500,800,800,656.0,110,0,n,4
1556,I1556,1500,1000,800,0.0,110,1,n,4
1178,I1178,1500,1000,800,819.0,110,1,n,4
3146,I3146,1500,800,800,0.0,110,0,n,4
300,I0300,1500,800,800,1077.0,110,0,n,4
810,I0810,1500,1000,800,1559.0,110,1,n,4
4834,I4834,1500,1000,800,0.0,110,1,n,4
2507,I2507,1500,800,800,1547.0,110,0,n,4
2175,I2175,1500,1000,800,1102.0,110,1,n,4
2039,I2039,1500,800,800,1317.0,110,0,n,4
4505,I4505,1500,1000,800,1276.0,110,1,n,4
1042,I1042,1500,800,800,0.0,110,0,n,4
593,I0593,1500,1000,800,1136.0,110,1,n,4
1191,I1191,1500,800,800,0.0,110,0,n,4
3806,I3806,1500,800,800,1370.0,110,0,n,4
3055,I3055,1500,1000,800,942.0,110,1,n,4
3768,I3768,1500,1000,800,1178.0,110,1,n,4
2880,I2880,1500,800,800,0.0,110,0,n,4
696,I0696,1500,1000,800,1427.0,110,1,n,4
806,I0806,1500,800,800,1097.0,110,0,n,4
2543,I2543,1500,800,800,0.0,110,0,n,4
1391,I1391,1500,800,800,0.0,110,0,n,4
3264,I3264,1500,1000,800,767.0,110,1,n,4
2867,I2867,1500,800,800,0.0,110,0,n,4
4489,I4489,1500,800,800,0.0,110,0,n,4
125,I0125,1500,800,800,1176.0,110,0,n,4
3975,I3975,1500,800,800,0.0,110,0,n,4
708,I0708,1500,1000,800,1500.0,110,1,n,4
2932,I2932,1500,1000,800,931.0,110,1,n,4
3920,I3920,1500,1000,800,0.0,110,1,n,4
3596,I3596,1500,1000,800,0.0,110,1,n,4
3105,I3105,1500,800,800,1489.0,110,0,n,4
3551,I3551,1500,800,800,989.0,110,0,n,4
1429,I1429,1500,800,800,0.0,110,0,n,4
1757,I1757,1500,800,800,1236.0,110,0,n,4
3696,I3696,1500,800,800,0.0,110,0,n,4
124,I0124,1500,800,800,1531.0,110,0,n,4
3642,I3642,1500,1000,800,1183.0,110,1,n,4
1217,I1217,1500,1000,800,1087.0,110,1,n,4
3782,I3782,1500,800,800,0.0,110,0,n,4
3019,I3019,1500,800,800,0.0,110,0,n,4
4381,I4381,1500,800,800,1280.0,110,0,n,4
2962,I2962,1500,1000,800,0.0,110,1,n,4
3818,I3818,1500,1000,800,0.0,110,1,n,4
4262,I4262,1500,1000,800,0.0,110,1,n,4
2885,I2885,1500,1000,800,0.0,110,1,n,4
1699,I1699,1500,1000,800,0.0,110,1,n,4
2147,I2147,1500,800,800,1345.0,110,0,n,4
4954,I4954,1500,1000,800,871.0,110,1,n,4
1285,I1285,1500,1000,800,0.0,110,1,n,4
2012,I2012,1500,1000,800,0.0,110,1,n,4
2882,I2882,1500,1000,800,0.0,110,1,n,4
130,I0130,1500,800,800,0.0,110,0,n,4
1416,I1416,1500,800,800,1424.0,110,0,n,4
3201,I3201,1500,800,800,0.0,110,0,n,4
2891,I2891,1500,800,800,0.0,110,0,n,4
4111,I4111,1500,1000,800,0.0,110,1,n,4
3959,I3959,1500,1000,800,983.0,110,1,n,4
3150,I3150,1500,800,800,1116.0,110,0,n,4
2814,I2814,1500,1000,800,0.0,110,1,n,4
4402,I4402,1500,1000,800,0.0,110,1,n,4
1785,I1785,1500,800,800,1132.0,110,0,n,4
640,I0640,1500,800,800,0.0,110,0,n,4
2655,I2655,1500,800,800,928.0,110,0,n,4
4119,I4119,1500,800,800,1144.0,110,0,n,4
1646,I1646,1500,1000,800,0.0,110,1,n,4
4391,I4391,1500,800,800,0.0,110,0,n,4
721,I0721,1500,1000,800,1265.0,110,1,n,4
1731,I1731,1500,1000,800,1412.0,110,1,n,4
776,I0776,1500,800,800,1193.0,110,0,n,4
1820,I1820,1500,1000,800,1431.0,110,1,n,4
622,I0622,1500,1000,800,1212.0,110,1,n,4
2782,I2782,1500,800,800,955.0,110,0,n,4
537,I0537,1500,800,800,1077.0,110,0,n,4
4531,I4531,1500,1000,800,1284.0,110,1,n,4
1119,I1119,1500,800,800,1483.0,110,0,n,4
2005,I2005,1500,1000,800,0.0,110,1,n,4
2053,I2053,1500,800,800,0.0,110,0,n,4
2224,I2224,1500,800,800,807.0,110,0,n,4
4991,I4991,1500,1000,800,0.0,110,1,n,4
390,I0390,1500,800,800,1053.0,110,0,n,4
1318,I1318,1500,800,800,1328.0,110,0,n,4
4382,I4382,1500,1000,800,1439.0,110,1,n,4
2687,I2687,1500,800,800,0.0,110,0,n,4
777,I0777,1500,1000,800,1482.0,110,1,n,4
3573,I3573,1500,800,800,949.0,110,0,n,4
3414,I3414,1500,800,800,717.0,110,0,n,4
4609,I4609,1500,800,800,0.0,110,0,n,4
4786,I4786,1500,1000,800,1529.0,110,1,n,4
1671,I1671,1500,1000,800,0.0,110,1,n,4
1957,I1957,1500,1000,800,1051.0,110,1,n,4
3856,I3856,1500,800,800,0.0,110,0,n,4
4174,I4174,1500,800,800,0.0,110,0,n,4
1358,I1358,1500,1000,800,0.0,110,1,n,4
3715,I3715,1500,1000,800,0.0,110,1,n,4
3837,I3837,1500,800,800,1033.0,110,0,n,4
4865,I4865,1500,1000,800,990.0,110,1,n,4
3878,I3878,1500,800,800,1336.0,110,0,n,4
1541,I1541,1500,1000,800,1092.0,110,1,n,4
2283,I2283,1500,800,800,0.0,110,0,n,4
4629,I4629,1500,1000,800,819.0,110,1,n,4
4830,I4830,1500,800,800,898.0,110,0,n,4
3790,I3790,1500,800,800,0.0,110,0,n,4
4611,I4611,1500,1000,800,0.0,110,1,n,4
1625,I1625,1500,1000,800,0.0,110,1,n,4
2895,I2895,1500,800,800,0.0,110,0,n,4
1941,I1941,1500,800,800,1321.0,110,0,n,4
2326,I2326,1500,800,800,0.0,110,0,n,4
1274,I1274,1500,1000,800,839.0,110,1,n,4
4624,I4624,1500,800,800,1282.0,110,0,n,4
4634,I4634,1500,800,800,0.0,110,0,n,4
2901,I2901,1500,800,800,1006.0,110,0,n,4
1980,I1980,1500,800,800,0.0,110,0,n,4
1627,I1627,1500,800,800,1238.0,110,0,n,4
215,I0215,1500,1000,800,1128.0,110,1,n,4
2077,I2077,1500,800,800,1186.0,110,0,n,4
3791,I3791,1500,800,800,0.0,110,0,n,4
888,I0888,1500,1000,800,1186.0,110,1,n,4
2717,I2717,1500,1000,800,1482.0,110,1,n,4
4132,I4132,1500,1000,800,877.0,110,1,n,4
1642,I1642,1500,1000,800,0.0,110,1,n,4
3481,I3481,1500,800,800,0.0,110,0,n,4
1293,I1293,1500,1000,800,1064.0,110,1,n,4
3660,I3660,1500,1000,800,1402.0,110,1,n,4
3559,I3559,1500,1000,800,0.0,110,1,n,4
770,I0770,1500,1000,800,0.0,110,1,n,4
2328,I2328,1500,800,800,1436.0,110,0,n,4
1847,I1847,1500,800,800,1529.0,110,0,n,4
4416,I4416,1500,1000,800,0.0,110,1,n,4
4943,I4943,1500,1000,800,1512.0,110,1,n,4
2179,I2179,1500,800,800,0.0,110,0,n,4
1146,I1146,1500,1000,800,1071.0,110,1,n,4
6,I0006,1500,1000,800,0.0,110,1,n,4
1327,I1327,1500,800,800,0.0,110,0,n,4
180,I0180,1500,1000,800,1384.0,110,1,n,4
4514,I4514,1500,1000,800,0.0,110,1,n,4
4508,I4508,1500,1000,800,0.0,110,1,n,4
365,I0365,1500,800,800,1156.0,110,0,n,4
3362,I3362,1500,1000,800,1444.0,110,1,n,4
897,I0897,1500,1000,800,1132.0,110,1,n,4
1624,I1624,1500,800,800,0.0,110,0,n,4
551,I0551,1500,800,800,0.0,110,0,n,4
1753,I1753,1500,1000,800,1394.0,110,1,n,4
4930,I4930,1500,1000,800,1145.0,110,1,n,4
736,I0736,1500,800,800,0.0,110,0,n,4
3468,I3468,1500,1000,800,0.0,110,1,n,4
136,I0136,1500,800,800,1431.0,110,0,n,4
1257,I1257,1500,1000,800,0.0,110,1,n,4
4186,I4186,1500,1000,800,0.0,110,1,n,4
2653,I2653,1500,1000,800,1055.0,110,1,n,4
1471,I1471,1500,1000,800,1304.0,110,1,n,4
1361,I1361,1500,1000,800,1025.0,110,1,n,4
4420,I4420,1500,800,800,0.0,110,0,n,4
871,I0871,1500,1000,800,0.0,110,1,n,4
3224,I3224,1500,800,800,0.0,110,0,n,4
807,I0807,1500,800,800,0.0,110,0,n,4
1367,I1367,1500,800,800,1011.0,110,0,n,4
2563,I2563,1500,1000,800,0.0,110,1,n,4
3678,I3678,1500,800,800,1056.0,110,0,n,4
1894,I1894,1500,1000,800,742.0,110,1,n,4
2367,I2367,1500,1000,800,0.0,110,1,n,4
2320,I2320,1500,1000,800,1383.0,110,1,n,4
1657,I1657,1500,1000,800,1279.0,110,1,n,4
2877,I2877,1500,1000,800,0.0,110,1,n,4
468,I0468,1500,800,800,990.0,110,0,n,4
2928,I2928,1500,1000,800,0.0,110,1,n,4
2360,I2360,1500,800,800,1447.0,110,0,n,4
3496,I3496,1500,800,800,943.0,110,0,n,4
4543,I4543,1500,1000,800,0.0,110,1,n,4
3923,I3923,1500,800,800,895.0,110,0,n,4
533,I0533,1500,1000,800,0.0,110,1,n,4
2074,I2074,1500,1000,800,0.0,110,1,n,4
4324,I4324,1500,800,800,1189.0,110,0,n,4
175,I0175,1500,800,800,0.0,110,0,n,4
2523,I2523,1500,800,800,1124.0,110,0,n,4
595,I0595,1500,800,800,0.0,110,0,n,4
170,I0170,1500,800,800,0.0,110,0,n,4
2002,I2002,1500,1000,800,0.0,110,1,n,4
2500,I2500,1500,800,800,0.0,110,0,n,4
2873,I2873,1500,1000,800,1313.0,110,1,n,4
3545,I3545,1500,1000,800,768.0,110,1,n,4
1518,I1518,1500,1000,800,961.0,110,1,n,4
3561,I3561,1500,800,800,1231.0,110,0,n,4
4003,I4003,1500,1000,800,955.0,110,1,n,4
3841,I3841,1500,800,800,0.0,110,0,n,4
3390,I3390,1500,800,800,0.0,110,0,n,4
3667,I3667,1500,1000,800,0.0,110,1,n,4
3736,I3736,1500,800,800,0.0,110,0,n,4
2295,I2295,1500,800,800,1226.0,110,0,n,4
3684,I3684,1500,800,800,1391.0,110,0,n,4
217,I0217,1500,1000,800,1110.0,110,1,n,4
2261,I2261,1500,1000,800,0.0,110,1,n,4
56,I0056,1500,800,800,1148.0,110,0,n,4
4375,I4375,1500,1000,800,871.0,110,1,n,4
3723,I3723,1500,1000,800,1071.0,110,1,n,4
2607,I2607,1500,1000,800,0.0,110,1,n,4
4471,I4471,1500,800,800,1371.0,110,0,n,4
3301,I3301,1500,1000,800,0.0,110,1,n,4
4821,I4821,1500,800,800,774.0,110,0,n,4
2939,I2939,1500,800,800,0.0,110,0,n,4
2530,I2530,1500,800,800,0.0,110,0,n,4
4684,I4684,1500,800,800,952.0,110,0,n,4
1080,I1080,1500,1000,800,1111.0,110,1,n,4
1253,I1253,1500,800,800,1530.0,110,0,n,4
3809,I3809,1500,1000,800,1126.0,110,1,n,4
318,I0318,1500,800,800,0.0,110,0,n,4
1677,I1677,1500,800,800,1026.0,110,0,n,4
366,I0366,1500,800,800,1269.0,110,0,n,4
4034,I4034,1500,800,800,0.0,110,0,n,4
78,I0078,1500,800,800,0.0,110,0,n,4
1360,I1360,1500,800,800,0.0,110,0,n,4
2349,I2349,1500,1000,800,1206.0,110,1,n,4
1952,I1952,1500,800,800,0.0,110,0,n,4
3395,I3395,1500,800,800,1345.0,110,0,n,4
2508,I2508,1500,800,800,0.0,110,0,n,4
3730,I3730,1500,1000,800,0.0,110,1,n,4
1982,I1982,1500,800,800,1427.0,110,0,n,4
4650,I4650,1500,800,800,937.0,110,0,n,4
2648,I2648,1500,1000,800,1016.0,110,1,n,4
2357,I2357,1500,800,800,1322.0,110,0,n,4
1150,I1150,1500,800,800,1113.0,110,0,n,4
4080,I4080,1500,800,800,1030.0,110,0,n,4
3453,I3453,1500,800,800,1376.0,110,0,n,4
1237,I1237,1500,1000,800,0.0,110,1,n,4
3864,I3864,1500,1000,800,1089.0,110,1,n,4
4431,I4431,1500,800,800,1211.0,110,0,n,4
3016,I3016,1500,1000,800,0.0,110,1,n,4
1850,I1850,1500,1000,800,0.0,110,1,n,4
2926,I2926,1500,800,800,0.0,110,0,n,4
1133,I1133,1500,1000,800,0.0,110,1,n,4
4817,I4817,1500,1000,800,1074.0,110,1,n,4
2203,I2203,1500,1000,800,0.0,110,1,n,4
961,I0961,1500,1000,800,0.0,110,1,n,4
4141,I4141,1500,800,800,1146.0,110,0,n,4
2807,I2807,1500,1000,800,0.0,110,1,n,4
2533,I2533,1500,800,800,929.0,110,0,n,4
3771,I3771,1500,800,800,975.0,110,0,n,4
4782,I4782,1500,800,800,1132.0,110,0,n,4
2318,I2318,1500,800,800,0.0,110,0,n,4
223,I0223,1500,1000,800,988.0,110,1,n,4
2878,I2878,1500,1000,800,0.0,110,1,n,4
3695,I3695,1500,1000,800,1152.0,110,1,n,4
1485,I1485,1500,1000,800,0.0,110,1,n,4
4107,I4107,1500,800,800,1506.0,110,0,n,4
90,I0090,1500,1000,800,0.0,110,1,n,4
435,I0435,1500,1000,800,1189.0,110,1,n,4
3753,I3753,1500,800,800,1159.0,110,0,n,4
1679,I1679,1500,1000,800,708.0,110,1,n,4
4269,I4269,1500,1000,800,1409.0,110,1,n,4
2168,I2168,1500,1000,800,893.0,110,1,n,4
4276,I4276,1500,1000,800,0.0,110,1,n,4
3154,I3154,1500,800,800,0.0,110,0,n,4
2353,I2353,1500,800,800,1194.0,110,0,n,4
3326,I3326,1500,1000,800,1450.0,110,1,n,4
2688,I2688,1500,800,800,0.0,110,0,n,4
4145,I4145,1500,800,800,1114.0,110,0,n,4
2001,I2001,1500,800,800,846.0,110,0,n,4
110,I0110,1500,800,800,1359.0,110,0,n,4
2522,I2522,1500,1000,800,0.0,110,1,n,4
1188,I1188,1500,800,800,984.0,110,0,n,4
2032,I2032,1500,1000,800,1045.0,110,1,n,4
1783,I1783,1500,1000,800,0.0,110,1,n,4
3874,I3874,1500,1000,800,0.0,110,1,n,4
1047,I1047,1500,800,800,0.0,110,0,n,4
620,I0620,1500,1000,800,1319.0,110,1,n,4
1369,I1369,1500,800,800,807.0,110,0,n,4
893,I0893,1500,1000,800,0.0,110,1,n,4
975,I0975,1500,800,800,1110.0,110,0,n,4
2435,I2435,1500,1000,800,1165.0,110,1,n,4
3314,I3314,1500,1000,800,906.0,110,1,n,4
3755,I3755,1500,800,800,1435.0,110,0,n,4
4729,I4729,1500,800,800,1249.0,110,0,n,4
2431,I2431,1500,800,800,0.0,110,0,n,4
2339,I2339,1500,800,800,888.0,110,0,n,4
1259,I1259,1500,800,800,788.0,110,0,n,4
4901,I4901,1500,800,800,0.0,110,0,n,4
1579,I1579,1500,1000,800,961.0,110,1,n,4
356,I0356,1500,1000,800,0.0,110,1,n,4
4500,I4500,1500,800,800,1504.0,110,0,n,4
2667,I2667,1500,800,800,0.0,110,0,n,4
2828,I2828,1500,1000,800,0.0,110,1,n,4
3337,I3337,1500,1000,800,0.0,110,1,n,4
154,I0154,1500,1000,800,0.0,110,1,n,4
4607,I4607,1500,800,800,1438.0,110,0,n,4
2017,I2017,1500,800,800,0.0,110,0,n,4
259,I0259,1500,1000,800,1040.0,110,1,n,4
2862,I2862,1500,1000,800,0.0,110,1,n,4
3638,I3638,1500,1000,800,1328.0,110,1,n,4
1174,I1174,1500,1000,800,1097.0,110,1,n,4
375,I0375,1500,1000,800,1412.0,110,1,n,4
2009,I2009,1500,800,800,901.0,110,0,n,4
3302,I3302,1500,800,800,0.0,110,0,n,4
3504,I3504,1500,800,800,1110.0,110,0,n,4
4826,I4826,1500,800,800,1027.0,110,0,n,4
3995,I3995,1500,1000,800,0.0,110,1,n,4
4483,I4483,1500,800,800,0.0,110,0,n,4
2744,I2744,1500,1000,800,1445.0,110,1,n,4
1122,I1122,1500,1000,800,1071.0,110,1,n,4
2397,I2397,1500,800,800,1149.0,110,0,n,4
657,I0657,1500,1000,800,1037.0,110,1,n,4
2076,I2076,1500,800,800,0.0,110,0,n,4
2933,I2933,1500,1000,800,1183.0,110,1,n,4
4937,I4937,1500,1000,800,1198.0,110,1,n,4
444,I0444,1500,800,800,898.0,110,0,n,4
3030,I3030,1500,800,800,0.0,110,0,n,4
3365,I3365,1500,800,800,993.0,110,0,n,4
68,I0068,1500,1000,800,0.0,110,1,n,4
4264,I4264,1500,800,800,1359.0,110,0,n,4
574,I0574,1500,1000,800,0.0,110,1,n,4
2517,I2517,1500,1000,800,1429.0,110,1,n,4
3385,I3385,1500,800,800,0.0,110,0,n,4
3823,I3823,1500,1000,800,925.0,110,1,n,4
284,I0284,1500,1000,800,973.0,110,1,n,4
1674,I1674,1500,800,800,1166.0,110,0,n,4
663,I0663,1500,1000,800,0.0,110,1,n,4
1371,I1371,1500,800,800,0.0,110,0,n,4
3797,I3797,1500,1000,800,1061.0,110,1,n,4
1934,I1934,1500,800,800,1295.0,110,0,n,4
2548,I2548,1500,800,800,0.0,110,0,n,4
4127,I4127,1500,800,800,1109.0,110,0,n,4
339,I0339,1500,1000,800,1505.0,110,1,n,4
381,I0381,1500,1000,800,0.0,110,1,n,4
3415,I3415,1500,1000,800,0.0,110,1,n,4
2276,I2276,1500,800,800,981.0,110,0,n,4
3315,I3315,1500,800,800,901.0,110,0,n,4
4409,I4409,1500,1000,800,1442.0,110,1,n,4
1164,I1164,1500,1000,800,0.0,110,1,n,4
3519,I3519,1500,1000,800,0.0,110,1,n,4
3253,I3253,1500,800,800,1093.0,110,0,n,4
1354,I1354,1500,1000,800,0.0,110,1,n,4
3997,I3997,1500,1000,800,1136.0,110,1,n,4
511,I0511,1500,800,800,1210.0,110,0,n,4
2107,I2107,1500,800,800,1319.0,110,0,n,4
2900,I2900,1500,800,800,0.0,110,0,n,4
3586,I3586,1500,1000,800,956.0,110,1,n,4
1591,I1591,1500,800,800,0.0,110,0,n,4
158,I0158,1500,800,800,1212.0,110,0,n,4
3151,I3151,1500,1000,800,0.0,110,1,n,4
3859,I3859,1500,1000,800,0.0,110,1,n,4
4310,I4310,1500,1000,800,0.0,110,1,n,4
3875,I3875,1500,800,800,0.0,110,0,n,4
603,I0603,1500,800,800,1239.0,110,0,n,4
3991,I3991,1500,1000,800,1063.0,110,1,n,4
281,I0281,1500,1000,800,893.0,110,1,n,4
4214,I4214,1500,800,800,0.0,110,0,n,4
2954,I2954,1500,1000,800,0.0,110,1,n,4
229,I0229,1500,800,800,874.0,110,0,n,4
101,I0101,1500,800,800,1170.0,110,0,n,4
3134,I3134,1500,800,800,0.0,110,0,n,4
4284,I4284,1500,1000,800,0.0,110,1,n,4
3024,I3024,1500,1000,800,1053.0,110,1,n,4
1031,I1031,1500,800,800,0.0,110,0,n,4
4960,I4960,1500,1000,800,0.0,110,1,n,4
4046,I4046,1500,800,800,0.0,110,0,n,4
757,I0757,1500,1000,800,1353.0,110,1,n,4
4360,I4360,1500,800,800,1489.0,110,0,n,4
4939,I4939,1500,800,800,924.0,110,0,n,4
430,I0430,1500,800,800,0.0,110,0,n,4
889,I0889,1500,800,800,0.0,110,0,n,4
1884,I1884,1500,1000,800,1266.0,110,1,n,4
4857,I4857,1500,800,800,0.0,110,0,n,4
2603,I2603,1500,1000,800,815.0,110,1,n,4
1250,I1250,1500,1000,800,1100.0,110,1,n,4
3847,I3847,1500,800,800,935.0,110,0,n,4
4644,I4644,1500,1000,800,1435.0,110,1,n,4
3798,I3798,1500,1000,800,0.0,110,1,n,4
4208,I4208,1500,1000,800,861.0,110,1,n,4
3001,I3001,1500,800,800,1445.0,110,0,n,4
794,I0794,1500,1000,800,801.0,110,1,n,4
1622,I1622,1500,800,800,1336.0,110,0,n,4
2546,I2546,1500,1000,800,1529.0,110,1,n,4
4148,I4148,1500,800,800,0.0,110,0,n,4
3850,I3850,1500,800,800,0.0,110,0,n,4
1382,I1382,1500,800,800,0.0,110,0,n,4
1143,I1143,1500,800,800,0.0,110,0,n,4
1697,I1697,1500,800,800,0.0,110,0,n,4
3505,I3505,1500,1000,800,0.0,110,1,n,4
1483,I1483,1500,800,800,1322.0,110,0,n,4
4994,I4994,1500,800,800,941.0,110,0,n,4
4061,I4061,1500,1000,800,1517.0,110,1,n,4
1474,I1474,1500,800,800,1481.0,110,0,n,4
1542,I1542,1500,1000,800,1358.0,110,1,n,4
4339,I4339,1500,800,800,0.0,110,0,n,4
1494,I1494,1500,800,800,1282.0,110,0,n,4
3333,I3333,1500,800,800,0.0,110,0,n,4
3896,I3896,1500,800,800,0.0,110,0,n,4
2251,I2251,1500,800,800,596.0,110,0,n,4
1348,I1348,1500,800,800,1368.0,110,0,n,4
3992,I3992,1500,800,800,0.0,110,0,n,4
1089,I1089,1500,800,800,1305.0,110,0,n,4
3697,I3697,1500,800,800,0.0,110,0,n,4
380,I0380,1500,1000,800,0.0,110,1,n,4
389,I0389,1500,800,800,1190.0,110,0,n,4
3588,I3588,1500,1000,800,1007.0,110,1,n,4
4194,I4194,1500,800,800,987.0,110,0,n,4
3364,I3364,1500,800,800,0.0,110,0,n,4
560,I0560,1500,800,800,1317.0,110,0,n,4
2334,I2334,1500,800,800,1177.0,110,0,n,4
1189,I1189,1500,1000,800,0.0,110,1,n,4
4017,I4017,1500,1000,800,0.0,110,1,n,4
4446,I4446,1500,1000,800,1456.0,110,1,n,4
2842,I2842,1500,1000,800,0.0,110,1,n,4
2729,I2729,1500,800,800,1463.0,110,0,n,4
3942,I3942,1500,1000,800,1399.0,110,1,n,4
2564,I2564,1500,1000,800,1160.0,110,1,n,4
2345,I2345,1500,1000,800,849.0,110,1,n,4
701,I0701,1500,1000,800,0.0,110,1,n,4
2794,I2794,1500,800,800,974.0,110,0,n,4
1920,I1920,1500,800,800,1291.0,110,0,n,4
549,I0549,1500,800,800,0.0,110,0,n,4
3648,I3648,1500,800,800,0.0,110,0,n,4
1864,I1864,1500,800,800,0.0,110,0,n,4
735,I0735,1500,800,800,1027.0,110,0,n,4
137,I0137,1500,1000,800,0.0,110,1,n,4
3710,I3710,1500,1000,800,1083.0,110,1,n,4
3482,I3482,1500,800,800,1074.0,110,0,n,4
4295,I4295,1500,800,800,0.0,110,0,n,4
3820,I3820,1500,1000,800,0.0,110,1,n,4
2767,I2767,1500,800,800,0.0,110,0,n,4
1769,I1769,1500,800,800,1096.0,110,0,n,4
332,I0332,1500,800,800,1380.0,110,0,n,4
4403,I4403,1500,800,800,0.0,110,0,n,4
3494,I3494,1500,1000,800,1064.0,110,1,n,4
1139,I1139,1500,800,800,0.0,110,0,n,4
3140,I3140,1500,1000,800,1067.0,110,1,n,4
1052,I1052,1500,1000,800,1008.0,110,1,n,4
3070,I3070,1500,800,800,1027.0,110,0,n,4
915,I0915,1500,1000,800,1094.0,110,1,n,4
129,I0129,1500,800,800,747.0,110,0,n,4
2914,I2914,1500,800,800,0.0,110,0,n,4
3014,I3014,1500,1000,800,0.0,110,1,n,4
4628,I4628,1500,800,800,1309.0,110,0,n,4
2410,I2410,1500,800,800,878.0,110,0,n,4
2571,I2571,1500,800,800,1079.0,110,0,n,4
1010,I1010,1500,1000,800,0.0,110,1,n,4
4417,I4417,1500,1000,800,0.0,110,1,n,4
1813,I1813,1500,800,800,0.0,110,0,n,4
3383,I3383,1500,800,800,802.0,110,0,n,4
500,I0500,1500,800,800,0.0,110,0,n,4
1937,I1937,1500,1000,800,0.0,110,1,n,4
3746,I3746,1500,1000,800,1212.0,110,1,n,4
350,I0350,1500,800,800,1097.0,110,0,n,4
1427,I1427,1500,800,800,0.0,110,0,n,4
197,I0197,1500,800,800,0.0,110,0,n,4
898,I0898,1500,800,800,1020.0,110,0,n,4
1493,I1493,1500,1000,800,1096.0,110,1,n,4
3834,I3834,1500,800,800,1115.0,110,0,n,4
3984,I3984,1500,800,800,0.0,110,0,n,4
1290,I1290,1500,1000,800,0.0,110,1,n,4
4150,I4150,1500,1000,800,0.0,110,1,n,4
1668,I1668,1500,800,800,0.0,110,0,n,4
2249,I2249,1500,800,800,1355.0,110,0,n,4
442,I0442,1500,1000,800,1163.0,110,1,n,4
3957,I3957,1500,800,800,1346.0,110,0,n,4
305,I0305,1500,1000,800,990.0,110,1,n,4
3283,I3283,1500,800,800,1218.0,110,0,n,4
4434,I4434,1500,800,800,1459.0,110,0,n,4
1364,I1364,1500,1000,800,1147.0,110,1,n,4
4115,I4115,1500,800,800,0.0,110,0,n,4
3367,I3367,1500,1000,800,1134.0,110,1,n,4
904,I0904,1500,800,800,860.0,110,0,n,4
2617,I2617,1500,1000,800,1365.0,110,1,n,4
3458,I3458,1500,800,800,0.0,110,0,n,4
3716,I3716,1500,1000,800,751.0,110,1,n,4
1277,I1277,1500,800,800,1252.0,110,0,n,4
2903,I2903,1500,1000,800,1158.0,110,1,n,4
3522,I3522,1500,800,800,1055.0,110,0,n,4
3195,I3195,1500,800,800,1379.0,110,0,n,4
4902,I4902,1500,800,800,1459.0,110,0,n,4
1197,I1197,1500,1000,800,1351.0,110,1,n,4
3062,I3062,1500,1000,800,0.0,110,1,n,4
4919,I4919,1500,1000,800,1411.0,110,1,n,4
4717,I4717,1500,800,800,0.0,110,0,n,4
3811,I3811,1500,1000,800,1439.0,110,1,n,4
3274,I3274,1500,1000,800,1319.0,110,1,n,4
3152,I3152,1500,1000,800,0.0,110,1,n,4
4651,I4651,1500,800,800,1159.0,110,0,n,4
2285,I2285,1500,1000,800,0.0,110,1,n,4
4586,I4586,1500,800,800,0.0,110,0,n,4
4268,I4268,1500,1000,800,1367.0,110,1,n,4
2449,I2449,1500,1000,800,1061.0,110,1,n,4
2748,I2748,1500,1000,800,0.0,110,1,n,4
4796,I4796,1500,800,800,0.0,110,0,n,4
3679,I3679,1500,1000,800,1162.0,110,1,n,4
272,I0272,1500,800,800,1238.0,110,0,n,4
1073,I1073,1500,1000,800,0.0,110,1,n,4
3598,I3598,1500,1000,800,1396.0,110,1,n,4
862,I0862,1500,800,800,0.0,110,0,n,4
2893,I2893,1500,1000,800,1266.0,110,1,n,4
2866,I2866,1500,800,800,0.0,110,0,n,4
2935,I2935,1500,800,800,834.0,110,0,n,4
968,I0968,1500,1000,800,0.0,110,1,n,4
2790,I2790,1500,800,800,1362.0,110,0,n,4
2114,I2114,1500,1000,800,904.0,110,1,n,4
1458,I1458,1500,800,800,997.0,110,0,n,4
2262,I2262,1500,800,800,1200.0,110,0,n,4
3909,I3909,1500,1000,800,971.0,110,1,n,4
1056,I1056,1500,1000,800,0.0,110,1,n,4
2341,I2341,1500,1000,800,0.0,110,1,n,4
4648,I4648,1500,800,800,1169.0,110,0,n,4
1245,I1245,1500,800,800,946.0,110,0,n,4
3003,I3003,1500,800,800,1011.0,110,0,n,4
626,I0626,1500,1000,800,998.0,110,1,n,4
4521,I4521,1500,800,800,920.0,110,0,n,4
2490,I2490,1500,800,800,1345.0,110,0,n,4
4861,I4861,1500,800,800,997.0,110,0,n,4
4461,I4461,1500,800,800,1574.0,110,0,n,4
3299,I3299,1500,800,800,0.0,110,0,n,4
79,I0079,1500,800,800,1244.0,110,0,n,4
4849,I4849,1500,1000,800,0.0,110,1,n,4
4640,I4640,1500,800,800,1403.0,110,0,n,4
4084,I4084,1500,800,800,1045.0,110,0,n,4
3089,I3089,1500,800,800,0.0,110,0,n,4
816,I0816,1500,800,800,0.0,110,0,n,4
896,I0896,1500,1000,800,1353.0,110,1,n,4
4457,I4457,1500,800,800,1069.0,110,0,n,4
3066,I3066,1500,800,800,1589.0,110,0,n,4
1975,I1975,1500,1000,800,1439.0,110,1,n,4
3655,I3655,1500,1000,800,0.0,110,1,n,4
2683,I2683,1500,800,800,822.0,110,0,n,4
1120,I1120,1500,800,800,1040.0,110,0,n,4
1063,I1063,1500,1000,800,1431.0,110,1,n,4
20,I0020,1500,1000,800,0.0,110,1,n,4
4907,I4907,1500,1000,800,0.0,110,1,n,4
3936,I3936,1500,800,800,1167.0,110,0,n,4
2484,I2484,1500,800,800,0.0,110,0,n,4
1101,I1101,1500,1000,800,0.0,110,1,n,4
1386,I1386,1500,1000,800,822.0,110,1,n,4
441,I0441,1500,800,800,1334.0,110,0,n,4
1702,I1702,1500,800,800,1504.0,110,0,n,4
3029,I3029,1500,800,800,896.0,110,0,n,4
1033,I1033,1500,800,800,0.0,110,0,n,4
4975,I4975,1500,800,800,1463.0,110,0,n,4
1256,I1256,1500,800,800,0.0,110,0,n,4
3527,I3527,1500,800,800,1183.0,110,0,n,4
2765,I2765,1500,1000,800,1570.0,110,1,n,4
1379,I1379,1500,800,800,1518.0,110,0,n,4
3022,I3022,1500,1000,800,1025.0,110,1,n,4
251,I0251,1500,1000,800,1427.0,110,1,n,4
4406,I4406,1500,1000,800,0.0,110,1,n,4
1487,I1487,1500,1000,800,1228.0,110,1,n,4
2889,I2889,1500,1000,800,1177.0,110,1,n,4
2362,I2362,1500,800,800,999.0,110,0,n,4
639,I0639,1500,1000,800,1589.0,110,1,n,4
98,I0098,1500,800,800,904.0,110,0,n,4
743,I0743,1500,1000,800,0.0,110,1,n,4
1963,I1963,1500,1000,800,0.0,110,1,n,4
1301,I1301,1500,1000,800,0.0,110,1,n,4
999,I0999,1500,1000,800,0.0,110,1,n,4
986,I0986,1500,1000,800,0.0,110,1,n,4
3900,I3900,1500,1000,800,0.0,110,1,n,4
4828,I4828,1500,800,800,0.0,110,0,n,4
4022,I4022,1500,800,800,0.0,110,0,n,4
3175,I3175,1500,800,800,907.0,110,0,n,4
345,I0345,1500,1000,800,0.0,110,1,n,4
2616,I2616,1500,1000,800,0.0,110,1,n,4
3342,I3342,1500,800,800,0.0,110,0,n,4
3028,I3028,1500,800,800,1035.0,110,0,n,4
1571,I1571,1500,1000,800,0.0,110,1,n,4
1085,I1085,1500,1000,800,1070.0,110,1,n,4
4546,I4546,1500,1000,800,1163.0,110,1,n,4
3895,I3895,1500,1000,800,1023.0,110,1,n,4
3262,I3262,1500,1000,800,1366.0,110,1,n,4
1577,I1577,1500,1000,800,1071.0,110,1,n,4
3578,I3578,1500,1000,800,0.0,110,1,n,4
1543,I1543,1500,1000,800,1053.0,110,1,n,4
2481,I2481,1500,1000,800,0.0,110,1,n,4
4915,I4915,1500,800,800,1130.0,110,0,n,4
493,I0493,1500,1000,800,0.0,110,1,n,4
3121,I3121,1500,800,800,0.0,110,0,n,4
4841,I4841,1500,800,800,0.0,110,0,n,4
395,I0395,1500,1000,800,1283.0,110,1,n,4
3597,I3597,1500,800,800,1031.0,110,0,n,4
3536,I3536,1500,1000,800,1107.0,110,1,n,4
1279,I1279,1500,1000,800,0.0,110,1,n,4
4201,I4201,1500,1000,800,0.0,110,1,n,4
2506,I2506,1500,1000,800,1042.0,110,1,n,4
360,I0360,1500,800,800,1569.0,110,0,n,4
3244,I3244,1500,1000,800,0.0,110,1,n,4
3633,I3633,1500,1000,800,966.0,110,1,n,4
4710,I4710,1500,1000,800,966.0,110,1,n,4
1111,I1111,1500,800,800,1070.0,110,0,n,4
1675,I1675,1500,1000,800,0.0,110,1,n,4
1045,I1045,1500,800,800,1497.0,110,0,n,4
2712,I2712,1500,1000,800,0.0,110,1,n,4
2043,I2043,1500,1000,800,0.0,110,1,n,4
4934,I4934,1500,1000,800,1199.0,110,1,n,4
4286,I4286,1500,1000,800,0.0,110,1,n,4
2190,I2190,1500,1000,800,0.0,110,1,n,4
3883,I3883,1500,800,800,939.0,110,0,n,4
3547,I3547,1500,1000,800,0.0,110,1,n,4
4279,I4279,1500,800,800,852.0,110,0,n,4
2197,I2197,1500,1000,800,0.0,110,1,n,4
4668,I4668,1500,1000,800,1071.0,110,1,n,4
3479,I3479,1500,800,800,0.0,110,0,n,4
3421,I3421,1500,1000,800,1036.0,110,1,n,4
1477,I1477,1500,1000,800,737.0,110,1,n,4
1388,I1388,1500,800,800,0.0,110,0,n,4
2297,I2297,1500,1000,800,1359.0,110,1,n,4
72,I0072,1500,1000,800,1282.0,110,1,n,4
3373,I3373,1500,800,800,1035.0,110,0,n,4
3675,I3675,1500,800,800,0.0,110,0,n,4
1605,I1605,1500,800,800,0.0,110,0,n,4
2606,I2606,1500,800,800,0.0,110,0,n,4
17,I0017,1500,800,800,1040.0,110,0,n,4
3720,I3720,1500,1000,800,1082.0,110,1,n,4
4733,I4733,1500,800,800,992.0,110,0,n,4
3870,I3870,1500,1000,800,0.0,110,1,n,4
2220,I2220,1500,1000,800,1058.0,110,1,n,4
3654,I3654,1500,800,800,1161.0,110,0,n,4
2693,I2693,1500,800,800,861.0,110,0,n,4
2355,I2355,1500,800,800,1471.0,110,0,n,4
715,I0715,1500,800,800,0.0,110,0,n,4
1658,I1658,1500,800,800,675.0,110,0,n,4
1308,I1308,1500,800,800,969.0,110,0,n,4
80,I0080,1500,1000,800,1111.0,110,1,n,4
1948,I1948,1500,1000,800,0.0,110,1,n,4
1866,I1866,1500,1000,800,0.0,110,1,n,4
860,I0860,1500,1000,800,913.0,110,1,n,4
1703,I1703,1500,800,800,1361.0,110,0,n,4
3457,I3457,1500,1000,800,0.0,110,1,n,4
3557,I3557,1500,800,800,1330.0,110,0,n,4
1078,I1078,1500,1000,800,0.0,110,1,n,4
4068,I4068,1500,800,800,1389.0,110,0,n,4
169,I0169,1500,800,800,1092.0,110,0,n,4
4271,I4271,1500,1000,800,0.0,110,1,n,4
538,I0538,1500,1000,800,1508.0,110,1,n,4
2602,I2602,1500,1000,800,0.0,110,1,n,4
2417,I2417,1500,1000,800,0.0,110,1,n,4
1968,I1968,1500,800,800,0.0,110,0,n,4
483,I0483,1500,1000,800,1016.0,110,1,n,4
607,I0607,1500,1000,800,957.0,110,1,n,4
2734,I2734,1500,800,800,1218.0,110,0,n,4
2665,I2665,1500,1000,800,0.0,110,1,n,4
3639,I3639,1500,1000,800,0.0,110,1,n,4
464,I0464,1500,800,800,1208.0,110,0,n,4
2575,I2575,1500,800,800,1504.0,110,0,n,4
2335,I2335,1500,800,800,1372.0,110,0,n,4
1512,I1512,1500,1000,800,0.0,110,1,n,4
4676,I4676,1500,800,800,1082.0,110,0,n,4
3382,I3382,1500,800,800,0.0,110,0,n,4
3898,I3898,1500,800,800,883.0,110,0,n,4
1303,I1303,1500,800,800,0.0,110,0,n,4
1166,I1166,1500,800,800,0.0,110,0,n,4
2614,I2614,1500,800,800,0.0,110,0,n,4
3291,I3291,1500,1000,800,0.0,110,1,n,4
3905,I3905,1500,800,800,0.0,110,0,n,4
2438,I2438,1500,1000,800,0.0,110,1,n,4
1459,I1459,1500,800,800,1285.0,110,0,n,4
1547,I1547,1500,1000,800,1194.0,110,1,n,4
2713,I2713,1500,800,800,907.0,110,0,n,4
1196,I1196,1500,800,800,1233.0,110,0,n,4
1395,I1395,1500,800,800,1534.0,110,0,n,4
2007,I2007,1500,1000,800,871.0,110,1,n,4
2692,I2692,1500,1000,800,1432.0,110,1,n,4
4793,I4793,1500,1000,800,1383.0,110,1,n,4
4680,I4680,1500,1000,800,1314.0,110,1,n,4
2443,I2443,1500,800,800,0.0,110,0,n,4
3418,I3418,1500,1000,800,1095.0,110,1,n,4
4216,I4216,1500,1000,800,0.0,110,1,n,4
447,I0447,1500,800,800,1284.0,110,0,n,4
1909,I1909,1500,1000,800,0.0,110,1,n,4
397,I0397,1500,1000,800,1372.0,110,1,n,4
4187,I4187,1500,800,800,1255.0,110,0,n,4
3142,I3142,1500,1000,800,958.0,110,1,n,4
1882,I1882,1500,1000,800,1308.0,110,1,n,4
1334,I1334,1500,800,800,0.0,110,0,n,4
4858,I4858,1500,800,800,1075.0,110,0,n,4
2799,I2799,1500,1000,800,1060.0,110,1,n,4
140,I0140,1500,800,800,833.0,110,0,n,4
2963,I2963,1500,800,800,881.0,110,0,n,4
3293,I3293,1500,800,800,963.0,110,0,n,4
1282,I1282,1500,1000,800,600.0,110,1,n,4
1754,I1754,1500,1000,800,0.0,110,1,n,4
3423,I3423,1500,1000,800,0.0,110,1,n,4
1200,I1200,1500,800,800,1119.0,110,0,n,4
4147,I4147,1500,800,800,0.0,110,0,n,4
4155,I4155,1500,800,800,933.0,110,0,n,4
2784,I2784,1500,800,800,1099.0,110,0,n,4
3750,I3750,1500,1000,800,0.0,110,1,n,4
1693,I1693,1500,800,800,1405.0,110,0,n,4
660,I0660,1500,1000,800,1034.0,110,1,n,4
4478,I4478,1500,800,800,0.0,110,0,n,4
2172,I2172,1500,1000,800,1125.0,110,1,n,4
4002,I4002,1500,800,800,0.0,110,0,n,4
4845,I4845,1500,1000,800,773.0,110,1,n,4
246,I0246,1500,1000,800,1292.0,110,1,n,4
213,I0213,1500,800,800,1376.0,110,0,n,4
3403,I3403,1500,800,800,974.0,110,0,n,4
4571,I4571,1500,800,800,890.0,110,0,n,4
711,I0711,1500,1000,800,0.0,110,1,n,4
4988,I4988,1500,1000,800,0.0,110,1,n,4
2102,I2102,1500,800,800,1288.0,110,0,n,4
2325,I2325,1500,1000,800,957.0,110,1,n,4
1267,I1267,1500,1000,800,1353.0,110,1,n,4
2897,I2897,1500,800,800,1438.0,110,0,n,4
82,I0082,1500,800,800,1021.0,110,0,n,4
2194,I2194,1500,1000,800,1204.0,110,1,n,4
127,I0127,1500,1000,800,0.0,110,1,n,4
3945,I3945,1500,800,800,0.0,110,0,n,4
1291,I1291,1500,800,800,0.0,110,0,n,4
1810,I1810,1500,800,800,996.0,110,0,n,4
4721,I4721,1500,800,800,0.0,110,0,n,4
2858,I2858,1500,1000,800,0.0,110,1,n,4
4462,I4462,1500,1000,800,1103.0,110,1,n,4
4838,I4838,1500,1000,800,0.0,110,1,n,4
1319,I1319,1500,1000,800,1478.0,110,1,n,4
1408,I1408,1500,800,800,1010.0,110,0,n,4
2775,I2775,1500,800,800,1275.0,110,0,n,4
3651,I3651,1500,1000,800,1069.0,110,1,n,4
2252,I2252,1500,1000,800,1468.0,110,1,n,4
1629,I1629,1500,1000,800,1132.0,110,1,n,4
4094,I4094,1500,800,800,1378.0,110,0,n,4
2237,I2237,1500,800,800,0.0,110,0,n,4
1890,I1890,1500,1000,800,0.0,110,1,n,4
3276,I3276,1500,1000,800,1001.0,110,1,n,4
4921,I4921,1500,1000,800,0.0,110,1,n,4
2793,I2793,1500,1000,800,1082.0,110,1,n,4
3523,I3523,1500,1000,800,1290.0,110,1,n,4
3255,I3255,1500,800,800,975.0,110,0,n,4
1084,I1084,1500,800,800,962.0,110,0,n,4
2259,I2259,1500,1000,800,1567.0,110,1,n,4
1209,I1209,1500,1000,800,862.0,110,1,n,4
463,I0463,1500,800,800,1191.0,110,0,n,4
4565,I4565,1500,800,800,0.0,110,0,n,4
4307,I4307,1500,800,800,1012.0,110,0,n,4
3487,I3487,1500,800,800,1474.0,110,0,n,4
921,I0921,1500,1000,800,0.0,110,1,n,4
1942,I1942,1500,1000,800,1178.0,110,1,n,4
2639,I2639,1500,1000,800,0.0,110,1,n,4
1255,I1255,1500,1000,800,1415.0,110,1,n,4
4525,I4525,1500,1000,800,1109.0,110,1,n,4
1038,I1038,1500,1000,800,0.0,110,1,n,4
2122,I2122,1500,1000,800,1011.0,110,1,n,4
4358,I4358,1500,800,800,873.0,110,0,n,4
637,I0637,1500,800,800,0.0,110,0,n,4
4470,I4470,1500,800,800,1559.0,110,0,n,4
152,I0152,1500,1000,800,674.0,110,1,n,4
4876,I4876,1500,1000,800,884.0,110,1,n,4
3726,I3726,1500,1000,800,1436.0,110,1,n,4
648,I0648,1500,800,800,0.0,110,0,n,4
4703,I4703,1500,800,800,921.0,110,0,n,4
589,I0589,1500,800,800,1159.0,110,0,n,4
4091,I4091,1500,800,800,1102.0,110,0,n,4
1874,I1874,1500,800,800,1007.0,110,0,n,4
2609,I2609,1500,800,800,1220.0,110,0,n,4
2863,I2863,1500,800,800,0.0,110,0,n,4
3454,I3454,1500,800,800,0.0,110,0,n,4
3526,I3526,1500,1000,800,0.0,110,1,n,4
3442,I3442,1500,1000,800,0.0,110,1,n,4
3560,I3560,1500,1000,800,1040.0,110,1,n,4
2931,I2931,1500,1000,800,1422.0,110,1,n,4
2029,I2029,1500,1000,800,1405.0,110,1,n,4
3489,I3489,1500,1000,800,0.0,110,1,n,4
3039,I3039,1500,800,800,1155.0,110,0,n,4
2235,I2235,1500,800,800,1275.0,110,0,n,4
4060,I4060,1500,800,800,1026.0,110,0,n,4
1163,I1163,1500,1000,800,0.0,110,1,n,4
2780,I2780,1500,800,800,0.0,110,0,n,4
2587,I2587,1500,800,800,0.0,110,0,n,4
1672,I1672,1500,1000,800,1005.0,110,1,n,4
1892,I1892,1500,1000,800,1116.0,110,1,n,4
3929,I3929,1500,1000,800,1022.0,110,1,n,4
1190,I1190,1500,1000,800,0.0,110,1,n,4
3232,I3232,1500,1000,800,0.0,110,1,n,4
3461,I3461,1500,800,800,1032.0,110,0,n,4
4131,I4131,1500,800,800,0.0,110,0,n,4
4380,I4380,1500,800,800,0.0,110,0,n,4
4140,I4140,1500,800,800,0.0,110,0,n,4
2079,I2079,1500,1000,800,0.0,110,1,n,4
3349,I3349,1500,1000,800,0.0,110,1,n,4
3050,I3050,1500,1000,800,1003.0,110,1,n,4
277,I0277,1500,1000,800,842.0,110,1,n,4
4088,I4088,1500,800,800,0.0,110,0,n,4
2085,I2085,1500,800,800,1286.0,110,0,n,4
1913,I1913,1500,1000,800,0.0,110,1,n,4
4480,I4480,1500,1000,800,1244.0,110,1,n,4
2669,I2669,1500,800,800,0.0,110,0,n,4
2921,I2921,1500,800,800,783.0,110,0,n,4
1852,I1852,1500,800,800,1311.0,110,0,n,4
957,I0957,1500,800,800,1077.0,110,0,n,4
4639,I4639,1500,1000,800,1488.0,110,1,n,4
1654,I1654,1500,800,800,0.0,110,0,n,4
2995,I2995,1500,800,800,981.0,110,0,n,4
4372,I4372,1500,1000,800,1066.0,110,1,n,4
1212,I1212,1500,800,800,0.0,110,0,n,4
562,I0562,1500,800,800,1318.0,110,0,n,4
2527,I2527,1500,800,800,984.0,110,0,n,4
2066,I2066,1500,1000,800,0.0,110,1,n,4
1136,I1136,1500,1000,800,1045.0,110,1,n,4
4138,I4138,1500,1000,800,669.0,110,1,n,4
2195,I2195,1500,1000,800,0.0,110,1,n,4
1835,I1835,1500,800,800,1283.0,110,0,n,4
3756,I3756,1500,1000,800,882.0,110,1,n,4
3509,I3509,1500,800,800,1339.0,110,0,n,4
4495,I4495,1500,800,800,0.0,110,0,n,4
3981,I3981,1500,1000,800,1445.0,110,1,n,4
522,I0522,1500,800,800,0.0,110,0,n,4
433,I0433,1500,800,800,0.0,110,0,n,4
2158,I2158,1500,1000,800,1089.0,110,1,n,4
2673,I2673,1500,1000,800,0.0,110,1,n,4
39,I0039,1500,800,800,0.0,110,0,n,4
4789,I4789,1500,1000,800,1184.0,110,1,n,4
2269,I2269,1500,1000,800,1380.0,110,1,n,4
4791,I4791,1500,1000,800,1094.0,110,1,n,4
1321,I1321,1500,1000,800,0.0,110,1,n,4
1332,I1332,1500,1000,800,0.0,110,1,n,4
614,I0614,1500,1000,800,0.0,110,1,n,4
1762,I1762,1500,800,800,1155.0,110,0,n,4
2797,I2797,1500,800,800,902.0,110,0,n,4
307,I0307,1500,800,800,996.0,110,0,n,4
2768,I2768,1500,1000,800,1299.0,110,1,n,4
1091,I1091,1500,1000,800,0.0,110,1,n,4
2704,I2704,1500,1000,800,0.0,110,1,n,4
887,I0887,1500,1000,800,1467.0,110,1,n,4
2898,I2898,1500,1000,800,0.0,110,1,n,4
4674,I4674,1500,800,800,0.0,110,0,n,4
4388,I4388,1500,800,800,0.0,110,0,n,4
882,I0882,1500,1000,800,845.0,110,1,n,4
2400,I2400,1500,800,800,785.0,110,0,n,4
382,I0382,1500,800,800,1334.0,110,0,n,4
4716,I4716,1500,800,800,1473.0,110,0,n,4
3397,I3397,1500,800,800,0.0,110,0,n,4
1157,I1157,1500,1000,800,1001.0,110,1,n,4
3099,I3099,1500,1000,800,0.0,110,1,n,4
2999,I2999,1500,800,800,0.0,110,0,n,4
925,I0925,1500,800,800,1004.0,110,0,n,4
1539,I1539,1500,800,800,1148.0,110,0,n,4
939,I0939,1500,800,800,1182.0,110,0,n,4
4613,I4613,1500,800,800,0.0,110,0,n,4
1161,I1161,1500,1000,800,0.0,110,1,n,4
2132,I2132,1500,800,800,1354.0,110,0,n,4
4110,I4110,1500,1000,800,0.0,110,1,n,4
420,I0420,1500,800,800,1028.0,110,0,n,4
4320,I4320,1500,800,800,1124.0,110,0,n,4
1109,I1109,1500,1000,800,1005.0,110,1,n,4
359,I0359,1500,800,800,0.0,110,0,n,4
4888,I4888,1500,800,800,1014.0,110,0,n,4
4562,I4562,1500,1000,800,0.0,110,1,n,4
4819,I4819,1500,1000,800,0.0,110,1,n,4
4285,I4285,1500,1000,800,0.0,110,1,n,4
1648,I1648,1500,800,800,882.0,110,0,n,4
641,I0641,1500,1000,800,0.0,110,1,n,4
2787,I2787,1500,800,800,0.0,110,0,n,4
3114,I3114,1500,1000,800,0.0,110,1,n,4
2056,I2056,1500,1000,800,1438.0,110,1,n,4
2660,I2660,1500,1000,800,1055.0,110,1,n,4
2849,I2849,1500,1000,800,1416.0,110,1,n,4
3112,I3112,1500,1000,800,0.0,110,1,n,4
3867,I3867,1500,800,800,932.0,110,0,n,4
556,I0556,1500,1000,800,0.0,110,1,n,4
1039,I1039,1500,800,800,961.0,110,0,n,4
418,I0418,1500,1000,800,1345.0,110,1,n,4
2219,I2219,1500,1000,800,0.0,110,1,n,4
4984,I4984,1500,1000,800,1135.0,110,1,n,4
800,I0800,1500,800,800,0.0,110,0,n,4
4228,I4228,1500,800,800,0.0,110,0,n,4
3607,I3607,1500,1000,800,976.0,110,1,n,4
2803,I2803,1500,1000,800,1265.0,110,1,n,4
786,I0786,1500,1000,800,0.0,110,1,n,4
4559,I4559,1500,1000,800,0.0,110,1,n,4
1565,I1565,1500,800,800,1069.0,110,0,n,4
2445,I2445,1500,1000,800,0.0,110,1,n,4
4880,I4880,1500,800,800,0.0,110,0,n,4
4610,I4610,1500,1000,800,0.0,110,1,n,4
4428,I4428,1500,1000,800,0.0,110,1,n,4
4137,I4137,1500,1000,800,1329.0,110,1,n,4
1398,I1398,1500,800,800,1323.0,110,0,n,4
1940,I1940,1500,1000,800,1045.0,110,1,n,4
320,I0320,1500,1000,800,0.0,110,1,n,4
3911,I3911,1500,800,800,1097.0,110,0,n,4
3922,I3922,1500,800,800,0.0,110,0,n,4
4487,I4487,1500,1000,800,908.0,110,1,n,4
411,I0411,1500,800,800,0.0,110,0,n,4
4180,I4180,1500,800,800,947.0,110,0,n,4
4373,I4373,1500,800,800,1092.0,110,0,n,4
4755,I4755,1500,1000,800,1575.0,110,1,n,4
844,I0844,1500,1000,800,0.0,110,1,n,4
2052,I2052,1500,1000,800,1416.0,110,1,n,4
4890,I4890,1500,1000,800,0.0,110,1,n,4
1435,I1435,1500,800,800,1263.0,110,0,n,4
3665,I3665,1500,800,800,1138.0,110,0,n,4
1236,I1236,1500,800,800,0.0,110,0,n,4
4953,I4953,1500,800,800,0.0,110,0,n,4
4595,I4595,1500,1000,800,0.0,110,1,n,4
659,I0659,1500,1000,800,1024.0,110,1,n,4
1771,I1771,1500,1000,800,0.0,110,1,n,4
18,I0018,1500,1000,800,868.0,110,1,n,4
4272,I4272,1500,800,800,1164.0,110,0,n,4
273,I0273,1500,800,800,0.0,110,0,n,4
3177,I3177,1500,800,800,0.0,110,0,n,4
4345,I4345,1500,1000,800,1103.0,110,1,n,4
4410,I4410,1500,1000,800,0.0,110,1,n,4
2620,I2620,1500,800,800,1336.0,110,0,n,4
3711,I3711,1500,800,800,0.0,110,0,n,4
2808,I2808,1500,800,800,1459.0,110,0,n,4
984,I0984,1500,1000,800,1287.0,110,1,n,4
1152,I1152,1500,800,800,1071.0,110,0,n,4
558,I0558,1500,800,800,0.0,110,0,n,4
1132,I1132,1500,1000,800,0.0,110,1,n,4
4550,I4550,1500,1000,800,0.0,110,1,n,4
2109,I2109,1500,800,800,1196.0,110,0,n,4
1969,I1969,1500,800,800,1102.0,110,0,n,4
471,I0471,1500,1000,800,0.0,110,1,n,4
2682,I2682,1500,1000,800,0.0,110,1,n,4
1752,I1752,1500,800,800,0.0,110,0,n,4
3921,I3921,1500,1000,800,0.0,110,1,n,4
4028,I4028,1500,1000,800,614.0,110,1,n,4
3546,I3546,1500,800,800,0.0,110,0,n,4
1979,I1979,1500,800,800,1103.0,110,0,n,4
1135,I1135,1500,1000,800,1446.0,110,1,n,4
123,I0123,1500,800,800,0.0,110,0,n,4
1266,I1266,1500,800,800,929.0,110,0,n,4
134,I0134,1500,1000,800,851.0,110,1,n,4
2130,I2130,1500,800,800,1330.0,110,0,n,4
1497,I1497,1500,800,800,0.0,110,0,n,4
1861,I1861,1500,1000,800,0.0,110,1,n,4
758,I0758,1500,800,800,1371.0,110,0,n,4
2356,I2356,1500,1000,800,0.0,110,1,n,4
4725,I4725,1500,800,800,0.0,110,0,n,4
3341,I3341,1500,800,800,0.0,110,0,n,4
3471,I3471,1500,1000,800,0.0,110,1,n,4
304,I0304,1500,1000,800,1420.0,110,1,n,4
3576,I3576,1500,1000,800,0.0,110,1,n,4
528,I0528,1500,1000,800,888.0,110,1,n,4
1214,I1214,1500,800,800,1443.0,110,0,n,4
4026,I4026,1500,1000,800,0.0,110,1,n,4
1807,I1807,1500,800,800,947.0,110,0,n,4
2696,I2696,1500,800,800,0.0,110,0,n,4
2348,I2348,1500,1000,800,0.0,110,1,n,4
4265,I4265,1500,800,800,0.0,110,0,n,4
3652,I3652,1500,800,800,1146.0,110,0,n,4
1134,I1134,1500,800,800,883.0,110,0,n,4
1690,I1690,1500,1000,800,1094.0,110,1,n,4
4223,I4223,1500,1000,800,985.0,110,1,n,4
1420,I1420,1500,1000,800,0.0,110,1,n,4
4923,I4923,1500,800,800,1000.0,110,0,n,4
3722,I3722,1500,800,800,1050.0,110,0,n,4
712,I0712,1500,1000,800,0.0,110,1,n,4
3153,I3153,1500,800,800,952.0,110,0,n,4
4103,I4103,1500,800,800,0.0,110,0,n,4
3849,I3849,1500,800,800,1389.0,110,0,n,4
3618,I3618,1500,1000,800,0.0,110,1,n,4
1901,I1901,1500,1000,800,1433.0,110,1,n,4
3980,I3980,1500,800,800,0.0,110,0,n,4
3281,I3281,1500,1000,800,0.0,110,1,n,4
3404,I3404,1500,800,800,1485.0,110,0,n,4
3932,I3932,1500,1000,800,1465.0,110,1,n,4
1734,I1734,1500,800,800,1380.0,110,0,n,4
1415,I1415,1500,1000,800,0.0,110,1,n,4
398,I0398,1500,800,800,798.0,110,0,n,4
2709,I2709,1500,800,800,1085.0,110,0,n,4
287,I0287,1500,800,800,957.0,110,0,n,4
4974,I4974,1500,1000,800,969.0,110,1,n,4
2169,I2169,1500,800,800,1535.0,110,0,n,4
4374,I4374,1500,1000,800,0.0,110,1,n,4
769,I0769,1500,1000,800,0.0,110,1,n,4
2161,I2161,1500,800,800,0.0,110,0,n,4
1362,I1362,1500,800,800,1305.0,110,0,n,4
4133,I4133,1500,800,800,1017.0,110,0,n,4
1241,I1241,1500,800,800,1433.0,110,0,n,4
4232,I4232,1500,800,800,1385.0,110,0,n,4
673,I0673,1500,800,800,0.0,110,0,n,4
2390,I2390,1500,1000,800,0.0,110,1,n,4
4221,I4221,1500,1000,800,811.0,110,1,n,4
3572,I3572,1500,800,800,886.0,110,0,n,4
3743,I3743,1500,800,800,1309.0,110,0,n,4
2792,I2792,1500,1000,800,882.0,110,1,n,4
2937,I2937,1500,1000,800,939.0,110,1,n,4
847,I0847,1500,1000,800,824.0,110,1,n,4
4202,I4202,1500,1000,800,0.0,110,1,n,4
3839,I3839,1500,800,800,1426.0,110,0,n,4
861,I0861,1500,800,800,786.0,110,0,n,4
3656,I3656,1500,1000,800,1549.0,110,1,n,4
1599,I1599,1500,1000,800,0.0,110,1,n,4
3966,I3966,1500,1000,800,0.0,110,1,n,4
2841,I2841,1500,1000,800,1183.0,110,1,n,4
297,I0297,1500,800,800,1339.0,110,0,n,4
419,I0419,1500,1000,800,1080.0,110,1,n,4
1904,I1904,1500,800,800,1326.0,110,0,n,4
3104,I3104,1500,800,800,0.0,110,0,n,4
552,I0552,1500,1000,800,1087.0,110,1,n,4
1985,I1985,1500,1000,800,0.0,110,1,n,4
705,I0705,1500,800,800,1034.0,110,0,n,4
4561,I4561,1500,800,800,889.0,110,0,n,4
818,I0818,1500,800,800,941.0,110,0,n,4
599,I0599,1500,800,800,0.0,110,0,n,4
3320,I3320,1500,800,800,978.0,110,0,n,4
1232,I1232,1500,1000,800,0.0,110,1,n,4
3405,I3405,1500,1000,800,918.0,110,1,n,4
1554,I1554,1500,1000,800,1082.0,110,1,n,4
4277,I4277,1500,1000,800,0.0,110,1,n,4
4304,I4304,1500,1000,800,0.0,110,1,n,4
2016,I2016,1500,800,800,1066.0,110,0,n,4
1077,I1077,1500,800,800,958.0,110,0,n,4
1108,I1108,1500,1000,800,825.0,110,1,n,4
2450,I2450,1500,800,800,1298.0,110,0,n,4
1555,I1555,1500,800,800,1139.0,110,0,n,4
3640,I3640,1500,800,800,0.0,110,0,n,4
1865,I1865,1500,800,800,1077.0,110,0,n,4
2127,I2127,1500,1000,800,1116.0,110,1,n,4
1660,I1660,1500,800,800,799.0,110,0,n,4
1066,I1066,1500,1000,800,1229.0,110,1,n,4
4353,I4353,1500,800,800,1378.0,110,0,n,4
2732,I2732,1500,800,800,969.0,110,0,n,4
4948,I4948,1500,800,800,0.0,110,0,n,4
2331,I2331,1500,800,800,1043.0,110,0,n,4
1105,I1105,1500,800,800,1387.0,110,0,n,4
451,I0451,1500,800,800,0.0,110,0,n,4
2838,I2838,1500,800,800,1484.0,110,0,n,4
4280,I4280,1500,1000,800,1041.0,110,1,n,4
2552,I2552,1500,1000,800,1209.0,110,1,n,4
3705,I3705,1500,800,800,1289.0,110,0,n,4
3570,I3570,1500,800,800,860.0,110,0,n,4
315,I0315,1500,800,800,1051.0,110,0,n,4
1981,I1981,1500,1000,800,0.0,110,1,n,4
2044,I2044,1500,800,800,1550.0,110,0,n,4
3009,I3009,1500,800,800,1087.0,110,0,n,4
2652,I2652,1500,1000,800,1050.0,110,1,n,4
4916,I4916,1500,1000,800,1291.0,110,1,n,4
2294,I2294,1500,1000,800,1384.0,110,1,n,4
2826,I2826,1500,1000,800,840.0,110,1,n,4
2233,I2233,1500,1000,800,1451.0,110,1,n,4
2121,I2121,1500,800,800,1126.0,110,0,n,4
3871,I3871,1500,800,800,1044.0,110,0,n,4
963,I0963,1500,800,800,1521.0,110,0,n,4
113,I0113,1500,800,800,849.0,110,0,n,4
665,I0665,1500,1000,800,0.0,110,1,n,4
2178,I2178,1500,800,800,1302.0,110,0,n,4
2408,I2408,1500,1000,800,1354.0,110,1,n,4
1519,I1519,1500,800,800,1564.0,110,0,n,4
1180,I1180,1500,1000,800,1467.0,110,1,n,4
727,I0727,1500,800,800,0.0,110,0,n,4
4065,I4065,1500,1000,800,1395.0,110,1,n,4
4097,I4097,1500,800,800,1081.0,110,0,n,4
3317,I3317,1500,1000,800,0.0,110,1,n,4
3118,I3118,1500,800,800,1593.0,110,0,n,4
2205,I2205,1500,1000,800,0.0,110,1,n,4
1535,I1535,1500,800,800,0.0,110,0,n,4
4596,I4596,1500,1000,800,1366.0,110,1,n,4
3389,I3389,1500,800,800,0.0,110,0,n,4
1438,I1438,1500,1000,800,0.0,110,1,n,4
2144,I2144,1500,800,800,1040.0,110,0,n,4
2138,I2138,1500,800,800,0.0,110,0,n,4
487,I0487,1500,800,800,1285.0,110,0,n,4
3464,I3464,1500,1000,800,1419.0,110,1,n,4
820,I0820,1500,1000,800,1338.0,110,1,n,4
3091,I3091,1500,1000,800,644.0,110,1,n,4
4872,I4872,1500,800,800,0.0,110,0,n,4
2513,I2513,1500,800,800,1332.0,110,0,n,4
3416,I3416,1500,800,800,0.0,110,0,n,4
4818,I4818,1500,1000,800,0.0,110,1,n,4
3982,I3982,1500,1000,800,0.0,110,1,n,4
1335,I1335,1500,1000,800,1028.0,110,1,n,4
870,I0870,1500,800,800,0.0,110,0,n,4
4183,I4183,1500,1000,800,1077.0,110,1,n,4
1220,I1220,1500,1000,800,0.0,110,1,n,4
2860,I2860,1500,1000,800,969.0,110,1,n,4
1574,I1574,1500,800,800,1116.0,110,0,n,4
3387,I3387,1500,800,800,0.0,110,0,n,4
1268,I1268,1500,800,800,0.0,110,0,n,4
73,I0073,1500,800,800,1097.0,110,0,n,4
554,I0554,1500,800,800,942.0,110,0,n,4
207,I0207,1500,1000,800,1246.0,110,1,n,4
666,I0666,1500,800,800,1082.0,110,0,n,4
1344,I1344,1500,1000,800,0.0,110,1,n,4
2955,I2955,1500,1000,800,924.0,110,1,n,4
805,I0805,1500,800,800,1156.0,110,0,n,4
294,I0294,1500,800,800,1042.0,110,0,n,4
1331,I1331,1500,800,800,788.0,110,0,n,4
2637,I2637,1500,800,800,0.0,110,0,n,4
2380,I2380,1500,1000,800,0.0,110,1,n,4
1840,I1840,1500,800,800,1503.0,110,0,n,4
3595,I3595,1500,1000,800,0.0,110,1,n,4
930,I0930,1500,1000,800,0.0,110,1,n,4
3394,I3394,1500,1000,800,0.0,110,1,n,4
1043,I1043,1500,1000,800,1531.0,110,1,n,4
2557,I2557,1500,1000,800,835.0,110,1,n,4
2406,I2406,1500,800,800,0.0,110,0,n,4
3619,I3619,1500,800,800,1004.0,110,0,n,4
4572,I4572,1500,800,800,1063.0,110,0,n,4
1317,I1317,1500,1000,800,0.0,110,1,n,4
1548,I1548,1500,1000,800,0.0,110,1,n,4
3316,I3316,1500,1000,800,833.0,110,1,n,4
1698,I1698,1500,800,800,1128.0,110,0,n,4
4333,I4333,1500,800,800,0.0,110,0,n,4
3126,I3126,1500,800,800,0.0,110,0,n,4
2886,I2886,1500,1000,800,0.0,110,1,n,4
2105,I2105,1500,1000,800,1368.0,110,1,n,4
3268,I3268,1500,1000,800,734.0,110,1,n,4
2874,I2874,1500,800,800,0.0,110,0,n,4
1522,I1522,1500,1000,800,0.0,110,1,n,4
4153,I4153,1500,1000,800,1474.0,110,1,n,4
4660,I4660,1500,1000,800,0.0,110,1,n,4
1001,I1001,1500,800,800,1122.0,110,0,n,4
4197,I4197,1500,800,800,0.0,110,0,n,4
2441,I2441,1500,800,800,885.0,110,0,n,4
4437,I4437,1500,800,800,1030.0,110,0,n,4
1434,I1434,1500,1000,800,0.0,110,1,n,4
1254,I1254,1500,800,800,1423.0,110,0,n,4
1596,I1596,1500,1000,800,0.0,110,1,n,4
1463,I1463,1500,800,800,1295.0,110,0,n,4
107,I0107,1500,800,800,1184.0,110,0,n,4
2489,I2489,1500,1000,800,0.0,110,1,n,4
4160,I4160,1500,800,800,844.0,110,0,n,4
2663,I2663,1500,1000,800,0.0,110,1,n,4
4986,I4986,1500,1000,800,0.0,110,1,n,4
3646,I3646,1500,800,800,0.0,110,0,n,4
3249,I3249,1500,800,800,998.0,110,0,n,4
4337,I4337,1500,1000,800,1064.0,110,1,n,4
1352,I1352,1500,800,800,1375.0,110,0,n,4
644,I0644,1500,800,800,1040.0,110,0,n,4
3451,I3451,1500,1000,800,1463.0,110,1,n,4
2972,I2972,1500,1000,800,1350.0,110,1,n,4
4774,I4774,1500,1000,800,0.0,110,1,n,4
2260,I2260,1500,1000,800,0.0,110,1,n,4
2777,I2777,1500,800,800,1108.0,110,0,n,4
3810,I3810,1500,1000,800,0.0,110,1,n,4
1225,I1225,1500,800,800,0.0,110,0,n,4
2596,I2596,1500,800,800,0.0,110,0,n,4
3887,I3887,1500,800,800,833.0,110,0,n,4
354,I0354,1500,800,800,0.0,110,0,n,4
3492,I3492,1500,1000,800,0.0,110,1,n,4
3407,I3407,1500,800,800,996.0,110,0,n,4
4671,I4671,1500,1000,800,962.0,110,1,n,4
2485,I2485,1500,800,800,1333.0,110,0,n,4
4205,I4205,1500,1000,800,1402.0,110,1,n,4
4732,I4732,1500,1000,800,1111.0,110,1,n,4
1787,I1787,1500,800,800,0.0,110,0,n,4
1106,I1106,1500,1000,800,1089.0,110,1,n,4
1304,I1304,1500,800,800,0.0,110,0,n,4
1437,I1437,1500,800,800,1476.0,110,0,n,4
1182,I1182,1500,1000,800,0.0,110,1,n,4
2638,I2638,1500,800,800,1192.0,110,0,n,4
2442,I2442,1500,800,800,0.0,110,0,n,4
902,I0902,1500,800,800,0.0,110,0,n,4
4762,I4762,1500,1000,800,1369.0,110,1,n,4
4842,I4842,1500,1000,800,0.0,110,1,n,4
2092,I2092,1500,800,800,977.0,110,0,n,4
2221,I2221,1500,800,800,1409.0,110,0,n,4
1499,I1499,1500,1000,800,1004.0,110,1,n,4
2982,I2982,1500,1000,800,1534.0,110,1,n,4
3466,I3466,1500,1000,800,985.0,110,1,n,4
3,I0003,1500,1000,800,0.0,110,1,n,4
4343,I4343,1500,1000,800,0.0,110,1,n,4
317,I0317,1500,800,800,1398.0,110,0,n,4
2918,I2918,1500,800,800,1004.0,110,0,n,4
4033,I4033,1500,800,800,877.0,110,0,n,4
1400,I1400,1500,800,800,1566.0,110,0,n,4
4637,I4637,1500,1000,800,0.0,110,1,n,4
683,I0683,1500,1000,800,1493.0,110,1,n,4
1977,I1977,1500,1000,800,1235.0,110,1,n,4
4795,I4795,1500,800,800,0.0,110,0,n,4
2045,I2045,1500,800,800,1496.0,110,0,n,4
719,I0719,1500,800,800,0.0,110,0,n,4
3297,I3297,1500,1000,800,1087.0,110,1,n,4
3190,I3190,1500,1000,800,0.0,110,1,n,4
1271,I1271,1500,800,800,1526.0,110,0,n,4
4300,I4300,1500,1000,800,0.0,110,1,n,4
2471,I2471,1500,800,800,1353.0,110,0,n,4
4870,I4870,1500,1000,800,1430.0,110,1,n,4
830,I0830,1500,1000,800,1451.0,110,1,n,4
2567,I2567,1500,1000,800,0.0,110,1,n,4
1065,I1065,1500,1000,800,1493.0,110,1,n,4
2018,I2018,1500,1000,800,0.0,110,1,n,4
25,I0025,1500,800,800,1037.0,110,0,n,4
3517,I3517,1500,800,800,1303.0,110,0,n,4
4191,I4191,1500,1000,800,1319.0,110,1,n,4
583,I0583,1500,800,800,1317.0,110,0,n,4
615,I0615,1500,1000,800,0.0,110,1,n,4
4959,I4959,1500,1000,800,0.0,110,1,n,4
2850,I2850,1500,1000,800,0.0,110,1,n,4
290,I0290,1500,1000,800,1060.0,110,1,n,4
3521,I3521,1500,1000,800,851.0,110,1,n,4
728,I0728,1500,1000,800,1004.0,110,1,n,4
65,I0065,1500,1000,800,995.0,110,1,n,4
19,I0019,1500,1000,800,1031.0,110,1,n,4
1943,I1943,1500,800,800,940.0,110,0,n,4
289,I0289,1500,800,800,894.0,110,0,n,4
62,I0062,1500,800,800,0.0,110,0,n,4
4239,I4239,1500,800,800,1454.0,110,0,n,4
3473,I3473,1500,800,800,1144.0,110,0,n,4
1999,I1999,1500,800,800,0.0,110,0,n,4
3529,I3529,1500,1000,800,1359.0,110,1,n,4
429,I0429,1500,800,800,0.0,110,0,n,4
2551,I2551,1500,800,800,0.0,110,0,n,4
2024,I2024,1500,800,800,1095.0,110,0,n,4
3266,I3266,1500,1000,800,1390.0,110,1,n,4
2819,I2819,1500,1000,800,985.0,110,1,n,4
179,I0179,1500,1000,800,948.0,110,1,n,4
4779,I4779,1500,1000,800,0.0,110,1,n,4
686,I0686,1500,800,800,0.0,110,0,n,4
2677,I2677,1500,800,800,0.0,110,0,n,4
2081,I2081,1500,800,800,1015.0,110,0,n,4
990,I0990,1500,1000,800,1073.0,110,1,n,4
1899,I1899,1500,1000,800,0.0,110,1,n,4
2428,I2428,1500,1000,800,1420.0,110,1,n,4
143,I0143,1500,1000,800,0.0,110,1,n,4
885,I0885,1500,1000,800,0.0,110,1,n,4
3799,I3799,1500,1000,800,1122.0,110,1,n,4
76,I0076,1500,800,800,1490.0,110,0,n,4
2136,I2136,1500,1000,800,905.0,110,1,n,4
4878,I4878,1500,800,800,868.0,110,0,n,4
1093,I1093,1500,1000,800,1275.0,110,1,n,4
1021,I1021,1500,1000,800,0.0,110,1,n,4
601,I0601,1500,800,800,0.0,110,0,n,4
358,I0358,1500,800,800,0.0,110,0,n,4
2942,I2942,1500,800,800,0.0,110,0,n,4
730,I0730,1500,800,800,0.0,110,0,n,4
612,I0612,1500,1000,800,1024.0,110,1,n,4
853,I0853,1500,1000,800,1020.0,110,1,n,4
2354,I2354,1500,1000,800,1166.0,110,1,n,4
4616,I4616,1500,800,800,1064.0,110,0,n,4
2218,I2218,1500,1000,800,0.0,110,1,n,4
2769,I2769,1500,1000,800,1573.0,110,1,n,4
3801,I3801,1500,1000,800,0.0,110,1,n,4
3994,I3994,1500,800,800,0.0,110,0,n,4
3023,I3023,1500,800,800,1123.0,110,0,n,4
1965,I1965,1500,1000,800,0.0,110,1,n,4
177,I0177,1500,1000,800,0.0,110,1,n,4
4001,I4001,1500,1000,800,0.0,110,1,n,4
1888,I1888,1500,800,800,1389.0,110,0,n,4
1016,I1016,1500,1000,800,0.0,110,1,n,4
3463,I3463,1500,1000,800,735.0,110,1,n,4
1962,I1962,1500,800,800,951.0,110,0,n,4
2106,I2106,1500,800,800,1546.0,110,0,n,4
679,I0679,1500,1000,800,807.0,110,1,n,4
1270,I1270,1500,1000,800,1037.0,110,1,n,4
937,I0937,1500,1000,800,0.0,110,1,n,4
2650,I2650,1500,800,800,1060.0,110,0,n,4
3075,I3075,1500,800,800,1535.0,110,0,n,4
4407,I4407,1500,800,800,1009.0,110,0,n,4
2069,I2069,1500,800,800,0.0,110,0,n,4
3491,I3491,1500,800,800,905.0,110,0,n,4
1313,I1313,1500,1000,800,884.0,110,1,n,4
2876,I2876,1500,1000,800,1367.0,110,1,n,4
3742,I3742,1500,1000,800,843.0,110,1,n,4
4969,I4969,1500,800,800,833.0,110,0,n,4
3357,I3357,1500,1000,800,1137.0,110,1,n,4
54,I0054,1500,800,800,997.0,110,0,n,4
848,I0848,1500,800,800,1085.0,110,0,n,4
831,I0831,1500,800,800,966.0,110,0,n,4
1281,I1281,1500,1000,800,953.0,110,1,n,4
2971,I2971,1500,1000,800,856.0,110,1,n,4
1252,I1252,1500,1000,800,667.0,110,1,n,4
4657,I4657,1500,1000,800,0.0,110,1,n,4
895,I0895,1500,1000,800,1018.0,110,1,n,4
4019,I4019,1500,800,800,0.0,110,0,n,4
186,I0186,1500,800,800,0.0,110,0,n,4
3475,I3475,1500,800,800,1056.0,110,0,n,4
1585,I1585,1500,800,800,1297.0,110,0,n,4
459,I0459,1500,800,800,851.0,110,0,n,4
1195,I1195,1500,800,800,0.0,110,0,n,4
4837,I4837,1500,1000,800,953.0,110,1,n,4
1615,I1615,1500,800,800,1127.0,110,0,n,4
4254,I4254,1500,1000,800,0.0,110,1,n,4
4118,I4118,1500,1000,800,1023.0,110,1,n,4
1218,I1218,1500,800,800,1415.0,110,0,n,4
1995,I1995,1500,1000,800,0.0,110,1,n,4
4803,I4803,1500,800,800,1407.0,110,0,n,4
241,I0241,1500,1000,800,0.0,110,1,n,4
2580,I2580,1500,1000,800,0.0,110,1,n,4
4163,I4163,1500,1000,800,0.0,110,1,n,4
1886,I1886,1500,1000,800,1085.0,110,1,n,4
3682,I3682,1500,1000,800,0.0,110,1,n,4
3200,I3200,1500,1000,800,1204.0,110,1,n,4
1473,I1473,1500,800,800,0.0,110,0,n,4
773,I0773,1500,800,800,0.0,110,0,n,4
4049,I4049,1500,800,800,0.0,110,0,n,4
667,I0667,1500,1000,800,677.0,110,1,n,4
726,I0726,1500,1000,800,880.0,110,1,n,4
285,I0285,1500,800,800,0.0,110,0,n,4
1203,I1203,1500,800,800,795.0,110,0,n,4
2727,I2727,1500,1000,800,0.0,110,1,n,4
2487,I2487,1500,800,800,809.0,110,0,n,4
385,I0385,1500,1000,800,0.0,110,1,n,4
2038,I2038,1500,1000,800,922.0,110,1,n,4
3897,I3897,1500,1000,800,1039.0,110,1,n,4
4700,I4700,1500,1000,800,1001.0,110,1,n,4
2605,I2605,1500,1000,800,1163.0,110,1,n,4
3284,I3284,1500,1000,800,1409.0,110,1,n,4
1691,I1691,1500,1000,800,1371.0,110,1,n,4
4436,I4436,1500,1000,800,0.0,110,1,n,4
3635,I3635,1500,1000,800,0.0,110,1,n,4
161,I0161,1500,800,800,0.0,110,0,n,4
4758,I4758,1500,800,800,0.0,110,0,n,4
4691,I4691,1500,800,800,0.0,110,0,n,4
3061,I3061,1500,1000,800,0.0,110,1,n,4
2243,I2243,1500,1000,800,1208.0,110,1,n,4
499,I0499,1500,1000,800,0.0,110,1,n,4
2463,I2463,1500,800,800,0.0,110,0,n,4
3287,I3287,1500,800,800,0.0,110,0,n,4
3259,I3259,1500,800,800,1259.0,110,0,n,4
1074,I1074,1500,1000,800,0.0,110,1,n,4
1924,I1924,1500,1000,800,0.0,110,1,n,4
3122,I3122,1500,1000,800,0.0,110,1,n,4
942,I0942,1500,1000,800,0.0,110,1,n,4
478,I0478,1500,1000,800,0.0,110,1,n,4
684,I0684,1500,1000,800,1339.0,110,1,n,4
3018,I3018,1500,1000,800,0.0,110,1,n,4
3265,I3265,1500,1000,800,0.0,110,1,n,4
3609,I3609,1500,1000,800,1069.0,110,1,n,4
672,I0672,1500,800,800,894.0,110,0,n,4
322,I0322,1500,800,800,0.0,110,0,n,4
3777,I3777,1500,1000,800,1413.0,110,1,n,4
4472,I4472,1500,1000,800,920.0,110,1,n,4
3748,I3748,1500,800,800,0.0,110,0,n,4
3956,I3956,1500,800,800,1410.0,110,0,n,4
1356,I1356,1500,800,800,1551.0,110,0,n,4
3668,I3668,1500,1000,800,1542.0,110,1,n,4
3329,I3329,1500,800,800,0.0,110,0,n,4
4932,I4932,1500,800,800,1006.0,110,0,n,4
4661,I4661,1500,800,800,1330.0,110,0,n,4
1380,I1380,1500,1000,800,0.0,110,1,n,4
1407,I1407,1500,800,800,0.0,110,0,n,4
3068,I3068,1500,800,800,1081.0,110,0,n,4
4823,I4823,1500,800,800,1402.0,110,0,n,4
3500,I3500,1500,1000,800,870.0,110,1,n,4
2684,I2684,1500,800,800,1113.0,110,0,n,4
3888,I3888,1500,1000,800,1422.0,110,1,n,4
1442,I1442,1500,1000,800,0.0,110,1,n,4
166,I0166,1500,800,800,602.0,110,0,n,4
3312,I3312,1500,800,800,959.0,110,0,n,4
4390,I4390,1500,1000,800,894.0,110,1,n,4
3562,I3562,1500,800,800,1170.0,110,0,n,4
1544,I1544,1500,1000,800,0.0,110,1,n,4
3296,I3296,1500,1000,800,0.0,110,1,n,4
3115,I3115,1500,1000,800,0.0,110,1,n,4
3954,I3954,1500,1000,800,0.0,110,1,n,4
3145,I3145,1500,800,800,1251.0,110,0,n,4
2950,I2950,1500,800,800,0.0,110,0,n,4
1115,I1115,1500,800,800,0.0,110,0,n,4
243,I0243,1500,1000,800,0.0,110,1,n,4
4473,I4473,1500,800,800,0.0,110,0,n,4
3191,I3191,1500,1000,800,0.0,110,1,n,4
3036,I3036,1500,1000,800,0.0,110,1,n,4
2994,I2994,1500,1000,800,1025.0,110,1,n,4
827,I0827,1500,1000,800,1469.0,110,1,n,4
298,I0298,1500,800,800,1093.0,110,0,n,4
4753,I4753,1500,1000,800,0.0,110,1,n,4
2055,I2055,1500,1000,800,0.0,110,1,n,4
1467,I1467,1500,1000,800,1079.0,110,1,n,4
3740,I3740,1500,800,800,1171.0,110,0,n,4
772,I0772,1500,800,800,876.0,110,0,n,4
3220,I3220,1500,800,800,0.0,110,0,n,4
4860,I4860,1500,800,800,1013.0,110,0,n,4
4054,I4054,1500,800,800,0.0,110,0,n,4
1048,I1048,1500,1000,800,1480.0,110,1,n,4
3406,I3406,1500,800,800,0.0,110,0,n,4
3035,I3035,1500,1000,800,0.0,110,1,n,4
1655,I1655,1500,1000,800,0.0,110,1,n,4
3378,I3378,1500,800,800,0.0,110,0,n,4
400,I0400,1500,800,800,1136.0,110,0,n,4
3202,I3202,1500,1000,800,1115.0,110,1,n,4
2146,I2146,1500,1000,800,0.0,110,1,n,4
2382,I2382,1500,800,800,1003.0,110,0,n,4
4892,I4892,1500,800,800,0.0,110,0,n,4
4980,I4980,1500,1000,800,0.0,110,1,n,4
849,I0849,1500,800,800,1232.0,110,0,n,4
4739,I4739,1500,800,800,1019.0,110,0,n,4
922,I0922,1500,800,800,1459.0,110,0,n,4
1587,I1587,1500,1000,800,0.0,110,1,n,4
4906,I4906,1500,1000,800,1040.0,110,1,n,4
417,I0417,1500,800,800,854.0,110,0,n,4
4592,I4592,1500,800,800,845.0,110,0,n,4
4296,I4296,1500,800,800,1522.0,110,0,n,4
3180,I3180,1500,1000,800,1125.0,110,1,n,4
2719,I2719,1500,1000,800,0.0,110,1,n,4
858,I0858,1500,800,800,995.0,110,0,n,4
4920,I4920,1500,1000,800,0.0,110,1,n,4
2943,I2943,1500,1000,800,1273.0,110,1,n,4
4,I0004,1500,800,800,1416.0,110,0,n,4
2337,I2337,1500,1000,800,0.0,110,1,n,4
4270,I4270,1500,800,800,0.0,110,0,n,4
4120,I4120,1500,800,800,968.0,110,0,n,4
2733,I2733,1500,1000,800,1137.0,110,1,n,4
4086,I4086,1500,800,800,0.0,110,0,n,4
3499,I3499,1500,800,800,0.0,110,0,n,4
2230,I2230,1500,800,800,0.0,110,0,n,4
306,I0306,1500,1000,800,835.0,110,1,n,4
717,I0717,1500,800,800,0.0,110,0,n,4
83,I0083,1500,1000,800,0.0,110,1,n,4
2296,I2296,1500,800,800,1109.0,110,0,n,4
3480,I3480,1500,1000,800,0.0,110,1,n,4
725,I0725,1500,800,800,0.0,110,0,n,4
404,I0404,1500,1000,800,0.0,110,1,n,4
2550,I2550,1500,800,800,1062.0,110,0,n,4
4537,I4537,1500,800,800,0.0,110,0,n,4
691,I0691,1500,1000,800,1376.0,110,1,n,4
3160,I3160,1500,1000,800,0.0,110,1,n,4
3428,I3428,1500,1000,800,1475.0,110,1,n,4
655,I0655,1500,800,800,0.0,110,0,n,4
3680,I3680,1500,800,800,0.0,110,0,n,4
2209,I2209,1500,1000,800,0.0,110,1,n,4
2426,I2426,1500,800,800,0.0,110,0,n,4
2201,I2201,1500,800,800,0.0,110,0,n,4
4831,I4831,1500,1000,800,0.0,110,1,n,4
94,I0094,1500,800,800,1079.0,110,0,n,4
2702,I2702,1500,800,800,1008.0,110,0,n,4
1612,I1612,1500,1000,800,0.0,110,1,n,4
4754,I4754,1500,1000,800,717.0,110,1,n,4
3131,I3131,1500,1000,800,0.0,110,1,n,4
2908,I2908,1500,800,800,0.0,110,0,n,4
1929,I1929,1500,1000,800,0.0,110,1,n,4
2447,I2447,1500,1000,800,1437.0,110,1,n,4
1151,I1151,1500,1000,800,1067.0,110,1,n,4
121,I0121,1500,800,800,1405.0,110,0,n,4
4885,I4885,1500,800,800,0.0,110,0,n,4
2965,I2965,1500,1000,800,0.0,110,1,n,4
875,I0875,1500,800,800,0.0,110,0,n,4
146,I0146,1500,800,800,0.0,110,0,n,4
3002,I3002,1500,800,800,1053.0,110,0,n,4
3524,I3524,1500,1000,800,1024.0,110,1,n,4
503,I0503,1500,800,800,1031.0,110,0,n,4
2011,I2011,1500,800,800,1095.0,110,0,n,4
863,I0863,1500,800,800,1225.0,110,0,n,4
4728,I4728,1500,1000,800,1002.0,110,1,n,4
4588,I4588,1500,800,800,0.0,110,0,n,4
1070,I1070,1500,800,800,0.0,110,0,n,4
1053,I1053,1500,1000,800,1423.0,110,1,n,4
795,I0795,1500,800,800,0.0,110,0,n,4
1637,I1637,1500,1000,800,777.0,110,1,n,4
2997,I2997,1500,800,800,0.0,110,0,n,4
74,I0074,1500,800,800,0.0,110,0,n,4
3327,I3327,1500,1000,800,0.0,110,1,n,4
2978,I2978,1500,1000,800,1179.0,110,1,n,4
1128,I1128,1500,800,800,0.0,110,0,n,4
4899,I4899,1500,1000,800,1341.0,110,1,n,4
1430,I1430,1500,800,800,0.0,110,0,n,4
2469,I2469,1500,1000,800,1483.0,110,1,n,4
1,I0001,1500,1000,800,1525.0,110,1,n,4
3026,I3026,1500,1000,800,0.0,110,1,n,4
1156,I1156,1500,800,800,0.0,110,0,n,4
2004,I2004,1500,1000,800,1355.0,110,1,n,4
2225,I2225,1500,800,800,1350.0,110,0,n,4
598,I0598,1500,800,800,1215.0,110,0,n,4
2515,I2515,1500,800,800,0.0,110,0,n,4
2589,I2589,1500,800,800,0.0,110,0,n,4
1121,I1121,1500,1000,800,1327.0,110,1,n,4
3477,I3477,1500,1000,800,0.0,110,1,n,4
374,I0374,1500,1000,800,0.0,110,1,n,4
2681,I2681,1500,800,800,1264.0,110,0,n,4
1087,I1087,1500,800,800,1363.0,110,0,n,4
1450,I1450,1500,800,800,1033.0,110,0,n,4
3946,I3946,1500,1000,800,0.0,110,1,n,4
3688,I3688,1500,800,800,1113.0,110,0,n,4
2773,I2773,1500,1000,800,0.0,110,1,n,4
4797,I4797,1500,1000,800,0.0,110,1,n,4
2806,I2806,1500,800,800,0.0,110,0,n,4
3084,I3084,1500,800,800,0.0,110,0,n,4
4569,I4569,1500,800,800,0.0,110,0,n,4
1342,I1342,1500,800,800,877.0,110,0,n,4
797,I0797,1500,1000,800,0.0,110,1,n,4
3148,I3148,1500,1000,800,0.0,110,1,n,4
2108,I2108,1500,1000,800,0.0,110,1,n,4
3615,I3615,1500,800,800,0.0,110,0,n,4
1297,I1297,1500,800,800,1081.0,110,0,n,4
168,I0168,1500,800,800,1023.0,110,0,n,4
2710,I2710,1500,800,800,948.0,110,0,n,4
3306,I3306,1500,800,800,0.0,110,0,n,4
1673,I1673,1500,1000,800,0.0,110,1,n,4
3245,I3245,1500,1000,800,0.0,110,1,n,4
245,I0245,1500,800,800,0.0,110,0,n,4
4189,I4189,1500,1000,800,903.0,110,1,n,4
1686,I1686,1500,800,800,1345.0,110,0,n,4
1644,I1644,1500,800,800,0.0,110,0,n,4
58,I0058,1500,800,800,0.0,110,0,n,4
128,I0128,1500,800,800,1268.0,110,0,n,4
2383,I2383,1500,1000,800,1256.0,110,1,n,4
2454,I2454,1500,1000,800,963.0,110,1,n,4
185,I0185,1500,800,800,1064.0,110,0,n,4
3805,I3805,1500,800,800,0.0,110,0,n,4
755,I0755,1500,1000,800,0.0,110,1,n,4
1736,I1736,1500,800,800,0.0,110,0,n,4
619,I0619,1500,800,800,0.0,110,0,n,4
2129,I2129,1500,1000,800,1397.0,110,1,n,4
3238,I3238,1500,1000,800,1010.0,110,1,n,4
2632,I2632,1500,800,800,1501.0,110,0,n,4
4625,I4625,1500,1000,800,1048.0,110,1,n,4
580,I0580,1500,1000,800,1331.0,110,1,n,4
4638,I4638,1500,800,800,0.0,110,0,n,4
3846,I3846,1500,1000,800,1140.0,110,1,n,4
1797,I1797,1500,1000,800,1092.0,110,1,n,4
1000,I1000,1500,1000,800,1386.0,110,1,n,4
4170,I4170,1500,800,800,0.0,110,0,n,4
3360,I3360,1500,800,800,1226.0,110,0,n,4
1854,I1854,1500,800,800,1165.0,110,0,n,4
4593,I4593,1500,1000,800,1392.0,110,1,n,4
1076,I1076,1500,1000,800,1477.0,110,1,n,4
2401,I2401,1500,800,800,1042.0,110,0,n,4
1201,I1201,1500,1000,800,0.0,110,1,n,4
2959,I2959,1500,1000,800,1462.0,110,1,n,4
3831,I3831,1500,1000,800,852.0,110,1,n,4
1260,I1260,1500,800,800,1569.0,110,0,n,4
4549,I4549,1500,800,800,1590.0,110,0,n,4
1224,I1224,1500,800,800,0.0,110,0,n,4
3107,I3107,1500,1000,800,1009.0,110,1,n,4
1272,I1272,1500,800,800,1018.0,110,0,n,4
3222,I3222,1500,800,800,1120.0,110,0,n,4
4396,I4396,1500,800,800,799.0,110,0,n,4
3886,I3886,1500,800,800,1463.0,110,0,n,4
2558,I2558,1500,800,800,1388.0,110,0,n,4
2822,I2822,1500,800,800,1339.0,110,0,n,4
2061,I2061,1500,800,800,0.0,110,0,n,4
44,I0044,1500,800,800,1016.0,110,0,n,4
3130,I3130,1500,800,800,1336.0,110,0,n,4
4359,I4359,1500,1000,800,970.0,110,1,n,4
510,I0510,1500,800,800,1453.0,110,0,n,4
1399,I1399,1500,1000,800,1066.0,110,1,n,4
4326,I4326,1500,1000,800,1522.0,110,1,n,4
2208,I2208,1500,800,800,0.0,110,0,n,4
3601,I3601,1500,800,800,918.0,110,0,n,4
1431,I1431,1500,1000,800,1284.0,110,1,n,4
102,I0102,1500,800,800,1155.0,110,0,n,4
1932,I1932,1500,1000,800,1505.0,110,1,n,4
1875,I1875,1500,1000,800,1065.0,110,1,n,4
3543,I3543,1500,800,800,1077.0,110,0,n,4
2967,I2967,1500,800,800,1551.0,110,0,n,4
4692,I4692,1500,800,800,1144.0,110,0,n,4
9,I0009,1500,800,800,0.0,110,0,n,4
865,I0865,1500,800,800,0.0,110,0,n,4
764,I0764,1500,1000,800,1041.0,110,1,n,4
2664,I2664,1500,1000,800,1182.0,110,1,n,4
2588,I2588,1500,1000,800,0.0,110,1,n,4
4350,I4350,1500,1000,800,0.0,110,1,n,4
1107,I1107,1500,1000,800,1114.0,110,1,n,4
2137,I2137,1500,800,800,0.0,110,0,n,4
1170,I1170,1500,800,800,1033.0,110,0,n,4
3681,I3681,1500,800,800,1462.0,110,0,n,4
3071,I3071,1500,800,800,1274.0,110,0,n,4
3251,I3251,1500,1000,800,0.0,110,1,n,4
3632,I3632,1500,1000,800,0.0,110,1,n,4
1137,I1137,1500,1000,800,1147.0,110,1,n,4
377,I0377,1500,1000,800,0.0,110,1,n,4
1385,I1385,1500,1000,800,1232.0,110,1,n,4
111,I0111,1500,800,800,0.0,110,0,n,4
3641,I3641,1500,1000,800,1297.0,110,1,n,4
1795,I1795,1500,1000,800,0.0,110,1,n,4
105,I0105,1500,1000,800,1081.0,110,1,n,4
1175,I1175,1500,800,800,0.0,110,0,n,4
424,I0424,1500,800,800,0.0,110,0,n,4
3590,I3590,1500,800,800,0.0,110,0,n,4
4632,I4632,1500,1000,800,0.0,110,1,n,4
2859,I2859,1500,1000,800,1378.0,110,1,n,4
784,I0784,1500,800,800,0.0,110,0,n,4
1764,I1764,1500,1000,800,1380.0,110,1,n,4
3890,I3890,1500,800,800,0.0,110,0,n,4
3718,I3718,1500,800,800,1275.0,110,0,n,4
3366,I3366,1500,800,800,0.0,110,0,n,4
3410,I3410,1500,1000,800,1049.0,110,1,n,4
3584,I3584,1500,800,800,1000.0,110,0,n,4
4393,I4393,1500,800,800,1556.0,110,0,n,4
3658,I3658,1500,800,800,1145.0,110,0,n,4
1310,I1310,1500,1000,800,0.0,110,1,n,4
3838,I3838,1500,800,800,0.0,110,0,n,4
4822,I4822,1500,1000,800,1044.0,110,1,n,4
3758,I3758,1500,800,800,1536.0,110,0,n,4
1404,I1404,1500,1000,800,1403.0,110,1,n,4
4312,I4312,1500,800,800,988.0,110,0,n,4
3294,I3294,1500,800,800,0.0,110,0,n,4
1603,I1603,1500,800,800,0.0,110,0,n,4
3234,I3234,1500,1000,800,1062.0,110,1,n,4
643,I0643,1500,800,800,1552.0,110,0,n,4
4135,I4135,1500,1000,800,1297.0,110,1,n,4
445,I0445,1500,800,800,0.0,110,0,n,4
2761,I2761,1500,1000,800,0.0,110,1,n,4
636,I0636,1500,1000,800,0.0,110,1,n,4
1328,I1328,1500,800,800,744.0,110,0,n,4
1498,I1498,1500,800,800,1499.0,110,0,n,4
126,I0126,1500,800,800,1378.0,110,0,n,4
1919,I1919,1500,1000,800,0.0,110,1,n,4
479,I0479,1500,1000,800,1380.0,110,1,n,4
2150,I2150,1500,800,800,1106.0,110,0,n,4
2352,I2352,1500,800,800,0.0,110,0,n,4
3309,I3309,1500,1000,800,0.0,110,1,n,4
3939,I3939,1500,800,800,811.0,110,0,n,4
1072,I1072,1500,1000,800,0.0,110,1,n,4
1767,I1767,1500,1000,800,0.0,110,1,n,4
4667,I4667,1500,800,800,927.0,110,0,n,4
504,I0504,1500,800,800,653.0,110,0,n,4
3826,I3826,1500,1000,800,1362.0,110,1,n,4
4004,I4004,1500,1000,800,1420.0,110,1,n,4
3021,I3021,1500,800,800,807.0,110,0,n,4
2591,I2591,1500,1000,800,0.0,110,1,n,4
1917,I1917,1500,800,800,1313.0,110,0,n,4
1793,I1793,1500,1000,800,1359.0,110,1,n,4
3221,I3221,1500,800,800,0.0,110,0,n,4
1451,I1451,1500,800,800,0.0,110,0,n,4
3556,I3556,1500,1000,800,801.0,110,1,n,4
2915,I2915,1500,800,800,923.0,110,0,n,4
1633,I1633,1500,800,800,945.0,110,0,n,4
2951,I2951,1500,800,800,1000.0,110,0,n,4
1914,I1914,1500,800,800,1456.0,110,0,n,4
4024,I4024,1500,800,800,1152.0,110,0,n,4
95,I0095,1500,800,800,889.0,110,0,n,4
1452,I1452,1500,800,800,1289.0,110,0,n,4
1470,I1470,1500,800,800,0.0,110,0,n,4
676,I0676,1500,1000,800,0.0,110,1,n,4
3078,I3078,1500,1000,800,1362.0,110,1,n,4
4871,I4871,1500,1000,800,1349.0,110,1,n,4
3408,I3408,1500,800,800,853.0,110,0,n,4
2661,I2661,1500,1000,800,961.0,110,1,n,4
1511,I1511,1500,1000,800,0.0,110,1,n,4
3088,I3088,1500,800,800,0.0,110,0,n,4
793,I0793,1500,1000,800,1407.0,110,1,n,4
1602,I1602,1500,1000,800,1439.0,110,1,n,4
4340,I4340,1500,1000,800,930.0,110,1,n,4
490,I0490,1500,1000,800,1472.0,110,1,n,4
3776,I3776,1500,800,800,0.0,110,0,n,4
3532,I3532,1500,1000,800,1069.0,110,1,n,4
484,I0484,1500,800,800,952.0,110,0,n,4
4328,I4328,1500,1000,800,1024.0,110,1,n,4
2703,I2703,1500,1000,800,0.0,110,1,n,4
787,I0787,1500,1000,800,875.0,110,1,n,4
1278,I1278,1500,800,800,1006.0,110,0,n,4
4719,I4719,1500,1000,800,0.0,110,1,n,4
2027,I2027,1500,800,800,0.0,110,0,n,4
4165,I4165,1500,1000,800,0.0,110,1,n,4
3702,I3702,1500,1000,800,683.0,110,1,n,4
1567,I1567,1500,1000,800,1405.0,110,1,n,4
4556,I4556,1500,800,800,1252.0,110,0,n,4
2008,I2008,1500,800,800,830.0,110,0,n,4
1055,I1055,1500,800,800,1436.0,110,0,n,4
739,I0739,1500,1000,800,1543.0,110,1,n,4
4663,I4663,1500,800,800,1067.0,110,0,n,4
178,I0178,1500,1000,800,0.0,110,1,n,4
1461,I1461,1500,1000,800,0.0,110,1,n,4
881,I0881,1500,800,800,966.0,110,0,n,4
1877,I1877,1500,800,800,0.0,110,0,n,4
238,I0238,1500,800,800,0.0,110,0,n,4
4578,I4578,1500,800,800,1395.0,110,0,n,4
4162,I4162,1500,1000,800,1456.0,110,1,n,4
3916,I3916,1500,1000,800,1396.0,110,1,n,4
1594,I1594,1500,1000,800,0.0,110,1,n,4
3048,I3048,1500,800,800,1031.0,110,0,n,4
2541,I2541,1500,800,800,960.0,110,0,n,4
2640,I2640,1500,1000,800,0.0,110,1,n,4
4996,I4996,1500,800,800,0.0,110,0,n,4
2411,I2411,1500,1000,800,1081.0,110,1,n,4
4806,I4806,1500,1000,800,1478.0,110,1,n,4
1758,I1758,1500,800,800,1329.0,110,0,n,4
3044,I3044,1500,1000,800,766.0,110,1,n,4
3411,I3411,1500,800,800,0.0,110,0,n,4
681,I0681,1500,1000,800,0.0,110,1,n,4
2824,I2824,1500,1000,800,0.0,110,1,n,4
3737,I3737,1500,1000,800,885.0,110,1,n,4
880,I0880,1500,800,800,1013.0,110,0,n,4
579,I0579,1500,1000,800,1063.0,110,1,n,4
996,I0996,1500,800,800,1550.0,110,0,n,4
1720,I1720,1500,800,800,0.0,110,0,n,4
3435,I3435,1500,1000,800,0.0,110,1,n,4
4557,I4557,1500,1000,800,1371.0,110,1,n,4
1688,I1688,1500,1000,800,0.0,110,1,n,4
852,I0852,1500,800,800,1185.0,110,0,n,4
2643,I2643,1500,800,800,1319.0,110,0,n,4
1405,I1405,1500,1000,800,918.0,110,1,n,4
2656,I2656,1500,800,800,1393.0,110,0,n,4
1410,I1410,1500,800,800,1124.0,110,0,n,4
1373,I1373,1500,800,800,0.0,110,0,n,4
3331,I3331,1500,1000,800,0.0,110,1,n,4
150,I0150,1500,800,800,0.0,110,0,n,4
2152,I2152,1500,1000,800,0.0,110,1,n,4
3564,I3564,1500,1000,800,0.0,110,1,n,4
455,I0455,1500,1000,800,957.0,110,1,n,4
1288,I1288,1500,800,800,0.0,110,0,n,4
4685,I4685,1500,800,800,1005.0,110,0,n,4
4970,I4970,1500,1000,800,1552.0,110,1,n,4
1208,I1208,1500,1000,800,0.0,110,1,n,4
371,I0371,1500,1000,800,1029.0,110,1,n,4
1479,I1479,1500,800,800,1461.0,110,0,n,4
1509,I1509,1500,800,800,1022.0,110,0,n,4
1557,I1557,1500,800,800,1457.0,110,0,n,4
2229,I2229,1500,800,800,761.0,110,0,n,4
1928,I1928,1500,800,800,1343.0,110,0,n,4
502,I0502,1500,800,800,1019.0,110,0,n,4
4338,I4338,1500,1000,800,1342.0,110,1,n,4
3949,I3949,1500,800,800,0.0,110,0,n,4
1649,I1649,1500,800,800,0.0,110,0,n,4
270,I0270,1500,800,800,1319.0,110,0,n,4
3267,I3267,1500,800,800,952.0,110,0,n,4
635,I0635,1500,1000,800,0.0,110,1,n,4
1482,I1482,1500,800,800,1047.0,110,0,n,4
3171,I3171,1500,800,800,1035.0,110,0,n,4
4982,I4982,1500,1000,800,712.0,110,1,n,4
1708,I1708,1500,1000,800,0.0,110,1,n,4
4169,I4169,1500,800,800,1543.0,110,0,n,4
4274,I4274,1500,1000,800,0.0,110,1,n,4
3057,I3057,1500,800,800,0.0,110,0,n,4
3101,I3101,1500,1000,800,1125.0,110,1,n,4
4631,I4631,1500,800,800,1332.0,110,0,n,4
1140,I1140,1500,800,800,940.0,110,0,n,4
737,I0737,1500,800,800,0.0,110,0,n,4
1804,I1804,1500,1000,800,1101.0,110,1,n,4
3051,I3051,1500,800,800,793.0,110,0,n,4
99,I0099,1500,1000,800,1352.0,110,1,n,4
3319,I3319,1500,1000,800,0.0,110,1,n,4
4836,I4836,1500,800,800,1144.0,110,0,n,4
1024,I1024,1500,1000,800,1170.0,110,1,n,4
1239,I1239,1500,1000,800,1236.0,110,1,n,4
226,I0226,1500,800,800,918.0,110,0,n,4
1862,I1862,1500,800,800,1130.0,110,0,n,4
578,I0578,1500,1000,800,1499.0,110,1,n,4
2159,I2159,1500,800,800,0.0,110,0,n,4
331,I0331,1500,1000,800,0.0,110,1,n,4
3968,I3968,1500,800,800,0.0,110,0,n,4
4419,I4419,1500,800,800,1262.0,110,0,n,4
2181,I2181,1500,1000,800,0.0,110,1,n,4
2524,I2524,1500,1000,800,1101.0,110,1,n,4
4432,I4432,1500,800,800,1024.0,110,0,n,4
486,I0486,1500,800,800,0.0,110,0,n,4
3690,I3690,1500,800,800,1101.0,110,0,n,4
2624,I2624,1500,800,800,1258.0,110,0,n,4
2363,I2363,1500,800,800,1127.0,110,0,n,4
4012,I4012,1500,1000,800,0.0,110,1,n,4
2946,I2946,1500,1000,800,0.0,110,1,n,4
4370,I4370,1500,800,800,1118.0,110,0,n,4
548,I0548,1500,1000,800,1515.0,110,1,n,4
1144,I1144,1500,1000,800,0.0,110,1,n,4
1368,I1368,1500,800,800,1026.0,110,0,n,4
2977,I2977,1500,1000,800,858.0,110,1,n,4
3132,I3132,1500,1000,800,1235.0,110,1,n,4
3520,I3520,1500,800,800,1004.0,110,0,n,4
4816,I4816,1500,800,800,1367.0,110,0,n,4
2511,I2511,1500,1000,800,1020.0,110,1,n,4
440,I0440,1500,800,800,0.0,110,0,n,4
3511,I3511,1500,1000,800,0.0,110,1,n,4
4856,I4856,1500,800,800,0.0,110,0,n,4
1791,I1791,1500,800,800,1017.0,110,0,n,4
4518,I4518,1500,1000,800,0.0,110,1,n,4
2340,I2340,1500,800,800,0.0,110,0,n,4
2864,I2864,1500,800,800,1386.0,110,0,n,4
829,I0829,1500,800,800,0.0,110,0,n,4
338,I0338,1500,1000,800,1156.0,110,1,n,4
524,I0524,1500,800,800,951.0,110,0,n,4
3149,I3149,1500,800,800,1527.0,110,0,n,4
4209,I4209,1500,1000,800,921.0,110,1,n,4
4891,I4891,1500,800,800,0.0,110,0,n,4
509,I0509,1500,800,800,0.0,110,0,n,4
512,I0512,1500,800,800,1348.0,110,0,n,4
4914,I4914,1500,800,800,0.0,110,0,n,4
1029,I1029,1500,800,800,0.0,110,0,n,4
2976,I2976,1500,800,800,1022.0,110,0,n,4
3880,I3880,1500,1000,800,0.0,110,1,n,4
4584,I4584,1500,800,800,0.0,110,0,n,4
2559,I2559,1500,800,800,1434.0,110,0,n,4
3751,I3751,1500,1000,800,0.0,110,1,n,4
964,I0964,1500,800,800,1328.0,110,0,n,4
1955,I1955,1500,800,800,1328.0,110,0,n,4
1251,I1251,1500,800,800,1036.0,110,0,n,4
2695,I2695,1500,800,800,1437.0,110,0,n,4
745,I0745,1500,1000,800,699.0,110,1,n,4
4757,I4757,1500,1000,800,937.0,110,1,n,4
4308,I4308,1500,800,800,0.0,110,0,n,4
2917,I2917,1500,800,800,0.0,110,0,n,4
84,I0084,1500,1000,800,1300.0,110,1,n,4
2711,I2711,1500,800,800,930.0,110,0,n,4
874,I0874,1500,800,800,0.0,110,0,n,4
21,I0021,1500,800,800,0.0,110,0,n,4
4301,I4301,1500,1000,800,0.0,110,1,n,4
296,I0296,1500,800,800,929.0,110,0,n,4
323,I0323,1500,800,800,849.0,110,0,n,4
980,I0980,1500,800,800,1274.0,110,0,n,4
4887,I4887,1500,800,800,1130.0,110,0,n,4
4847,I4847,1500,1000,800,0.0,110,1,n,4
3318,I3318,1500,1000,800,0.0,110,1,n,4
1523,I1523,1500,800,800,0.0,110,0,n,4
2837,I2837,1500,800,800,0.0,110,0,n,4
61,I0061,1500,800,800,1147.0,110,0,n,4
3807,I3807,1500,800,800,1248.0,110,0,n,4
596,I0596,1500,800,800,0.0,110,0,n,4
958,I0958,1500,1000,800,0.0,110,1,n,4
4123,I4123,1500,800,800,0.0,110,0,n,4
3515,I3515,1500,800,800,0.0,110,0,n,4
3176,I3176,1500,800,800,1175.0,110,0,n,4
1314,I1314,1500,1000,800,1147.0,110,1,n,4
2165,I2165,1500,1000,800,1362.0,110,1,n,4
1383,I1383,1500,1000,800,0.0,110,1,n,4
4910,I4910,1500,800,800,0.0,110,0,n,4
3626,I3626,1500,800,800,0.0,110,0,n,4
4429,I4429,1500,800,800,0.0,110,0,n,4
1447,I1447,1500,1000,800,1438.0,110,1,n,4
1449,I1449,1500,800,800,0.0,110,0,n,4
1130,I1130,1500,800,800,1216.0,110,0,n,4
4290,I4290,1500,1000,800,1580.0,110,1,n,4
3032,I3032,1500,800,800,1438.0,110,0,n,4
4673,I4673,1500,1000,800,0.0,110,1,n,4
2265,I2265,1500,800,800,1030.0,110,0,n,4
2217,I2217,1500,1000,800,1067.0,110,1,n,4
4688,I4688,1500,800,800,0.0,110,0,n,4
2851,I2851,1500,1000,800,0.0,110,1,n,4
3502,I3502,1500,1000,800,1434.0,110,1,n,4
1287,I1287,1500,800,800,1475.0,110,0,n,4
1545,I1545,1500,1000,800,0.0,110,1,n,4
866,I0866,1500,800,800,0.0,110,0,n,4
1706,I1706,1500,1000,800,1310.0,110,1,n,4
257,I0257,1500,800,800,1231.0,110,0,n,4
662,I0662,1500,1000,800,0.0,110,1,n,4
2095,I2095,1500,800,800,991.0,110,0,n,4
2191,I2191,1500,1000,800,0.0,110,1,n,4
1902,I1902,1500,800,800,1048.0,110,0,n,4
162,I0162,1500,800,800,0.0,110,0,n,4
1419,I1419,1500,800,800,1069.0,110,0,n,4
694,I0694,1500,1000,800,1443.0,110,1,n,4
790,I0790,1500,800,800,0.0,110,0,n,4
114,I0114,1500,800,800,0.0,110,0,n,4
3258,I3258,1500,800,800,1103.0,110,0,n,4
3764,I3764,1500,1000,800,0.0,110,1,n,4
4243,I4243,1500,800,800,1061.0,110,0,n,4
1638,I1638,1500,800,800,0.0,110,0,n,4
1389,I1389,1500,800,800,0.0,110,0,n,4
2476,I2476,1500,1000,800,1162.0,110,1,n,4
3873,I3873,1500,1000,800,712.0,110,1,n,4
1502,I1502,1500,1000,800,1419.0,110,1,n,4
1475,I1475,1500,800,800,1253.0,110,0,n,4
544,I0544,1500,1000,800,1445.0,110,1,n,4
1229,I1229,1500,800,800,1068.0,110,0,n,4
2872,I2872,1500,800,800,1099.0,110,0,n,4
2881,I2881,1500,1000,800,1406.0,110,1,n,4
1889,I1889,1500,1000,800,783.0,110,1,n,4
1564,I1564,1500,1000,800,645.0,110,1,n,4
4425,I4425,1500,1000,800,0.0,110,1,n,4
2477,I2477,1500,800,800,1097.0,110,0,n,4
3944,I3944,1500,800,800,1429.0,110,0,n,4
4533,I4533,1500,1000,800,1065.0,110,1,n,4
1183,I1183,1500,800,800,0.0,110,0,n,4
1613,I1613,1500,800,800,1001.0,110,0,n,4
413,I0413,1500,1000,800,1196.0,110,1,n,4
2333,I2333,1500,800,800,0.0,110,0,n,4
2368,I2368,1500,1000,800,0.0,110,1,n,4
1292,I1292,1500,1000,800,1148.0,110,1,n,4
57,I0057,1500,1000,800,867.0,110,1,n,4
3760,I3760,1500,1000,800,0.0,110,1,n,4
825,I0825,1500,1000,800,957.0,110,1,n,4
1198,I1198,1500,1000,800,0.0,110,1,n,4
4656,I4656,1500,1000,800,0.0,110,1,n,4
4212,I4212,1500,1000,800,799.0,110,1,n,4
2316,I2316,1500,1000,800,1226.0,110,1,n,4
155,I0155,1500,1000,800,1102.0,110,1,n,4
4275,I4275,1500,1000,800,1384.0,110,1,n,4
3925,I3925,1500,1000,800,1200.0,110,1,n,4
756,I0756,1500,1000,800,1452.0,110,1,n,4
4096,I4096,1500,800,800,1053.0,110,0,n,4
253,I0253,1500,1000,800,779.0,110,1,n,4
3497,I3497,1500,800,800,0.0,110,0,n,4
890,I0890,1500,800,800,1153.0,110,0,n,4
4548,I4548,1500,800,800,1022.0,110,0,n,4
687,I0687,1500,800,800,0.0,110,0,n,4
1614,I1614,1500,800,800,1144.0,110,0,n,4
1868,I1868,1500,1000,800,0.0,110,1,n,4
3901,I3901,1500,800,800,1401.0,110,0,n,4
1444,I1444,1500,1000,800,935.0,110,1,n,4
3214,I3214,1500,1000,800,0.0,110,1,n,4
1773,I1773,1500,1000,800,1224.0,110,1,n,4
3853,I3853,1500,1000,800,1239.0,110,1,n,4
1421,I1421,1500,800,800,1427.0,110,0,n,4
482,I0482,1500,1000,800,0.0,110,1,n,4
4566,I4566,1500,800,800,0.0,110,0,n,4
1832,I1832,1500,800,800,0.0,110,0,n,4
1635,I1635,1500,1000,800,911.0,110,1,n,4
1814,I1814,1500,800,800,0.0,110,0,n,4
2986,I2986,1500,1000,800,0.0,110,1,n,4
609,I0609,1500,800,800,1262.0,110,0,n,4
1439,I1439,1500,800,800,0.0,110,0,n,4
1974,I1974,1500,1000,800,1445.0,110,1,n,4
4329,I4329,1500,1000,800,0.0,110,1,n,4
627,I0627,1500,800,800,0.0,110,0,n,4
4968,I4968,1500,1000,800,0.0,110,1,n,4
4851,I4851,1500,1000,800,0.0,110,1,n,4
1777,I1777,1500,800,800,0.0,110,0,n,4
517,I0517,1500,1000,800,0.0,110,1,n,4
97,I0097,1500,1000,800,0.0,110,1,n,4
3305,I3305,1500,1000,800,965.0,110,1,n,4
3973,I3973,1500,1000,800,0.0,110,1,n,4
2204,I2204,1500,800,800,1110.0,110,0,n,4
4240,I4240,1500,1000,800,1372.0,110,1,n,4
2160,I2160,1500,800,800,980.0,110,0,n,4
1307,I1307,1500,800,800,1436.0,110,0,n,4
2715,I2715,1500,1000,800,0.0,110,1,n,4
3518,I3518,1500,1000,800,0.0,110,1,n,4
160,I0160,1500,1000,800,826.0,110,1,n,4
2923,I2923,1500,800,800,1569.0,110,0,n,4
3413,I3413,1500,800,800,0.0,110,0,n,4
2853,I2853,1500,1000,800,986.0,110,1,n,4
4136,I4136,1500,800,800,0.0,110,0,n,4
2631,I2631,1500,1000,800,0.0,110,1,n,4
3313,I3313,1500,800,800,0.0,110,0,n,4
4448,I4448,1500,1000,800,0.0,110,1,n,4
1663,I1663,1500,1000,800,954.0,110,1,n,4
1375,I1375,1500,800,800,0.0,110,0,n,4
4771,I4771,1500,800,800,0.0,110,0,n,4
1756,I1756,1500,1000,800,989.0,110,1,n,4
1575,I1575,1500,1000,800,0.0,110,1,n,4
1945,I1945,1500,800,800,0.0,110,0,n,4
2115,I2115,1500,800,800,0.0,110,0,n,4
4715,I4715,1500,800,800,870.0,110,0,n,4
4972,I4972,1500,800,800,1162.0,110,0,n,4
29,I0029,1500,1000,800,1061.0,110,1,n,4
2896,I2896,1500,1000,800,1366.0,110,1,n,4
1701,I1701,1500,800,800,1188.0,110,0,n,4
1578,I1578,1500,1000,800,1335.0,110,1,n,4
4237,I4237,1500,800,800,0.0,110,0,n,4
3513,I3513,1500,800,800,0.0,110,0,n,4
4491,I4491,1500,800,800,926.0,110,0,n,4
4498,I4498,1500,1000,800,952.0,110,1,n,4
540,I0540,1500,800,800,0.0,110,0,n,4
4157,I4157,1500,800,800,1095.0,110,0,n,4
2482,I2482,1500,1000,800,0.0,110,1,n,4
4447,I4447,1500,1000,800,0.0,110,1,n,4
3892,I3892,1500,800,800,0.0,110,0,n,4
4445,I4445,1500,800,800,0.0,110,0,n,4
1476,I1476,1500,800,800,1143.0,110,0,n,4
461,I0461,1500,1000,800,0.0,110,1,n,4
3919,I3919,1500,1000,800,1079.0,110,1,n,4
4678,I4678,1500,1000,800,1092.0,110,1,n,4
1747,I1747,1500,800,800,986.0,110,0,n,4
877,I0877,1500,1000,800,1136.0,110,1,n,4
1790,I1790,1500,800,800,1363.0,110,0,n,4
3571,I3571,1500,1000,800,1231.0,110,1,n,4
2409,I2409,1500,800,800,0.0,110,0,n,4
1465,I1465,1500,1000,800,0.0,110,1,n,4
1763,I1763,1500,800,800,1167.0,110,0,n,4
1921,I1921,1500,800,800,729.0,110,0,n,4
3125,I3125,1500,800,800,1454.0,110,0,n,4
3498,I3498,1500,1000,800,1422.0,110,1,n,4
15,I0015,1500,800,800,0.0,110,0,n,4
4225,I4225,1500,1000,800,1429.0,110,1,n,4
4658,I4658,1500,800,800,1543.0,110,0,n,4
2358,I2358,1500,800,800,782.0,110,0,n,4
4456,I4456,1500,800,800,1073.0,110,0,n,4
1440,I1440,1500,800,800,998.0,110,0,n,4
3835,I3835,1500,1000,800,0.0,110,1,n,4
3869,I3869,1500,1000,800,0.0,110,1,n,4
2200,I2200,1500,1000,800,0.0,110,1,n,4
4222,I4222,1500,800,800,1189.0,110,0,n,4
2492,I2492,1500,1000,800,0.0,110,1,n,4
4458,I4458,1500,1000,800,1514.0,110,1,n,4
2888,I2888,1500,1000,800,1122.0,110,1,n,4
1595,I1595,1500,1000,800,1530.0,110,1,n,4
4718,I4718,1500,800,800,1134.0,110,0,n,4
783,I0783,1500,800,800,886.0,110,0,n,4
4662,I4662,1500,1000,800,902.0,110,1,n,4
873,I0873,1500,800,800,1443.0,110,0,n,4
2574,I2574,1500,1000,800,0.0,110,1,n,4
3958,I3958,1500,1000,800,1183.0,110,1,n,4
3802,I3802,1500,1000,800,0.0,110,1,n,4
2771,I2771,1500,1000,800,872.0,110,1,n,4
2735,I2735,1500,800,800,0.0,110,0,n,4
2304,I2304,1500,1000,800,1375.0,110,1,n,4
4357,I4357,1500,800,800,1544.0,110,0,n,4
883,I0883,1500,1000,800,1493.0,110,1,n,4
35,I0035,1500,1000,800,0.0,110,1,n,4
1306,I1306,1500,800,800,1115.0,110,0,n,4
950,I0950,1500,1000,800,0.0,110,1,n,4
2538,I2538,1500,800,800,0.0,110,0,n,4
3485,I3485,1500,1000,800,0.0,110,1,n,4
1936,I1936,1500,1000,800,0.0,110,1,n,4
3433,I3433,1500,1000,800,0.0,110,1,n,4
4597,I4597,1500,800,800,1035.0,110,0,n,4
60,I0060,1500,800,800,1457.0,110,0,n,4
3304,I3304,1500,800,800,0.0,110,0,n,4
1891,I1891,1500,800,800,0.0,110,0,n,4
2721,I2721,1500,800,800,0.0,110,0,n,4
1305,I1305,1500,800,800,1008.0,110,0,n,4
2795,I2795,1500,800,800,1309.0,110,0,n,4
4226,I4226,1500,1000,800,0.0,110,1,n,4
3169,I3169,1500,800,800,827.0,110,0,n,4
4798,I4798,1500,800,800,1047.0,110,0,n,4
1991,I1991,1500,800,800,1434.0,110,0,n,4
3227,I3227,1500,800,800,941.0,110,0,n,4
1912,I1912,1500,800,800,0.0,110,0,n,4
4467,I4467,1500,1000,800,0.0,110,1,n,4
2736,I2736,1500,800,800,0.0,110,0,n,4
3241,I3241,1500,800,800,0.0,110,0,n,4
1527,I1527,1500,1000,800,907.0,110,1,n,4
1903,I1903,1500,800,800,1359.0,110,0,n,4
1662,I1662,1500,800,800,769.0,110,0,n,4
3434,I3434,1500,1000,800,0.0,110,1,n,4
4025,I4025,1500,800,800,1327.0,110,0,n,4
3677,I3677,1500,1000,800,1060.0,110,1,n,4
1187,I1187,1500,800,800,0.0,110,0,n,4
2679,I2679,1500,800,800,0.0,110,0,n,4
402,I0402,1500,800,800,0.0,110,0,n,4
2890,I2890,1500,1000,800,961.0,110,1,n,4
2544,I2544,1500,800,800,0.0,110,0,n,4
532,I0532,1500,1000,800,1383.0,110,1,n,4
3388,I3388,1500,800,800,1343.0,110,0,n,4
1740,I1740,1500,800,800,0.0,110,0,n,4
4853,I4853,1500,800,800,992.0,110,0,n,4
2804,I2804,1500,800,800,0.0,110,0,n,4
2010,I2010,1500,1000,800,0.0,110,1,n,4
2581,I2581,1500,1000,800,981.0,110,1,n,4
4035,I4035,1500,800,800,952.0,110,0,n,4
791,I0791,1500,800,800,1191.0,110,0,n,4
2389,I2389,1500,800,800,1135.0,110,0,n,4
1167,I1167,1500,800,800,1119.0,110,0,n,4
4992,I4992,1500,800,800,918.0,110,0,n,4
1871,I1871,1500,800,800,946.0,110,0,n,4
1831,I1831,1500,1000,800,1337.0,110,1,n,4
2082,I2082,1500,1000,800,877.0,110,1,n,4
908,I0908,1500,1000,800,1065.0,110,1,n,4
4238,I4238,1500,1000,800,1229.0,110,1,n,4
4008,I4008,1500,800,800,1053.0,110,0,n,4
3225,I3225,1500,1000,800,0.0,110,1,n,4
3046,I3046,1500,800,800,1400.0,110,0,n,4
1749,I1749,1500,800,800,1089.0,110,0,n,4
2422,I2422,1500,1000,800,905.0,110,1,n,4
3218,I3218,1500,800,800,773.0,110,0,n,4
3938,I3938,1500,1000,800,1490.0,110,1,n,4
3644,I3644,1500,1000,800,0.0,110,1,n,4
4168,I4168,1500,800,800,994.0,110,0,n,4
2701,I2701,1500,1000,800,0.0,110,1,n,4
909,I0909,1500,1000,800,0.0,110,1,n,4
761,I0761,1500,1000,800,0.0,110,1,n,4
448,I0448,1500,1000,800,0.0,110,1,n,4
3164,I3164,1500,800,800,848.0,110,0,n,4
2399,I2399,1500,1000,800,0.0,110,1,n,4
934,I0934,1500,1000,800,1180.0,110,1,n,4
936,I0936,1500,800,800,1047.0,110,0,n,4
4369,I4369,1500,1000,800,1435.0,110,1,n,4
3094,I3094,1500,800,800,1432.0,110,0,n,4
4231,I4231,1500,1000,800,1513.0,110,1,n,4
41,I0041,1500,1000,800,1142.0,110,1,n,4
3819,I3819,1500,1000,800,922.0,110,1,n,4
4627,I4627,1500,1000,800,1002.0,110,1,n,4
225,I0225,1500,1000,800,0.0,110,1,n,4
2689,I2689,1500,800,800,1109.0,110,0,n,4
3694,I3694,1500,800,800,0.0,110,0,n,4
4852,I4852,1500,1000,800,1151.0,110,1,n,4
1003,I1003,1500,1000,800,1373.0,110,1,n,4
3233,I3233,1500,1000,800,0.0,110,1,n,4
1695,I1695,1500,1000,800,0.0,110,1,n,4
2346,I2346,1500,800,800,1215.0,110,0,n,4
3783,I3783,1500,1000,800,0.0,110,1,n,4
3058,I3058,1500,800,800,1407.0,110,0,n,4
3844,I3844,1500,800,800,795.0,110,0,n,4
4203,I4203,1500,800,800,781.0,110,0,n,4
1067,I1067,1500,800,800,0.0,110,0,n,4
1366,I1366,1500,800,800,999.0,110,0,n,4
3098,I3098,1500,1000,800,1473.0,110,1,n,4
4253,I4253,1500,1000,800,836.0,110,1,n,4
4067,I4067,1500,800,800,0.0,110,0,n,4
1013,I1013,1500,800,800,0.0,110,0,n,4
261,I0261,1500,1000,800,0.0,110,1,n,4
945,I0945,1500,1000,800,1236.0,110,1,n,4
3541,I3541,1500,800,800,739.0,110,0,n,4
1604,I1604,1500,1000,800,0.0,110,1,n,4
1207,I1207,1500,800,800,1358.0,110,0,n,4
4244,I4244,1500,1000,800,891.0,110,1,n,4
2342,I2342,1500,1000,800,0.0,110,1,n,4
63,I0063,1500,800,800,1554.0,110,0,n,4
4006,I4006,1500,1000,800,0.0,110,1,n,4
3852,I3852,1500,1000,800,705.0,110,1,n,4
2938,I2938,1500,1000,800,0.0,110,1,n,4
3663,I3663,1500,800,800,937.0,110,0,n,4
4235,I4235,1500,1000,800,1038.0,110,1,n,4
4884,I4884,1500,1000,800,0.0,110,1,n,4
4618,I4618,1500,1000,800,1142.0,110,1,n,4
4873,I4873,1500,800,800,0.0,110,0,n,4
4949,I4949,1500,800,800,0.0,110,0,n,4
1453,I1453,1500,1000,800,0.0,110,1,n,4
4349,I4349,1500,1000,800,0.0,110,1,n,4
4776,I4776,1500,1000,800,1544.0,110,1,n,4
4029,I4029,1500,800,800,0.0,110,0,n,4
1118,I1118,1500,1000,800,0.0,110,1,n,4
3611,I3611,1500,800,800,0.0,110,0,n,4
682,I0682,1500,800,800,0.0,110,0,n,4
2359,I2359,1500,1000,800,885.0,110,1,n,4
333,I0333,1500,1000,800,883.0,110,1,n,4
4659,I4659,1500,1000,800,1106.0,110,1,n,4
3168,I3168,1500,800,800,1344.0,110,0,n,4
920,I0920,1500,1000,800,964.0,110,1,n,4
2048,I2048,1500,1000,800,1333.0,110,1,n,4
781,I0781,1500,1000,800,0.0,110,1,n,4
2791,I2791,1500,1000,800,1107.0,110,1,n,4
1017,I1017,1500,1000,800,0.0,110,1,n,4
2124,I2124,1500,800,800,0.0,110,0,n,4
1142,I1142,1500,1000,800,1115.0,110,1,n,4
2671,I2671,1500,1000,800,1095.0,110,1,n,4
4682,I4682,1500,1000,800,0.0,110,1,n,4
4316,I4316,1500,800,800,1274.0,110,0,n,4
3210,I3210,1500,800,800,0.0,110,0,n,4
2302,I2302,1500,800,800,613.0,110,0,n,4
3300,I3300,1500,1000,800,0.0,110,1,n,4
3460,I3460,1500,800,800,834.0,110,0,n,4
4835,I4835,1500,1000,800,1495.0,110,1,n,4
351,I0351,1500,1000,800,987.0,110,1,n,4
4190,I4190,1500,800,800,1168.0,110,0,n,4
518,I0518,1500,1000,800,1494.0,110,1,n,4
2439,I2439,1500,800,800,1393.0,110,0,n,4
240,I0240,1500,1000,800,1354.0,110,1,n,4
4040,I4040,1500,800,800,1269.0,110,0,n,4
2810,I2810,1500,1000,800,0.0,110,1,n,4
2227,I2227,1500,800,800,0.0,110,0,n,4
2430,I2430,1500,800,800,0.0,110,0,n,4
2993,I2993,1500,1000,800,863.0,110,1,n,4
488,I0488,1500,1000,800,873.0,110,1,n,4
4105,I4105,1500,800,800,0.0,110,0,n,4
3879,I3879,1500,1000,800,0.0,110,1,n,4
2470,I2470,1500,800,800,1383.0,110,0,n,4
2006,I2006,1500,800,800,1476.0,110,0,n,4
674,I0674,1500,800,800,1384.0,110,0,n,4
1796,I1796,1500,1000,800,1375.0,110,1,n,4
3836,I3836,1500,1000,800,0.0,110,1,n,4
258,I0258,1500,1000,800,1411.0,110,1,n,4
4100,I4100,1500,800,800,685.0,110,0,n,4
3013,I3013,1500,1000,800,1138.0,110,1,n,4
324,I0324,1500,1000,800,877.0,110,1,n,4
1784,I1784,1500,1000,800,858.0,110,1,n,4
202,I0202,1500,800,800,1002.0,110,0,n,4
1510,I1510,1500,1000,800,0.0,110,1,n,4
1044,I1044,1500,800,800,0.0,110,0,n,4
2781,I2781,1500,1000,800,1420.0,110,1,n,4
2407,I2407,1500,1000,800,1122.0,110,1,n,4
4250,I4250,1500,800,800,942.0,110,0,n,4
4655,I4655,1500,800,800,1427.0,110,0,n,4
4454,I4454,1500,1000,800,1119.0,110,1,n,4
3484,I3484,1500,1000,800,1051.0,110,1,n,4
3196,I3196,1500,800,800,1531.0,110,0,n,4
4736,I4736,1500,800,800,880.0,110,0,n,4
3172,I3172,1500,800,800,1001.0,110,0,n,4
1846,I1846,1500,800,800,704.0,110,0,n,4
546,I0546,1500,800,800,890.0,110,0,n,4
2560,I2560,1500,1000,800,0.0,110,1,n,4
4517,I4517,1500,1000,800,0.0,110,1,n,4
4098,I4098,1500,800,800,1505.0,110,0,n,4
3440,I3440,1500,800,800,0.0,110,0,n,4
262,I0262,1500,1000,800,0.0,110,1,n,4
4362,I4362,1500,1000,800,860.0,110,1,n,4
1930,I1930,1500,1000,800,1312.0,110,1,n,4
2096,I2096,1500,1000,800,906.0,110,1,n,4
310,I0310,1500,1000,800,1387.0,110,1,n,4
1488,I1488,1500,800,800,1135.0,110,0,n,4
4687,I4687,1500,1000,800,1471.0,110,1,n,4
203,I0203,1500,1000,800,0.0,110,1,n,4
4681,I4681,1500,1000,800,977.0,110,1,n,4
4371,I4371,1500,1000,800,910.0,110,1,n,4
3914,I3914,1500,800,800,1072.0,110,0,n,4
2308,I2308,1500,800,800,1099.0,110,0,n,4
3020,I3020,1500,1000,800,1399.0,110,1,n,4
1222,I1222,1500,800,800,1360.0,110,0,n,4
3528,I3528,1500,800,800,1174.0,110,0,n,4
3199,I3199,1500,800,800,1137.0,110,0,n,4
171,I0171,1500,1000,800,0.0,110,1,n,4
826,I0826,1500,800,800,0.0,110,0,n,4
3786,I3786,1500,1000,800,0.0,110,1,n,4
602,I0602,1500,1000,800,0.0,110,1,n,4
1996,I1996,1500,800,800,962.0,110,0,n,4
4075,I4075,1500,1000,800,0.0,110,1,n,4
1035,I1035,1500,1000,800,1034.0,110,1,n,4
1265,I1265,1500,800,800,0.0,110,0,n,4
3181,I3181,1500,800,800,806.0,110,0,n,4
3209,I3209,1500,1000,800,0.0,110,1,n,4
2936,I2936,1500,1000,800,0.0,110,1,n,4
2829,I2829,1500,800,800,935.0,110,0,n,4
3129,I3129,1500,1000,800,1045.0,110,1,n,4
3933,I3933,1500,1000,800,1175.0,110,1,n,4
3672,I3672,1500,1000,800,1356.0,110,1,n,4
36,I0036,1500,1000,800,1128.0,110,1,n,4
3649,I3649,1500,800,800,0.0,110,0,n,4
3346,I3346,1500,800,800,1234.0,110,0,n,4
3987,I3987,1500,800,800,0.0,110,0,n,4
3298,I3298,1500,800,800,0.0,110,0,n,4
4813,I4813,1500,1000,800,1043.0,110,1,n,4
569,I0569,1500,800,800,1007.0,110,0,n,4
1216,I1216,1500,800,800,0.0,110,0,n,4
3263,I3263,1500,800,800,1307.0,110,0,n,4
3506,I3506,1500,1000,800,0.0,110,1,n,4
1098,I1098,1500,800,800,0.0,110,0,n,4
22,I0022,1500,1000,800,1101.0,110,1,n,4
4600,I4600,1500,1000,800,1039.0,110,1,n,4
3343,I3343,1500,800,800,0.0,110,0,n,4
3931,I3931,1500,1000,800,950.0,110,1,n,4
1046,I1046,1500,800,800,864.0,110,0,n,4
425,I0425,1500,800,800,0.0,110,0,n,4
2856,I2856,1500,800,800,1067.0,110,0,n,4
2301,I2301,1500,800,800,1132.0,110,0,n,4
731,I0731,1500,800,800,0.0,110,0,n,4
928,I0928,1500,1000,800,0.0,110,1,n,4
3813,I3813,1500,1000,800,0.0,110,1,n,4
2070,I2070,1500,800,800,0.0,110,0,n,4
3069,I3069,1500,1000,800,0.0,110,1,n,4
4614,I4614,1500,800,800,1006.0,110,0,n,4
210,I0210,1500,1000,800,1479.0,110,1,n,4
1372,I1372,1500,800,800,0.0,110,0,n,4
1411,I1411,1500,1000,800,1403.0,110,1,n,4
1177,I1177,1500,800,800,0.0,110,0,n,4
2741,I2741,1500,800,800,0.0,110,0,n,4
3250,I3250,1500,800,800,1427.0,110,0,n,4
2120,I2120,1500,800,800,772.0,110,0,n,4
2139,I2139,1500,800,800,1319.0,110,0,n,4
45,I0045,1500,1000,800,1165.0,110,1,n,4
1489,I1489,1500,1000,800,0.0,110,1,n,4
3135,I3135,1500,1000,800,1034.0,110,1,n,4
692,I0692,1500,1000,800,0.0,110,1,n,4
2186,I2186,1500,1000,800,971.0,110,1,n,4
2676,I2676,1500,1000,800,1123.0,110,1,n,4
2321,I2321,1500,800,800,1277.0,110,0,n,4
1774,I1774,1500,1000,800,1255.0,110,1,n,4
3340,I3340,1500,800,800,0.0,110,0,n,4
4217,I4217,1500,1000,800,0.0,110,1,n,4
3371,I3371,1500,800,800,756.0,110,0,n,4
4767,I4767,1500,800,800,0.0,110,0,n,4
4289,I4289,1500,1000,800,0.0,110,1,n,4
2268,I2268,1500,1000,800,836.0,110,1,n,4
1801,I1801,1500,1000,800,1276.0,110,1,n,4
2542,I2542,1500,800,800,1357.0,110,0,n,4
3843,I3843,1500,1000,800,0.0,110,1,n,4
4622,I4622,1500,1000,800,0.0,110,1,n,4
1414,I1414,1500,800,800,1405.0,110,0,n,4
714,I0714,1500,800,800,899.0,110,0,n,4
3239,I3239,1500,1000,800,0.0,110,1,n,4
809,I0809,1500,800,800,1159.0,110,0,n,4
4356,I4356,1500,1000,800,1105.0,110,1,n,4
1954,I1954,1500,800,800,0.0,110,0,n,4
4886,I4886,1500,1000,800,0.0,110,1,n,4
3915,I3915,1500,1000,800,801.0,110,1,n,4
4255,I4255,1500,800,800,0.0,110,0,n,4
4062,I4062,1500,1000,800,1117.0,110,1,n,4
3928,I3928,1500,1000,800,0.0,110,1,n,4
4810,I4810,1500,800,800,1080.0,110,0,n,4
276,I0276,1500,1000,800,1103.0,110,1,n,4
2372,I2372,1500,800,800,1372.0,110,0,n,4
1949,I1949,1500,1000,800,1143.0,110,1,n,4
1014,I1014,1500,1000,800,0.0,110,1,n,4
3858,I3858,1500,1000,800,988.0,110,1,n,4
2739,I2739,1500,800,800,1113.0,110,0,n,4
2830,I2830,1500,1000,800,1427.0,110,1,n,4
4063,I4063,1500,800,800,1158.0,110,0,n,4
3845,I3845,1500,1000,800,1135.0,110,1,n,4
1384,I1384,1500,1000,800,0.0,110,1,n,4
3507,I3507,1500,1000,800,1474.0,110,1,n,4
4527,I4527,1500,800,800,1040.0,110,0,n,4
26,I0026,1500,1000,800,0.0,110,1,n,4
1632,I1632,1500,800,800,0.0,110,0,n,4
857,I0857,1500,800,800,837.0,110,0,n,4
3972,I3972,1500,800,800,0.0,110,0,n,4
476,I0476,1500,1000,800,0.0,110,1,n,4
3963,I3963,1500,800,800,1581.0,110,0,n,4
165,I0165,1500,800,800,1115.0,110,0,n,4
3165,I3165,1500,800,800,0.0,110,0,n,4
3097,I3097,1500,1000,800,1229.0,110,1,n,4
3741,I3741,1500,1000,800,0.0,110,1,n,4
1184,I1184,1500,1000,800,0.0,110,1,n,4
792,I0792,1500,800,800,0.0,110,0,n,4
3486,I3486,1500,1000,800,1039.0,110,1,n,4
3719,I3719,1500,1000,800,0.0,110,1,n,4
1393,I1393,1500,1000,800,1191.0,110,1,n,4
2223,I2223,1500,800,800,1263.0,110,0,n,4
4574,I4574,1500,800,800,0.0,110,0,n,4
301,I0301,1500,1000,800,1545.0,110,1,n,4
3613,I3613,1500,800,800,1164.0,110,0,n,4
4669,I4669,1500,1000,800,1107.0,110,1,n,4
1412,I1412,1500,800,800,0.0,110,0,n,4
4973,I4973,1500,800,800,0.0,110,0,n,4
67,I0067,1500,1000,800,0.0,110,1,n,4
2756,I2756,1500,1000,800,1153.0,110,1,n,4
2415,I2415,1500,1000,800,0.0,110,1,n,4
1023,I1023,1500,1000,800,0.0,110,1,n,4
3443,I3443,1500,1000,800,0.0,110,1,n,4
1264,I1264,1500,800,800,0.0,110,0,n,4
109,I0109,1500,800,800,1370.0,110,0,n,4
2590,I2590,1500,1000,800,0.0,110,1,n,4
4895,I4895,1500,800,800,0.0,110,0,n,4
3185,I3185,1500,800,800,0.0,110,0,n,4
1194,I1194,1500,800,800,1497.0,110,0,n,4
713,I0713,1500,1000,800,842.0,110,1,n,4
2187,I2187,1500,1000,800,824.0,110,1,n,4
1520,I1520,1500,1000,800,989.0,110,1,n,4
3420,I3420,1500,800,800,1060.0,110,0,n,4
2176,I2176,1500,1000,800,1027.0,110,1,n,4
3832,I3832,1500,1000,800,1391.0,110,1,n,4
2941,I2941,1500,1000,800,1478.0,110,1,n,4
4744,I4744,1500,800,800,0.0,110,0,n,4
436,I0436,1500,800,800,975.0,110,0,n,4
2537,I2537,1500,1000,800,0.0,110,1,n,4
1350,I1350,1500,1000,800,1155.0,110,1,n,4
753,I0753,1500,1000,800,0.0,110,1,n,4
3120,I3120,1500,800,800,0.0,110,0,n,4
1827,I1827,1500,800,800,0.0,110,0,n,4
587,I0587,1500,800,800,1077.0,110,0,n,4
2286,I2286,1500,800,800,0.0,110,0,n,4
85,I0085,1500,800,800,1147.0,110,0,n,4
1162,I1162,1500,1000,800,0.0,110,1,n,4
231,I0231,1500,800,800,1237.0,110,0,n,4
4348,I4348,1500,1000,800,0.0,110,1,n,4
12,I0012,1500,1000,800,1089.0,110,1,n,4
3634,I3634,1500,1000,800,0.0,110,1,n,4
3063,I3063,1500,800,800,1389.0,110,0,n,4
96,I0096,1500,800,800,0.0,110,0,n,4
1741,I1741,1500,800,800,1071.0,110,0,n,4
222,I0222,1500,1000,800,0.0,110,1,n,4
292,I0292,1500,1000,800,0.0,110,1,n,4
3733,I3733,1500,800,800,1002.0,110,0,n,4
1815,I1815,1500,800,800,0.0,110,0,n,4
336,I0336,1500,800,800,1315.0,110,0,n,4
10,I0010,1500,1000,800,0.0,110,1,n,4
3661,I3661,1500,800,800,1348.0,110,0,n,4
2628,I2628,1500,800,800,1254.0,110,0,n,4
4227,I4227,1500,800,800,0.0,110,0,n,4
2812,I2812,1500,1000,800,0.0,110,1,n,4
2022,I2022,1500,1000,800,799.0,110,1,n,4
2929,I2929,1500,800,800,898.0,110,0,n,4
3211,I3211,1500,800,800,0.0,110,0,n,4
4139,I4139,1500,1000,800,0.0,110,1,n,4
2583,I2583,1500,800,800,1232.0,110,0,n,4
878,I0878,1500,800,800,0.0,110,0,n,4
1897,I1897,1500,800,800,0.0,110,0,n,4
2722,I2722,1500,1000,800,0.0,110,1,n,4
2089,I2089,1500,800,800,814.0,110,0,n,4
3930,I3930,1500,800,800,0.0,110,0,n,4
4913,I4913,1500,1000,800,789.0,110,1,n,4
3279,I3279,1500,800,800,1040.0,110,0,n,4
1944,I1944,1500,800,800,0.0,110,0,n,4
1261,I1261,1500,1000,800,1496.0,110,1,n,4
3713,I3713,1500,800,800,0.0,110,0,n,4
4198,I4198,1500,800,800,826.0,110,0,n,4
3631,I3631,1500,800,800,0.0,110,0,n,4
1809,I1809,1500,1000,800,0.0,110,1,n,4
1531,I1531,1500,800,800,1427.0,110,0,n,4
2173,I2173,1500,1000,800,0.0,110,1,n,4
4912,I4912,1500,1000,800,1131.0,110,1,n,4
2060,I2060,1500,1000,800,0.0,110,1,n,4
2540,I2540,1500,1000,800,0.0,110,1,n,4
3647,I3647,1500,1000,800,1361.0,110,1,n,4
891,I0891,1500,800,800,892.0,110,0,n,4
2347,I2347,1500,800,800,0.0,110,0,n,4
2117,I2117,1500,800,800,1491.0,110,0,n,4
618,I0618,1500,800,800,1351.0,110,0,n,4
4854,I4854,1500,1000,800,1498.0,110,1,n,4
706,I0706,1500,800,800,0.0,110,0,n,4
1468,I1468,1500,1000,800,1487.0,110,1,n,4
2657,I2657,1500,1000,800,0.0,110,1,n,4
1387,I1387,1500,1000,800,0.0,110,1,n,4
566,I0566,1500,1000,800,0.0,110,1,n,4
1294,I1294,1500,1000,800,0.0,110,1,n,4
1064,I1064,1500,1000,800,1294.0,110,1,n,4
1148,I1148,1500,1000,800,932.0,110,1,n,4
3643,I3643,1500,1000,800,1138.0,110,1,n,4
4095,I4095,1500,1000,800,1415.0,110,1,n,4
2630,I2630,1500,1000,800,1181.0,110,1,n,4
4808,I4808,1500,800,800,1106.0,110,0,n,4
3628,I3628,1500,1000,800,1207.0,110,1,n,4
3721,I3721,1500,1000,800,0.0,110,1,n,4
4081,I4081,1500,800,800,1059.0,110,0,n,4
2461,I2461,1500,1000,800,1133.0,110,1,n,4
1221,I1221,1500,1000,800,1107.0,110,1,n,4
4677,I4677,1500,800,800,1269.0,110,0,n,4
671,I0671,1500,800,800,1072.0,110,0,n,4
286,I0286,1500,800,800,0.0,110,0,n,4
4746,I4746,1500,800,800,1172.0,110,0,n,4
275,I0275,1500,800,800,0.0,110,0,n,4
845,I0845,1500,1000,800,1431.0,110,1,n,4
4745,I4745,1500,800,800,0.0,110,0,n,4
2786,I2786,1500,1000,800,906.0,110,1,n,4
2940,I2940,1500,1000,800,948.0,110,1,n,4
3495,I3495,1500,1000,800,1528.0,110,1,n,4
4824,I4824,1500,1000,800,1142.0,110,1,n,4
3683,I3683,1500,800,800,1141.0,110,0,n,4
1484,I1484,1500,1000,800,1419.0,110,1,n,4
798,I0798,1500,800,800,0.0,110,0,n,4
3398,I3398,1500,800,800,0.0,110,0,n,4
718,I0718,1500,1000,800,1002.0,110,1,n,4
3833,I3833,1500,1000,800,0.0,110,1,n,4
4152,I4152,1500,1000,800,947.0,110,1,n,4
391,I0391,1500,800,800,1068.0,110,0,n,4
505,I0505,1500,1000,800,1244.0,110,1,n,4
3899,I3899,1500,800,800,941.0,110,0,n,4
4423,I4423,1500,1000,800,0.0,110,1,n,4
2254,I2254,1500,800,800,1453.0,110,0,n,4
4737,I4737,1500,800,800,1117.0,110,0,n,4
2555,I2555,1500,800,800,1142.0,110,0,n,4
269,I0269,1500,800,800,0.0,110,0,n,4
2248,I2248,1500,1000,800,0.0,110,1,n,4
437,I0437,1500,1000,800,1047.0,110,1,n,4
3182,I3182,1500,800,800,955.0,110,0,n,4
2131,I2131,1500,800,800,1157.0,110,0,n,4
2404,I2404,1500,800,800,890.0,110,0,n,4
2776,I2776,1500,800,800,1555.0,110,0,n,4
1730,I1730,1500,1000,800,0.0,110,1,n,4
2730,I2730,1500,1000,800,1074.0,110,1,n,4
1532,I1532,1500,1000,800,854.0,110,1,n,4
4108,I4108,1500,1000,800,1500.0,110,1,n,4
988,I0988,1500,1000,800,1082.0,110,1,n,4
135,I0135,1500,800,800,1463.0,110,0,n,4
1841,I1841,1500,800,800,1419.0,110,0,n,4
1114,I1114,1500,800,800,1007.0,110,0,n,4
742,I0742,1500,800,800,929.0,110,0,n,4
439,I0439,1500,800,800,1048.0,110,0,n,4
2815,I2815,1500,800,800,0.0,110,0,n,4
4354,I4354,1500,800,800,0.0,110,0,n,4
405,I0405,1500,1000,800,955.0,110,1,n,4
700,I0700,1500,1000,800,0.0,110,1,n,4
1129,I1129,1500,800,800,0.0,110,0,n,4
2674,I2674,1500,1000,800,1306.0,110,1,n,4
3247,I3247,1500,1000,800,1404.0,110,1,n,4
1500,I1500,1500,800,800,1382.0,110,0,n,4
677,I0677,1500,800,800,0.0,110,0,n,4
1472,I1472,1500,800,800,0.0,110,0,n,4
342,I0342,1500,800,800,0.0,110,0,n,4
2488,I2488,1500,800,800,1351.0,110,0,n,4
3379,I3379,1500,1000,800,1356.0,110,1,n,4
966,I0966,1500,800,800,0.0,110,0,n,4
4977,I4977,1500,800,800,0.0,110,0,n,4
1036,I1036,1500,1000,800,1542.0,110,1,n,4
654,I0654,1500,800,800,1557.0,110,0,n,4
4820,I4820,1500,1000,800,1179.0,110,1,n,4
4955,I4955,1500,1000,800,1156.0,110,1,n,4
2420,I2420,1500,800,800,0.0,110,0,n,4
4520,I4520,1500,800,800,0.0,110,0,n,4
1916,I1916,1500,800,800,1335.0,110,0,n,4
1340,I1340,1500,1000,800,1137.0,110,1,n,4
4868,I4868,1500,1000,800,0.0,110,1,n,4
4451,I4451,1500,1000,800,0.0,110,1,n,4
4171,I4171,1500,800,800,1038.0,110,0,n,4
4773,I4773,1500,800,800,0.0,110,0,n,4
918,I0918,1500,1000,800,954.0,110,1,n,4
4038,I4038,1500,1000,800,0.0,110,1,n,4
4936,I4936,1500,800,800,0.0,110,0,n,4
2820,I2820,1500,800,800,0.0,110,0,n,4
3228,I3228,1500,800,800,816.0,110,0,n,4
2080,I2080,1500,1000,800,0.0,110,1,n,4
2460,I2460,1500,1000,800,993.0,110,1,n,4
2766,I2766,1500,1000,800,0.0,110,1,n,4
2526,I2526,1500,800,800,0.0,110,0,n,4
4430,I4430,1500,1000,800,886.0,110,1,n,4
3324,I3324,1500,800,800,0.0,110,0,n,4
2802,I2802,1500,800,800,0.0,110,0,n,4
2378,I2378,1500,1000,800,0.0,110,1,n,4
2332,I2332,1500,1000,800,0.0,110,1,n,4
1582,I1582,1500,800,800,0.0,110,0,n,4
1176,I1176,1500,800,800,1090.0,110,0,n,4
2586,I2586,1500,1000,800,0.0,110,1,n,4
1075,I1075,1500,1000,800,0.0,110,1,n,4
4449,I4449,1500,1000,800,0.0,110,1,n,4
2497,I2497,1500,1000,800,0.0,110,1,n,4
4005,I4005,1500,800,800,0.0,110,0,n,4
4121,I4121,1500,1000,800,0.0,110,1,n,4
3581,I3581,1500,1000,800,1209.0,110,1,n,4
1514,I1514,1500,1000,800,1048.0,110,1,n,4
529,I0529,1500,1000,800,1253.0,110,1,n,4
944,I0944,1500,1000,800,1082.0,110,1,n,4
3917,I3917,1500,800,800,1510.0,110,0,n,4
2751,I2751,1500,1000,800,0.0,110,1,n,4
492,I0492,1500,1000,800,0.0,110,1,n,4
989,I0989,1500,800,800,0.0,110,0,n,4
4204,I4204,1500,800,800,1243.0,110,0,n,4
4493,I4493,1500,800,800,1379.0,110,0,n,4
1455,I1455,1500,800,800,0.0,110,0,n,4
467,I0467,1500,800,800,1188.0,110,0,n,4
1724,I1724,1500,1000,800,1438.0,110,1,n,4
4129,I4129,1500,800,800,1128.0,110,0,n,4
1576,I1576,1500,1000,800,1404.0,110,1,n,4
4200,I4200,1500,1000,800,0.0,110,1,n,4
605,I0605,1500,1000,800,0.0,110,1,n,4
1169,I1169,1500,800,800,1135.0,110,0,n,4
628,I0628,1500,1000,800,1330.0,110,1,n,4
729,I0729,1500,800,800,1582.0,110,0,n,4
4502,I4502,1500,1000,800,1258.0,110,1,n,4
1147,I1147,1500,1000,800,0.0,110,1,n,4
2238,I2238,1500,800,800,1002.0,110,0,n,4
621,I0621,1500,800,800,1054.0,110,0,n,4
4378,I4378,1500,800,800,0.0,110,0,n,4
3614,I3614,1500,1000,800,1406.0,110,1,n,4
3065,I3065,1500,800,800,949.0,110,0,n,4
3828,I3828,1500,1000,800,1545.0,110,1,n,4
2726,I2726,1500,800,800,0.0,110,0,n,4
563,I0563,1500,800,800,1365.0,110,0,n,4
4443,I4443,1500,1000,800,0.0,110,1,n,4
802,I0802,1500,1000,800,1157.0,110,1,n,4
1918,I1918,1500,1000,800,1243.0,110,1,n,4
2232,I2232,1500,800,800,0.0,110,0,n,4
2183,I2183,1500,1000,800,1453.0,110,1,n,4
379,I0379,1500,800,800,1489.0,110,0,n,4
4124,I4124,1500,1000,800,0.0,110,1,n,4
1669,I1669,1500,1000,800,0.0,110,1,n,4
3589,I3589,1500,800,800,0.0,110,0,n,4
151,I0151,1500,800,800,0.0,110,0,n,4
92,I0092,1500,1000,800,0.0,110,1,n,4
2198,I2198,1500,800,800,1129.0,110,0,n,4
3884,I3884,1500,800,800,793.0,110,0,n,4
4344,I4344,1500,1000,800,0.0,110,1,n,4
2968,I2968,1500,1000,800,1025.0,110,1,n,4
652,I0652,1500,800,800,0.0,110,0,n,4
1079,I1079,1500,800,800,0.0,110,0,n,4
1028,I1028,1500,1000,800,1165.0,110,1,n,4
752,I0752,1500,800,800,989.0,110,0,n,4
2088,I2088,1500,1000,800,1148.0,110,1,n,4
3206,I3206,1500,1000,800,0.0,110,1,n,4
933,I0933,1500,800,800,1548.0,110,0,n,4
1834,I1834,1500,800,800,1102.0,110,0,n,4
1659,I1659,1500,800,800,1104.0,110,0,n,4
2419,I2419,1500,800,800,1118.0,110,0,n,4
2199,I2199,1500,800,800,0.0,110,0,n,4
3978,I3978,1500,800,800,952.0,110,0,n,4
3386,I3386,1500,800,800,1556.0,110,0,n,4
1986,I1986,1500,800,800,0.0,110,0,n,4
3041,I3041,1500,1000,800,1016.0,110,1,n,4
1145,I1145,1500,800,800,0.0,110,0,n,4
967,I0967,1500,800,800,0.0,110,0,n,4
3004,I3004,1500,1000,800,0.0,110,1,n,4
3882,I3882,1500,800,800,1096.0,110,0,n,4
4641,I4641,1500,1000,800,0.0,110,1,n,4
2922,I2922,1500,800,800,0.0,110,0,n,4
1895,I1895,1500,800,800,0.0,110,0,n,4
120,I0120,1500,1000,800,1084.0,110,1,n,4
1337,I1337,1500,1000,800,940.0,110,1,n,4
4234,I4234,1500,800,800,1059.0,110,0,n,4
4042,I4042,1500,800,800,1411.0,110,0,n,4
3970,I3970,1500,800,800,0.0,110,0,n,4
1381,I1381,1500,1000,800,0.0,110,1,n,4
2047,I2047,1500,1000,800,0.0,110,1,n,4
470,I0470,1500,1000,800,869.0,110,1,n,4
1054,I1054,1500,800,800,1062.0,110,0,n,4
4927,I4927,1500,1000,800,1381.0,110,1,n,4
1516,I1516,1500,800,800,0.0,110,0,n,4
4455,I4455,1500,1000,800,1208.0,110,1,n,4
3348,I3348,1500,800,800,1125.0,110,0,n,4
1566,I1566,1500,800,800,1347.0,110,0,n,4
174,I0174,1500,800,800,1334.0,110,0,n,4
2031,I2031,1500,800,800,0.0,110,0,n,4
4709,I4709,1500,1000,800,1107.0,110,1,n,4
3862,I3862,1500,1000,800,0.0,110,1,n,4
4309,I4309,1500,1000,800,0.0,110,1,n,4
1401,I1401,1500,1000,800,1238.0,110,1,n,4
4605,I4605,1500,800,800,1085.0,110,0,n,4
3821,I3821,1500,1000,800,1026.0,110,1,n,4
2245,I2245,1500,800,800,0.0,110,0,n,4
2098,I2098,1500,1000,800,0.0,110,1,n,4
4331,I4331,1500,1000,800,0.0,110,1,n,4
3231,I3231,1500,800,800,0.0,110,0,n,4
3081,I3081,1500,1000,800,1132.0,110,1,n,4
836,I0836,1500,1000,800,0.0,110,1,n,4
3452,I3452,1500,1000,800,0.0,110,1,n,4
1812,I1812,1500,800,800,0.0,110,0,n,4
594,I0594,1500,800,800,0.0,110,0,n,4
3569,I3569,1500,800,800,0.0,110,0,n,4
2593,I2593,1500,800,800,0.0,110,0,n,4
4727,I4727,1500,800,800,0.0,110,0,n,4
2875,I2875,1500,800,800,1020.0,110,0,n,4
2479,I2479,1500,1000,800,0.0,110,1,n,4
1558,I1558,1500,800,800,0.0,110,0,n,4
575,I0575,1500,800,800,0.0,110,0,n,4
4159,I4159,1500,1000,800,0.0,110,1,n,4
4772,I4772,1500,1000,800,1027.0,110,1,n,4
4780,I4780,1500,800,800,1024.0,110,0,n,4
3059,I3059,1500,1000,800,0.0,110,1,n,4
43,I0043,1500,800,800,1172.0,110,0,n,4
189,I0189,1500,800,800,1371.0,110,0,n,4
4074,I4074,1500,800,800,0.0,110,0,n,4
3478,I3478,1500,800,800,0.0,110,0,n,4
274,I0274,1500,800,800,1489.0,110,0,n,4
4043,I4043,1500,800,800,1033.0,110,0,n,4
2015,I2015,1500,800,800,1452.0,110,0,n,4
3593,I3593,1500,1000,800,0.0,110,1,n,4
4653,I4653,1500,800,800,0.0,110,0,n,4
2553,I2553,1500,1000,800,0.0,110,1,n,4
3328,I3328,1500,1000,800,0.0,110,1,n,4
948,I0948,1500,800,800,0.0,110,0,n,4
4670,I4670,1500,800,800,1487.0,110,0,n,4
48,I0048,1500,800,800,958.0,110,0,n,4
4484,I4484,1500,800,800,864.0,110,0,n,4
1806,I1806,1500,800,800,1083.0,110,0,n,4
3432,I3432,1500,1000,800,993.0,110,1,n,4
2724,I2724,1500,1000,800,1440.0,110,1,n,4
480,I0480,1500,800,800,0.0,110,0,n,4
1606,I1606,1500,800,800,0.0,110,0,n,4
4702,I4702,1500,800,800,704.0,110,0,n,4
4689,I4689,1500,800,800,787.0,110,0,n,4
4794,I4794,1500,1000,800,825.0,110,1,n,4
4594,I4594,1500,1000,800,1212.0,110,1,n,4
981,I0981,1500,800,800,1265.0,110,0,n,4
4050,I4050,1500,800,800,1054.0,110,0,n,4
1095,I1095,1500,1000,800,955.0,110,1,n,4
4144,I4144,1500,800,800,994.0,110,0,n,4
1478,I1478,1500,800,800,0.0,110,0,n,4
4414,I4414,1500,800,800,0.0,110,0,n,4
768,I0768,1500,1000,800,1068.0,110,1,n,4
1682,I1682,1500,800,800,0.0,110,0,n,4
59,I0059,1500,800,800,0.0,110,0,n,4
740,I0740,1500,1000,800,0.0,110,1,n,4
543,I0543,1500,800,800,0.0,110,0,n,4
1853,I1853,1500,1000,800,770.0,110,1,n,4
4499,I4499,1500,1000,800,1001.0,110,1,n,4
1141,I1141,1500,1000,800,1230.0,110,1,n,4
4494,I4494,1500,800,800,1418.0,110,0,n,4
2861,I2861,1500,800,800,1012.0,110,0,n,4
341,I0341,1500,1000,800,0.0,110,1,n,4
4763,I4763,1500,800,800,0.0,110,0,n,4
2351,I2351,1500,800,800,580.0,110,0,n,4
1590,I1590,1500,800,800,1046.0,110,0,n,4
892,I0892,1500,1000,800,929.0,110,1,n,4
3903,I3903,1500,800,800,0.0,110,0,n,4
2317,I2317,1500,1000,800,0.0,110,1,n,4
4787,I4787,1500,800,800,1440.0,110,0,n,4
2033,I2033,1500,800,800,1210.0,110,0,n,4
1230,I1230,1500,800,800,992.0,110,0,n,4
3179,I3179,1500,800,800,1059.0,110,0,n,4
1092,I1092,1500,800,800,1360.0,110,0,n,4
0,I0000,1500,1000,800,977.0,110,1,n,4
1935,I1935,1500,1000,800,1502.0,110,1,n,4
2569,I2569,1500,800,800,1050.0,110,0,n,4
3212,I3212,1500,800,800,1075.0,110,0,n,4
2180,I2180,1500,800,800,0.0,110,0,n,4
4247,I4247,1500,1000,800,991.0,110,1,n,4
2813,I2813,1500,800,800,736.0,110,0,n,4
4575,I4575,1500,800,800,842.0,110,0,n,4
1351,I1351,1500,800,800,1260.0,110,0,n,4
4384,I4384,1500,800,800,1127.0,110,0,n,4
3817,I3817,1500,1000,800,1378.0,110,1,n,4
4855,I4855,1500,800,800,0.0,110,0,n,4
2036,I2036,1500,800,800,0.0,110,0,n,4
2273,I2273,1500,800,800,1010.0,110,0,n,4
2981,I2981,1500,1000,800,1439.0,110,1,n,4
2783,I2783,1500,1000,800,1388.0,110,1,n,4
2344,I2344,1500,1000,800,1131.0,110,1,n,4
1900,I1900,1500,1000,800,893.0,110,1,n,4
4751,I4751,1500,800,800,1304.0,110,0,n,4
3912,I3912,1500,1000,800,966.0,110,1,n,4
1818,I1818,1500,800,800,1491.0,110,0,n,4
1426,I1426,1500,1000,800,1386.0,110,1,n,4
122,I0122,1500,800,800,0.0,110,0,n,4
3425,I3425,1500,1000,800,0.0,110,1,n,4
2570,I2570,1500,800,800,0.0,110,0,n,4
629,I0629,1500,800,800,984.0,110,0,n,4
30,I0030,1500,800,800,957.0,110,0,n,4
4474,I4474,1500,800,800,900.0,110,0,n,4
4604,I4604,1500,800,800,1419.0,110,0,n,4
4347,I4347,1500,1000,800,1021.0,110,1,n,4
2725,I2725,1500,800,800,919.0,110,0,n,4
3592,I3592,1500,1000,800,1411.0,110,1,n,4
4950,I4950,1500,800,800,0.0,110,0,n,4
3983,I3983,1500,1000,800,0.0,110,1,n,4
813,I0813,1500,800,800,0.0,110,0,n,4
4021,I4021,1500,800,800,0.0,110,0,n,4
3173,I3173,1500,800,800,0.0,110,0,n,4
1643,I1643,1500,800,800,916.0,110,0,n,4
474,I0474,1500,1000,800,1142.0,110,1,n,4
4905,I4905,1500,800,800,0.0,110,0,n,4
4528,I4528,1500,1000,800,1456.0,110,1,n,4
951,I0951,1500,800,800,1284.0,110,0,n,4
4052,I4052,1500,1000,800,0.0,110,1,n,4
4335,I4335,1500,1000,800,0.0,110,1,n,4
4176,I4176,1500,1000,800,1126.0,110,1,n,4
2163,I2163,1500,800,800,1150.0,110,0,n,4
577,I0577,1500,800,800,1233.0,110,0,n,4
894,I0894,1500,800,800,707.0,110,0,n,4
4778,I4778,1500,800,800,1068.0,110,0,n,4
2718,I2718,1500,1000,800,0.0,110,1,n,4
3745,I3745,1500,800,800,0.0,110,0,n,4
2697,I2697,1500,1000,800,1026.0,110,1,n,4
256,I0256,1500,1000,800,1222.0,110,1,n,4
3728,I3728,1500,1000,800,0.0,110,1,n,4
4192,I4192,1500,1000,800,1207.0,110,1,n,4
3230,I3230,1500,800,800,0.0,110,0,n,4
1443,I1443,1500,800,800,1075.0,110,0,n,4
2125,I2125,1500,800,800,807.0,110,0,n,4
1848,I1848,1500,1000,800,0.0,110,1,n,4
634,I0634,1500,800,800,0.0,110,0,n,4
564,I0564,1500,1000,800,1340.0,110,1,n,4
4426,I4426,1500,800,800,1487.0,110,0,n,4
3246,I3246,1500,1000,800,1166.0,110,1,n,4
2535,I2535,1500,800,800,1429.0,110,0,n,4
1863,I1863,1500,800,800,0.0,110,0,n,4
754,I0754,1500,800,800,1214.0,110,0,n,4
3812,I3812,1500,1000,800,1077.0,110,1,n,4
4730,I4730,1500,800,800,0.0,110,0,n,4
1422,I1422,1500,800,800,963.0,110,0,n,4
884,I0884,1500,1000,800,0.0,110,1,n,4
267,I0267,1500,1000,800,1359.0,110,1,n,4
1233,I1233,1500,800,800,1080.0,110,0,n,4
3539,I3539,1500,800,800,0.0,110,0,n,4
1580,I1580,1500,800,800,0.0,110,0,n,4
2728,I2728,1500,1000,800,0.0,110,1,n,4
3455,I3455,1500,800,800,1046.0,110,0,n,4
1374,I1374,1500,800,800,1317.0,110,0,n,4
3155,I3155,1500,1000,800,1424.0,110,1,n,4
695,I0695,1500,800,800,0.0,110,0,n,4
3510,I3510,1500,1000,800,1231.0,110,1,n,4
1984,I1984,1500,800,800,1070.0,110,0,n,4
104,I0104,1500,800,800,0.0,110,0,n,4
4541,I4541,1500,1000,800,0.0,110,1,n,4
2087,I2087,1500,800,800,1213.0,110,0,n,4
734,I0734,1500,1000,800,989.0,110,1,n,4
2444,I2444,1500,800,800,1301.0,110,0,n,4
976,I0976,1500,800,800,759.0,110,0,n,4
4126,I4126,1500,800,800,0.0,110,0,n,4
4210,I4210,1500,800,800,0.0,110,0,n,4
3136,I3136,1500,1000,800,1105.0,110,1,n,4
3861,I3861,1500,800,800,1375.0,110,0,n,4
606,I0606,1500,800,800,0.0,110,0,n,4
4404,I4404,1500,800,800,0.0,110,0,n,4
4184,I4184,1500,800,800,0.0,110,0,n,4
1041,I1041,1500,1000,800,814.0,110,1,n,4
1885,I1885,1500,800,800,0.0,110,0,n,4
4325,I4325,1500,800,800,0.0,110,0,n,4
1700,I1700,1500,800,800,0.0,110,0,n,4
4652,I4652,1500,1000,800,748.0,110,1,n,4
2894,I2894,1500,1000,800,1331.0,110,1,n,4
1315,I1315,1500,800,800,1405.0,110,0,n,4
2059,I2059,1500,1000,800,1162.0,110,1,n,4
4233,I4233,1500,1000,800,0.0,110,1,n,4
4985,I4985,1500,1000,800,1279.0,110,1,n,4
4013,I4013,1500,800,800,0.0,110,0,n,4
3516,I3516,1500,1000,800,0.0,110,1,n,4
3673,I3673,1500,1000,800,0.0,110,1,n,4
1022,I1022,1500,800,800,827.0,110,0,n,4
2216,I2216,1500,800,800,1023.0,110,0,n,4
2292,I2292,1500,1000,800,1398.0,110,1,n,4
4839,I4839,1500,1000,800,0.0,110,1,n,4
409,I0409,1500,800,800,0.0,110,0,n,4
1034,I1034,1500,1000,800,1220.0,110,1,n,4
1501,I1501,1500,1000,800,0.0,110,1,n,4
1704,I1704,1500,800,800,1073.0,110,0,n,4
780,I0780,1500,1000,800,0.0,110,1,n,4
4376,I4376,1500,800,800,1417.0,110,0,n,4
2778,I2778,1500,800,800,0.0,110,0,n,4
4598,I4598,1500,800,800,1537.0,110,0,n,4
3671,I3671,1500,1000,800,0.0,110,1,n,4
4544,I4544,1500,800,800,1141.0,110,0,n,4
1772,I1772,1500,1000,800,1217.0,110,1,n,4
1923,I1923,1500,1000,800,0.0,110,1,n,4
4011,I4011,1500,800,800,0.0,110,0,n,4
3208,I3208,1500,1000,800,1069.0,110,1,n,4
4229,I4229,1500,800,800,1357.0,110,0,n,4
4649,I4649,1500,800,800,0.0,110,0,n,4
4940,I4940,1500,1000,800,1316.0,110,1,n,4
2827,I2827,1500,800,800,0.0,110,0,n,4
335,I0335,1500,800,800,0.0,110,0,n,4
2577,I2577,1500,800,800,0.0,110,0,n,4
4976,I4976,1500,800,800,1332.0,110,0,n,4
521,I0521,1500,1000,800,0.0,110,1,n,4
321,I0321,1500,1000,800,1050.0,110,1,n,4
3336,I3336,1500,800,800,0.0,110,0,n,4
1696,I1696,1500,1000,800,0.0,110,1,n,4
3236,I3236,1500,1000,800,990.0,110,1,n,4
4291,I4291,1500,800,800,1341.0,110,0,n,4
3402,I3402,1500,800,800,0.0,110,0,n,4
749,I0749,1500,800,800,0.0,110,0,n,4
4113,I4113,1500,1000,800,1295.0,110,1,n,4
4951,I4951,1500,1000,800,1141.0,110,1,n,4
206,I0206,1500,800,800,1460.0,110,0,n,4
4082,I4082,1500,800,800,0.0,110,0,n,4
422,I0422,1500,1000,800,820.0,110,1,n,4
979,I0979,1500,1000,800,0.0,110,1,n,4
2267,I2267,1500,1000,800,0.0,110,1,n,4
3848,I3848,1500,1000,800,0.0,110,1,n,4
2381,I2381,1500,1000,800,926.0,110,1,n,4
3187,I3187,1500,800,800,1379.0,110,0,n,4
746,I0746,1500,1000,800,0.0,110,1,n,4
3393,I3393,1500,1000,800,0.0,110,1,n,4
4749,I4749,1500,800,800,1254.0,110,0,n,4
4522,I4522,1500,800,800,1323.0,110,0,n,4
2041,I2041,1500,1000,800,1122.0,110,1,n,4
4305,I4305,1500,800,800,861.0,110,0,n,4
1842,I1842,1500,1000,800,1375.0,110,1,n,4
4241,I4241,1500,1000,800,0.0,110,1,n,4
367,I0367,1500,1000,800,1115.0,110,1,n,4
4327,I4327,1500,800,800,0.0,110,0,n,4
4400,I4400,1500,800,800,1071.0,110,0,n,4
214,I0214,1500,800,800,1047.0,110,0,n,4
2164,I2164,1500,1000,800,820.0,110,1,n,4
3621,I3621,1500,800,800,1387.0,110,0,n,4
1526,I1526,1500,800,800,1437.0,110,0,n,4
4020,I4020,1500,1000,800,1494.0,110,1,n,4
2562,I2562,1500,1000,800,1330.0,110,1,n,4
3092,I3092,1500,1000,800,1289.0,110,1,n,4
2996,I2996,1500,1000,800,0.0,110,1,n,4
2275,I2275,1500,1000,800,1441.0,110,1,n,4
4031,I4031,1500,1000,800,1469.0,110,1,n,4
547,I0547,1500,800,800,0.0,110,0,n,4
1102,I1102,1500,800,800,0.0,110,0,n,4
3553,I3553,1500,800,800,0.0,110,0,n,4
1667,I1667,1500,800,800,857.0,110,0,n,4
2405,I2405,1500,800,800,0.0,110,0,n,4
4112,I4112,1500,1000,800,774.0,110,1,n,4
1302,I1302,1500,800,800,0.0,110,0,n,4
1745,I1745,1500,800,800,989.0,110,0,n,4
3178,I3178,1500,1000,800,1110.0,110,1,n,4
