,id_item,length,width,height,weight,nesting_height,stackability_code,forced_orientation,max_stackability
2757,I2757,1500,1000,615,383.0,100,7,n,4
6212,I6212,1500,1000,615,127.0,100,7,n,4
27,I0027,1500,800,615,231.0,100,5,n,4
4570,I4570,800,460,615,459.0,100,0,n,3
4531,I4531,800,500,615,318.0,100,1,n,3
4722,I4722,800,600,615,382.0,100,2,n,3
2594,I2594,800,500,615,390.0,100,1,l,3
3255,I3255,800,500,615,288.0,100,1,n,3
4593,I4593,800,460,615,0.0,100,0,n,3
5704,I5704,800,600,615,403.0,100,2,n,3
4578,I4578,1000,800,615,301.0,100,3,l,4
2212,I2212,800,600,615,196.0,100,2,n,3
4308,I4308,800,500,615,251.0,100,1,l,3
28,I0028,1200,800,615,122.0,100,4,n,4
161,I0161,1500,1000,615,313.0,100,7,n,4
2339,I2339,800,500,615,102.0,100,1,n,3
2559,I2559,800,600,615,221.0,100,2,n,3
2476,I2476,1500,1000,615,443.0,100,7,n,4
728,I0728,800,600,615,145.0,100,2,n,3
2654,I2654,1500,1000,615,334.0,100,7,n,4
986,I0986,1500,1000,615,283.0,100,7,n,4
5978,I5978,800,500,615,373.0,100,1,n,3
5998,I5998,1500,1000,615,300.0,100,7,n,4
3979,I3979,800,460,615,393.0,100,0,w,3
6190,I6190,1000,800,615,168.0,100,3,n,4
5701,I5701,1200,1000,615,271.0,100,6,n,4
5588,I5588,800,460,615,110.0,100,0,n,3
104,I0104,1000,800,615,352.0,100,3,n,4
1699,I1699,1200,800,615,314.0,100,4,n,4
4400,I4400,1200,1000,615,133.0,100,6,l,4
4501,I4501,800,600,615,190.0,100,2,n,3
4756,I4756,1200,800,615,0.0,100,4,n,4
2291,I2291,800,460,615,0.0,100,0,n,3
2590,I2590,800,600,615,330.0,100,2,n,3
5628,I5628,1200,1000,615,292.0,100,6,n,4
3595,I3595,800,600,615,328.0,100,2,n,3
2686,I2686,1500,1000,615,408.0,100,7,n,4
1542,I1542,800,500,615,0.0,100,1,n,3
3473,I3473,1200,1000,615,241.0,100,6,w,4
225,I0225,800,600,615,456.0,100,2,n,3
4851,I4851,800,600,615,289.0,100,2,n,3
6145,I6145,1200,800,615,0.0,100,4,w,4
5579,I5579,800,500,615,294.0,100,1,n,3
5216,I5216,1500,1000,615,89.0,100,7,n,4
4600,I4600,1500,800,615,209.0,100,5,n,4
3404,I3404,1500,800,615,207.0,100,5,l,4
2364,I2364,800,460,615,216.0,100,0,n,3
4275,I4275,800,500,615,244.0,100,1,n,3
6426,I6426,1500,800,615,232.0,100,5,n,4
2180,I2180,1200,800,615,0.0,100,4,n,4
5844,I5844,1500,800,615,277.0,100,5,n,4
5083,I5083,1000,800,615,130.0,100,3,l,4
5646,I5646,1200,800,615,423.0,100,4,n,4
1703,I1703,1200,1000,615,392.0,100,6,n,4
5859,I5859,1500,1000,615,190.0,100,7,n,4
2794,I2794,800,600,615,169.0,100,2,n,3
1152,I1152,800,500,615,324.0,100,1,l,3
2623,I2623,800,600,615,213.0,100,2,n,3
475,I0475,1000,800,615,181.0,100,3,n,4
4295,I4295,1200,1000,615,458.0,100,6,n,4
1003,I1003,800,500,615,340.0,100,1,w,3
314,I0314,1500,1000,615,120.0,100,7,n,4
3598,I3598,800,500,615,289.0,100,1,n,3
2889,I2889,1200,800,615,0.0,100,4,l,4
3685,I3685,1500,800,615,153.0,100,5,n,4
4861,I4861,1500,1000,615,299.0,100,7,n,4
1936,I1936,800,500,615,313.0,100,1,n,3
6306,I6306,800,600,615,307.0,100,2,n,3
3955,I3955,1000,800,615,197.0,100,3,n,4
1666,I1666,800,600,615,320.0,100,2,n,3
3290,I3290,800,600,615,202.0,100,2,n,3
5038,I5038,1000,800,615,233.0,100,3,n,4
1120,I1120,800,600,615,216.0,100,2,n,3
6126,I6126,1500,1000,615,407.0,100,7,w,4
4976,I4976,1200,800,615,389.0,100,4,n,4
5132,I5132,1500,1000,615,359.0,100,7,n,4
4760,I4760,1200,1000,615,0.0,100,6,n,4
840,I0840,1500,800,615,187.0,100,5,n,4
188,I0188,1200,800,615,349.0,100,4,n,4
2724,I2724,1500,800,615,350.0,100,5,n,4
5558,I5558,1500,1000,615,206.0,100,7,n,4
3981,I3981,800,460,615,358.0,100,0,n,3
782,I0782,800,460,615,136.0,100,0,w,3
4871,I4871,1500,800,615,275.0,100,5,n,4
3568,I3568,1500,800,615,317.0,100,5,n,4
5107,I5107,1200,800,615,402.0,100,4,n,4
3928,I3928,1200,800,615,0.0,100,4,n,4
5685,I5685,1000,800,615,326.0,100,3,n,4
1829,I1829,800,600,615,121.0,100,2,n,3
3682,I3682,800,500,615,123.0,100,1,n,3
4860,I4860,800,600,615,400.0,100,2,n,3
3400,I3400,1500,1000,615,258.0,100,7,n,4
4609,I4609,800,500,615,184.0,100,1,n,3
2591,I2591,1500,1000,615,172.0,100,7,n,4
4363,I4363,800,600,615,204.0,100,2,n,3
3330,I3330,800,500,615,205.0,100,1,n,3
1034,I1034,1200,800,615,105.0,100,4,n,4
3267,I3267,1200,800,615,217.0,100,4,n,4
3076,I3076,1000,800,615,332.0,100,3,n,4
113,I0113,1500,1000,615,409.0,100,7,n,4
2284,I2284,800,460,615,161.0,100,0,w,3
2323,I2323,1500,800,615,314.0,100,5,n,4
2926,I2926,1200,1000,615,124.0,100,6,n,4
209,I0209,1000,800,615,171.0,100,3,n,4
3208,I3208,800,460,615,209.0,100,0,n,3
5247,I5247,1000,800,615,235.0,100,3,n,4
3672,I3672,800,460,615,0.0,100,0,n,3
5009,I5009,800,460,615,278.0,100,0,n,3
360,I0360,1200,1000,615,162.0,100,6,w,4
3947,I3947,1200,800,615,370.0,100,4,n,4
5221,I5221,1000,800,615,156.0,100,3,n,4
5621,I5621,800,600,615,359.0,100,2,l,3
3314,I3314,1200,800,615,96.0,100,4,l,4
4046,I4046,1500,1000,615,396.0,100,7,n,4
5390,I5390,1200,1000,615,116.0,100,6,w,4
2583,I2583,1500,800,615,341.0,100,5,n,4
961,I0961,800,460,615,223.0,100,0,n,3
294,I0294,800,600,615,358.0,100,2,n,3
4623,I4623,1200,1000,615,194.0,100,6,n,4
3258,I3258,1200,1000,615,369.0,100,6,n,4
1180,I1180,1500,800,615,0.0,100,5,n,4
4942,I4942,800,600,615,351.0,100,2,n,3
3340,I3340,800,500,615,167.0,100,1,n,3
2871,I2871,1500,1000,615,219.0,100,7,w,4
926,I0926,1000,800,615,408.0,100,3,w,4
4440,I4440,800,460,615,306.0,100,0,n,3
790,I0790,1500,800,615,258.0,100,5,n,4
109,I0109,1500,800,615,0.0,100,5,l,4
2779,I2779,1200,1000,615,177.0,100,6,n,4
428,I0428,1500,1000,615,413.0,100,7,n,4
174,I0174,800,500,615,328.0,100,1,n,3
5037,I5037,1200,1000,615,296.0,100,6,n,4
2085,I2085,800,500,615,230.0,100,1,w,3
5788,I5788,800,600,615,178.0,100,2,n,3
376,I0376,1200,800,615,160.0,100,4,n,4
3505,I3505,800,500,615,296.0,100,1,n,3
6054,I6054,800,600,615,193.0,100,2,n,3
722,I0722,800,600,615,245.0,100,2,n,3
3712,I3712,800,500,615,358.0,100,1,w,3
5690,I5690,1500,800,615,139.0,100,5,w,4
1915,I1915,1200,1000,615,0.0,100,6,l,4
2694,I2694,1200,1000,615,174.0,100,6,n,4
2220,I2220,1500,1000,615,247.0,100,7,l,4
3924,I3924,1500,1000,615,292.0,100,7,n,4
5673,I5673,800,500,615,358.0,100,1,n,3
2398,I2398,1000,800,615,345.0,100,3,n,4
281,I0281,1200,800,615,270.0,100,4,n,4
1701,I1701,1200,800,615,269.0,100,4,n,4
3486,I3486,1200,1000,615,248.0,100,6,n,4
405,I0405,1200,1000,615,170.0,100,6,n,4
1139,I1139,1000,800,615,249.0,100,3,n,4
1143,I1143,1200,800,615,246.0,100,4,n,4
4208,I4208,1500,1000,615,329.0,100,7,n,4
5200,I5200,1500,800,615,246.0,100,5,n,4
1548,I1548,1200,1000,615,206.0,100,6,l,4
5851,I5851,1000,800,615,263.0,100,3,n,4
2321,I2321,800,460,615,248.0,100,0,n,3
4847,I4847,1200,1000,615,335.0,100,6,n,4
2938,I2938,1200,800,615,0.0,100,4,l,4
97,I0097,1000,800,615,0.0,100,3,n,4
470,I0470,1500,1000,615,127.0,100,7,n,4
4735,I4735,800,600,615,0.0,100,2,n,3
6263,I6263,800,500,615,164.0,100,1,n,3
5326,I5326,1200,1000,615,474.0,100,6,n,4
738,I0738,1200,800,615,419.0,100,4,w,4
135,I0135,1200,1000,615,284.0,100,6,n,4
3067,I3067,800,500,615,379.0,100,1,w,3
2804,I2804,1200,800,615,433.0,100,4,n,4
6214,I6214,1500,1000,615,469.0,100,7,l,4
257,I0257,1200,1000,615,444.0,100,6,n,4
6010,I6010,800,500,615,348.0,100,1,l,3
5295,I5295,1500,1000,615,369.0,100,7,n,4
574,I0574,800,600,615,386.0,100,2,l,3
1585,I1585,800,600,615,273.0,100,2,n,3
4389,I4389,800,460,615,273.0,100,0,n,3
3276,I3276,800,460,615,322.0,100,0,n,3
5632,I5632,1500,1000,615,433.0,100,7,l,4
1801,I1801,800,500,615,233.0,100,1,n,3
1341,I1341,800,460,615,240.0,100,0,n,3
6205,I6205,800,600,615,325.0,100,2,n,3
2975,I2975,1500,1000,615,453.0,100,7,n,4
2733,I2733,800,500,615,371.0,100,1,n,3
3494,I3494,1500,1000,615,252.0,100,7,n,4
4480,I4480,800,460,615,413.0,100,0,n,3
5653,I5653,800,500,615,105.0,100,1,n,3
2612,I2612,1200,1000,615,333.0,100,6,w,4
4702,I4702,1000,800,615,0.0,100,3,n,4
4457,I4457,1500,1000,615,345.0,100,7,n,4
1920,I1920,800,600,615,241.0,100,2,n,3
1903,I1903,1500,800,615,302.0,100,5,l,4
4273,I4273,1200,1000,615,330.0,100,6,n,4
5359,I5359,1200,800,615,307.0,100,4,n,4
5026,I5026,1500,1000,615,360.0,100,7,n,4
836,I0836,1500,800,615,189.0,100,5,n,4
3337,I3337,1200,1000,615,327.0,100,6,n,4
6015,I6015,1000,800,615,183.0,100,3,w,4
6404,I6404,800,500,615,198.0,100,1,n,3
3770,I3770,800,460,615,214.0,100,0,n,3
6036,I6036,800,460,615,215.0,100,0,n,3
3610,I3610,800,500,615,351.0,100,1,n,3
6370,I6370,1500,800,615,300.0,100,5,n,4
1051,I1051,800,460,615,409.0,100,0,l,3
3448,I3448,1500,800,615,305.0,100,5,l,4
2142,I2142,1200,800,615,442.0,100,4,n,4
2499,I2499,1500,1000,615,0.0,100,7,n,4
6274,I6274,1200,800,615,368.0,100,4,l,4
1507,I1507,800,500,615,0.0,100,1,n,3
5432,I5432,800,460,615,238.0,100,0,n,3
5051,I5051,800,600,615,457.0,100,2,n,3
1210,I1210,1200,1000,615,300.0,100,6,n,4
6175,I6175,800,500,615,390.0,100,1,n,3
1713,I1713,1200,800,615,233.0,100,4,n,4
4434,I4434,1200,800,615,270.0,100,4,n,4
716,I0716,800,460,615,217.0,100,0,n,3
6122,I6122,800,500,615,362.0,100,1,n,3
2146,I2146,1200,1000,615,440.0,100,6,w,4
3032,I3032,1000,800,615,381.0,100,3,n,4
485,I0485,1000,800,615,0.0,100,3,n,4
115,I0115,800,600,615,174.0,100,2,n,3
2207,I2207,800,460,615,362.0,100,0,n,3
4500,I4500,1500,800,615,227.0,100,5,n,4
6261,I6261,800,600,615,121.0,100,2,n,3
4705,I4705,1500,1000,615,219.0,100,7,n,4
5993,I5993,1000,800,615,141.0,100,3,n,4
3293,I3293,1200,800,615,391.0,100,4,n,4
5020,I5020,1200,800,615,374.0,100,4,w,4
5674,I5674,1500,1000,615,289.0,100,7,n,4
3164,I3164,1200,800,615,200.0,100,4,n,4
5571,I5571,800,600,615,213.0,100,2,n,3
4983,I4983,1200,1000,615,311.0,100,6,n,4
4231,I4231,800,500,615,401.0,100,1,n,3
5676,I5676,800,460,615,203.0,100,0,n,3
2894,I2894,1500,800,615,276.0,100,5,l,4
868,I0868,1000,800,615,302.0,100,3,n,4
2120,I2120,1500,1000,615,167.0,100,7,n,4
5562,I5562,1500,1000,615,0.0,100,7,n,4
679,I0679,800,460,615,158.0,100,0,n,3
4955,I4955,1200,1000,615,191.0,100,6,n,4
1503,I1503,1200,1000,615,366.0,100,6,n,4
3590,I3590,800,600,615,112.0,100,2,n,3
125,I0125,1200,800,615,317.0,100,4,n,4
1251,I1251,1000,800,615,293.0,100,3,n,4
685,I0685,800,500,615,292.0,100,1,n,3
3057,I3057,800,460,615,459.0,100,0,n,3
4873,I4873,1500,1000,615,0.0,100,7,n,4
6321,I6321,800,600,615,136.0,100,2,l,3
1265,I1265,1200,1000,615,218.0,100,6,n,4
881,I0881,1200,800,615,209.0,100,4,l,4
5895,I5895,800,500,615,402.0,100,1,n,3
593,I0593,1000,800,615,404.0,100,3,n,4
3506,I3506,1500,1000,615,185.0,100,7,n,4
3748,I3748,800,460,615,216.0,100,0,l,3
358,I0358,1500,800,615,250.0,100,5,n,4
6137,I6137,1500,800,615,217.0,100,5,n,4
4297,I4297,1000,800,615,370.0,100,3,n,4
3782,I3782,800,600,615,247.0,100,2,n,3
5845,I5845,800,600,615,176.0,100,2,n,3
3475,I3475,1500,800,615,435.0,100,5,n,4
2439,I2439,800,460,615,247.0,100,0,w,3
1536,I1536,800,600,615,285.0,100,2,n,3
5519,I5519,800,500,615,206.0,100,1,n,3
4314,I4314,1500,1000,615,207.0,100,7,n,4
4668,I4668,1500,800,615,417.0,100,5,n,4
1074,I1074,800,500,615,356.0,100,1,n,3
4694,I4694,1500,800,615,254.0,100,5,n,4
1285,I1285,1200,800,615,454.0,100,4,n,4
2461,I2461,1000,800,615,180.0,100,3,l,4
2929,I2929,1200,1000,615,145.0,100,6,n,4
3593,I3593,800,600,615,203.0,100,2,n,3
1594,I1594,1500,1000,615,237.0,100,7,n,4
1925,I1925,1500,1000,615,311.0,100,7,w,4
1406,I1406,1500,1000,615,331.0,100,7,l,4
483,I0483,1200,800,615,321.0,100,4,n,4
5812,I5812,1000,800,615,322.0,100,3,n,4
5590,I5590,800,600,615,216.0,100,2,n,3
3073,I3073,800,460,615,301.0,100,0,n,3
621,I0621,800,500,615,358.0,100,1,n,3
6061,I6061,800,460,615,166.0,100,0,n,3
2032,I2032,800,600,615,397.0,100,2,n,3
3539,I3539,800,500,615,391.0,100,1,n,3
4911,I4911,1500,1000,615,233.0,100,7,w,4
1302,I1302,800,460,615,413.0,100,0,n,3
78,I0078,1500,1000,615,161.0,100,7,n,4
4869,I4869,1500,1000,615,309.0,100,7,n,4
3460,I3460,800,460,615,0.0,100,0,n,3
1796,I1796,1200,800,615,320.0,100,4,n,4
3859,I3859,1200,1000,615,313.0,100,6,n,4
2301,I2301,800,500,615,261.0,100,1,n,3
252,I0252,800,600,615,355.0,100,2,n,3
1850,I1850,1000,800,615,255.0,100,3,n,4
2259,I2259,1200,1000,615,223.0,100,6,n,4
1790,I1790,800,460,615,148.0,100,0,n,3
5866,I5866,1000,800,615,117.0,100,3,n,4
1943,I1943,1000,800,615,354.0,100,3,n,4
190,I0190,800,600,615,0.0,100,2,n,3
3254,I3254,800,500,615,367.0,100,1,n,3
6314,I6314,800,500,615,461.0,100,1,n,3
3086,I3086,1200,800,615,0.0,100,4,n,4
3504,I3504,800,500,615,368.0,100,1,n,3
513,I0513,800,500,615,225.0,100,1,n,3
4937,I4937,800,500,615,228.0,100,1,n,3
2828,I2828,800,600,615,0.0,100,2,l,3
1764,I1764,800,600,615,124.0,100,2,n,3
2789,I2789,800,460,615,91.0,100,0,n,3
1246,I1246,800,500,615,381.0,100,1,n,3
3842,I3842,1000,800,615,291.0,100,3,n,4
84,I0084,1000,800,615,269.0,100,3,w,4
5422,I5422,1200,1000,615,385.0,100,6,n,4
2195,I2195,1500,1000,615,102.0,100,7,n,4
2399,I2399,1000,800,615,0.0,100,3,n,4
3631,I3631,1200,1000,615,358.0,100,6,n,4
5672,I5672,1000,800,615,429.0,100,3,w,4
186,I0186,1000,800,615,345.0,100,3,n,4
4576,I4576,800,460,615,263.0,100,0,n,3
1036,I1036,1500,800,615,371.0,100,5,n,4
713,I0713,1200,800,615,235.0,100,4,n,4
5115,I5115,1500,1000,615,434.0,100,7,n,4
1655,I1655,800,600,615,207.0,100,2,n,3
4018,I4018,800,600,615,277.0,100,2,n,3
1256,I1256,1200,1000,615,274.0,100,6,n,4
5298,I5298,800,500,615,309.0,100,1,n,3
89,I0089,1500,1000,615,221.0,100,7,n,4
4461,I4461,1000,800,615,172.0,100,3,n,4
3282,I3282,1000,800,615,0.0,100,3,l,4
3649,I3649,1000,800,615,237.0,100,3,n,4
1622,I1622,800,500,615,365.0,100,1,n,3
3249,I3249,1500,1000,615,253.0,100,7,n,4
4643,I4643,1200,1000,615,231.0,100,6,l,4
4492,I4492,1500,800,615,392.0,100,5,n,4
3692,I3692,800,600,615,327.0,100,2,n,3
947,I0947,1500,1000,615,444.0,100,7,n,4
5524,I5524,1200,1000,615,180.0,100,6,n,4
1945,I1945,1200,1000,615,210.0,100,6,w,4
5324,I5324,800,460,615,371.0,100,0,l,3
5296,I5296,1000,800,615,365.0,100,3,n,4
1754,I1754,800,500,615,375.0,100,1,w,3
4846,I4846,1500,1000,615,369.0,100,7,n,4
4977,I4977,800,500,615,303.0,100,1,n,3
442,I0442,800,460,615,83.0,100,0,l,3
4646,I4646,1500,800,615,229.0,100,5,n,4
142,I0142,1500,800,615,0.0,100,5,w,4
581,I0581,1500,1000,615,462.0,100,7,n,4
4074,I4074,1200,800,615,170.0,100,4,n,4
6098,I6098,1500,1000,615,240.0,100,7,n,4
1934,I1934,800,460,615,323.0,100,0,w,3
5589,I5589,800,500,615,0.0,100,1,w,3
2013,I2013,1200,800,615,393.0,100,4,n,4
17,I0017,800,600,615,362.0,100,2,n,3
1079,I1079,1200,800,615,0.0,100,4,n,4
5925,I5925,1500,1000,615,285.0,100,7,n,4
4870,I4870,1000,800,615,198.0,100,3,n,4
3886,I3886,1000,800,615,162.0,100,3,n,4
3131,I3131,1000,800,615,160.0,100,3,n,4
4780,I4780,1200,1000,615,250.0,100,6,w,4
3910,I3910,800,600,615,173.0,100,2,n,3
2500,I2500,1500,800,615,358.0,100,5,n,4
3863,I3863,1200,1000,615,126.0,100,6,n,4
158,I0158,1200,800,615,378.0,100,4,l,4
2269,I2269,1000,800,615,328.0,100,3,n,4
565,I0565,800,500,615,211.0,100,1,w,3
5705,I5705,800,500,615,239.0,100,1,n,3
2115,I2115,1200,800,615,296.0,100,4,n,4
5556,I5556,1500,1000,615,283.0,100,7,n,4
6293,I6293,1200,800,615,257.0,100,4,n,4
5167,I5167,1500,1000,615,0.0,100,7,n,4
4398,I4398,800,500,615,227.0,100,1,w,3
343,I0343,1500,800,615,0.0,100,5,l,4
5775,I5775,1200,800,615,0.0,100,4,w,4
5134,I5134,1200,800,615,264.0,100,4,n,4
5659,I5659,800,460,615,231.0,100,0,n,3
3185,I3185,1500,1000,615,251.0,100,7,n,4
3168,I3168,1200,1000,615,297.0,100,6,n,4
1979,I1979,1500,1000,615,130.0,100,7,w,4
5899,I5899,800,500,615,239.0,100,1,n,3
6248,I6248,1500,800,615,231.0,100,5,n,4
5596,I5596,800,600,615,340.0,100,2,n,3
554,I0554,1200,800,615,0.0,100,4,n,4
2422,I2422,800,500,615,236.0,100,1,n,3
6395,I6395,1200,800,615,145.0,100,4,n,4
1088,I1088,1500,1000,615,353.0,100,7,n,4
273,I0273,800,600,615,245.0,100,2,n,3
1110,I1110,1000,800,615,0.0,100,3,n,4
5939,I5939,800,460,615,192.0,100,0,n,3
5169,I5169,800,460,615,468.0,100,0,n,3
1358,I1358,800,460,615,189.0,100,0,n,3
4877,I4877,1500,1000,615,196.0,100,7,l,4
1337,I1337,800,460,615,118.0,100,0,n,3
939,I0939,800,460,615,208.0,100,0,n,3
2753,I2753,1500,1000,615,0.0,100,7,w,4
3704,I3704,1500,1000,615,279.0,100,7,n,4
1670,I1670,800,500,615,247.0,100,1,n,3
1804,I1804,800,500,615,228.0,100,1,n,3
2997,I2997,1200,800,615,370.0,100,4,n,4
1702,I1702,1000,800,615,286.0,100,3,n,4
3730,I3730,800,500,615,328.0,100,1,n,3
2401,I2401,1200,1000,615,269.0,100,6,w,4
6076,I6076,1000,800,615,0.0,100,3,n,4
4838,I4838,1500,800,615,292.0,100,5,l,4
2904,I2904,800,500,615,0.0,100,1,n,3
4039,I4039,1200,800,615,363.0,100,4,n,4
600,I0600,800,500,615,323.0,100,1,n,3
4490,I4490,800,460,615,425.0,100,0,w,3
5150,I5150,1000,800,615,358.0,100,3,l,4
6236,I6236,1000,800,615,259.0,100,3,n,4
215,I0215,800,460,615,176.0,100,0,l,3
5896,I5896,800,600,615,224.0,100,2,n,3
2492,I2492,1500,1000,615,185.0,100,7,w,4
2128,I2128,800,500,615,292.0,100,1,n,3
6148,I6148,1200,800,615,264.0,100,4,n,4
244,I0244,1200,800,615,307.0,100,4,w,4
595,I0595,1200,1000,615,399.0,100,6,n,4
5922,I5922,800,460,615,141.0,100,0,n,3
1711,I1711,1500,800,615,321.0,100,5,n,4
421,I0421,800,460,615,401.0,100,0,w,3
743,I0743,1200,800,615,226.0,100,4,n,4
3869,I3869,800,460,615,424.0,100,0,n,3
3994,I3994,800,600,615,226.0,100,2,w,3
2151,I2151,1000,800,615,443.0,100,3,l,4
1061,I1061,1200,800,615,252.0,100,4,w,4
1756,I1756,800,600,615,329.0,100,2,l,3
1593,I1593,1200,800,615,340.0,100,4,n,4
4990,I4990,1200,1000,615,274.0,100,6,n,4
2514,I2514,1500,800,615,0.0,100,5,n,4
6065,I6065,800,460,615,0.0,100,0,n,3
6140,I6140,1500,800,615,185.0,100,5,l,4
2077,I2077,800,600,615,244.0,100,2,n,3
4874,I4874,800,600,615,326.0,100,2,n,3
2033,I2033,1200,800,615,0.0,100,4,w,4
3292,I3292,800,460,615,0.0,100,0,n,3
3343,I3343,1200,1000,615,411.0,100,6,n,4
5658,I5658,800,600,615,293.0,100,2,n,3
6182,I6182,800,600,615,302.0,100,2,l,3
5177,I5177,800,600,615,285.0,100,2,n,3
5113,I5113,1200,1000,615,199.0,100,6,n,4
5424,I5424,1500,800,615,221.0,100,5,n,4
4856,I4856,1500,1000,615,177.0,100,7,n,4
4981,I4981,1200,800,615,434.0,100,4,n,4
3917,I3917,1500,800,615,434.0,100,5,n,4
3007,I3007,800,460,615,396.0,100,0,n,3
5796,I5796,800,600,615,0.0,100,2,n,3
545,I0545,1200,800,615,324.0,100,4,n,4
4654,I4654,1000,800,615,189.0,100,3,n,4
2720,I2720,1500,1000,615,400.0,100,7,n,4
1057,I1057,800,500,615,222.0,100,1,n,3
3039,I3039,800,500,615,207.0,100,1,n,3
3581,I3581,1200,1000,615,306.0,100,6,n,4
4432,I4432,1200,1000,615,116.0,100,6,n,4
231,I0231,1200,1000,615,356.0,100,6,n,4
824,I0824,800,500,615,248.0,100,1,n,3
5868,I5868,1500,1000,615,326.0,100,7,w,4
2681,I2681,1500,800,615,105.0,100,5,l,4
3729,I3729,1500,800,615,342.0,100,5,n,4
780,I0780,1200,1000,615,327.0,100,6,n,4
4693,I4693,800,500,615,312.0,100,1,l,3
4508,I4508,800,600,615,130.0,100,2,n,3
2551,I2551,800,460,615,299.0,100,0,l,3
922,I0922,800,500,615,146.0,100,1,n,3
1025,I1025,1200,1000,615,238.0,100,6,n,4
2080,I2080,1200,1000,615,234.0,100,6,n,4
1391,I1391,800,500,615,224.0,100,1,n,3
3021,I3021,1000,800,615,411.0,100,3,n,4
4919,I4919,1500,1000,615,111.0,100,7,n,4
2414,I2414,1200,1000,615,299.0,100,6,l,4
1821,I1821,800,500,615,274.0,100,1,n,3
4451,I4451,1500,800,615,410.0,100,5,n,4
1403,I1403,800,600,615,413.0,100,2,w,3
1226,I1226,1200,1000,615,125.0,100,6,n,4
5090,I5090,1500,800,615,255.0,100,5,n,4
4627,I4627,1200,1000,615,401.0,100,6,n,4
642,I0642,1500,800,615,263.0,100,5,n,4
3444,I3444,800,500,615,225.0,100,1,n,3
2910,I2910,1200,1000,615,128.0,100,6,n,4
949,I0949,1500,1000,615,270.0,100,7,n,4
2986,I2986,800,600,615,351.0,100,2,n,3
6256,I6256,800,500,615,389.0,100,1,n,3
3637,I3637,1200,800,615,317.0,100,4,l,4
5614,I5614,800,600,615,259.0,100,2,l,3
5924,I5924,800,460,615,136.0,100,0,w,3
1369,I1369,1200,1000,615,334.0,100,6,w,4
5661,I5661,1200,1000,615,254.0,100,6,n,4
2310,I2310,1200,800,615,230.0,100,4,n,4
3543,I3543,1500,1000,615,168.0,100,7,n,4
5766,I5766,1000,800,615,278.0,100,3,n,4
1868,I1868,1000,800,615,282.0,100,3,n,4
1750,I1750,1000,800,615,119.0,100,3,n,4
2893,I2893,1200,1000,615,350.0,100,6,n,4
3156,I3156,1200,1000,615,180.0,100,6,l,4
5975,I5975,1500,1000,615,0.0,100,7,n,4
2491,I2491,800,460,615,100.0,100,0,w,3
571,I0571,800,460,615,390.0,100,0,n,3
3232,I3232,1500,1000,615,391.0,100,7,n,4
6146,I6146,1200,1000,615,213.0,100,6,w,4
1907,I1907,1500,1000,615,246.0,100,7,n,4
2367,I2367,800,460,615,382.0,100,0,n,3
6142,I6142,800,500,615,154.0,100,1,n,3
2570,I2570,800,460,615,253.0,100,0,w,3
821,I0821,1000,800,615,340.0,100,3,n,4
2158,I2158,1500,800,615,389.0,100,5,n,4
5507,I5507,1200,800,615,141.0,100,4,l,4
1696,I1696,1500,1000,615,155.0,100,7,n,4
3323,I3323,800,460,615,440.0,100,0,n,3
3144,I3144,1500,800,615,376.0,100,5,n,4
6247,I6247,1500,1000,615,425.0,100,7,n,4
919,I0919,1500,1000,615,129.0,100,7,n,4
5153,I5153,1200,800,615,314.0,100,4,n,4
2103,I2103,800,600,615,188.0,100,2,n,3
1836,I1836,1500,1000,615,212.0,100,7,l,4
4963,I4963,1500,1000,615,396.0,100,7,n,4
4864,I4864,800,500,615,289.0,100,1,n,3
4318,I4318,800,460,615,0.0,100,0,l,3
4175,I4175,800,600,615,359.0,100,2,n,3
2348,I2348,800,600,615,146.0,100,2,n,3
4918,I4918,1000,800,615,0.0,100,3,n,4
4271,I4271,1500,800,615,180.0,100,5,l,4
291,I0291,800,500,615,321.0,100,1,n,3
6436,I6436,1200,1000,615,192.0,100,6,n,4
224,I0224,1200,1000,615,0.0,100,6,w,4
2014,I2014,1200,800,615,322.0,100,4,n,4
6268,I6268,1000,800,615,258.0,100,3,n,4
2143,I2143,800,500,615,101.0,100,1,n,3
1241,I1241,800,500,615,0.0,100,1,n,3
4004,I4004,1000,800,615,380.0,100,3,w,4
708,I0708,1500,800,615,0.0,100,5,n,4
6198,I6198,800,600,615,327.0,100,2,n,3
5017,I5017,1500,800,615,243.0,100,5,n,4
6241,I6241,800,500,615,0.0,100,1,l,3
1430,I1430,800,600,615,294.0,100,2,n,3
2210,I2210,1500,800,615,272.0,100,5,n,4
723,I0723,1500,800,615,340.0,100,5,n,4
5988,I5988,800,600,615,165.0,100,2,n,3
1015,I1015,1500,800,615,247.0,100,5,n,4
5237,I5237,1200,800,615,0.0,100,4,l,4
6161,I6161,1000,800,615,276.0,100,3,n,4
2054,I2054,800,500,615,144.0,100,1,n,3
369,I0369,1000,800,615,250.0,100,3,n,4
4209,I4209,1200,1000,615,211.0,100,6,n,4
429,I0429,800,460,615,353.0,100,0,n,3
2188,I2188,1200,800,615,371.0,100,4,w,4
6309,I6309,1200,800,615,422.0,100,4,n,4
888,I0888,800,500,615,243.0,100,1,l,3
5920,I5920,1500,800,615,405.0,100,5,n,4
4460,I4460,1200,1000,615,253.0,100,6,n,4
1049,I1049,800,460,615,448.0,100,0,n,3
2124,I2124,1000,800,615,0.0,100,3,n,4
2358,I2358,1500,1000,615,366.0,100,7,n,4
5467,I5467,800,460,615,247.0,100,0,n,3
1497,I1497,800,500,615,156.0,100,1,n,3
4112,I4112,1000,800,615,306.0,100,3,l,4
4035,I4035,800,600,615,257.0,100,2,n,3
1776,I1776,1000,800,615,430.0,100,3,w,4
6449,I6449,1500,1000,615,234.0,100,7,n,4
2627,I2627,800,460,615,170.0,100,0,n,3
5847,I5847,1200,1000,615,0.0,100,6,l,4
446,I0446,1200,800,615,240.0,100,4,n,4
3461,I3461,1200,1000,615,402.0,100,6,l,4
5253,I5253,1500,800,615,291.0,100,5,n,4
3000,I3000,1200,800,615,338.0,100,4,n,4
4691,I4691,1000,800,615,0.0,100,3,n,4
5848,I5848,1200,800,615,289.0,100,4,n,4
6280,I6280,1500,1000,615,282.0,100,7,l,4
3171,I3171,800,600,615,424.0,100,2,n,3
4522,I4522,1200,1000,615,352.0,100,6,n,4
5463,I5463,1500,800,615,201.0,100,5,n,4
2221,I2221,800,500,615,396.0,100,1,n,3
4179,I4179,800,460,615,316.0,100,0,n,3
3519,I3519,1500,800,615,370.0,100,5,n,4
2297,I2297,800,600,615,325.0,100,2,n,3
2329,I2329,800,500,615,160.0,100,1,n,3
1987,I1987,800,600,615,178.0,100,2,n,3
3423,I3423,1200,1000,615,0.0,100,6,w,4
3458,I3458,1200,800,615,313.0,100,4,l,4
1862,I1862,1200,800,615,212.0,100,4,n,4
1554,I1554,800,460,615,271.0,100,0,n,3
2802,I2802,1200,800,615,304.0,100,4,n,4
5131,I5131,1500,1000,615,358.0,100,7,n,4
4714,I4714,1200,800,615,206.0,100,4,n,4
1567,I1567,800,460,615,236.0,100,0,n,3
2286,I2286,800,460,615,183.0,100,0,n,3
717,I0717,1000,800,615,0.0,100,3,n,4
4573,I4573,1500,1000,615,0.0,100,7,w,4
1997,I1997,1200,1000,615,165.0,100,6,n,4
5699,I5699,1200,1000,615,298.0,100,6,n,4
2489,I2489,1200,1000,615,195.0,100,6,n,4
3901,I3901,800,460,615,279.0,100,0,l,3
2227,I2227,800,500,615,367.0,100,1,n,3
4489,I4489,1200,800,615,331.0,100,4,n,4
2434,I2434,1200,800,615,0.0,100,4,w,4
3641,I3641,1200,800,615,154.0,100,4,l,4
5982,I5982,1500,800,615,205.0,100,5,n,4
2003,I2003,1200,800,615,188.0,100,4,n,4
5434,I5434,1200,1000,615,175.0,100,6,n,4
4835,I4835,1500,800,615,404.0,100,5,w,4
789,I0789,1200,1000,615,278.0,100,6,n,4
2209,I2209,800,500,615,409.0,100,1,n,3
975,I0975,800,500,615,256.0,100,1,n,3
5804,I5804,1200,800,615,166.0,100,4,n,4
1108,I1108,1000,800,615,220.0,100,3,w,4
58,I0058,1200,800,615,414.0,100,4,n,4
4262,I4262,1200,1000,615,365.0,100,6,n,4
5641,I5641,1500,800,615,341.0,100,5,n,4
5418,I5418,1200,1000,615,286.0,100,6,w,4
1451,I1451,1000,800,615,227.0,100,3,n,4
147,I0147,1500,800,615,465.0,100,5,n,4
4215,I4215,1500,1000,615,457.0,100,7,n,4
1792,I1792,800,460,615,367.0,100,0,l,3
5207,I5207,800,600,615,0.0,100,2,n,3
5508,I5508,1200,1000,615,98.0,100,6,n,4
3223,I3223,800,600,615,425.0,100,2,n,3
5085,I5085,1500,1000,615,343.0,100,7,n,4
4833,I4833,800,500,615,351.0,100,1,w,3
3172,I3172,1000,800,615,184.0,100,3,n,4
4552,I4552,1200,1000,615,303.0,100,6,n,4
1320,I1320,800,600,615,283.0,100,2,w,3
2810,I2810,800,600,615,445.0,100,2,n,3
2447,I2447,1200,800,615,0.0,100,4,n,4
844,I0844,1500,1000,615,344.0,100,7,n,4
5782,I5782,800,600,615,296.0,100,2,n,3
2971,I2971,800,460,615,309.0,100,0,n,3
627,I0627,800,460,615,389.0,100,0,n,3
993,I0993,1200,1000,615,134.0,100,6,n,4
3823,I3823,800,460,615,133.0,100,0,n,3
6117,I6117,800,460,615,307.0,100,0,n,3
2133,I2133,800,600,615,196.0,100,2,n,3
551,I0551,1200,800,615,216.0,100,4,n,4
3881,I3881,800,500,615,128.0,100,1,n,3
4313,I4313,800,460,615,110.0,100,0,n,3
2873,I2873,800,460,615,140.0,100,0,n,3
3269,I3269,1500,800,615,355.0,100,5,n,4
1399,I1399,800,500,615,435.0,100,1,n,3
5146,I5146,800,500,615,0.0,100,1,n,3
4399,I4399,1200,800,615,0.0,100,4,n,4
6075,I6075,1200,800,615,208.0,100,4,n,4
5141,I5141,800,460,615,250.0,100,0,n,3
5561,I5561,800,600,615,0.0,100,2,n,3
775,I0775,800,460,615,0.0,100,0,n,3
5480,I5480,1500,1000,615,231.0,100,7,l,4
4346,I4346,800,600,615,272.0,100,2,n,3
3179,I3179,800,600,615,318.0,100,2,n,3
2677,I2677,800,600,615,256.0,100,2,n,3
2119,I2119,1200,1000,615,0.0,100,6,n,4
2426,I2426,800,460,615,327.0,100,0,n,3
4724,I4724,800,460,615,189.0,100,0,w,3
4199,I4199,1500,1000,615,341.0,100,7,n,4
4607,I4607,800,460,615,412.0,100,0,w,3
5835,I5835,800,500,615,0.0,100,1,n,3
2261,I2261,1000,800,615,394.0,100,3,n,4
3437,I3437,1200,800,615,184.0,100,4,l,4
6080,I6080,1200,800,615,377.0,100,4,n,4
1502,I1502,1000,800,615,185.0,100,3,l,4
425,I0425,1500,1000,615,268.0,100,7,n,4
4667,I4667,1000,800,615,133.0,100,3,l,4
4201,I4201,1500,800,615,139.0,100,5,n,4
2382,I2382,800,500,615,235.0,100,1,n,3
4353,I4353,1000,800,615,119.0,100,3,w,4
6323,I6323,1000,800,615,312.0,100,3,l,4
4219,I4219,1500,800,615,270.0,100,5,n,4
1875,I1875,1200,800,615,294.0,100,4,n,4
5308,I5308,800,460,615,193.0,100,0,n,3
3436,I3436,1500,1000,615,0.0,100,7,n,4
1793,I1793,1500,800,615,190.0,100,5,n,4
5889,I5889,800,460,615,151.0,100,0,n,3
103,I0103,1000,800,615,400.0,100,3,l,4
3312,I3312,800,460,615,387.0,100,0,n,3
2886,I2886,1500,800,615,437.0,100,5,n,4
3973,I3973,1200,800,615,162.0,100,4,w,4
718,I0718,1200,800,615,0.0,100,4,l,4
1555,I1555,1000,800,615,199.0,100,3,n,4
410,I0410,1200,1000,615,238.0,100,6,l,4
2645,I2645,800,500,615,292.0,100,1,w,3
3925,I3925,800,500,615,346.0,100,1,n,3
5599,I5599,1500,800,615,318.0,100,5,n,4
4459,I4459,800,500,615,141.0,100,1,n,3
3523,I3523,1200,1000,615,330.0,100,6,n,4
123,I0123,1500,1000,615,328.0,100,7,n,4
5801,I5801,1500,1000,615,0.0,100,7,n,4
5450,I5450,1500,1000,615,232.0,100,7,n,4
1639,I1639,1500,1000,615,301.0,100,7,l,4
3828,I3828,1500,800,615,276.0,100,5,n,4
6176,I6176,1000,800,615,279.0,100,3,n,4
172,I0172,1200,800,615,387.0,100,4,l,4
4758,I4758,800,600,615,183.0,100,2,n,3
6423,I6423,800,500,615,158.0,100,1,w,3
5725,I5725,800,600,615,440.0,100,2,l,3
4616,I4616,1200,1000,615,366.0,100,6,w,4
2360,I2360,1200,1000,615,263.0,100,6,n,4
5333,I5333,800,500,615,330.0,100,1,n,3
5191,I5191,800,500,615,344.0,100,1,n,3
3767,I3767,800,460,615,282.0,100,0,n,3
5749,I5749,1200,800,615,163.0,100,4,n,4
4054,I4054,800,600,615,238.0,100,2,n,3
823,I0823,1000,800,615,436.0,100,3,l,4
6156,I6156,1500,1000,615,226.0,100,7,l,4
1347,I1347,1200,800,615,331.0,100,4,n,4
6410,I6410,800,460,615,171.0,100,0,n,3
1931,I1931,1200,1000,615,372.0,100,6,n,4
674,I0674,1200,1000,615,417.0,100,6,n,4
5476,I5476,1500,800,615,253.0,100,5,n,4
5206,I5206,1200,1000,615,315.0,100,6,l,4
4566,I4566,1500,800,615,258.0,100,5,w,4
6243,I6243,800,600,615,248.0,100,2,n,3
4455,I4455,800,600,615,309.0,100,2,n,3
1634,I1634,1000,800,615,0.0,100,3,n,4
4087,I4087,1500,800,615,341.0,100,5,n,4
6379,I6379,1000,800,615,137.0,100,3,n,4
3975,I3975,800,500,615,146.0,100,1,w,3
1991,I1991,800,500,615,262.0,100,1,w,3
862,I0862,800,500,615,154.0,100,1,n,3
5576,I5576,800,460,615,342.0,100,0,n,3
4171,I4171,1500,800,615,117.0,100,5,n,4
3717,I3717,1000,800,615,189.0,100,3,n,4
6440,I6440,1500,800,615,310.0,100,5,n,4
2885,I2885,800,500,615,326.0,100,1,n,3
3605,I3605,1200,1000,615,360.0,100,6,w,4
1472,I1472,800,600,615,265.0,100,2,n,3
5398,I5398,1000,800,615,177.0,100,3,n,4
313,I0313,1500,800,615,264.0,100,5,w,4
4940,I4940,1500,800,615,318.0,100,5,n,4
277,I0277,1200,800,615,0.0,100,4,w,4
6387,I6387,1200,1000,615,183.0,100,6,n,4
5397,I5397,800,460,615,353.0,100,0,n,3
6180,I6180,800,600,615,0.0,100,2,n,3
3655,I3655,1500,1000,615,258.0,100,7,n,4
5361,I5361,800,460,615,268.0,100,0,n,3
422,I0422,1500,800,615,330.0,100,5,n,4
5581,I5581,1500,800,615,317.0,100,5,n,4
238,I0238,1200,1000,615,458.0,100,6,n,4
1260,I1260,800,460,615,409.0,100,0,n,3
1560,I1560,800,460,615,110.0,100,0,n,3
1381,I1381,800,600,615,223.0,100,2,n,3
748,I0748,800,460,615,165.0,100,0,n,3
4145,I4145,800,600,615,359.0,100,2,l,3
2834,I2834,1200,800,615,336.0,100,4,n,4
2412,I2412,1500,1000,615,337.0,100,7,n,4
2167,I2167,1500,800,615,229.0,100,5,n,4
2325,I2325,800,460,615,376.0,100,0,n,3
997,I0997,800,600,615,0.0,100,2,n,3
5209,I5209,1200,1000,615,318.0,100,6,n,4
829,I0829,1000,800,615,0.0,100,3,n,4
4610,I4610,800,500,615,266.0,100,1,n,3
5365,I5365,1200,800,615,424.0,100,4,n,4
6276,I6276,1000,800,615,214.0,100,3,n,4
4390,I4390,1500,800,615,441.0,100,5,n,4
5489,I5489,1000,800,615,163.0,100,3,n,4
3206,I3206,800,500,615,334.0,100,1,n,3
2201,I2201,1200,800,615,254.0,100,4,n,4
4123,I4123,800,460,615,161.0,100,0,n,3
5286,I5286,1000,800,615,0.0,100,3,n,4
4388,I4388,1200,1000,615,252.0,100,6,w,4
3237,I3237,1500,1000,615,281.0,100,7,w,4
3025,I3025,800,600,615,279.0,100,2,n,3
3345,I3345,1500,1000,615,187.0,100,7,n,4
577,I0577,1200,800,615,152.0,100,4,n,4
6121,I6121,800,500,615,354.0,100,1,w,3
613,I0613,1000,800,615,414.0,100,3,n,4
2498,I2498,1200,800,615,406.0,100,4,n,4
3449,I3449,1200,1000,615,223.0,100,6,l,4
4718,I4718,800,500,615,443.0,100,1,n,3
3812,I3812,1200,800,615,331.0,100,4,n,4
2130,I2130,1500,1000,615,0.0,100,7,n,4
5472,I5472,1200,800,615,447.0,100,4,w,4
1895,I1895,800,460,615,157.0,100,0,n,3
3010,I3010,800,500,615,122.0,100,1,n,3
1651,I1651,800,500,615,302.0,100,1,n,3
507,I0507,800,500,615,409.0,100,1,n,3
6277,I6277,1500,800,615,138.0,100,5,n,4
3250,I3250,800,600,615,405.0,100,2,l,3
4003,I4003,800,460,615,325.0,100,0,n,3
120,I0120,800,600,615,222.0,100,2,n,3
6013,I6013,800,600,615,351.0,100,2,n,3
2981,I2981,800,600,615,234.0,100,2,n,3
3453,I3453,800,600,615,127.0,100,2,n,3
3175,I3175,800,460,615,0.0,100,0,l,3
5809,I5809,1200,800,615,263.0,100,4,n,4
1455,I1455,800,600,615,254.0,100,2,w,3
5618,I5618,1000,800,615,154.0,100,3,l,4
3833,I3833,800,500,615,176.0,100,1,n,3
5727,I5727,1500,1000,615,244.0,100,7,n,4
4746,I4746,800,460,615,291.0,100,0,n,3
2963,I2963,1200,800,615,307.0,100,4,n,4
3525,I3525,800,460,615,377.0,100,0,n,3
26,I0026,1000,800,615,282.0,100,3,l,4
4608,I4608,1500,1000,615,284.0,100,7,n,4
402,I0402,1500,800,615,283.0,100,5,n,4
1380,I1380,800,600,615,377.0,100,2,n,3
5823,I5823,1200,800,615,340.0,100,4,n,4
4367,I4367,1500,1000,615,238.0,100,7,n,4
1113,I1113,1200,1000,615,295.0,100,6,n,4
2045,I2045,1500,1000,615,178.0,100,7,n,4
3808,I3808,1500,800,615,144.0,100,5,n,4
1021,I1021,800,600,615,352.0,100,2,n,3
4061,I4061,1500,800,615,290.0,100,5,n,4
1691,I1691,1200,800,615,248.0,100,4,n,4
849,I0849,1500,800,615,174.0,100,5,n,4
884,I0884,800,500,615,276.0,100,1,n,3
1396,I1396,800,460,615,276.0,100,0,n,3
4980,I4980,1000,800,615,211.0,100,3,n,4
5314,I5314,800,600,615,93.0,100,2,n,3
3090,I3090,800,500,615,146.0,100,1,n,3
5634,I5634,1500,1000,615,236.0,100,7,n,4
3042,I3042,1000,800,615,240.0,100,3,n,4
5525,I5525,800,600,615,232.0,100,2,n,3
2349,I2349,1200,800,615,152.0,100,4,n,4
2666,I2666,800,500,615,347.0,100,1,n,3
1600,I1600,1000,800,615,144.0,100,3,n,4
4527,I4527,1500,800,615,213.0,100,5,n,4
315,I0315,1500,1000,615,258.0,100,7,n,4
6358,I6358,800,600,615,170.0,100,2,n,3
3420,I3420,800,600,615,366.0,100,2,n,3
328,I0328,1500,800,615,410.0,100,5,n,4
462,I0462,1500,800,615,274.0,100,5,n,4
2510,I2510,1500,1000,615,121.0,100,7,n,4
4205,I4205,1000,800,615,0.0,100,3,n,4
6026,I6026,1500,800,615,127.0,100,5,n,4
4890,I4890,800,500,615,275.0,100,1,n,3
3211,I3211,1000,800,615,417.0,100,3,n,4
6270,I6270,800,500,615,310.0,100,1,n,3
2343,I2343,800,600,615,320.0,100,2,n,3
3166,I3166,1500,1000,615,293.0,100,7,n,4
688,I0688,800,600,615,246.0,100,2,n,3
879,I0879,800,600,615,186.0,100,2,n,3
3844,I3844,1000,800,615,0.0,100,3,n,4
3103,I3103,800,500,615,214.0,100,1,n,3
4673,I4673,800,460,615,0.0,100,0,n,3
3234,I3234,1000,800,615,220.0,100,3,n,4
481,I0481,1000,800,615,176.0,100,3,n,4
1700,I1700,800,460,615,0.0,100,0,n,3
1712,I1712,800,600,615,291.0,100,2,n,3
4970,I4970,800,600,615,159.0,100,2,n,3
3532,I3532,1500,800,615,338.0,100,5,l,4
6059,I6059,1500,800,615,141.0,100,5,l,4
5033,I5033,1500,800,615,194.0,100,5,w,4
6297,I6297,1200,800,615,304.0,100,4,w,4
2464,I2464,1200,1000,615,0.0,100,6,n,4
464,I0464,800,460,615,152.0,100,0,w,3
1287,I1287,1500,800,615,242.0,100,5,n,4
5368,I5368,800,600,615,245.0,100,2,l,3
4535,I4535,1000,800,615,415.0,100,3,n,4
3011,I3011,1200,1000,615,351.0,100,6,l,4
5555,I5555,1500,800,615,376.0,100,5,n,4
3150,I3150,1500,1000,615,159.0,100,7,n,4
3758,I3758,1200,1000,615,297.0,100,6,n,4
299,I0299,1000,800,615,281.0,100,3,n,4
5079,I5079,800,600,615,297.0,100,2,n,3
6029,I6029,1200,800,615,387.0,100,4,n,4
501,I0501,800,500,615,283.0,100,1,n,3
2202,I2202,1200,1000,615,335.0,100,6,w,4
4458,I4458,800,600,615,213.0,100,2,n,3
5633,I5633,800,600,615,145.0,100,2,n,3
673,I0673,1500,800,615,263.0,100,5,n,4
6246,I6246,1000,800,615,240.0,100,3,n,4
4173,I4173,1500,1000,615,306.0,100,7,n,4
3864,I3864,1500,800,615,188.0,100,5,n,4
57,I0057,800,600,615,340.0,100,2,n,3
5050,I5050,1500,800,615,244.0,100,5,n,4
50,I0050,800,500,615,241.0,100,1,w,3
5409,I5409,800,460,615,318.0,100,0,n,3
232,I0232,800,460,615,204.0,100,0,n,3
6443,I6443,1500,800,615,123.0,100,5,l,4
4286,I4286,800,600,615,331.0,100,2,l,3
1641,I1641,1500,800,615,275.0,100,5,n,4
1167,I1167,1200,1000,615,193.0,100,6,n,4
3683,I3683,1200,1000,615,172.0,100,6,n,4
656,I0656,1200,1000,615,0.0,100,6,n,4
5774,I5774,800,500,615,268.0,100,1,n,3
3215,I3215,1500,1000,615,192.0,100,7,n,4
1816,I1816,1000,800,615,181.0,100,3,n,4
5530,I5530,1200,1000,615,271.0,100,6,n,4
4917,I4917,1200,800,615,283.0,100,4,n,4
4633,I4633,1500,1000,615,289.0,100,7,n,4
1227,I1227,1200,1000,615,0.0,100,6,l,4
1456,I1456,1200,1000,615,235.0,100,6,n,4
3553,I3553,1200,1000,615,202.0,100,6,n,4
2615,I2615,1000,800,615,232.0,100,3,n,4
5816,I5816,800,600,615,273.0,100,2,n,3
4574,I4574,800,600,615,0.0,100,2,n,3
2295,I2295,800,460,615,304.0,100,0,n,3
49,I0049,800,500,615,295.0,100,1,n,3
4484,I4484,1500,800,615,0.0,100,5,n,4
1470,I1470,1000,800,615,383.0,100,3,n,4
531,I0531,800,600,615,199.0,100,2,n,3
1462,I1462,1200,800,615,320.0,100,4,w,4
4184,I4184,800,460,615,336.0,100,0,n,3
1797,I1797,800,460,615,154.0,100,0,n,3
5469,I5469,1200,1000,615,0.0,100,6,n,4
6415,I6415,1000,800,615,380.0,100,3,n,4
4101,I4101,1500,800,615,354.0,100,5,n,4
3109,I3109,800,500,615,155.0,100,1,w,3
377,I0377,1000,800,615,245.0,100,3,n,4
1377,I1377,1000,800,615,198.0,100,3,n,4
3625,I3625,1000,800,615,305.0,100,3,n,4
4146,I4146,800,600,615,180.0,100,2,n,3
972,I0972,1500,800,615,315.0,100,5,n,4
2404,I2404,1500,1000,615,318.0,100,7,n,4
5454,I5454,1200,1000,615,347.0,100,6,n,4
1982,I1982,1500,1000,615,212.0,100,7,w,4
3737,I3737,800,600,615,228.0,100,2,n,3
2896,I2896,800,460,615,320.0,100,0,n,3
4644,I4644,1000,800,615,396.0,100,3,l,4
1112,I1112,1000,800,615,356.0,100,3,n,4
1499,I1499,800,600,615,134.0,100,2,n,3
4540,I4540,1000,800,615,257.0,100,3,n,4
5355,I5355,1200,800,615,346.0,100,4,n,4
5953,I5953,800,600,615,400.0,100,2,n,3
4450,I4450,800,460,615,169.0,100,0,n,3
6267,I6267,1200,1000,615,177.0,100,6,n,4
4026,I4026,1500,1000,615,0.0,100,7,n,4
3377,I3377,1200,800,615,294.0,100,4,n,4
2409,I2409,1500,1000,615,305.0,100,7,n,4
532,I0532,1500,1000,615,293.0,100,7,l,4
2750,I2750,1000,800,615,239.0,100,3,n,4
3983,I3983,1500,1000,615,121.0,100,7,n,4
3376,I3376,800,500,615,367.0,100,1,n,3
4658,I4658,1200,1000,615,346.0,100,6,n,4
2176,I2176,1500,1000,615,0.0,100,7,w,4
1300,I1300,800,500,615,406.0,100,1,n,3
4009,I4009,1500,1000,615,417.0,100,7,n,4
3464,I3464,1000,800,615,373.0,100,3,l,4
461,I0461,800,460,615,179.0,100,0,n,3
5179,I5179,800,500,615,153.0,100,1,n,3
1231,I1231,800,460,615,324.0,100,0,n,3
3197,I3197,1200,800,615,171.0,100,4,w,4
651,I0651,1500,1000,615,0.0,100,7,n,4
6066,I6066,1500,800,615,171.0,100,5,n,4
3260,I3260,800,600,615,347.0,100,2,n,3
5729,I5729,1500,1000,615,220.0,100,7,n,4
771,I0771,800,460,615,311.0,100,0,n,3
4891,I4891,1200,800,615,378.0,100,4,n,4
4902,I4902,1000,800,615,203.0,100,3,n,4
6204,I6204,1000,800,615,237.0,100,3,n,4
5266,I5266,800,460,615,270.0,100,0,n,3
6396,I6396,800,500,615,0.0,100,1,n,3
4503,I4503,1500,800,615,284.0,100,5,n,4
3009,I3009,800,600,615,349.0,100,2,n,3
5583,I5583,800,460,615,140.0,100,0,n,3
6209,I6209,1000,800,615,410.0,100,3,w,4
6125,I6125,1000,800,615,234.0,100,3,n,4
5473,I5473,1500,800,615,140.0,100,5,n,4
4840,I4840,800,600,615,388.0,100,2,n,3
5828,I5828,1500,1000,615,386.0,100,7,n,4
5539,I5539,1000,800,615,178.0,100,3,n,4
4176,I4176,800,600,615,371.0,100,2,n,3
4762,I4762,1500,1000,615,227.0,100,7,n,4
5779,I5779,800,600,615,454.0,100,2,w,3
4930,I4930,800,600,615,372.0,100,2,w,3
3604,I3604,800,460,615,441.0,100,0,n,3
6130,I6130,800,500,615,300.0,100,1,n,3
5741,I5741,1500,1000,615,367.0,100,7,n,4
3798,I3798,1200,1000,615,412.0,100,6,n,4
5541,I5541,1500,800,615,226.0,100,5,n,4
4472,I4472,800,600,615,333.0,100,2,n,3
1652,I1652,800,600,615,0.0,100,2,n,3
781,I0781,1200,800,615,105.0,100,4,n,4
3291,I3291,800,500,615,0.0,100,1,n,3
822,I0822,1500,1000,615,383.0,100,7,n,4
5453,I5453,1500,1000,615,399.0,100,7,n,4
3422,I3422,1200,1000,615,365.0,100,6,w,4
3613,I3613,1500,1000,615,335.0,100,7,n,4
2984,I2984,1500,800,615,228.0,100,5,n,4
5045,I5045,1500,800,615,404.0,100,5,n,4
1483,I1483,1200,1000,615,307.0,100,6,n,4
5696,I5696,800,460,615,430.0,100,0,w,3
4001,I4001,1200,1000,615,0.0,100,6,n,4
5937,I5937,800,500,615,262.0,100,1,n,3
5854,I5854,800,500,615,213.0,100,1,w,3
5103,I5103,1500,800,615,353.0,100,5,l,4
1645,I1645,800,600,615,165.0,100,2,w,3
6008,I6008,1500,800,615,175.0,100,5,w,4
3984,I3984,800,600,615,404.0,100,2,n,3
4214,I4214,1200,1000,615,147.0,100,6,n,4
4885,I4885,800,600,615,313.0,100,2,l,3
3582,I3582,800,500,615,201.0,100,1,l,3
4156,I4156,800,500,615,150.0,100,1,w,3
2049,I2049,1000,800,615,0.0,100,3,n,4
2307,I2307,1500,800,615,164.0,100,5,n,4
1759,I1759,1200,800,615,344.0,100,4,n,4
2832,I2832,800,500,615,235.0,100,1,n,3
5233,I5233,800,460,615,0.0,100,0,n,3
2517,I2517,1500,800,615,161.0,100,5,n,4
5460,I5460,1500,1000,615,274.0,100,7,n,4
4427,I4427,800,600,615,0.0,100,2,n,3
2078,I2078,800,600,615,137.0,100,2,n,3
4471,I4471,1200,800,615,352.0,100,4,n,4
649,I0649,800,460,615,256.0,100,0,l,3
346,I0346,1200,800,615,334.0,100,4,n,4
5728,I5728,800,600,615,244.0,100,2,n,3
2573,I2573,800,460,615,337.0,100,0,l,3
486,I0486,800,500,615,377.0,100,1,w,3
4168,I4168,1200,1000,615,303.0,100,6,n,4
3965,I3965,1500,1000,615,395.0,100,7,l,4
420,I0420,1500,1000,615,145.0,100,7,n,4
1100,I1100,1000,800,615,206.0,100,3,n,4
2312,I2312,1200,800,615,184.0,100,4,w,4
2031,I2031,800,600,615,193.0,100,2,n,3
1368,I1368,1000,800,615,307.0,100,3,n,4
2960,I2960,800,600,615,0.0,100,2,n,3
371,I0371,800,600,615,210.0,100,2,w,3
652,I0652,1200,800,615,0.0,100,4,n,4
4226,I4226,1500,800,615,463.0,100,5,n,4
2519,I2519,1000,800,615,347.0,100,3,n,4
4443,I4443,1200,800,615,313.0,100,4,n,4
6344,I6344,800,500,615,0.0,100,1,n,3
1928,I1928,800,460,615,183.0,100,0,l,3
3797,I3797,800,600,615,0.0,100,2,n,3
3778,I3778,1000,800,615,222.0,100,3,n,4
4020,I4020,1200,800,615,0.0,100,4,n,4
1102,I1102,1500,800,615,383.0,100,5,n,4
4795,I4795,1000,800,615,338.0,100,3,n,4
2376,I2376,1500,800,615,358.0,100,5,n,4
1693,I1693,1500,1000,615,222.0,100,7,n,4
5831,I5831,1000,800,615,0.0,100,3,n,4
6252,I6252,1200,1000,615,328.0,100,6,n,4
1339,I1339,800,460,615,382.0,100,0,n,3
3207,I3207,1200,800,615,0.0,100,4,n,4
1674,I1674,1200,1000,615,338.0,100,6,n,4
5670,I5670,1500,800,615,206.0,100,5,n,4
5715,I5715,800,500,615,0.0,100,1,w,3
2226,I2226,1500,800,615,264.0,100,5,n,4
4888,I4888,1000,800,615,220.0,100,3,w,4
1148,I1148,1500,800,615,240.0,100,5,n,4
5000,I5000,1500,1000,615,231.0,100,7,n,4
936,I0936,800,600,615,317.0,100,2,n,3
5497,I5497,800,460,615,210.0,100,0,n,3
4386,I4386,800,500,615,428.0,100,1,n,3
2859,I2859,1200,1000,615,295.0,100,6,n,4
4244,I4244,1200,800,615,367.0,100,4,n,4
4862,I4862,800,600,615,306.0,100,2,n,3
5068,I5068,1500,800,615,258.0,100,5,n,4
4028,I4028,1200,800,615,191.0,100,4,w,4
5302,I5302,1500,1000,615,0.0,100,7,n,4
5916,I5916,1500,800,615,300.0,100,5,n,4
2895,I2895,800,600,615,0.0,100,2,n,3
893,I0893,1000,800,615,384.0,100,3,n,4
2134,I2134,1500,1000,615,0.0,100,7,n,4
1255,I1255,800,600,615,344.0,100,2,l,3
1142,I1142,1200,800,615,215.0,100,4,w,4
2192,I2192,1000,800,615,345.0,100,3,n,4
1422,I1422,800,500,615,442.0,100,1,n,3
3698,I3698,800,460,615,369.0,100,0,l,3
1683,I1683,1200,800,615,278.0,100,4,n,4
1994,I1994,1500,800,615,459.0,100,5,n,4
3728,I3728,800,460,615,432.0,100,0,l,3
2413,I2413,1200,1000,615,295.0,100,6,n,4
3977,I3977,1200,1000,615,119.0,100,6,n,4
2389,I2389,1200,1000,615,412.0,100,6,n,4
4122,I4122,1200,1000,615,246.0,100,6,n,4
2147,I2147,800,500,615,404.0,100,1,w,3
4118,I4118,1500,800,615,443.0,100,5,n,4
1496,I1496,1500,800,615,320.0,100,5,n,4
4878,I4878,1200,800,615,343.0,100,4,n,4
3017,I3017,800,500,615,252.0,100,1,n,3
4507,I4507,1200,800,615,352.0,100,4,n,4
2141,I2141,1500,800,615,439.0,100,5,n,4
2257,I2257,1500,800,615,184.0,100,5,n,4
6255,I6255,1500,1000,615,0.0,100,7,n,4
1747,I1747,1500,800,615,246.0,100,5,n,4
2846,I2846,1500,1000,615,276.0,100,7,n,4
3645,I3645,1200,800,615,338.0,100,4,n,4
6112,I6112,800,500,615,165.0,100,1,n,3
4154,I4154,1500,1000,615,343.0,100,7,n,4
5526,I5526,800,500,615,331.0,100,1,n,3
4077,I4077,800,500,615,142.0,100,1,n,3
5186,I5186,1200,800,615,321.0,100,4,n,4
3557,I3557,800,460,615,325.0,100,0,n,3
6225,I6225,1000,800,615,471.0,100,3,n,4
873,I0873,800,500,615,253.0,100,1,n,3
2452,I2452,1200,1000,615,176.0,100,6,l,4
974,I0974,1500,1000,615,387.0,100,7,n,4
3173,I3173,1200,800,615,0.0,100,4,n,4
432,I0432,1200,1000,615,336.0,100,6,n,4
3384,I3384,800,600,615,167.0,100,2,n,3
3939,I3939,1500,800,615,0.0,100,5,n,4
1576,I1576,1500,800,615,219.0,100,5,n,4
6042,I6042,1500,1000,615,0.0,100,7,n,4
1164,I1164,1500,800,615,314.0,100,5,n,4
3547,I3547,1500,800,615,315.0,100,5,n,4
2866,I2866,1500,1000,615,112.0,100,7,w,4
2801,I2801,1500,1000,615,249.0,100,7,n,4
4730,I4730,800,460,615,251.0,100,0,w,3
1200,I1200,800,600,615,332.0,100,2,n,3
5213,I5213,1500,1000,615,395.0,100,7,n,4
5401,I5401,1200,800,615,204.0,100,4,n,4
1009,I1009,1500,800,615,281.0,100,5,l,4
1191,I1191,1200,800,615,331.0,100,4,n,4
1199,I1199,1500,1000,615,269.0,100,7,n,4
4634,I4634,1500,800,615,383.0,100,5,n,4
1864,I1864,800,500,615,283.0,100,1,n,3
1685,I1685,800,460,615,269.0,100,0,w,3
3715,I3715,1000,800,615,226.0,100,3,n,4
4896,I4896,800,600,615,264.0,100,2,n,3
1765,I1765,800,460,615,0.0,100,0,n,3
3856,I3856,800,460,615,280.0,100,0,n,3
4775,I4775,1500,800,615,427.0,100,5,n,4
549,I0549,1200,1000,615,296.0,100,6,n,4
1769,I1769,1200,800,615,403.0,100,4,n,4
2973,I2973,1500,1000,615,228.0,100,7,n,4
4345,I4345,1500,800,615,326.0,100,5,n,4
5258,I5258,1500,1000,615,195.0,100,7,w,4
5419,I5419,1200,1000,615,418.0,100,6,n,4
6108,I6108,1000,800,615,250.0,100,3,n,4
6431,I6431,1500,800,615,0.0,100,5,n,4
1826,I1826,800,500,615,231.0,100,1,w,3
612,I0612,1200,1000,615,0.0,100,6,n,4
3677,I3677,1200,1000,615,0.0,100,6,n,4
4012,I4012,1500,800,615,408.0,100,5,n,4
4975,I4975,800,600,615,198.0,100,2,n,3
108,I0108,800,500,615,383.0,100,1,n,3
2572,I2572,1500,1000,615,336.0,100,7,n,4
620,I0620,800,600,615,373.0,100,2,n,3
4421,I4421,1200,800,615,143.0,100,4,n,4
131,I0131,1500,1000,615,213.0,100,7,n,4
1493,I1493,800,460,615,217.0,100,0,n,3
5007,I5007,800,500,615,278.0,100,1,n,3
87,I0087,1500,800,615,315.0,100,5,w,4
4204,I4204,1500,800,615,196.0,100,5,n,4
695,I0695,1500,800,615,295.0,100,5,n,4
6264,I6264,1200,1000,615,190.0,100,6,n,4
1407,I1407,800,600,615,206.0,100,2,n,3
6207,I6207,1200,800,615,154.0,100,4,w,4
4422,I4422,800,600,615,316.0,100,2,l,3
5527,I5527,800,600,615,293.0,100,2,w,3
5723,I5723,1500,1000,615,216.0,100,7,l,4
5031,I5031,1500,800,615,290.0,100,5,n,4
2354,I2354,1000,800,615,339.0,100,3,n,4
2023,I2023,1500,800,615,180.0,100,5,n,4
6237,I6237,800,500,615,254.0,100,1,n,3
2320,I2320,1000,800,615,336.0,100,3,l,4
2824,I2824,800,600,615,350.0,100,2,n,3
965,I0965,1500,800,615,389.0,100,5,n,4
5780,I5780,800,500,615,286.0,100,1,l,3
6226,I6226,800,600,615,333.0,100,2,n,3
4236,I4236,1500,800,615,230.0,100,5,n,4
4914,I4914,1000,800,615,295.0,100,3,l,4
1624,I1624,1000,800,615,373.0,100,3,n,4
1791,I1791,800,500,615,212.0,100,1,w,3
5546,I5546,800,600,615,314.0,100,2,l,3
2391,I2391,1500,800,615,0.0,100,5,n,4
5984,I5984,800,460,615,252.0,100,0,l,3
3989,I3989,1200,800,615,369.0,100,4,n,4
2390,I2390,1500,800,615,328.0,100,5,n,4
6427,I6427,1200,800,615,319.0,100,4,n,4
6196,I6196,800,600,615,335.0,100,2,n,3
3634,I3634,1000,800,615,208.0,100,3,n,4
2653,I2653,1000,800,615,0.0,100,3,n,4
4844,I4844,1500,800,615,245.0,100,5,l,4
3022,I3022,800,500,615,94.0,100,1,n,3
4424,I4424,1000,800,615,305.0,100,3,n,4
1492,I1492,1000,800,615,328.0,100,3,n,4
4414,I4414,800,500,615,153.0,100,1,n,3
2770,I2770,1200,800,615,0.0,100,4,n,4
2443,I2443,1000,800,615,257.0,100,3,n,4
5976,I5976,1200,800,615,0.0,100,4,w,4
2847,I2847,1500,1000,615,232.0,100,7,n,4
3066,I3066,1200,800,615,374.0,100,4,n,4
4056,I4056,800,460,615,126.0,100,0,l,3
6420,I6420,1200,800,615,235.0,100,4,l,4
2715,I2715,800,460,615,92.0,100,0,n,3
2152,I2152,1200,800,615,340.0,100,4,n,4
5275,I5275,1500,1000,615,217.0,100,7,n,4
3382,I3382,1000,800,615,153.0,100,3,n,4
6325,I6325,800,600,615,310.0,100,2,n,3
5967,I5967,1000,800,615,314.0,100,3,w,4
5180,I5180,1000,800,615,178.0,100,3,n,4
5060,I5060,800,600,615,391.0,100,2,n,3
1182,I1182,800,460,615,365.0,100,0,n,3
3268,I3268,800,460,615,105.0,100,0,w,3
3283,I3283,800,460,615,331.0,100,0,n,3
903,I0903,1200,800,615,282.0,100,4,n,4
4928,I4928,800,500,615,237.0,100,1,n,3
3457,I3457,800,600,615,194.0,100,2,n,3
3771,I3771,1200,1000,615,132.0,100,6,n,4
3788,I3788,1200,800,615,349.0,100,4,w,4
2785,I2785,800,460,615,147.0,100,0,n,3
3477,I3477,1200,1000,615,247.0,100,6,n,4
5052,I5052,800,600,615,286.0,100,2,n,3
833,I0833,800,500,615,218.0,100,1,n,3
355,I0355,1500,1000,615,241.0,100,7,n,4
3469,I3469,800,500,615,234.0,100,1,n,3
5072,I5072,1200,800,615,395.0,100,4,l,4
6388,I6388,1500,800,615,234.0,100,5,n,4
1258,I1258,800,460,615,402.0,100,0,n,3
387,I0387,1500,1000,615,321.0,100,7,n,4
5974,I5974,1000,800,615,280.0,100,3,n,4
3055,I3055,1200,1000,615,157.0,100,6,n,4
3226,I3226,1200,800,615,234.0,100,4,n,4
2457,I2457,1200,1000,615,0.0,100,6,n,4
724,I0724,800,460,615,280.0,100,0,n,3
3111,I3111,1200,1000,615,402.0,100,6,n,4
4876,I4876,1200,1000,615,124.0,100,6,n,4
683,I0683,1500,1000,615,235.0,100,7,n,4
4857,I4857,1500,800,615,123.0,100,5,n,4
118,I0118,1200,1000,615,0.0,100,6,n,4
6143,I6143,1200,1000,615,425.0,100,6,n,4
1668,I1668,1000,800,615,268.0,100,3,n,4
4799,I4799,1200,800,615,139.0,100,4,n,4
5477,I5477,1200,800,615,404.0,100,4,n,4
276,I0276,1000,800,615,136.0,100,3,n,4
5726,I5726,1200,800,615,292.0,100,4,n,4
6409,I6409,800,460,615,297.0,100,0,n,3
4401,I4401,800,600,615,364.0,100,2,l,3
2229,I2229,800,460,615,297.0,100,0,n,3
2185,I2185,800,460,615,256.0,100,0,n,3
1414,I1414,1200,1000,615,301.0,100,6,n,4
1408,I1408,1500,1000,615,454.0,100,7,n,4
1062,I1062,1200,800,615,350.0,100,4,n,4
3489,I3489,1200,1000,615,198.0,100,6,n,4
1195,I1195,800,500,615,390.0,100,1,n,3
2836,I2836,800,600,615,303.0,100,2,n,3
5613,I5613,800,500,615,0.0,100,1,l,3
492,I0492,1500,1000,615,273.0,100,7,l,4
2548,I2548,1500,800,615,376.0,100,5,n,4
203,I0203,800,460,615,242.0,100,0,n,3
5416,I5416,1200,1000,615,390.0,100,6,n,4
5222,I5222,1000,800,615,253.0,100,3,n,4
280,I0280,1200,800,615,357.0,100,4,n,4
5285,I5285,800,600,615,227.0,100,2,n,3
908,I0908,1000,800,615,128.0,100,3,w,4
341,I0341,800,600,615,0.0,100,2,n,3
2505,I2505,800,600,615,388.0,100,2,n,3
5604,I5604,800,600,615,327.0,100,2,n,3
1500,I1500,800,500,615,235.0,100,1,n,3
3646,I3646,1200,800,615,362.0,100,4,l,4
4612,I4612,800,600,615,289.0,100,2,n,3
3589,I3589,1500,800,615,322.0,100,5,n,4
31,I0031,800,500,615,324.0,100,1,l,3
1723,I1723,800,500,615,271.0,100,1,l,3
6417,I6417,1500,1000,615,114.0,100,7,n,4
4640,I4640,1200,800,615,182.0,100,4,n,4
5654,I5654,1500,1000,615,312.0,100,7,n,4
6282,I6282,1500,1000,615,0.0,100,7,w,4
5572,I5572,800,500,615,0.0,100,1,n,3
2100,I2100,1000,800,615,401.0,100,3,n,4
4441,I4441,800,600,615,280.0,100,2,l,3
6097,I6097,800,600,615,274.0,100,2,n,3
1326,I1326,1500,800,615,362.0,100,5,n,4
2040,I2040,800,500,615,320.0,100,1,w,3
1558,I1558,1000,800,615,130.0,100,3,n,4
68,I0068,800,460,615,402.0,100,0,n,3
2380,I2380,800,500,615,0.0,100,1,n,3
2890,I2890,1500,800,615,299.0,100,5,n,4
6343,I6343,800,500,615,189.0,100,1,n,3
1029,I1029,1500,800,615,316.0,100,5,l,4
1434,I1434,1000,800,615,215.0,100,3,n,4
778,I0778,800,600,615,251.0,100,2,n,3
3001,I3001,800,460,615,199.0,100,0,w,3
3751,I3751,800,600,615,312.0,100,2,n,3
1263,I1263,1000,800,615,217.0,100,3,l,4
5873,I5873,1500,1000,615,313.0,100,7,n,4
4197,I4197,1000,800,615,175.0,100,3,n,4
5548,I5548,1500,1000,615,0.0,100,7,l,4
5429,I5429,1500,800,615,299.0,100,5,n,4
6177,I6177,1200,1000,615,0.0,100,6,n,4
1927,I1927,800,600,615,0.0,100,2,n,3
5872,I5872,1500,1000,615,153.0,100,7,n,4
1433,I1433,800,500,615,179.0,100,1,n,3
3980,I3980,1500,800,615,250.0,100,5,n,4
3744,I3744,1200,1000,615,373.0,100,6,n,4
582,I0582,800,500,615,202.0,100,1,n,3
1521,I1521,800,600,615,260.0,100,2,n,3
1914,I1914,800,600,615,376.0,100,2,n,3
435,I0435,800,500,615,331.0,100,1,n,3
230,I0230,1000,800,615,432.0,100,3,n,4
5875,I5875,1000,800,615,0.0,100,3,n,4
5228,I5228,1000,800,615,339.0,100,3,n,4
1466,I1466,800,500,615,190.0,100,1,n,3
841,I0841,800,460,615,241.0,100,0,n,3
4169,I4169,1200,800,615,324.0,100,4,n,4
3116,I3116,1200,800,615,279.0,100,4,n,4
4726,I4726,1200,1000,615,294.0,100,6,w,4
3755,I3755,800,600,615,121.0,100,2,l,3
5959,I5959,800,460,615,301.0,100,0,w,3
2053,I2053,800,600,615,396.0,100,2,n,3
3148,I3148,1200,800,615,0.0,100,4,w,4
331,I0331,800,600,615,199.0,100,2,n,3
6116,I6116,800,600,615,295.0,100,2,n,3
8,I0008,800,460,615,279.0,100,0,n,3
1044,I1044,1200,800,615,0.0,100,4,n,4
2165,I2165,1500,1000,615,272.0,100,7,n,4
3663,I3663,1500,1000,615,201.0,100,7,n,4
5318,I5318,1500,1000,615,224.0,100,7,n,4
5869,I5869,800,500,615,170.0,100,1,n,3
4872,I4872,1200,800,615,0.0,100,4,n,4
4741,I4741,1200,800,615,293.0,100,4,n,4
6173,I6173,800,460,615,142.0,100,0,n,3
4899,I4899,800,460,615,134.0,100,0,n,3
4904,I4904,1500,1000,615,394.0,100,7,n,4
992,I0992,800,460,615,262.0,100,0,l,3
2879,I2879,800,500,615,305.0,100,1,n,3
4127,I4127,1500,800,615,221.0,100,5,n,4
905,I0905,1500,800,615,165.0,100,5,n,4
2504,I2504,1200,1000,615,396.0,100,6,n,4
770,I0770,1500,800,615,221.0,100,5,n,4
5983,I5983,800,600,615,239.0,100,2,n,3
6238,I6238,1200,1000,615,293.0,100,6,l,4
1775,I1775,1200,800,615,364.0,100,4,n,4
4294,I4294,1200,1000,615,196.0,100,6,n,4
4755,I4755,1200,1000,615,193.0,100,6,n,4
741,I0741,1500,1000,615,0.0,100,7,n,4
2280,I2280,800,460,615,0.0,100,0,n,3
4412,I4412,800,460,615,238.0,100,0,l,3
2026,I2026,1200,800,615,323.0,100,4,l,4
4397,I4397,1200,800,615,317.0,100,4,n,4
1848,I1848,800,600,615,269.0,100,2,n,3
3769,I3769,800,460,615,380.0,100,0,n,3
3075,I3075,800,460,615,0.0,100,0,n,3
2079,I2079,1200,1000,615,438.0,100,6,n,4
5564,I5564,1000,800,615,444.0,100,3,l,4
6067,I6067,800,460,615,241.0,100,0,n,3
1353,I1353,1200,1000,615,270.0,100,6,n,4
3972,I3972,1500,1000,615,288.0,100,7,n,4
2614,I2614,1500,800,615,140.0,100,5,n,4
2379,I2379,800,500,615,257.0,100,1,n,3
5529,I5529,800,500,615,316.0,100,1,n,3
136,I0136,1500,800,615,201.0,100,5,l,4
2477,I2477,800,460,615,359.0,100,0,n,3
1473,I1473,1200,800,615,242.0,100,4,n,4
2721,I2721,800,460,615,306.0,100,0,n,3
813,I0813,800,500,615,249.0,100,1,n,3
2225,I2225,1200,800,615,447.0,100,4,n,4
6093,I6093,1500,800,615,184.0,100,5,n,4
2541,I2541,1200,1000,615,413.0,100,6,n,4
2711,I2711,800,600,615,353.0,100,2,n,3
2793,I2793,1500,800,615,202.0,100,5,w,4
6360,I6360,1200,1000,615,161.0,100,6,n,4
4765,I4765,1200,800,615,391.0,100,4,n,4
3412,I3412,1000,800,615,161.0,100,3,n,4
2844,I2844,800,600,615,400.0,100,2,w,3
810,I0810,1200,800,615,284.0,100,4,w,4
2675,I2675,1000,800,615,380.0,100,3,n,4
1207,I1207,800,460,615,184.0,100,0,n,3
54,I0054,1000,800,615,247.0,100,3,n,4
2024,I2024,1500,1000,615,185.0,100,7,l,4
4350,I4350,1000,800,615,382.0,100,3,n,4
575,I0575,1200,1000,615,393.0,100,6,n,4
6074,I6074,1500,1000,615,421.0,100,7,n,4
3224,I3224,800,460,615,285.0,100,0,n,3
1312,I1312,800,460,615,340.0,100,0,n,3
5077,I5077,1200,1000,615,319.0,100,6,n,4
608,I0608,1500,1000,615,0.0,100,7,n,4
3491,I3491,1200,1000,615,326.0,100,6,w,4
3877,I3877,1000,800,615,103.0,100,3,l,4
3673,I3673,800,600,615,166.0,100,2,n,3
1221,I1221,1200,800,615,156.0,100,4,n,4
1738,I1738,1500,1000,615,302.0,100,7,n,4
1530,I1530,1500,800,615,184.0,100,5,n,4
4734,I4734,1500,1000,615,335.0,100,7,l,4
5346,I5346,1000,800,615,0.0,100,3,n,4
3706,I3706,1500,800,615,393.0,100,5,n,4
1951,I1951,1000,800,615,193.0,100,3,n,4
877,I0877,1200,1000,615,405.0,100,6,n,4
4188,I4188,800,460,615,252.0,100,0,w,3
6193,I6193,1500,1000,615,329.0,100,7,n,4
2200,I2200,800,460,615,201.0,100,0,n,3
2306,I2306,1000,800,615,240.0,100,3,n,4
3700,I3700,800,600,615,463.0,100,2,n,3
1617,I1617,1200,1000,615,436.0,100,6,n,4
51,I0051,1500,800,615,172.0,100,5,n,4
5119,I5119,1500,800,615,173.0,100,5,n,4
2736,I2736,1500,800,615,109.0,100,5,n,4
38,I0038,1000,800,615,0.0,100,3,n,4
5190,I5190,800,500,615,268.0,100,1,n,3
1573,I1573,1200,1000,615,296.0,100,6,n,4
1968,I1968,1500,800,615,309.0,100,5,n,4
5495,I5495,1200,1000,615,223.0,100,6,n,4
4957,I4957,1200,800,615,349.0,100,4,n,4
2936,I2936,1500,1000,615,237.0,100,7,n,4
4571,I4571,800,460,615,195.0,100,0,n,3
5884,I5884,1500,800,615,405.0,100,5,n,4
878,I0878,800,600,615,350.0,100,2,n,3
4229,I4229,800,500,615,224.0,100,1,n,3
356,I0356,1500,1000,615,424.0,100,7,n,4
372,I0372,800,500,615,276.0,100,1,l,3
5310,I5310,1000,800,615,330.0,100,3,n,4
2597,I2597,800,500,615,400.0,100,1,n,3
2373,I2373,1500,1000,615,224.0,100,7,n,4
382,I0382,800,500,615,0.0,100,1,n,3
597,I0597,800,460,615,0.0,100,0,l,3
4446,I4446,1500,1000,615,284.0,100,7,l,4
4019,I4019,800,460,615,307.0,100,0,n,3
3306,I3306,1200,800,615,322.0,100,4,n,4
1187,I1187,1200,800,615,148.0,100,4,n,4
2072,I2072,1000,800,615,150.0,100,3,n,4
2727,I2727,1200,1000,615,260.0,100,6,n,4
5353,I5353,1500,800,615,233.0,100,5,n,4
1116,I1116,1500,800,615,274.0,100,5,n,4
607,I0607,1500,800,615,0.0,100,5,n,4
941,I0941,800,500,615,301.0,100,1,n,3
2198,I2198,800,460,615,295.0,100,0,n,3
667,I0667,1200,1000,615,215.0,100,6,n,4
5375,I5375,1000,800,615,268.0,100,3,n,4
1304,I1304,800,460,615,134.0,100,0,l,3
1980,I1980,1200,1000,615,299.0,100,6,n,4
2912,I2912,800,600,615,276.0,100,2,n,3
6354,I6354,1200,800,615,390.0,100,4,n,4
3750,I3750,1500,800,615,416.0,100,5,n,4
1642,I1642,1500,800,615,241.0,100,5,w,4
6220,I6220,1500,1000,615,371.0,100,7,l,4
418,I0418,800,500,615,137.0,100,1,n,3
524,I0524,1200,1000,615,0.0,100,6,n,4
2561,I2561,1500,1000,615,314.0,100,7,n,4
2326,I2326,1500,1000,615,375.0,100,7,n,4
4828,I4828,1200,800,615,146.0,100,4,n,4
4966,I4966,1500,1000,615,357.0,100,7,n,4
931,I0931,800,600,615,443.0,100,2,n,3
3195,I3195,1000,800,615,126.0,100,3,n,4
4657,I4657,800,600,615,241.0,100,2,n,3
1186,I1186,800,460,615,270.0,100,0,w,3
1428,I1428,800,460,615,389.0,100,0,l,3
5793,I5793,1200,1000,615,112.0,100,6,n,4
3005,I3005,800,460,615,298.0,100,0,n,3
3911,I3911,1200,800,615,308.0,100,4,n,4
2728,I2728,1200,1000,615,299.0,100,6,n,4
5737,I5737,1200,1000,615,283.0,100,6,n,4
3362,I3362,800,460,615,136.0,100,0,n,3
6089,I6089,800,600,615,267.0,100,2,n,3
5667,I5667,800,460,615,283.0,100,0,w,3
5973,I5973,1200,800,615,367.0,100,4,n,4
1898,I1898,1500,800,615,344.0,100,5,n,4
3417,I3417,1500,800,615,265.0,100,5,n,4
3542,I3542,800,460,615,0.0,100,0,l,3
3819,I3819,1000,800,615,219.0,100,3,n,4
2558,I2558,1000,800,615,161.0,100,3,n,4
3476,I3476,1200,1000,615,156.0,100,6,n,4
206,I0206,1500,800,615,367.0,100,5,n,4
3188,I3188,1200,1000,615,199.0,100,6,n,4
5288,I5288,800,600,615,342.0,100,2,w,3
1922,I1922,800,460,615,226.0,100,0,n,3
1382,I1382,1200,800,615,245.0,100,4,n,4
2884,I2884,1500,800,615,0.0,100,5,n,4
3364,I3364,1500,800,615,416.0,100,5,n,4
5265,I5265,1000,800,615,98.0,100,3,l,4
5278,I5278,1000,800,615,341.0,100,3,n,4
5325,I5325,1200,800,615,386.0,100,4,n,4
522,I0522,1000,800,615,209.0,100,3,n,4
6318,I6318,1200,800,615,0.0,100,4,n,4
6077,I6077,1200,800,615,307.0,100,4,n,4
3561,I3561,1200,800,615,118.0,100,4,n,4
3149,I3149,800,600,615,284.0,100,2,n,3
1259,I1259,800,600,615,138.0,100,2,n,3
5095,I5095,1500,1000,615,290.0,100,7,w,4
5105,I5105,1500,1000,615,257.0,100,7,n,4
3754,I3754,800,600,615,185.0,100,2,n,3
3484,I3484,1200,800,615,349.0,100,4,n,4
1957,I1957,800,460,615,146.0,100,0,n,3
4709,I4709,1500,800,615,236.0,100,5,n,4
4065,I4065,1500,1000,615,0.0,100,7,n,4
2444,I2444,1200,800,615,357.0,100,4,n,4
3256,I3256,800,460,615,311.0,100,0,n,3
624,I0624,1500,1000,615,215.0,100,7,n,4
2111,I2111,800,500,615,334.0,100,1,w,3
1313,I1313,1200,800,615,445.0,100,4,n,4
4580,I4580,800,500,615,375.0,100,1,n,3
391,I0391,800,600,615,184.0,100,2,l,3
6411,I6411,1500,1000,615,153.0,100,7,n,4
1669,I1669,800,460,615,433.0,100,0,l,3
1229,I1229,1000,800,615,346.0,100,3,n,4
2880,I2880,1000,800,615,148.0,100,3,w,4
4010,I4010,800,600,615,256.0,100,2,w,3
5732,I5732,800,460,615,464.0,100,0,n,3
1687,I1687,1500,1000,615,284.0,100,7,n,4
6342,I6342,1200,800,615,356.0,100,4,n,4
4736,I4736,1500,800,615,234.0,100,5,n,4
4407,I4407,1200,800,615,454.0,100,4,n,4
1460,I1460,800,500,615,265.0,100,1,n,3
1602,I1602,1200,800,615,184.0,100,4,l,4
865,I0865,800,500,615,401.0,100,1,n,3
4855,I4855,1200,800,615,362.0,100,4,n,4
3142,I3142,1200,800,615,0.0,100,4,n,4
2921,I2921,1000,800,615,322.0,100,3,n,4
5545,I5545,1200,1000,615,258.0,100,6,n,4
3675,I3675,1000,800,615,439.0,100,3,w,4
4148,I4148,1200,1000,615,230.0,100,6,n,4
4594,I4594,800,500,615,247.0,100,1,l,3
2958,I2958,1500,1000,615,322.0,100,7,n,4
6373,I6373,800,600,615,248.0,100,2,n,3
599,I0599,1200,800,615,197.0,100,4,n,4
2132,I2132,1500,800,615,0.0,100,5,n,4
6202,I6202,1200,1000,615,315.0,100,6,n,4
1332,I1332,1200,800,615,395.0,100,4,w,4
4126,I4126,1200,800,615,383.0,100,4,n,4
3065,I3065,800,460,615,207.0,100,0,n,3
1869,I1869,1500,1000,615,397.0,100,7,n,4
2823,I2823,1500,800,615,448.0,100,5,n,4
3432,I3432,1200,1000,615,404.0,100,6,l,4
1720,I1720,1000,800,615,367.0,100,3,w,4
457,I0457,1000,800,615,390.0,100,3,n,4
1528,I1528,800,600,615,316.0,100,2,n,3
6345,I6345,1200,1000,615,229.0,100,6,n,4
602,I0602,800,500,615,0.0,100,1,n,3
5585,I5585,1200,1000,615,191.0,100,6,n,4
4750,I4750,800,600,615,319.0,100,2,n,3
4785,I4785,800,500,615,276.0,100,1,n,3
1834,I1834,1200,1000,615,362.0,100,6,n,4
1146,I1146,1200,1000,615,368.0,100,6,n,4
1028,I1028,1500,800,615,197.0,100,5,n,4
5143,I5143,1200,800,615,143.0,100,4,n,4
2806,I2806,800,500,615,180.0,100,1,n,3
3933,I3933,1200,1000,615,0.0,100,6,l,4
2987,I2987,1500,1000,615,238.0,100,7,n,4
3756,I3756,1500,1000,615,201.0,100,7,w,4
6009,I6009,800,600,615,295.0,100,2,n,3
1360,I1360,800,500,615,339.0,100,1,n,3
5544,I5544,1500,800,615,380.0,100,5,n,4
5620,I5620,1500,1000,615,328.0,100,7,n,4
3661,I3661,1500,1000,615,345.0,100,7,w,4
1130,I1130,800,500,615,241.0,100,1,n,3
1194,I1194,1200,800,615,254.0,100,4,l,4
2934,I2934,800,500,615,282.0,100,1,w,3
5559,I5559,1500,1000,615,359.0,100,7,n,4
1886,I1886,1200,1000,615,353.0,100,6,n,4
604,I0604,800,460,615,409.0,100,0,n,3
1111,I1111,800,460,615,440.0,100,0,w,3
3520,I3520,800,600,615,313.0,100,2,l,3
1825,I1825,1200,800,615,248.0,100,4,n,4
325,I0325,1500,800,615,309.0,100,5,n,4
2746,I2746,1500,800,615,0.0,100,5,n,4
2290,I2290,1500,800,615,317.0,100,5,n,4
4202,I4202,800,500,615,261.0,100,1,w,3
438,I0438,1500,800,615,395.0,100,5,n,4
3012,I3012,1200,1000,615,302.0,100,6,n,4
3861,I3861,800,500,615,462.0,100,1,n,3
768,I0768,800,500,615,0.0,100,1,n,3
2710,I2710,1500,1000,615,293.0,100,7,n,4
1289,I1289,1000,800,615,311.0,100,3,n,4
4895,I4895,1500,1000,615,363.0,100,7,n,4
5096,I5096,1500,1000,615,241.0,100,7,n,4
1316,I1316,800,460,615,0.0,100,0,n,3
1471,I1471,1000,800,615,355.0,100,3,l,4
4739,I4739,800,460,615,334.0,100,0,w,3
5990,I5990,800,500,615,319.0,100,1,n,3
1857,I1857,800,500,615,366.0,100,1,n,3
950,I0950,1500,800,615,384.0,100,5,l,4
6289,I6289,800,500,615,328.0,100,1,l,3
4912,I4912,800,460,615,0.0,100,0,w,3
4620,I4620,800,600,615,247.0,100,2,l,3
4666,I4666,1200,800,615,0.0,100,4,n,4
443,I0443,1200,800,615,364.0,100,4,n,4
4292,I4292,800,460,615,136.0,100,0,n,3
1137,I1137,1500,800,615,338.0,100,5,n,4
2985,I2985,800,500,615,236.0,100,1,n,3
3063,I3063,800,460,615,259.0,100,0,n,3
3953,I3953,1200,800,615,392.0,100,4,n,4
948,I0948,1200,800,615,353.0,100,4,n,4
5880,I5880,1200,800,615,0.0,100,4,n,4
630,I0630,800,500,615,327.0,100,1,l,3
2586,I2586,1500,1000,615,350.0,100,7,n,4
2395,I2395,800,460,615,277.0,100,0,n,3
1751,I1751,1000,800,615,135.0,100,3,n,4
1615,I1615,800,600,615,249.0,100,2,l,3
6316,I6316,1500,800,615,306.0,100,5,n,4
4971,I4971,1500,1000,615,296.0,100,7,l,4
5073,I5073,1200,1000,615,314.0,100,6,n,4
1395,I1395,800,600,615,314.0,100,2,n,3
3618,I3618,1000,800,615,404.0,100,3,n,4
2988,I2988,800,460,615,0.0,100,0,n,3
2248,I2248,1500,1000,615,343.0,100,7,l,4
6018,I6018,1200,1000,615,285.0,100,6,n,4
3051,I3051,800,600,615,364.0,100,2,n,3
4395,I4395,1200,1000,615,0.0,100,6,n,4
2925,I2925,1200,1000,615,319.0,100,6,n,4
1050,I1050,1200,800,615,140.0,100,4,n,4
5130,I5130,800,500,615,356.0,100,1,n,3
6069,I6069,1500,800,615,354.0,100,5,l,4
1145,I1145,1500,800,615,232.0,100,5,n,4
1366,I1366,800,600,615,243.0,100,2,n,3
5451,I5451,1200,1000,615,155.0,100,6,n,4
2729,I2729,1500,800,615,238.0,100,5,n,4
284,I0284,1000,800,615,157.0,100,3,n,4
3485,I3485,800,600,615,396.0,100,2,w,3
3583,I3583,1200,1000,615,286.0,100,6,n,4
5439,I5439,1200,1000,615,166.0,100,6,n,4
1842,I1842,1200,1000,615,398.0,100,6,n,4
3774,I3774,1500,1000,615,409.0,100,7,n,4
6284,I6284,800,500,615,203.0,100,1,w,3
3566,I3566,1200,1000,615,193.0,100,6,n,4
5029,I5029,1200,800,615,414.0,100,4,n,4
4602,I4602,800,600,615,348.0,100,2,n,3
2811,I2811,800,460,615,259.0,100,0,n,3
4132,I4132,800,600,615,443.0,100,2,l,3
4354,I4354,1200,800,615,376.0,100,4,n,4
2090,I2090,1200,1000,615,0.0,100,6,n,4
5468,I5468,1200,800,615,328.0,100,4,l,4
785,I0785,1500,1000,615,415.0,100,7,n,4
1230,I1230,1000,800,615,360.0,100,3,n,4
5905,I5905,1200,800,615,322.0,100,4,n,4
1673,I1673,1500,800,615,222.0,100,5,n,4
672,I0672,1000,800,615,203.0,100,3,n,4
777,I0777,800,460,615,396.0,100,0,l,3
2907,I2907,1500,1000,615,282.0,100,7,n,4
1709,I1709,800,500,615,317.0,100,1,n,3
5710,I5710,1200,800,615,107.0,100,4,l,4
5886,I5886,1500,800,615,242.0,100,5,n,4
3741,I3741,1200,800,615,441.0,100,4,w,4
4968,I4968,800,600,615,218.0,100,2,n,3
1741,I1741,1500,1000,615,255.0,100,7,n,4
2429,I2429,800,600,615,229.0,100,2,l,3
2402,I2402,1500,1000,615,215.0,100,7,n,4
5106,I5106,800,460,615,375.0,100,0,n,3
564,I0564,1000,800,615,377.0,100,3,n,4
364,I0364,1200,1000,615,354.0,100,6,n,4
2703,I2703,1500,1000,615,349.0,100,7,n,4
5389,I5389,800,460,615,0.0,100,0,n,3
3261,I3261,1500,1000,615,190.0,100,7,n,4
350,I0350,800,460,615,187.0,100,0,n,3
5471,I5471,1500,1000,615,0.0,100,7,n,4
4157,I4157,1000,800,615,275.0,100,3,n,4
3187,I3187,800,600,615,346.0,100,2,n,3
494,I0494,1500,1000,615,194.0,100,7,n,4
2616,I2616,800,460,615,364.0,100,0,n,3
4143,I4143,1200,800,615,248.0,100,4,w,4
1970,I1970,1500,1000,615,320.0,100,7,n,4
733,I0733,800,600,615,153.0,100,2,n,3
4577,I4577,1200,1000,615,332.0,100,6,n,4
2560,I2560,1200,800,615,209.0,100,4,n,4
2251,I2251,800,460,615,366.0,100,0,n,3
2267,I2267,1500,800,615,370.0,100,5,n,4
2861,I2861,800,460,615,362.0,100,0,l,3
2943,I2943,1200,1000,615,432.0,100,6,n,4
596,I0596,800,600,615,0.0,100,2,n,3
1330,I1330,800,460,615,136.0,100,0,n,3
4382,I4382,800,600,615,139.0,100,2,w,3
1913,I1913,800,600,615,336.0,100,2,n,3
4683,I4683,800,460,615,251.0,100,0,n,3
2069,I2069,1200,800,615,358.0,100,4,n,4
4124,I4124,800,460,615,0.0,100,0,n,3
3849,I3849,1000,800,615,365.0,100,3,l,4
917,I0917,1200,800,615,399.0,100,4,n,4
1815,I1815,800,600,615,378.0,100,2,l,3
5438,I5438,1500,800,615,276.0,100,5,n,4
5268,I5268,1500,800,615,403.0,100,5,w,4
6174,I6174,800,460,615,164.0,100,0,n,3
3344,I3344,1500,800,615,334.0,100,5,l,4
1328,I1328,800,460,615,166.0,100,0,n,3
5938,I5938,1500,1000,615,355.0,100,7,n,4
2410,I2410,800,460,615,162.0,100,0,n,3
5396,I5396,1000,800,615,176.0,100,3,n,4
863,I0863,800,500,615,425.0,100,1,n,3
3158,I3158,1200,1000,615,339.0,100,6,n,4
4939,I4939,1200,800,615,292.0,100,4,n,4
1766,I1766,800,500,615,152.0,100,1,n,3
2169,I2169,800,600,615,296.0,100,2,n,3
5137,I5137,800,500,615,365.0,100,1,l,3
3161,I3161,800,600,615,213.0,100,2,w,3
2327,I2327,1200,1000,615,386.0,100,6,n,4
6160,I6160,800,460,615,211.0,100,0,n,3
2608,I2608,800,600,615,177.0,100,2,n,3
6340,I6340,1000,800,615,381.0,100,3,n,4
894,I0894,1500,1000,615,385.0,100,7,n,4
4967,I4967,800,500,615,120.0,100,1,w,3
3347,I3347,800,600,615,338.0,100,2,l,3
4323,I4323,800,500,615,418.0,100,1,n,3
456,I0456,1000,800,615,0.0,100,3,n,4
3466,I3466,800,500,615,225.0,100,1,n,3
6298,I6298,800,460,615,299.0,100,0,n,3
1435,I1435,800,460,615,262.0,100,0,n,3
3721,I3721,1500,1000,615,142.0,100,7,n,4
2599,I2599,1000,800,615,371.0,100,3,n,4
4352,I4352,1000,800,615,373.0,100,3,l,4
5681,I5681,1200,800,615,321.0,100,4,n,4
544,I0544,800,460,615,159.0,100,0,n,3
5259,I5259,1200,1000,615,250.0,100,6,n,4
2497,I2497,1500,1000,615,240.0,100,7,w,4
43,I0043,800,600,615,315.0,100,2,n,3
1348,I1348,1500,800,615,337.0,100,5,n,4
111,I0111,1200,800,615,293.0,100,4,n,4
5858,I5858,1500,800,615,179.0,100,5,n,4
94,I0094,1200,1000,615,296.0,100,6,w,4
1318,I1318,800,460,615,442.0,100,0,n,3
2316,I2316,1200,1000,615,253.0,100,6,n,4
4711,I4711,800,600,615,186.0,100,2,n,3
157,I0157,800,500,615,339.0,100,1,l,3
1319,I1319,800,460,615,306.0,100,0,l,3
3875,I3875,1500,800,615,300.0,100,5,n,4
3094,I3094,800,500,615,324.0,100,1,n,3
1352,I1352,1500,1000,615,197.0,100,7,n,4
2139,I2139,1000,800,615,292.0,100,3,n,4
5290,I5290,1200,1000,615,309.0,100,6,n,4
6113,I6113,1500,1000,615,377.0,100,7,n,4
2751,I2751,1500,1000,615,329.0,100,7,n,4
1378,I1378,1500,800,615,332.0,100,5,n,4
5668,I5668,1200,800,615,208.0,100,4,l,4
4348,I4348,1200,800,615,163.0,100,4,n,4
3301,I3301,800,500,615,227.0,100,1,n,3
3847,I3847,1500,1000,615,309.0,100,7,n,4
4806,I4806,1000,800,615,252.0,100,3,n,4
2933,I2933,800,500,615,209.0,100,1,n,3
5863,I5863,800,460,615,226.0,100,0,n,3
5504,I5504,800,460,615,382.0,100,0,n,3
6188,I6188,1000,800,615,152.0,100,3,n,4
35,I0035,1500,1000,615,358.0,100,7,n,4
3026,I3026,1200,800,615,379.0,100,4,n,4
4274,I4274,1000,800,615,404.0,100,3,w,4
2742,I2742,800,500,615,365.0,100,1,w,3
1157,I1157,1500,1000,615,331.0,100,7,n,4
5759,I5759,800,500,615,307.0,100,1,n,3
1612,I1612,1200,1000,615,193.0,100,6,l,4
2511,I2511,1500,1000,615,180.0,100,7,n,4
4170,I4170,1500,800,615,375.0,100,5,n,4
6020,I6020,1200,800,615,110.0,100,4,n,4
39,I0039,800,600,615,281.0,100,2,n,3
4371,I4371,1000,800,615,201.0,100,3,n,4
3435,I3435,800,460,615,262.0,100,0,n,3
4715,I4715,800,600,615,204.0,100,2,n,3
220,I0220,1200,1000,615,286.0,100,6,w,4
2392,I2392,800,460,615,318.0,100,0,n,3
3328,I3328,1500,800,615,437.0,100,5,n,4
5391,I5391,800,600,615,426.0,100,2,l,3
5081,I5081,1000,800,615,216.0,100,3,n,4
4423,I4423,800,600,615,369.0,100,2,n,3
3907,I3907,800,460,615,390.0,100,0,n,3
4216,I4216,1500,1000,615,318.0,100,7,n,4
6434,I6434,1200,1000,615,307.0,100,6,n,4
4632,I4632,1200,1000,615,413.0,100,6,n,4
6224,I6224,1500,800,615,0.0,100,5,n,4
289,I0289,1200,800,615,247.0,100,4,n,4
1017,I1017,1200,800,615,308.0,100,4,n,4
156,I0156,800,600,615,285.0,100,2,n,3
448,I0448,1200,800,615,158.0,100,4,n,4
5356,I5356,1500,800,615,358.0,100,5,n,4
2263,I2263,800,600,615,0.0,100,2,n,3
5536,I5536,800,460,615,170.0,100,0,n,3
5820,I5820,800,600,615,213.0,100,2,n,3
187,I0187,1000,800,615,313.0,100,3,n,4
2177,I2177,800,460,615,180.0,100,0,n,3
2851,I2851,1000,800,615,338.0,100,3,n,4
1727,I1727,800,600,615,372.0,100,2,n,3
3372,I3372,1000,800,615,173.0,100,3,n,4
1889,I1889,1500,800,615,401.0,100,5,n,4
4014,I4014,1200,800,615,0.0,100,4,n,4
6184,I6184,1500,1000,615,0.0,100,7,n,4
2515,I2515,1000,800,615,204.0,100,3,n,4
875,I0875,800,600,615,276.0,100,2,n,3
5133,I5133,1000,800,615,0.0,100,3,n,4
1090,I1090,1500,800,615,331.0,100,5,n,4
2268,I2268,800,600,615,142.0,100,2,n,3
3047,I3047,800,460,615,333.0,100,0,n,3
2155,I2155,1000,800,615,417.0,100,3,w,4
1092,I1092,800,500,615,102.0,100,1,n,3
1274,I1274,800,460,615,186.0,100,0,n,3
1763,I1763,800,500,615,291.0,100,1,n,3
5954,I5954,1500,1000,615,169.0,100,7,n,4
3657,I3657,1000,800,615,315.0,100,3,w,4
2149,I2149,800,460,615,160.0,100,0,w,3
1048,I1048,800,600,615,159.0,100,2,n,3
5337,I5337,1500,800,615,418.0,100,5,n,4
1067,I1067,800,460,615,342.0,100,0,l,3
4611,I4611,800,600,615,219.0,100,2,n,3
1023,I1023,800,500,615,406.0,100,1,n,3
3832,I3832,1000,800,615,239.0,100,3,n,4
3403,I3403,800,600,615,257.0,100,2,w,3
5531,I5531,1200,1000,615,261.0,100,6,l,4
5289,I5289,1200,1000,615,415.0,100,6,l,4
1746,I1746,1500,800,615,0.0,100,5,n,4
44,I0044,1200,1000,615,0.0,100,6,n,4
1665,I1665,1000,800,615,274.0,100,3,n,4
2363,I2363,1200,800,615,286.0,100,4,n,4
1228,I1228,1200,1000,615,157.0,100,6,n,4
3352,I3352,800,500,615,188.0,100,1,n,3
3880,I3880,800,460,615,211.0,100,0,l,3
4520,I4520,1200,1000,615,186.0,100,6,n,4
5004,I5004,1200,800,615,355.0,100,4,n,4
5876,I5876,1500,800,615,183.0,100,5,n,4
1583,I1583,1200,800,615,337.0,100,4,n,4
1625,I1625,800,460,615,120.0,100,0,n,3
3151,I3151,1200,800,615,210.0,100,4,l,4
3442,I3442,1500,1000,615,145.0,100,7,n,4
4217,I4217,800,460,615,225.0,100,0,n,3
3530,I3530,800,600,615,211.0,100,2,n,3
3060,I3060,1500,1000,615,282.0,100,7,l,4
3296,I3296,1000,800,615,0.0,100,3,n,4
3894,I3894,1000,800,615,261.0,100,3,n,4
2171,I2171,1200,1000,615,257.0,100,6,n,4
1799,I1799,1200,800,615,403.0,100,4,w,4
1161,I1161,1200,1000,615,242.0,100,6,n,4
615,I0615,800,460,615,279.0,100,0,n,3
2468,I2468,1000,800,615,0.0,100,3,n,4
2135,I2135,1200,1000,615,189.0,100,6,n,4
2714,I2714,800,500,615,318.0,100,1,n,3
4817,I4817,800,460,615,0.0,100,0,l,3
1605,I1605,800,600,615,206.0,100,2,n,3
4017,I4017,800,500,615,259.0,100,1,n,3
4159,I4159,1200,800,615,289.0,100,4,n,4
512,I0512,1500,1000,615,206.0,100,7,n,4
2523,I2523,1500,1000,615,149.0,100,7,n,4
4107,I4107,1500,1000,615,355.0,100,7,l,4
3406,I3406,1000,800,615,220.0,100,3,w,4
2055,I2055,1200,800,615,311.0,100,4,n,4
5918,I5918,1200,800,615,308.0,100,4,n,4
6102,I6102,1500,800,615,362.0,100,5,n,4
2792,I2792,1500,800,615,341.0,100,5,l,4
5306,I5306,800,500,615,96.0,100,1,n,3
2865,I2865,800,600,615,203.0,100,2,n,3
5879,I5879,1500,800,615,378.0,100,5,n,4
801,I0801,1500,1000,615,117.0,100,7,n,4
3380,I3380,800,460,615,235.0,100,0,n,3
3884,I3884,800,460,615,223.0,100,0,l,3
867,I0867,1500,1000,615,206.0,100,7,n,4
3,I0003,1200,1000,615,346.0,100,6,n,4
2766,I2766,800,600,615,314.0,100,2,n,3
282,I0282,800,500,615,343.0,100,1,n,3
2706,I2706,800,500,615,308.0,100,1,n,3
261,I0261,1500,800,615,239.0,100,5,n,4
6050,I6050,1500,800,615,356.0,100,5,n,4
2669,I2669,1200,1000,615,207.0,100,6,n,4
1491,I1491,1200,800,615,239.0,100,4,w,4
3556,I3556,1500,1000,615,389.0,100,7,n,4
1244,I1244,800,460,615,297.0,100,0,n,3
2853,I2853,800,460,615,150.0,100,0,n,3
3642,I3642,800,600,615,311.0,100,2,l,3
4433,I4433,800,500,615,324.0,100,1,n,3
4478,I4478,1500,1000,615,314.0,100,7,n,4
3294,I3294,1500,1000,615,263.0,100,7,n,4
4454,I4454,800,600,615,396.0,100,2,n,3
1677,I1677,1500,1000,615,136.0,100,7,n,4
994,I0994,800,460,615,385.0,100,0,n,3
4950,I4950,1500,800,615,330.0,100,5,n,4
3599,I3599,1500,800,615,415.0,100,5,n,4
2193,I2193,1000,800,615,253.0,100,3,n,4
1109,I1109,1500,800,615,282.0,100,5,n,4
3363,I3363,1200,800,615,0.0,100,4,n,4
2099,I2099,1500,1000,615,465.0,100,7,w,4
5402,I5402,1200,1000,615,171.0,100,6,n,4
6021,I6021,1000,800,615,338.0,100,3,n,4
2129,I2129,1200,1000,615,363.0,100,6,n,4
4376,I4376,1500,800,615,0.0,100,5,n,4
4907,I4907,800,500,615,361.0,100,1,n,3
1356,I1356,1200,1000,615,223.0,100,6,n,4
3652,I3652,1200,1000,615,119.0,100,6,w,4
757,I0757,800,460,615,0.0,100,0,n,3
2048,I2048,800,500,615,92.0,100,1,n,3
4662,I4662,1000,800,615,215.0,100,3,n,4
2589,I2589,1000,800,615,336.0,100,3,n,4
3390,I3390,800,460,615,184.0,100,0,l,3
2817,I2817,1500,1000,615,425.0,100,7,n,4
968,I0968,1000,800,615,108.0,100,3,n,4
1631,I1631,800,460,615,292.0,100,0,n,3
6219,I6219,1200,800,615,0.0,100,4,n,4
272,I0272,800,600,615,282.0,100,2,n,3
3230,I3230,1500,800,615,184.0,100,5,n,4
614,I0614,1500,1000,615,151.0,100,7,n,4
1066,I1066,1000,800,615,229.0,100,3,n,4
872,I0872,800,600,615,185.0,100,2,n,3
2034,I2034,1500,800,615,299.0,100,5,n,4
3866,I3866,800,500,615,266.0,100,1,n,3
2318,I2318,1200,800,615,260.0,100,4,n,4
4139,I4139,800,600,615,278.0,100,2,n,3
2682,I2682,800,460,615,302.0,100,0,n,3
3217,I3217,1200,1000,615,386.0,100,6,n,4
2287,I2287,800,500,615,461.0,100,1,n,3
6164,I6164,1200,800,615,293.0,100,4,n,4
2787,I2787,1500,1000,615,245.0,100,7,n,4
4789,I4789,800,460,615,120.0,100,0,n,3
5839,I5839,800,600,615,0.0,100,2,n,3
5552,I5552,1500,800,615,348.0,100,5,n,4
4523,I4523,1200,800,615,177.0,100,4,n,4
4852,I4852,800,600,615,268.0,100,2,n,3
3648,I3648,1000,800,615,192.0,100,3,n,4
1425,I1425,1000,800,615,288.0,100,3,l,4
3030,I3030,800,600,615,210.0,100,2,n,3
1633,I1633,800,500,615,221.0,100,1,n,3
4304,I4304,800,460,615,175.0,100,0,n,3
2421,I2421,800,460,615,246.0,100,0,n,3
4364,I4364,1200,1000,615,368.0,100,6,n,4
1045,I1045,1000,800,615,459.0,100,3,n,4
3616,I3616,800,460,615,258.0,100,0,n,3
5595,I5595,800,600,615,187.0,100,2,l,3
5608,I5608,800,600,615,292.0,100,2,n,3
3410,I3410,1500,1000,615,253.0,100,7,n,4
333,I0333,1500,1000,615,314.0,100,7,n,4
3747,I3747,800,600,615,423.0,100,2,w,3
3855,I3855,1500,1000,615,397.0,100,7,n,4
2181,I2181,1500,800,615,453.0,100,5,n,4
3308,I3308,800,500,615,311.0,100,1,n,3
4252,I4252,1500,800,615,340.0,100,5,n,4
3787,I3787,1200,800,615,141.0,100,4,n,4
2571,I2571,1200,800,615,299.0,100,4,n,4
2432,I2432,1200,800,615,363.0,100,4,n,4
2271,I2271,1500,800,615,383.0,100,5,n,4
1314,I1314,1000,800,615,252.0,100,3,n,4
3135,I3135,1200,1000,615,251.0,100,6,n,4
660,I0660,800,600,615,185.0,100,2,n,3
267,I0267,1000,800,615,239.0,100,3,n,4
4420,I4420,800,600,615,260.0,100,2,n,3
2549,I2549,800,460,615,250.0,100,0,n,3
521,I0521,1500,1000,615,130.0,100,7,n,4
4628,I4628,1000,800,615,108.0,100,3,n,4
1162,I1162,1500,1000,615,418.0,100,7,w,4
5825,I5825,1200,800,615,259.0,100,4,n,4
2438,I2438,800,600,615,304.0,100,2,l,3
4497,I4497,1000,800,615,130.0,100,3,n,4
2170,I2170,1200,800,615,348.0,100,4,n,4
3147,I3147,1500,1000,615,348.0,100,7,n,4
48,I0048,1500,1000,615,249.0,100,7,n,4
3409,I3409,1000,800,615,434.0,100,3,n,4
201,I0201,1200,800,615,250.0,100,4,n,4
5760,I5760,1500,800,615,277.0,100,5,n,4
5312,I5312,1200,1000,615,265.0,100,6,n,4
6068,I6068,800,600,615,157.0,100,2,n,3
2837,I2837,1000,800,615,332.0,100,3,n,4
1803,I1803,1500,1000,615,299.0,100,7,n,4
3962,I3962,800,600,615,333.0,100,2,l,3
152,I0152,1000,800,615,407.0,100,3,n,4
4908,I4908,1000,800,615,358.0,100,3,n,4
2712,I2712,1200,1000,615,343.0,100,6,n,4
75,I0075,1500,800,615,300.0,100,5,n,4
2335,I2335,800,600,615,190.0,100,2,n,3
310,I0310,800,500,615,175.0,100,1,n,3
3088,I3088,1500,800,615,365.0,100,5,n,4
5566,I5566,1000,800,615,434.0,100,3,n,4
2396,I2396,800,460,615,191.0,100,0,n,3
2872,I2872,1500,1000,615,318.0,100,7,w,4
4241,I4241,1000,800,615,367.0,100,3,n,4
2809,I2809,800,600,615,341.0,100,2,n,3
3791,I3791,800,600,615,346.0,100,2,n,3
2154,I2154,800,600,615,226.0,100,2,n,3
2352,I2352,800,600,615,302.0,100,2,n,3
6084,I6084,1500,800,615,260.0,100,5,n,4
5963,I5963,1200,800,615,106.0,100,4,n,4
235,I0235,800,500,615,0.0,100,1,n,3
5698,I5698,1500,1000,615,315.0,100,7,n,4
3070,I3070,800,500,615,268.0,100,1,l,3
755,I0755,800,460,615,330.0,100,0,n,3
2235,I2235,1200,1000,615,137.0,100,6,n,4
5568,I5568,1200,1000,615,272.0,100,6,n,4
981,I0981,1000,800,615,354.0,100,3,n,4
40,I0040,1000,800,615,326.0,100,3,n,4
2808,I2808,1200,800,615,0.0,100,4,n,4
3806,I3806,1200,800,615,363.0,100,4,w,4
4676,I4676,1500,800,615,335.0,100,5,l,4
217,I0217,800,460,615,347.0,100,0,w,3
6152,I6152,1000,800,615,288.0,100,3,n,4
160,I0160,800,500,615,464.0,100,1,n,3
5194,I5194,800,460,615,258.0,100,0,n,3
2604,I2604,1200,800,615,253.0,100,4,w,4
6024,I6024,1200,800,615,306.0,100,4,n,4
603,I0603,1200,800,615,189.0,100,4,n,4
496,I0496,800,460,615,212.0,100,0,n,3
2179,I2179,800,460,615,230.0,100,0,w,3
5594,I5594,1200,1000,615,127.0,100,6,n,4
3450,I3450,800,500,615,399.0,100,1,n,3
1178,I1178,800,500,615,217.0,100,1,n,3
5018,I5018,800,500,615,282.0,100,1,n,3
419,I0419,1200,800,615,278.0,100,4,n,4
211,I0211,1500,1000,615,233.0,100,7,n,4
5684,I5684,1500,800,615,373.0,100,5,n,4
4960,I4960,1500,800,615,0.0,100,5,n,4
3734,I3734,1500,1000,615,361.0,100,7,n,4
193,I0193,1000,800,615,355.0,100,3,w,4
4090,I4090,1200,1000,615,237.0,100,6,l,4
1795,I1795,800,460,615,419.0,100,0,n,3
1069,I1069,1200,1000,615,195.0,100,6,n,4
1085,I1085,800,600,615,263.0,100,2,n,3
6127,I6127,800,500,615,228.0,100,1,n,3
5631,I5631,1500,800,615,260.0,100,5,n,4
798,I0798,1200,1000,615,319.0,100,6,n,4
5865,I5865,1500,800,615,202.0,100,5,n,4
4534,I4534,1000,800,615,322.0,100,3,n,4
433,I0433,800,460,615,142.0,100,0,n,3
2648,I2648,1200,1000,615,211.0,100,6,n,4
6172,I6172,1200,1000,615,302.0,100,6,n,4
2520,I2520,800,500,615,152.0,100,1,w,3
2650,I2650,800,460,615,362.0,100,0,w,3
4047,I4047,800,500,615,219.0,100,1,l,3
1060,I1060,1500,800,615,324.0,100,5,n,4
4518,I4518,800,460,615,217.0,100,0,n,3
3350,I3350,1200,1000,615,212.0,100,6,n,4
226,I0226,1200,1000,615,345.0,100,6,n,4
1429,I1429,800,500,615,134.0,100,1,n,3
479,I0479,1200,800,615,305.0,100,4,n,4
1041,I1041,800,460,615,313.0,100,0,n,3
1559,I1559,800,500,615,166.0,100,1,w,3
4105,I4105,1500,800,615,338.0,100,5,w,4
6275,I6275,1200,1000,615,287.0,100,6,n,4
6425,I6425,800,600,615,337.0,100,2,n,3
5768,I5768,800,600,615,0.0,100,2,n,3
6361,I6361,1200,1000,615,232.0,100,6,n,4
655,I0655,800,600,615,172.0,100,2,n,3
4021,I4021,800,460,615,266.0,100,0,n,3
2574,I2574,1500,800,615,269.0,100,5,n,4
4242,I4242,800,500,615,202.0,100,1,n,3
5205,I5205,800,460,615,334.0,100,0,n,3
5383,I5383,800,500,615,270.0,100,1,n,3
3890,I3890,1000,800,615,292.0,100,3,n,4
989,I0989,1000,800,615,337.0,100,3,n,4
859,I0859,1000,800,615,130.0,100,3,n,4
3335,I3335,1500,800,615,374.0,100,5,n,4
3668,I3668,800,460,615,251.0,100,0,n,3
3714,I3714,1500,800,615,310.0,100,5,n,4
1506,I1506,800,500,615,318.0,100,1,l,3
2138,I2138,800,500,615,201.0,100,1,n,3
5795,I5795,800,500,615,233.0,100,1,n,3
6201,I6201,1200,1000,615,287.0,100,6,l,4
4923,I4923,1500,1000,615,418.0,100,7,n,4
3313,I3313,800,500,615,287.0,100,1,n,3
6114,I6114,800,460,615,315.0,100,0,n,3
345,I0345,1200,1000,615,298.0,100,6,n,4
1881,I1881,800,600,615,346.0,100,2,n,3
4218,I4218,1500,800,615,221.0,100,5,l,4
3396,I3396,1200,1000,615,186.0,100,6,n,4
6292,I6292,800,460,615,238.0,100,0,l,3
4879,I4879,800,460,615,161.0,100,0,n,3
3746,I3746,1000,800,615,280.0,100,3,w,4
4538,I4538,1000,800,615,366.0,100,3,l,4
4945,I4945,1000,800,615,303.0,100,3,n,4
6339,I6339,1500,1000,615,295.0,100,7,w,4
1858,I1858,800,600,615,0.0,100,2,n,3
2633,I2633,1200,1000,615,164.0,100,6,n,4
1912,I1912,1500,800,615,0.0,100,5,n,4
637,I0637,1200,800,615,294.0,100,4,l,4
3719,I3719,1200,800,615,424.0,100,4,n,4
2203,I2203,800,460,615,260.0,100,0,n,3
5446,I5446,1200,800,615,0.0,100,4,n,4
1459,I1459,1200,800,615,342.0,100,4,n,4
5946,I5946,1200,800,615,189.0,100,4,n,4
269,I0269,800,500,615,192.0,100,1,n,3
3779,I3779,1500,800,615,258.0,100,5,n,4
3667,I3667,1500,800,615,173.0,100,5,n,4
2126,I2126,1500,1000,615,243.0,100,7,n,4
1770,I1770,800,600,615,297.0,100,2,n,3
4618,I4618,1200,800,615,125.0,100,4,n,4
2521,I2521,800,600,615,0.0,100,2,n,3
6435,I6435,800,460,615,0.0,100,0,n,3
3194,I3194,1500,800,615,406.0,100,5,n,4
4613,I4613,1000,800,615,0.0,100,3,n,4
388,I0388,1500,1000,615,413.0,100,7,w,4
539,I0539,1200,800,615,425.0,100,4,n,4
3222,I3222,1200,800,615,447.0,100,4,n,4
5838,I5838,800,500,615,397.0,100,1,n,3
2672,I2672,1200,1000,615,313.0,100,6,n,4
3694,I3694,800,460,615,0.0,100,0,n,3
4015,I4015,800,460,615,134.0,100,0,n,3
1243,I1243,1000,800,615,175.0,100,3,n,4
5549,I5549,800,500,615,328.0,100,1,n,3
1018,I1018,800,460,615,156.0,100,0,n,3
1080,I1080,1500,1000,615,333.0,100,7,n,4
4884,I4884,1200,1000,615,230.0,100,6,n,4
1185,I1185,1500,1000,615,0.0,100,7,n,4
5235,I5235,800,460,615,381.0,100,0,l,3
5928,I5928,1500,1000,615,0.0,100,7,n,4
5449,I5449,1500,800,615,249.0,100,5,l,4
4418,I4418,800,500,615,123.0,100,1,n,3
3381,I3381,800,500,615,382.0,100,1,w,3
2512,I2512,800,600,615,0.0,100,2,n,3
1538,I1538,800,500,615,263.0,100,1,n,3
1410,I1410,800,600,615,0.0,100,2,w,3
5074,I5074,1500,1000,615,386.0,100,7,n,4
5743,I5743,800,600,615,106.0,100,2,n,3
2656,I2656,1200,1000,615,173.0,100,6,l,4
2908,I2908,1500,800,615,95.0,100,5,w,4
5945,I5945,1000,800,615,294.0,100,3,n,4
4905,I4905,1500,800,615,237.0,100,5,n,4
3053,I3053,800,500,615,275.0,100,1,n,3
5936,I5936,1500,1000,615,268.0,100,7,n,4
5824,I5824,1200,1000,615,199.0,100,6,n,4
4829,I4829,800,600,615,416.0,100,2,n,3
2637,I2637,1200,1000,615,154.0,100,6,n,4
2406,I2406,1500,1000,615,298.0,100,7,n,4
322,I0322,1500,1000,615,395.0,100,7,n,4
6003,I6003,1200,1000,615,286.0,100,6,n,4
5427,I5427,1500,800,615,231.0,100,5,w,4
2262,I2262,800,460,615,194.0,100,0,w,3
3078,I3078,800,460,615,204.0,100,0,n,3
3761,I3761,1200,800,615,434.0,100,4,n,4
12,I0012,1200,1000,615,428.0,100,6,n,4
491,I0491,800,600,615,248.0,100,2,n,3
2613,I2613,800,460,615,378.0,100,0,n,3
855,I0855,800,460,615,363.0,100,0,n,3
2569,I2569,1000,800,615,413.0,100,3,n,4
1129,I1129,1500,1000,615,125.0,100,7,n,4
101,I0101,800,460,615,0.0,100,0,l,3
3315,I3315,1200,800,615,344.0,100,4,n,4
2253,I2253,800,500,615,431.0,100,1,l,3
3537,I3537,1500,800,615,403.0,100,5,n,4
2897,I2897,800,500,615,378.0,100,1,n,3
2081,I2081,800,460,615,233.0,100,0,n,3
3214,I3214,1500,800,615,339.0,100,5,n,4
3991,I3991,1200,1000,615,184.0,100,6,n,4
2305,I2305,800,500,615,0.0,100,1,l,3
1505,I1505,1500,1000,615,172.0,100,7,w,4
340,I0340,800,600,615,377.0,100,2,n,3
3711,I3711,800,500,615,249.0,100,1,n,3
557,I0557,1200,800,615,185.0,100,4,n,4
2217,I2217,1200,800,615,168.0,100,4,n,4
409,I0409,1000,800,615,197.0,100,3,n,4
578,I0578,1500,800,615,410.0,100,5,n,4
2815,I2815,1500,800,615,386.0,100,5,n,4
4085,I4085,800,460,615,373.0,100,0,n,3
5790,I5790,1200,800,615,372.0,100,4,n,4
1973,I1973,800,500,615,218.0,100,1,n,3
5881,I5881,800,600,615,237.0,100,2,l,3
2127,I2127,800,460,615,335.0,100,0,n,3
5745,I5745,800,460,615,316.0,100,0,w,3
5444,I5444,1000,800,615,410.0,100,3,n,4
5754,I5754,1500,1000,615,362.0,100,7,n,4
4444,I4444,1500,800,615,296.0,100,5,l,4
1411,I1411,1200,800,615,158.0,100,4,n,4
6141,I6141,1000,800,615,248.0,100,3,n,4
3800,I3800,800,460,615,332.0,100,0,w,3
1250,I1250,1500,1000,615,323.0,100,7,l,4
2920,I2920,1000,800,615,0.0,100,3,n,4
4237,I4237,800,600,615,329.0,100,2,n,3
4530,I4530,1200,1000,615,399.0,100,6,l,4
2543,I2543,1000,800,615,294.0,100,3,l,4
191,I0191,1500,800,615,220.0,100,5,n,4
3615,I3615,1500,800,615,290.0,100,5,l,4
3920,I3920,1200,800,615,0.0,100,4,n,4
4257,I4257,1200,800,615,239.0,100,4,l,4
1570,I1570,1500,800,615,129.0,100,5,n,4
3041,I3041,1200,1000,615,312.0,100,6,l,4
4140,I4140,800,600,615,252.0,100,2,n,3
1599,I1599,1500,800,615,373.0,100,5,n,4
6437,I6437,800,500,615,107.0,100,1,n,3
2346,I2346,1500,1000,615,216.0,100,7,n,4
5392,I5392,1500,800,615,215.0,100,5,w,4
2566,I2566,800,600,615,466.0,100,2,n,3
2524,I2524,1500,1000,615,298.0,100,7,l,4
1032,I1032,800,460,615,136.0,100,0,l,3
368,I0368,1200,800,615,266.0,100,4,w,4
1535,I1535,800,460,615,201.0,100,0,n,3
3478,I3478,1500,800,615,309.0,100,5,n,4
159,I0159,800,460,615,396.0,100,0,n,3
4597,I4597,800,600,615,446.0,100,2,n,3
5015,I5015,1200,800,615,0.0,100,4,n,4
3936,I3936,1500,800,615,309.0,100,5,n,4
2774,I2774,1000,800,615,213.0,100,3,n,4
1938,I1938,1200,800,615,0.0,100,4,n,4
5499,I5499,800,500,615,366.0,100,1,n,3
4820,I4820,800,460,615,427.0,100,0,l,3
4496,I4496,1200,800,615,0.0,100,4,n,4
5867,I5867,1000,800,615,292.0,100,3,n,4
1921,I1921,1500,800,615,342.0,100,5,n,4
4659,I4659,800,600,615,284.0,100,2,n,3
3956,I3956,800,600,615,143.0,100,2,n,3
2091,I2091,800,460,615,240.0,100,0,n,3
5246,I5246,800,500,615,0.0,100,1,w,3
2197,I2197,800,460,615,410.0,100,0,n,3
2394,I2394,1500,1000,615,268.0,100,7,n,4
3563,I3563,1200,800,615,368.0,100,4,w,4
286,I0286,800,500,615,294.0,100,1,n,3
4136,I4136,1200,800,615,233.0,100,4,n,4
5665,I5665,1500,800,615,338.0,100,5,l,4
1027,I1027,1200,800,615,344.0,100,4,n,4
5192,I5192,1500,1000,615,0.0,100,7,w,4
6406,I6406,800,600,615,231.0,100,2,n,3
4134,I4134,1200,800,615,187.0,100,4,n,4
2827,I2827,800,500,615,224.0,100,1,n,3
5309,I5309,800,500,615,0.0,100,1,n,3
519,I0519,1000,800,615,389.0,100,3,n,4
6240,I6240,800,460,615,297.0,100,0,n,3
4649,I4649,1000,800,615,179.0,100,3,n,4
2247,I2247,800,460,615,254.0,100,0,n,3
4558,I4558,800,600,615,423.0,100,2,n,3
6347,I6347,1200,1000,615,157.0,100,6,n,4
1064,I1064,1500,800,615,141.0,100,5,n,4
2671,I2671,800,460,615,154.0,100,0,n,3
5149,I5149,1000,800,615,290.0,100,3,n,4
2914,I2914,1000,800,615,376.0,100,3,n,4
6346,I6346,1200,800,615,333.0,100,4,n,4
62,I0062,800,500,615,373.0,100,1,n,3
5475,I5475,1200,800,615,333.0,100,4,n,4
5244,I5244,1200,1000,615,137.0,100,6,n,4
4969,I4969,1000,800,615,409.0,100,3,w,4
4782,I4782,800,600,615,416.0,100,2,w,3
5435,I5435,1500,1000,615,116.0,100,7,n,4
2065,I2065,1500,1000,615,361.0,100,7,n,4
3355,I3355,1200,800,615,376.0,100,4,n,4
2222,I2222,1500,800,615,423.0,100,5,w,4
1794,I1794,800,460,615,231.0,100,0,n,3
2740,I2740,800,460,615,102.0,100,0,n,3
6195,I6195,1500,1000,615,391.0,100,7,n,4
205,I0205,1000,800,615,318.0,100,3,n,4
2947,I2947,1500,800,615,436.0,100,5,n,4
1070,I1070,800,460,615,152.0,100,0,w,3
4533,I4533,1000,800,615,430.0,100,3,l,4
1647,I1647,800,460,615,341.0,100,0,n,3
3551,I3551,1200,800,615,387.0,100,4,n,4
5605,I5605,800,600,615,428.0,100,2,n,3
24,I0024,800,460,615,405.0,100,0,w,3
1275,I1275,800,600,615,308.0,100,2,l,3
453,I0453,1200,800,615,273.0,100,4,n,4
3408,I3408,1200,1000,615,148.0,100,6,l,4
3348,I3348,1000,800,615,348.0,100,3,n,4
1553,I1553,1200,1000,615,324.0,100,6,n,4
4596,I4596,800,460,615,289.0,100,0,n,3
3726,I3726,800,600,615,275.0,100,2,n,3
1719,I1719,800,600,615,334.0,100,2,n,3
4043,I4043,1500,1000,615,227.0,100,7,n,4
609,I0609,1500,1000,615,0.0,100,7,n,4
2603,I2603,1500,800,615,360.0,100,5,l,4
4337,I4337,1500,1000,615,213.0,100,7,w,4
4675,I4675,800,600,615,288.0,100,2,n,3
5254,I5254,1000,800,615,280.0,100,3,n,4
2386,I2386,1200,800,615,327.0,100,4,n,4
2060,I2060,1500,1000,615,0.0,100,7,n,4
3954,I3954,1500,800,615,314.0,100,5,n,4
6179,I6179,1500,800,615,271.0,100,5,n,4
935,I0935,800,500,615,0.0,100,1,w,3
1808,I1808,1000,800,615,154.0,100,3,l,4
6115,I6115,1200,800,615,212.0,100,4,l,4
4682,I4682,1500,800,615,422.0,100,5,n,4
956,I0956,1500,1000,615,187.0,100,7,n,4
4404,I4404,1200,1000,615,248.0,100,6,n,4
3052,I3052,1500,1000,615,177.0,100,7,n,4
6154,I6154,800,500,615,288.0,100,1,n,3
3852,I3852,1000,800,615,346.0,100,3,w,4
3687,I3687,1500,800,615,232.0,100,5,n,4
727,I0727,1200,1000,615,0.0,100,6,l,4
5577,I5577,1000,800,615,353.0,100,3,n,4
589,I0589,1200,800,615,274.0,100,4,n,4
799,I0799,1200,800,615,282.0,100,4,n,4
658,I0658,800,500,615,0.0,100,1,n,3
6123,I6123,800,460,615,354.0,100,0,n,3
2359,I2359,1200,1000,615,243.0,100,6,n,4
6349,I6349,1000,800,615,281.0,100,3,n,4
2697,I2697,1200,1000,615,287.0,100,6,l,4
2607,I2607,800,500,615,293.0,100,1,n,3
1335,I1335,1500,800,615,192.0,100,5,n,4
2037,I2037,1500,800,615,279.0,100,5,n,4
2965,I2965,800,500,615,198.0,100,1,n,3
1166,I1166,1000,800,615,267.0,100,3,n,4
1212,I1212,800,460,615,203.0,100,0,n,3
1515,I1515,1500,800,615,184.0,100,5,n,4
5763,I5763,1000,800,615,388.0,100,3,n,4
3676,I3676,1200,800,615,277.0,100,4,n,4
6058,I6058,1500,1000,615,322.0,100,7,n,4
5215,I5215,800,600,615,347.0,100,2,n,3
1679,I1679,1500,800,615,413.0,100,5,n,4
4865,I4865,800,500,615,173.0,100,1,n,3
1240,I1240,1200,1000,615,165.0,100,6,n,4
5010,I5010,800,500,615,241.0,100,1,n,3
2184,I2184,800,500,615,0.0,100,1,n,3
2264,I2264,1200,1000,615,102.0,100,6,n,4
2417,I2417,1200,1000,615,127.0,100,6,n,4
406,I0406,1500,800,615,298.0,100,5,w,4
4561,I4561,1500,800,615,346.0,100,5,w,4
805,I0805,800,600,615,437.0,100,2,n,3
3772,I3772,1200,1000,615,215.0,100,6,n,4
661,I0661,1500,800,615,293.0,100,5,n,4
5426,I5426,800,460,615,386.0,100,0,w,3
5303,I5303,1500,800,615,202.0,100,5,n,4
3768,I3768,1200,1000,615,348.0,100,6,n,4
1063,I1063,1200,800,615,381.0,100,4,n,4
6039,I6039,800,500,615,148.0,100,1,n,3
2639,I2639,800,600,615,191.0,100,2,n,3
6362,I6362,1200,800,615,363.0,100,4,n,4
6022,I6022,800,600,615,158.0,100,2,n,3
6421,I6421,800,500,615,420.0,100,1,n,3
5078,I5078,800,460,615,0.0,100,0,n,3
4513,I4513,1000,800,615,284.0,100,3,w,4
4664,I4664,800,600,615,0.0,100,2,n,3
5942,I5942,800,600,615,285.0,100,2,n,3
2102,I2102,800,600,615,253.0,100,2,n,3
4200,I4200,1500,800,615,406.0,100,5,n,4
2678,I2678,800,600,615,357.0,100,2,n,3
598,I0598,1500,1000,615,398.0,100,7,n,4
227,I0227,1500,800,615,377.0,100,5,n,4
5569,I5569,1000,800,615,234.0,100,3,n,4
744,I0744,800,500,615,397.0,100,1,n,3
618,I0618,800,460,615,202.0,100,0,n,3
826,I0826,800,460,615,0.0,100,0,l,3
896,I0896,800,460,615,369.0,100,0,n,3
4790,I4790,1500,1000,615,188.0,100,7,n,4
173,I0173,800,460,615,0.0,100,0,n,3
1596,I1596,800,500,615,301.0,100,1,n,3
2403,I2403,1200,800,615,0.0,100,4,n,4
4647,I4647,1000,800,615,183.0,100,3,n,4
861,I0861,1500,1000,615,142.0,100,7,n,4
6262,I6262,800,460,615,214.0,100,0,n,3
3562,I3562,1000,800,615,119.0,100,3,n,4
605,I0605,1500,1000,615,329.0,100,7,n,4
6055,I6055,1200,1000,615,391.0,100,6,n,4
1363,I1363,1200,1000,615,0.0,100,6,n,4
1544,I1544,1500,800,615,380.0,100,5,l,4
1722,I1722,1000,800,615,153.0,100,3,n,4
3061,I3061,800,600,615,155.0,100,2,n,3
5542,I5542,1500,800,615,242.0,100,5,n,4
2532,I2532,1000,800,615,433.0,100,3,n,4
6155,I6155,1200,800,615,220.0,100,4,l,4
1016,I1016,1500,800,615,0.0,100,5,n,4
1715,I1715,1500,800,615,0.0,100,5,w,4
4302,I4302,1500,800,615,245.0,100,5,n,4
4995,I4995,800,460,615,283.0,100,0,n,3
2799,I2799,800,500,615,311.0,100,1,n,3
338,I0338,1500,1000,615,185.0,100,7,n,4
2539,I2539,1000,800,615,146.0,100,3,n,4
15,I0015,1000,800,615,154.0,100,3,l,4
3452,I3452,1200,1000,615,216.0,100,6,n,4
129,I0129,1500,1000,615,230.0,100,7,n,4
6393,I6393,800,600,615,173.0,100,2,n,3
455,I0455,1500,800,615,401.0,100,5,n,4
4011,I4011,1200,1000,615,162.0,100,6,n,4
397,I0397,800,600,615,311.0,100,2,n,3
2441,I2441,1200,800,615,158.0,100,4,n,4
392,I0392,1500,1000,615,366.0,100,7,n,4
4131,I4131,800,460,615,470.0,100,0,n,3
2982,I2982,800,460,615,128.0,100,0,n,3
4180,I4180,1500,800,615,378.0,100,5,w,4
3898,I3898,1200,800,615,353.0,100,4,w,4
4824,I4824,800,500,615,116.0,100,1,n,3
6192,I6192,800,500,615,242.0,100,1,n,3
808,I0808,1500,800,615,234.0,100,5,n,4
6385,I6385,1500,1000,615,278.0,100,7,n,4
5580,I5580,800,460,615,391.0,100,0,n,3
2366,I2366,1200,1000,615,253.0,100,6,w,4
1678,I1678,800,600,615,356.0,100,2,n,3
3929,I3929,1500,800,615,222.0,100,5,n,4
967,I0967,1500,1000,615,246.0,100,7,n,4
5202,I5202,800,460,615,0.0,100,0,w,3
2941,I2941,1200,800,615,115.0,100,4,n,4
5100,I5100,1500,800,615,343.0,100,5,n,4
6167,I6167,800,460,615,423.0,100,0,n,3
4185,I4185,800,460,615,329.0,100,0,n,3
3988,I3988,1500,1000,615,321.0,100,7,l,4
3824,I3824,1000,800,615,0.0,100,3,n,4
2713,I2713,1500,1000,615,404.0,100,7,n,4
2084,I2084,800,600,615,399.0,100,2,n,3
6291,I6291,1000,800,615,288.0,100,3,n,4
145,I0145,800,500,615,0.0,100,1,n,3
6419,I6419,800,500,615,211.0,100,1,n,3
6364,I6364,800,460,615,179.0,100,0,n,3
1424,I1424,800,500,615,263.0,100,1,n,3
2223,I2223,800,500,615,332.0,100,1,n,3
1114,I1114,1500,1000,615,300.0,100,7,n,4
3644,I3644,1500,800,615,434.0,100,5,n,4
4357,I4357,800,460,615,380.0,100,0,n,3
106,I0106,800,460,615,314.0,100,0,n,3
2254,I2254,1200,800,615,312.0,100,4,n,4
1019,I1019,1000,800,615,277.0,100,3,n,4
4474,I4474,800,600,615,0.0,100,2,l,3
3239,I3239,1200,800,615,323.0,100,4,l,4
3541,I3541,800,600,615,288.0,100,2,n,3
6110,I6110,1500,1000,615,119.0,100,7,w,4
6422,I6422,1200,1000,615,106.0,100,6,n,4
3105,I3105,800,460,615,401.0,100,0,n,3
6355,I6355,800,460,615,384.0,100,0,n,3
5145,I5145,1500,1000,615,243.0,100,7,n,4
3035,I3035,800,460,615,152.0,100,0,n,3
2495,I2495,1500,800,615,190.0,100,5,n,4
5387,I5387,800,600,615,313.0,100,2,l,3
3120,I3120,800,600,615,270.0,100,2,n,3
327,I0327,1200,800,615,349.0,100,4,n,4
3132,I3132,1500,800,615,153.0,100,5,n,4
3399,I3399,1500,800,615,220.0,100,5,n,4
912,I0912,800,500,615,0.0,100,1,n,3
3720,I3720,800,460,615,260.0,100,0,n,3
5874,I5874,1200,800,615,227.0,100,4,n,4
347,I0347,1200,1000,615,124.0,100,6,n,4
1357,I1357,1200,1000,615,439.0,100,6,n,4
4120,I4120,1500,1000,615,0.0,100,7,w,4
3216,I3216,800,500,615,373.0,100,1,n,3
3906,I3906,1500,800,615,183.0,100,5,n,4
4882,I4882,800,460,615,0.0,100,0,l,3
5987,I5987,1200,1000,615,429.0,100,6,n,4
3688,I3688,800,600,615,164.0,100,2,w,3
394,I0394,1500,800,615,363.0,100,5,n,4
6258,I6258,1000,800,615,103.0,100,3,n,4
4027,I4027,1500,1000,615,258.0,100,7,n,4
5160,I5160,1000,800,615,0.0,100,3,w,4
4615,I4615,1500,800,615,0.0,100,5,n,4
1996,I1996,800,500,615,169.0,100,1,n,3
3468,I3468,1500,800,615,179.0,100,5,n,4
3155,I3155,1000,800,615,363.0,100,3,w,4
2430,I2430,1500,1000,615,324.0,100,7,n,4
4695,I4695,1000,800,615,245.0,100,3,n,4
5304,I5304,800,500,615,302.0,100,1,n,3
590,I0590,800,600,615,0.0,100,2,n,3
6414,I6414,800,500,615,216.0,100,1,n,3
2435,I2435,1500,1000,615,255.0,100,7,l,4
1574,I1574,1200,800,615,404.0,100,4,n,4
4335,I4335,1200,800,615,327.0,100,4,w,4
2369,I2369,1500,800,615,404.0,100,5,n,4
3419,I3419,1500,800,615,256.0,100,5,n,4
2833,I2833,1500,800,615,264.0,100,5,n,4
4402,I4402,1500,1000,615,0.0,100,7,n,4
3514,I3514,1500,800,615,309.0,100,5,n,4
5165,I5165,1500,800,615,371.0,100,5,n,4
502,I0502,1200,800,615,450.0,100,4,l,4
1247,I1247,800,460,615,176.0,100,0,n,3
6007,I6007,1200,1000,615,205.0,100,6,n,4
701,I0701,1200,800,615,276.0,100,4,n,4
4049,I4049,800,460,615,228.0,100,0,n,3
1524,I1524,800,460,615,304.0,100,0,n,3
1465,I1465,1200,800,615,189.0,100,4,n,4
5219,I5219,1500,800,615,452.0,100,5,n,4
3181,I3181,1500,800,615,430.0,100,5,n,4
4943,I4943,1500,800,615,257.0,100,5,n,4
4114,I4114,1500,1000,615,286.0,100,7,n,4
3612,I3612,1500,1000,615,158.0,100,7,n,4
3693,I3693,1200,800,615,342.0,100,4,n,4
5786,I5786,1000,800,615,233.0,100,3,n,4
1192,I1192,1000,800,615,274.0,100,3,n,4
2266,I2266,1500,1000,615,442.0,100,7,n,4
1334,I1334,800,500,615,432.0,100,1,n,3
4921,I4921,800,500,615,243.0,100,1,n,3
2173,I2173,1200,800,615,248.0,100,4,n,4
1694,I1694,1200,1000,615,415.0,100,6,n,4
6206,I6206,1200,800,615,256.0,100,4,w,4
4716,I4716,1200,1000,615,0.0,100,6,n,4
301,I0301,800,500,615,284.0,100,1,n,3
2867,I2867,1200,1000,615,263.0,100,6,l,4
6313,I6313,1500,1000,615,0.0,100,7,n,4
4677,I4677,1200,800,615,363.0,100,4,n,4
3259,I3259,1500,1000,615,202.0,100,7,w,4
6251,I6251,1500,1000,615,140.0,100,7,n,4
4700,I4700,1500,1000,615,348.0,100,7,n,4
3159,I3159,1500,800,615,139.0,100,5,n,4
3902,I3902,800,460,615,270.0,100,0,w,3
437,I0437,800,600,615,143.0,100,2,n,3
4517,I4517,800,460,615,324.0,100,0,n,3
2211,I2211,800,600,615,383.0,100,2,n,3
4050,I4050,1000,800,615,444.0,100,3,n,4
4516,I4516,1500,800,615,125.0,100,5,n,4
2813,I2813,800,600,615,320.0,100,2,n,3
766,I0766,1000,800,615,0.0,100,3,n,4
5697,I5697,1000,800,615,283.0,100,3,w,4
5171,I5171,1500,800,615,274.0,100,5,n,4
3446,I3446,1500,1000,615,387.0,100,7,n,4
3569,I3569,800,460,615,201.0,100,0,w,3
851,I0851,1000,800,615,92.0,100,3,n,4
5736,I5736,800,500,615,259.0,100,1,n,3
4797,I4797,1500,1000,615,348.0,100,7,n,4
2112,I2112,1200,1000,615,231.0,100,6,n,4
92,I0092,1500,800,615,356.0,100,5,n,4
2244,I2244,1000,800,615,208.0,100,3,n,4
430,I0430,1500,1000,615,335.0,100,7,n,4
2006,I2006,1500,1000,615,266.0,100,7,n,4
5813,I5813,800,460,615,379.0,100,0,l,3
5570,I5570,800,500,615,417.0,100,1,n,3
2233,I2233,800,500,615,323.0,100,1,w,3
348,I0348,1200,1000,615,112.0,100,6,n,4
6101,I6101,1200,800,615,366.0,100,4,n,4
2970,I2970,1000,800,615,147.0,100,3,n,4
3552,I3552,1200,1000,615,374.0,100,6,n,4
192,I0192,1500,800,615,274.0,100,5,n,4
5871,I5871,1200,1000,615,201.0,100,6,n,4
2039,I2039,1500,800,615,408.0,100,5,l,4
3379,I3379,1000,800,615,264.0,100,3,n,4
3240,I3240,800,600,615,145.0,100,2,w,3
3264,I3264,1500,1000,615,0.0,100,7,l,4
4544,I4544,1500,1000,615,297.0,100,7,n,4
2540,I2540,800,600,615,239.0,100,2,n,3
1710,I1710,1200,1000,615,268.0,100,6,n,4
361,I0361,1500,1000,615,146.0,100,7,n,4
3527,I3527,1500,1000,615,404.0,100,7,n,4
18,I0018,1200,800,615,135.0,100,4,n,4
5834,I5834,1500,1000,615,278.0,100,7,n,4
1297,I1297,1000,800,615,174.0,100,3,n,4
6014,I6014,800,600,615,102.0,100,2,l,3
3708,I3708,1200,1000,615,291.0,100,6,n,4
3752,I3752,800,600,615,0.0,100,2,n,3
1163,I1163,1200,1000,615,250.0,100,6,w,4
1007,I1007,800,500,615,182.0,100,1,w,3
4430,I4430,1500,1000,615,264.0,100,7,l,4
5184,I5184,800,500,615,389.0,100,1,n,3
698,I0698,1000,800,615,172.0,100,3,n,4
4599,I4599,800,600,615,136.0,100,2,l,3
560,I0560,1200,800,615,283.0,100,4,n,4
1537,I1537,1200,800,615,214.0,100,4,n,4
1688,I1688,1500,800,615,98.0,100,5,l,4
4687,I4687,800,500,615,175.0,100,1,n,3
3253,I3253,800,460,615,226.0,100,0,n,3
3982,I3982,1200,800,615,277.0,100,4,n,4
323,I0323,800,460,615,351.0,100,0,n,3
2699,I2699,1500,800,615,263.0,100,5,l,4
153,I0153,1200,800,615,285.0,100,4,n,4
5494,I5494,800,500,615,413.0,100,1,n,3
2375,I2375,800,500,615,284.0,100,1,n,3
3784,I3784,1200,1000,615,157.0,100,6,n,4
4076,I4076,800,460,615,233.0,100,0,n,3
2658,I2658,1500,1000,615,402.0,100,7,n,4
270,I0270,1500,1000,615,169.0,100,7,l,4
1373,I1373,1500,1000,615,268.0,100,7,l,4
285,I0285,1200,800,615,182.0,100,4,n,4
6005,I6005,1500,800,615,260.0,100,5,n,4
1409,I1409,1500,800,615,405.0,100,5,n,4
2488,I2488,1000,800,615,0.0,100,3,n,4
3927,I3927,800,460,615,319.0,100,0,n,3
3365,I3365,1200,1000,615,0.0,100,6,n,4
5656,I5656,1200,1000,615,0.0,100,6,n,4
6052,I6052,800,460,615,360.0,100,0,w,3
1992,I1992,1200,1000,615,241.0,100,6,n,4
4944,I4944,1000,800,615,272.0,100,3,n,4
6447,I6447,800,600,615,244.0,100,2,n,3
6386,I6386,1500,800,615,340.0,100,5,n,4
1601,I1601,800,600,615,433.0,100,2,n,3
2449,I2449,1500,1000,615,298.0,100,7,n,4
1607,I1607,800,460,615,461.0,100,0,n,3
2298,I2298,800,500,615,370.0,100,1,n,3
4946,I4946,1500,1000,615,322.0,100,7,n,4
194,I0194,1000,800,615,123.0,100,3,l,4
99,I0099,800,460,615,416.0,100,0,l,3
3429,I3429,1200,1000,615,359.0,100,6,n,4
1144,I1144,1200,1000,615,368.0,100,6,l,4
128,I0128,800,460,615,0.0,100,0,n,3
6221,I6221,1000,800,615,373.0,100,3,w,4
5014,I5014,1200,800,615,260.0,100,4,n,4
4494,I4494,800,600,615,342.0,100,2,n,3
5226,I5226,1500,800,615,276.0,100,5,n,4
4321,I4321,1500,800,615,410.0,100,5,n,4
1087,I1087,800,460,615,264.0,100,0,n,3
61,I0061,1200,800,615,216.0,100,4,n,4
3272,I3272,1000,800,615,121.0,100,3,l,4
5700,I5700,800,460,615,293.0,100,0,n,3
3574,I3574,1000,800,615,0.0,100,3,n,4
4365,I4365,1500,800,615,253.0,100,5,w,4
1590,I1590,800,500,615,182.0,100,1,n,3
1983,I1983,800,460,615,351.0,100,0,n,3
5932,I5932,800,600,615,288.0,100,2,l,3
4655,I4655,1500,800,615,310.0,100,5,n,4
1853,I1853,1200,800,615,144.0,100,4,n,4
1608,I1608,800,600,615,0.0,100,2,n,3
2668,I2668,800,460,615,190.0,100,0,n,3
2113,I2113,800,460,615,387.0,100,0,n,3
5357,I5357,1000,800,615,392.0,100,3,n,4
1905,I1905,800,460,615,390.0,100,0,n,3
6223,I6223,800,500,615,437.0,100,1,n,3
5036,I5036,800,600,615,238.0,100,2,n,3
4947,I4947,800,460,615,403.0,100,0,w,3
4483,I4483,800,500,615,359.0,100,1,n,3
4023,I4023,1200,800,615,197.0,100,4,n,4
1984,I1984,1500,1000,615,245.0,100,7,n,4
262,I0262,1500,1000,615,243.0,100,7,n,4
3643,I3643,1000,800,615,371.0,100,3,n,4
710,I0710,1500,800,615,462.0,100,5,w,4
963,I0963,1200,800,615,176.0,100,4,l,4
3028,I3028,1200,800,615,0.0,100,4,n,4
1477,I1477,1200,800,615,169.0,100,4,n,4
662,I0662,800,600,615,382.0,100,2,n,3
1446,I1446,800,460,615,422.0,100,0,n,3
5960,I5960,1500,1000,615,280.0,100,7,n,4
5369,I5369,800,460,615,385.0,100,0,n,3
6450,I6450,1000,800,615,162.0,100,3,n,4
396,I0396,1500,1000,615,454.0,100,7,n,4
4406,I4406,1500,800,615,314.0,100,5,n,4
4719,I4719,1200,800,615,439.0,100,4,n,4
5122,I5122,800,600,615,241.0,100,2,n,3
2640,I2640,1500,800,615,163.0,100,5,n,4
4822,I4822,800,460,615,367.0,100,0,n,3
1039,I1039,1500,800,615,442.0,100,5,n,4
468,I0468,800,460,615,227.0,100,0,n,3
631,I0631,1500,800,615,371.0,100,5,n,4
5048,I5048,800,600,615,0.0,100,2,n,3
5448,I5448,800,460,615,306.0,100,0,n,3
1075,I1075,1500,1000,615,238.0,100,7,w,4
3395,I3395,800,500,615,371.0,100,1,l,3
5232,I5232,1200,800,615,444.0,100,4,n,4
4588,I4588,1200,800,615,191.0,100,4,w,4
2803,I2803,800,600,615,403.0,100,2,n,3
6366,I6366,800,500,615,439.0,100,1,n,3
4300,I4300,1000,800,615,321.0,100,3,n,4
3896,I3896,800,600,615,218.0,100,2,n,3
2368,I2368,800,500,615,373.0,100,1,w,3
1376,I1376,1000,800,615,186.0,100,3,n,4
5091,I5091,1500,800,615,333.0,100,5,n,4
5912,I5912,800,500,615,269.0,100,1,w,3
6048,I6048,1200,1000,615,333.0,100,6,n,4
3816,I3816,1500,800,615,0.0,100,5,n,4
3309,I3309,1200,1000,615,282.0,100,6,n,4
4866,I4866,1200,1000,615,138.0,100,6,n,4
5127,I5127,1200,800,615,341.0,100,4,n,4
5465,I5465,1500,800,615,252.0,100,5,l,4
3957,I3957,800,460,615,154.0,100,0,n,3
6087,I6087,800,500,615,288.0,100,1,w,3
6369,I6369,1200,1000,615,213.0,100,6,n,4
259,I0259,1000,800,615,284.0,100,3,n,4
2473,I2473,800,600,615,377.0,100,2,n,3
2387,I2387,1500,800,615,364.0,100,5,n,4
5482,I5482,1200,800,615,221.0,100,4,n,4
5791,I5791,1500,800,615,286.0,100,5,n,4
3219,I3219,1500,800,615,303.0,100,5,n,4
2252,I2252,800,500,615,368.0,100,1,n,3
3016,I3016,1500,1000,615,132.0,100,7,n,4
2172,I2172,1500,1000,615,0.0,100,7,w,4
731,I0731,1500,800,615,266.0,100,5,n,4
5511,I5511,1000,800,615,319.0,100,3,w,4
5841,I5841,1500,1000,615,198.0,100,7,w,4
1856,I1856,800,600,615,87.0,100,2,n,3
3762,I3762,1500,800,615,175.0,100,5,n,4
5280,I5280,800,600,615,350.0,100,2,n,3
5721,I5721,800,600,615,191.0,100,2,n,3
4203,I4203,800,460,615,217.0,100,0,l,3
3184,I3184,800,460,615,377.0,100,0,n,3
3426,I3426,1200,800,615,450.0,100,4,n,4
5724,I5724,1500,800,615,406.0,100,5,n,4
3628,I3628,1200,800,615,216.0,100,4,n,4
2788,I2788,1500,1000,615,199.0,100,7,n,4
6273,I6273,800,500,615,229.0,100,1,n,3
3125,I3125,800,600,615,317.0,100,2,n,3
1520,I1520,800,600,615,240.0,100,2,n,3
4428,I4428,1200,1000,615,259.0,100,6,w,4
1577,I1577,1200,1000,615,345.0,100,6,n,4
2214,I2214,800,500,615,288.0,100,1,n,3
3564,I3564,1000,800,615,254.0,100,3,n,4
2967,I2967,1500,800,615,406.0,100,5,n,4
586,I0586,1500,1000,615,261.0,100,7,l,4
3439,I3439,1000,800,615,192.0,100,3,n,4
2902,I2902,1000,800,615,315.0,100,3,n,4
1788,I1788,800,460,615,459.0,100,0,n,3
4361,I4361,1200,800,615,231.0,100,4,l,4
5765,I5765,1500,1000,615,300.0,100,7,n,4
1306,I1306,1500,800,615,188.0,100,5,w,4
2319,I2319,1500,800,615,183.0,100,5,n,4
407,I0407,800,460,615,358.0,100,0,n,3
4807,I4807,1000,800,615,122.0,100,3,l,4
5372,I5372,1500,800,615,150.0,100,5,n,4
3097,I3097,1200,800,615,417.0,100,4,n,4
2864,I2864,1200,1000,615,180.0,100,6,n,4
540,I0540,1500,1000,615,199.0,100,7,n,4
5785,I5785,800,460,615,169.0,100,0,n,3
5457,I5457,800,600,615,399.0,100,2,w,3
4177,I4177,1000,800,615,390.0,100,3,n,4
1043,I1043,800,460,615,375.0,100,0,n,3
4997,I4997,1200,800,615,0.0,100,4,n,4
1663,I1663,1200,800,615,356.0,100,4,n,4
5718,I5718,1500,1000,615,351.0,100,7,n,4
1786,I1786,1200,800,615,206.0,100,4,n,4
1218,I1218,1200,800,615,184.0,100,4,n,4
4744,I4744,1500,800,615,411.0,100,5,n,4
4989,I4989,1200,1000,615,437.0,100,6,n,4
90,I0090,800,600,615,339.0,100,2,n,3
891,I0891,1000,800,615,217.0,100,3,n,4
2749,I2749,800,600,615,363.0,100,2,n,3
4356,I4356,800,500,615,335.0,100,1,w,3
2854,I2854,1000,800,615,223.0,100,3,n,4
3807,I3807,800,600,615,0.0,100,2,n,3
714,I0714,1500,1000,615,302.0,100,7,n,4
6105,I6105,1500,1000,615,243.0,100,7,l,4
2852,I2852,800,460,615,311.0,100,0,n,3
1379,I1379,800,500,615,339.0,100,1,n,3
1592,I1592,1000,800,615,153.0,100,3,n,4
3509,I3509,800,500,615,222.0,100,1,n,3
3141,I3141,800,500,615,298.0,100,1,n,3
6380,I6380,800,600,615,292.0,100,2,n,3
6056,I6056,1200,1000,615,0.0,100,6,n,4
1340,I1340,1200,1000,615,355.0,100,6,n,4
4055,I4055,1200,1000,615,256.0,100,6,n,4
4953,I4953,1500,800,615,334.0,100,5,n,4
1566,I1566,1500,1000,615,248.0,100,7,n,4
349,I0349,1200,800,615,185.0,100,4,n,4
5155,I5155,1200,1000,615,313.0,100,6,n,4
4812,I4812,1500,1000,615,294.0,100,7,n,4
4951,I4951,800,600,615,94.0,100,2,l,3
3834,I3834,1500,1000,615,244.0,100,7,n,4
3501,I3501,800,460,615,325.0,100,0,n,3
1282,I1282,800,460,615,339.0,100,0,n,3
2698,I2698,1500,1000,615,330.0,100,7,n,4
1743,I1743,1500,1000,615,453.0,100,7,n,4
5110,I5110,1200,1000,615,0.0,100,6,n,4
1917,I1917,1200,800,615,321.0,100,4,l,4
3990,I3990,800,460,615,116.0,100,0,n,3
1805,I1805,1200,1000,615,327.0,100,6,w,4
2630,I2630,800,600,615,388.0,100,2,n,3
5377,I5377,800,460,615,410.0,100,0,n,3
6311,I6311,1200,1000,615,339.0,100,6,n,4
4906,I4906,1200,800,615,144.0,100,4,n,4
354,I0354,1200,1000,615,167.0,100,6,n,4
5006,I5006,1500,1000,615,223.0,100,7,n,4
243,I0243,800,500,615,208.0,100,1,n,3
4555,I4555,1200,1000,615,0.0,100,6,n,4
5537,I5537,1500,800,615,254.0,100,5,n,4
1189,I1189,800,500,615,0.0,100,1,n,3
610,I0610,1500,800,615,219.0,100,5,n,4
5739,I5739,800,500,615,251.0,100,1,n,3
1893,I1893,1500,1000,615,0.0,100,7,n,4
3023,I3023,1200,1000,615,181.0,100,6,n,4
1442,I1442,1200,800,615,280.0,100,4,n,4
1832,I1832,1500,1000,615,351.0,100,7,n,4
5989,I5989,1000,800,615,324.0,100,3,n,4
1716,I1716,800,460,615,0.0,100,0,n,3
207,I0207,800,600,615,247.0,100,2,w,3
1288,I1288,800,500,615,356.0,100,1,n,3
689,I0689,1500,800,615,367.0,100,5,n,4
2428,I2428,1200,800,615,302.0,100,4,w,4
1565,I1565,1200,1000,615,317.0,100,6,n,4
1972,I1972,1200,1000,615,261.0,100,6,n,4
4392,I4392,1500,800,615,0.0,100,5,n,4
3397,I3397,1000,800,615,299.0,100,3,n,4
4366,I4366,1500,800,615,271.0,100,5,n,4
2748,I2748,1500,800,615,227.0,100,5,n,4
4550,I4550,800,460,615,0.0,100,0,n,3
2137,I2137,800,460,615,182.0,100,0,n,3
1098,I1098,1500,1000,615,221.0,100,7,n,4
6030,I6030,1200,800,615,168.0,100,4,n,4
4487,I4487,800,460,615,0.0,100,0,l,3
5731,I5731,800,600,615,233.0,100,2,n,3
1838,I1838,1200,800,615,161.0,100,4,w,4
5441,I5441,1500,800,615,266.0,100,5,n,4
4099,I4099,1500,1000,615,357.0,100,7,n,4
1209,I1209,800,600,615,243.0,100,2,n,3
4113,I4113,800,600,615,361.0,100,2,n,3
4757,I4757,1500,1000,615,0.0,100,7,n,4
3389,I3389,1500,1000,615,144.0,100,7,n,4
1782,I1782,800,600,615,159.0,100,2,n,3
4068,I4068,1500,1000,615,268.0,100,7,n,4
3238,I3238,800,460,615,199.0,100,0,n,3
1253,I1253,1500,1000,615,174.0,100,7,n,4
5021,I5021,1500,800,615,242.0,100,5,n,4
4396,I4396,1200,1000,615,183.0,100,6,n,4
2303,I2303,1500,1000,615,349.0,100,7,n,4
957,I0957,800,460,615,420.0,100,0,n,3
318,I0318,800,600,615,287.0,100,2,w,3
1365,I1365,800,460,615,425.0,100,0,n,3
6365,I6365,800,460,615,309.0,100,0,n,3
1748,I1748,1500,1000,615,407.0,100,7,n,4
2204,I2204,1500,1000,615,86.0,100,7,l,4
5770,I5770,1000,800,615,140.0,100,3,n,4
3487,I3487,1200,1000,615,201.0,100,6,n,4
562,I0562,1200,800,615,0.0,100,4,n,4
940,I0940,800,600,615,355.0,100,2,n,3
5490,I5490,800,600,615,214.0,100,2,w,3
6326,I6326,1500,800,615,188.0,100,5,n,4
3013,I3013,800,460,615,416.0,100,0,n,3
1140,I1140,1500,1000,615,478.0,100,7,l,4
1800,I1800,800,500,615,402.0,100,1,n,3
3753,I3753,1000,800,615,0.0,100,3,n,4
2959,I2959,800,460,615,114.0,100,0,n,3
4669,I4669,1000,800,615,289.0,100,3,n,4
690,I0690,1200,800,615,446.0,100,4,n,4
2052,I2052,1500,1000,615,167.0,100,7,n,4
740,I0740,1200,1000,615,222.0,100,6,n,4
1609,I1609,1200,800,615,149.0,100,4,w,4
1704,I1704,1200,1000,615,373.0,100,6,n,4
1510,I1510,1500,1000,615,270.0,100,7,n,4
5174,I5174,1500,800,615,457.0,100,5,n,4
1519,I1519,800,500,615,314.0,100,1,n,3
1443,I1443,1500,1000,615,0.0,100,7,n,4
1863,I1863,1500,1000,615,249.0,100,7,n,4
1926,I1926,1000,800,615,366.0,100,3,n,4
2860,I2860,800,460,615,0.0,100,0,l,3
6181,I6181,1200,800,615,0.0,100,4,w,4
2762,I2762,1200,1000,615,375.0,100,6,n,4
497,I0497,800,460,615,138.0,100,0,n,3
4155,I4155,800,500,615,90.0,100,1,w,3
189,I0189,800,600,615,0.0,100,2,l,3
1277,I1277,1000,800,615,376.0,100,3,n,4
3759,I3759,1200,1000,615,318.0,100,6,n,4
4505,I4505,1200,800,615,347.0,100,4,n,4
3879,I3879,1200,1000,615,294.0,100,6,w,4
500,I0500,1500,800,615,204.0,100,5,w,4
3783,I3783,800,600,615,327.0,100,2,n,3
4232,I4232,1200,800,615,189.0,100,4,n,4
67,I0067,1500,1000,615,408.0,100,7,n,4
380,I0380,1200,800,615,321.0,100,4,n,4
5949,I5949,1200,1000,615,359.0,100,6,n,4
1890,I1890,800,460,615,327.0,100,0,n,3
3996,I3996,1000,800,615,290.0,100,3,n,4
2057,I2057,1200,800,615,208.0,100,4,l,4
5343,I5343,800,600,615,226.0,100,2,n,3
4312,I4312,1200,800,615,283.0,100,4,n,4
5666,I5666,800,460,615,187.0,100,0,n,3
1305,I1305,1000,800,615,0.0,100,3,n,4
2881,I2881,1200,800,615,0.0,100,4,n,4
2916,I2916,1200,800,615,293.0,100,4,n,4
4465,I4465,1000,800,615,263.0,100,3,n,4
5199,I5199,1500,1000,615,348.0,100,7,n,4
3903,I3903,1000,800,615,417.0,100,3,n,4
5001,I5001,1200,1000,615,389.0,100,6,n,4
5923,I5923,1200,800,615,445.0,100,4,w,4
4129,I4129,1200,1000,615,218.0,100,6,l,4
2256,I2256,1500,1000,615,283.0,100,7,n,4
4097,I4097,800,500,615,213.0,100,1,n,3
3095,I3095,1500,1000,615,331.0,100,7,n,4
2114,I2114,800,600,615,0.0,100,2,n,3
3620,I3620,1000,800,615,260.0,100,3,n,4
5320,I5320,800,600,615,392.0,100,2,n,3
3034,I3034,800,500,615,355.0,100,1,l,3
5955,I5955,800,600,615,440.0,100,2,l,3
4119,I4119,800,500,615,198.0,100,1,n,3
3707,I3707,1200,1000,615,412.0,100,6,n,4
5623,I5623,800,500,615,380.0,100,1,n,3
3777,I3777,800,600,615,0.0,100,2,n,3
5163,I5163,800,500,615,243.0,100,1,n,3
2381,I2381,800,460,615,286.0,100,0,n,3
1773,I1773,1200,1000,615,340.0,100,6,l,4
344,I0344,800,460,615,241.0,100,0,n,3
3526,I3526,1200,1000,615,254.0,100,6,n,4
5640,I5640,1200,1000,615,289.0,100,6,n,4
3548,I3548,800,600,615,250.0,100,2,n,3
691,I0691,800,600,615,299.0,100,2,n,3
3775,I3775,1200,1000,615,454.0,100,6,n,4
4031,I4031,1200,800,615,156.0,100,4,n,4
2166,I2166,1000,800,615,307.0,100,3,l,4
815,I0815,800,600,615,128.0,100,2,n,3
3926,I3926,1500,1000,615,354.0,100,7,n,4
81,I0081,800,500,615,212.0,100,1,l,3
2983,I2983,1500,1000,615,161.0,100,7,n,4
3617,I3617,1200,1000,615,153.0,100,6,n,4
5600,I5600,800,600,615,196.0,100,2,w,3
3923,I3923,800,600,615,106.0,100,2,n,3
424,I0424,800,600,615,285.0,100,2,n,3
2783,I2783,800,600,615,351.0,100,2,n,3
4929,I4929,800,500,615,296.0,100,1,w,3
749,I0749,1500,1000,615,316.0,100,7,n,4
3860,I3860,1200,800,615,145.0,100,4,n,4
1736,I1736,800,460,615,270.0,100,0,n,3
2660,I2660,1500,800,615,224.0,100,5,w,4
2446,I2446,1500,1000,615,231.0,100,7,l,4
1522,I1522,800,460,615,119.0,100,0,n,3
1290,I1290,800,600,615,282.0,100,2,n,3
5348,I5348,1500,800,615,177.0,100,5,n,4
5445,I5445,1500,1000,615,313.0,100,7,w,4
2592,I2592,800,600,615,198.0,100,2,n,3
516,I0516,800,600,615,140.0,100,2,n,3
4391,I4391,800,600,615,252.0,100,2,w,3
6170,I6170,800,500,615,198.0,100,1,n,3
2661,I2661,1200,1000,615,386.0,100,6,n,4
3190,I3190,800,460,615,208.0,100,0,n,3
3638,I3638,800,500,615,255.0,100,1,n,3
3900,I3900,1200,800,615,126.0,100,4,n,4
4369,I4369,1200,1000,615,306.0,100,6,w,4
248,I0248,1500,1000,615,353.0,100,7,n,4
794,I0794,800,600,615,390.0,100,2,l,3
2332,I2332,1500,1000,615,383.0,100,7,n,4
2123,I2123,800,500,615,107.0,100,1,n,3
909,I0909,1500,1000,615,353.0,100,7,n,4
886,I0886,1200,1000,615,391.0,100,6,n,4
4798,I4798,800,600,615,211.0,100,2,n,3
2734,I2734,1500,1000,615,291.0,100,7,n,4
5904,I5904,1500,800,615,238.0,100,5,w,4
1362,I1362,800,600,615,275.0,100,2,n,3
5231,I5231,1500,800,615,228.0,100,5,n,4
3305,I3305,1500,1000,615,359.0,100,7,n,4
4536,I4536,1500,800,615,320.0,100,5,n,4
398,I0398,1500,800,615,158.0,100,5,n,4
1336,I1336,1000,800,615,351.0,100,3,n,4
6129,I6129,800,500,615,0.0,100,1,n,3
4452,I4452,800,500,615,118.0,100,1,n,3
3482,I3482,1500,800,615,297.0,100,5,n,4
1564,I1564,1500,1000,615,180.0,100,7,n,4
460,I0460,1500,1000,615,213.0,100,7,n,4
753,I0753,800,500,615,233.0,100,1,n,3
3154,I3154,1000,800,615,414.0,100,3,n,4
4277,I4277,800,600,615,100.0,100,2,n,3
1960,I1960,1500,1000,615,255.0,100,7,n,4
3570,I3570,800,460,615,187.0,100,0,n,3
1055,I1055,1200,1000,615,0.0,100,6,n,4
4426,I4426,800,600,615,0.0,100,2,n,3
2741,I2741,800,600,615,200.0,100,2,l,3
4867,I4867,1000,800,615,200.0,100,3,n,4
2340,I2340,800,460,615,0.0,100,0,n,3
366,I0366,1500,800,615,104.0,100,5,n,4
5817,I5817,1000,800,615,0.0,100,3,n,4
1103,I1103,1500,800,615,265.0,100,5,w,4
6216,I6216,1200,800,615,198.0,100,4,n,4
783,I0783,1200,800,615,232.0,100,4,n,4
2625,I2625,1200,800,615,218.0,100,4,n,4
4935,I4935,800,500,615,163.0,100,1,n,3
5500,I5500,1500,1000,615,361.0,100,7,n,4
736,I0736,800,500,615,334.0,100,1,n,3
451,I0451,1200,1000,615,290.0,100,6,n,4
5991,I5991,1000,800,615,195.0,100,3,n,4
3180,I3180,1000,800,615,359.0,100,3,n,4
2362,I2362,800,460,615,283.0,100,0,w,3
925,I0925,1500,1000,615,394.0,100,7,n,4
6231,I6231,800,600,615,0.0,100,2,n,3
553,I0553,1200,800,615,147.0,100,4,n,4
5733,I5733,1200,1000,615,0.0,100,6,w,4
3320,I3320,1000,800,615,308.0,100,3,n,4
5535,I5535,800,600,615,292.0,100,2,n,3
5764,I5764,800,460,615,461.0,100,0,n,3
6103,I6103,1500,800,615,233.0,100,5,l,4
2719,I2719,1000,800,615,391.0,100,3,w,4
5798,I5798,800,460,615,428.0,100,0,n,3
703,I0703,800,600,615,285.0,100,2,n,3
721,I0721,1500,800,615,380.0,100,5,n,4
4030,I4030,1200,800,615,209.0,100,4,n,4
4166,I4166,1000,800,615,340.0,100,3,n,4
5776,I5776,800,500,615,430.0,100,1,n,3
1165,I1165,1200,800,615,359.0,100,4,n,4
2737,I2737,1000,800,615,306.0,100,3,n,4
4260,I4260,800,500,615,0.0,100,1,n,3
882,I0882,800,500,615,402.0,100,1,n,3
1667,I1667,1500,1000,615,400.0,100,7,n,4
5195,I5195,800,600,615,148.0,100,2,n,3
3740,I3740,800,500,615,264.0,100,1,n,3
2157,I2157,1500,1000,615,336.0,100,7,n,4
5758,I5758,800,500,615,357.0,100,1,n,3
5008,I5008,1200,1000,615,223.0,100,6,n,4
401,I0401,800,460,615,209.0,100,0,l,3
3764,I3764,800,500,615,364.0,100,1,n,3
2555,I2555,1000,800,615,205.0,100,3,l,4
5597,I5597,1000,800,615,231.0,100,3,n,4
3731,I3731,1500,1000,615,382.0,100,7,n,4
4272,I4272,1500,1000,615,0.0,100,7,n,4
985,I0985,1000,800,615,328.0,100,3,n,4
2764,I2764,800,600,615,330.0,100,2,n,3
1809,I1809,1500,1000,615,166.0,100,7,n,4
5315,I5315,1500,1000,615,318.0,100,7,n,4
1291,I1291,1200,800,615,267.0,100,4,n,4
654,I0654,800,600,615,0.0,100,2,n,3
4194,I4194,1500,800,615,346.0,100,5,l,4
5197,I5197,1200,800,615,332.0,100,4,n,4
1237,I1237,1200,1000,615,0.0,100,6,n,4
4559,I4559,1200,1000,615,173.0,100,6,n,4
6222,I6222,1200,1000,615,188.0,100,6,l,4
5030,I5030,800,460,615,246.0,100,0,n,3
4268,I4268,1200,800,615,346.0,100,4,n,4
5249,I5249,1200,1000,615,216.0,100,6,n,4
4720,I4720,800,500,615,0.0,100,1,n,3
5636,I5636,1200,800,615,222.0,100,4,n,4
5041,I5041,800,500,615,374.0,100,1,n,3
2423,I2423,1500,1000,615,0.0,100,7,n,4
5502,I5502,1500,800,615,300.0,100,5,n,4
1556,I1556,1000,800,615,408.0,100,3,n,4
5493,I5493,800,600,615,219.0,100,2,n,3
3456,I3456,1500,1000,615,215.0,100,7,n,4
5807,I5807,800,500,615,247.0,100,1,n,3
895,I0895,1500,800,615,219.0,100,5,n,4
2190,I2190,800,460,615,210.0,100,0,n,3
2992,I2992,1000,800,615,125.0,100,3,n,4
2150,I2150,800,460,615,0.0,100,0,n,3
1604,I1604,1200,800,615,288.0,100,4,n,4
885,I0885,1200,1000,615,294.0,100,6,n,4
5214,I5214,1200,800,615,269.0,100,4,n,4
2453,I2453,1200,800,615,214.0,100,4,n,4
5970,I5970,1000,800,615,164.0,100,3,n,4
4181,I4181,800,600,615,401.0,100,2,n,3
3818,I3818,1500,800,615,140.0,100,5,l,4
4196,I4196,800,460,615,334.0,100,0,n,3
2935,I2935,1200,1000,615,294.0,100,6,n,4
316,I0316,800,500,615,406.0,100,1,n,3
2932,I2932,1500,1000,615,403.0,100,7,n,4
4681,I4681,1500,800,615,420.0,100,5,n,4
3608,I3608,1200,1000,615,330.0,100,6,w,4
4748,I4748,1500,1000,615,358.0,100,7,n,4
4449,I4449,800,600,615,202.0,100,2,n,3
2964,I2964,800,500,615,234.0,100,1,n,3
5891,I5891,800,600,615,111.0,100,2,n,3
4234,I4234,1200,800,615,391.0,100,4,l,4
5800,I5800,1500,800,615,367.0,100,5,l,4
6295,I6295,1200,1000,615,0.0,100,6,n,4
990,I0990,1200,1000,615,173.0,100,6,l,4
1874,I1874,800,460,615,376.0,100,0,l,3
1650,I1650,800,500,615,398.0,100,1,n,3
5773,I5773,800,500,615,467.0,100,1,n,3
3064,I3064,1000,800,615,192.0,100,3,n,4
5797,I5797,1200,800,615,268.0,100,4,l,4
56,I0056,1200,1000,615,175.0,100,6,n,4
2110,I2110,800,460,615,292.0,100,0,l,3
3867,I3867,1200,800,615,307.0,100,4,n,4
5223,I5223,1000,800,615,247.0,100,3,n,4
715,I0715,1500,1000,615,229.0,100,7,n,4
1616,I1616,1500,1000,615,322.0,100,7,l,4
4938,I4938,800,460,615,208.0,100,0,n,3
6302,I6302,800,600,615,0.0,100,2,n,3
2708,I2708,1200,800,615,0.0,100,4,l,4
818,I0818,800,600,615,293.0,100,2,n,3
2781,I2781,1500,800,615,249.0,100,5,n,4
6374,I6374,800,500,615,288.0,100,1,n,3
2670,I2670,1000,800,615,408.0,100,3,n,4
2535,I2535,800,600,615,369.0,100,2,n,3
1487,I1487,800,500,615,322.0,100,1,n,3
6438,I6438,800,500,615,369.0,100,1,n,3
2393,I2393,1500,1000,615,0.0,100,7,n,4
5129,I5129,800,460,615,451.0,100,0,n,3
1557,I1557,1200,800,615,218.0,100,4,n,4
5777,I5777,800,500,615,445.0,100,1,n,3
2850,I2850,800,600,615,331.0,100,2,n,3
3876,I3876,1500,800,615,338.0,100,5,n,4
4751,I4751,800,600,615,353.0,100,2,w,3
5814,I5814,1000,800,615,291.0,100,3,n,4
2288,I2288,800,600,615,190.0,100,2,l,3
1333,I1333,1000,800,615,355.0,100,3,n,4
239,I0239,1200,800,615,268.0,100,4,n,4
1902,I1902,800,460,615,356.0,100,0,n,3
4290,I4290,800,600,615,0.0,100,2,n,3
1325,I1325,800,460,615,395.0,100,0,l,3
606,I0606,1000,800,615,284.0,100,3,n,4
773,I0773,1500,1000,615,373.0,100,7,n,4
4029,I4029,800,500,615,0.0,100,1,n,3
399,I0399,1200,1000,615,302.0,100,6,n,4
3686,I3686,1200,1000,615,285.0,100,6,w,4
1745,I1745,1000,800,615,180.0,100,3,n,4
5229,I5229,800,600,615,0.0,100,2,l,3
4836,I4836,1500,1000,615,241.0,100,7,n,4
6271,I6271,1500,1000,615,238.0,100,7,n,4
3905,I3905,800,500,615,331.0,100,1,w,3
1690,I1690,800,500,615,237.0,100,1,n,3
495,I0495,1200,800,615,0.0,100,4,n,4
5067,I5067,800,600,615,323.0,100,2,w,3
4133,I4133,800,600,615,204.0,100,2,n,3
2777,I2777,800,600,615,262.0,100,2,w,3
2118,I2118,800,460,615,205.0,100,0,w,3
2490,I2490,1500,800,615,219.0,100,5,n,4
930,I0930,1200,1000,615,236.0,100,6,l,4
1,I0001,1500,800,615,183.0,100,5,n,4
1672,I1672,1200,1000,615,391.0,100,6,n,4
4121,I4121,800,600,615,222.0,100,2,n,3
5126,I5126,1000,800,615,373.0,100,3,n,4
1757,I1757,1200,1000,615,420.0,100,6,n,4
1338,I1338,1200,800,615,166.0,100,4,n,4
3831,I3831,1000,800,615,237.0,100,3,n,4
5102,I5102,1000,800,615,0.0,100,3,n,4
3809,I3809,1200,1000,615,167.0,100,6,w,4
2756,I2756,1200,1000,615,0.0,100,6,n,4
4998,I4998,1500,800,615,283.0,100,5,n,4
4405,I4405,800,600,615,393.0,100,2,n,3
4771,I4771,800,500,615,209.0,100,1,n,3
1004,I1004,1200,800,615,304.0,100,4,n,4
5655,I5655,1200,800,615,229.0,100,4,n,4
5282,I5282,1500,800,615,332.0,100,5,n,4
